"date","time","et","gt","mag","magtype","lat","lon","depth","q","evid","nph","ngrm","datetime","event_num","local","year","month","month_start","hour","wday"
"2016/01/14","04:23:58.85","eq","l",3.61,"lr",35.40567,-117.80983,6.9,"A",37295831,91,2883,2016-01-14 04:23:58.85,433,2016-01-13 20:23:58.85,2016,"Jan",2016-01-01,20,"Wednesday"
"2016/01/14","06:01:43.12","eq","l",2.59,"l",35.40633,-117.80233,6.8,"A",37295895,76,2609,2016-01-14 06:01:43.12,440,2016-01-13 22:01:43.12,2016,"Jan",2016-01-01,22,"Wednesday"
"2016/01/14","17:26:38.73","eq","l",3.34,"l",35.405,-117.81017,6.7,"A",37296047,126,2845,2016-01-14 17:26:38.73,458,2016-01-14 09:26:38.73,2016,"Jan",2016-01-01,9,"Thursday"
"2016/01/15","03:01:46.67","eq","l",2.5,"l",35.40117,-117.81433,7.2,"A",37296287,70,2573,2016-01-15 03:01:46.67,480,2016-01-14 19:01:46.67,2016,"Jan",2016-01-01,19,"Thursday"
"2016/02/02","02:51:52.45","eq","l",2.87,"l",35.9615,-117.46367,5.2,"A",37301863,59,2704,2016-02-02 02:51:52.45,1042,2016-02-01 18:51:52.45,2016,"Feb",2016-02-01,18,"Monday"
"2016/02/04","21:08:39.31","eq","l",2.87,"l",35.40183,-117.81433,6.7,"A",37520472,79,2767,2016-02-04 21:08:39.31,1124,2016-02-04 13:08:39.31,2016,"Feb",2016-02-01,13,"Thursday"
"2016/02/07","03:47:36.46","eq","l",2.58,"l",36.0325,-117.7685,1.2,"A",37521248,58,2573,2016-02-07 03:47:36.46,1198,2016-02-06 19:47:36.46,2016,"Feb",2016-02-01,19,"Saturday"
"2016/02/17","08:41:58.39","eq","l",2.88,"l",36.0055,-117.89,2.9,"A",37525128,61,2699,2016-02-17 08:41:58.39,1579,2016-02-17 00:41:58.39,2016,"Feb",2016-02-01,0,"Wednesday"
"2016/02/20","21:42:31.17","eq","l",3.23,"l",36.23417,-117.517,3.8,"A",37526720,96,2738,2016-02-20 21:42:31.17,1709,2016-02-20 13:42:31.17,2016,"Feb",2016-02-01,13,"Saturday"
"2016/02/20","21:42:45.52","eq","l",2.66,"l",36.23183,-117.51533,6.6,"A",37136796,20,2760,2016-02-20 21:42:45.52,1710,2016-02-20 13:42:45.52,2016,"Feb",2016-02-01,13,"Saturday"
"2016/02/23","01:03:13.87","eq","l",2.95,"l",36.27,-118.01767,-0.4,"A",37527632,116,2726,2016-02-23 01:03:13.87,1797,2016-02-22 17:03:13.87,2016,"Feb",2016-02-01,17,"Monday"
"2016/02/28","09:54:48.32","eq","l",2.74,"l",35.99867,-117.44317,4.5,"A",37312519,57,2688,2016-02-28 09:54:48.32,1978,2016-02-28 01:54:48.32,2016,"Feb",2016-02-01,1,"Sunday"
"2016/03/12","21:16:09.83","eq","l",2.77,"l",35.92967,-117.949,4.2,"A",37535040,60,2695,2016-03-12 21:16:09.83,2460,2016-03-12 13:16:09.83,2016,"Mar",2016-03-01,13,"Saturday"
"2016/03/12","21:16:27.01","eq","l",2.72,"l",35.92783,-117.94933,3.7,"A",37535048,46,2599,2016-03-12 21:16:27.01,2461,2016-03-12 13:16:27.01,2016,"Mar",2016-03-01,13,"Saturday"
"2016/04/12","07:35:23.41","eq","l",3.11,"l",36.07333,-117.65967,3.2,"A",37548408,65,2797,2016-04-12 07:35:23.41,3541,2016-04-12 00:35:23.41,2016,"Apr",2016-04-01,0,"Tuesday"
"2016/05/13","14:50:39.81","eq","l",3.49,"l",36.37683,-117.4655,1.3,"A",37566648,59,2919,2016-05-13 14:50:39.81,4696,2016-05-13 07:50:39.81,2016,"May",2016-05-01,7,"Friday"
"2016/06/17","20:59:34.20","eq","l",2.74,"l",35.541,-117.2935,2,"A",37390271,53,2765,2016-06-17 20:59:34.2,7622,2016-06-17 13:59:34.2,2016,"Jun",2016-06-01,13,"Friday"
"2016/06/21","00:04:44.63","eq","l",2.52,"l",36.04067,-117.363,2.3,"A",37393631,56,2649,2016-06-21 00:04:44.63,7844,2016-06-20 17:04:44.63,2016,"Jun",2016-06-01,17,"Monday"
"2016/08/09","04:24:56.59","eq","l",2.78,"l",36.032,-117.771,1.6,"A",37439567,59,2779,2016-08-09 04:24:56.59,10056,2016-08-08 21:24:56.59,2016,"Aug",2016-08-01,21,"Monday"
"2016/08/18","03:39:54.83","eq","l",3.53,"w",36.39933,-117.86533,1.7,"A",37449175,65,3061,2016-08-18 03:39:54.83,10599,2016-08-17 20:39:54.83,2016,"Aug",2016-08-01,20,"Wednesday"
"2016/08/20","23:44:37.92","eq","l",3.08,"l",35.98967,-117.92133,4.2,"A",37666480,68,2862,2016-08-20 23:44:37.92,10745,2016-08-20 16:44:37.92,2016,"Aug",2016-08-01,16,"Saturday"
"2016/09/03","04:31:17.44","eq","l",3.47,"l",36.398,-117.86817,1.7,"A",37468263,62,2993,2016-09-03 04:31:17.44,11438,2016-09-02 21:31:17.44,2016,"Sep",2016-09-01,21,"Friday"
"2016/09/25","01:41:22.85","eq","l",3.37,"l",35.898,-117.68317,2.6,"A",37699176,170,3023,2016-09-25 01:41:22.85,12295,2016-09-24 18:41:22.85,2016,"Sep",2016-09-01,18,"Saturday"
"2016/09/29","12:59:29.73","eq","l",3.04,"l",35.89767,-117.684,2.4,"A",37705224,75,2961,2016-09-29 12:59:29.73,12801,2016-09-29 05:59:29.73,2016,"Sep",2016-09-01,5,"Thursday"
"2016/11/20","09:44:44.78","eq","l",2.74,"l",36.00917,-117.805,1.5,"A",37745464,63,2899,2016-11-20 09:44:44.78,14732,2016-11-20 01:44:44.78,2016,"Nov",2016-11-01,1,"Sunday"
"2016/11/21","17:47:54.16","eq","l",2.61,"l",36.11783,-117.87583,2.8,"A",37746480,58,2829,2016-11-21 17:47:54.16,14775,2016-11-21 09:47:54.16,2016,"Nov",2016-11-01,9,"Monday"
"2016/11/25","15:26:54.53","eq","l",2.55,"l",36.115,-117.87833,2.6,"A",37749504,57,2818,2016-11-25 15:26:54.53,14932,2016-11-25 07:26:54.53,2016,"Nov",2016-11-01,7,"Friday"
"2016/11/28","09:11:41.67","eq","l",2.87,"l",36.11233,-117.87617,2.5,"A",37751936,68,2869,2016-11-28 09:11:41.67,15070,2016-11-28 01:11:41.67,2016,"Nov",2016-11-01,1,"Monday"
"2016/12/26","14:19:33.01","eq","l",2.53,"l",35.6105,-117.45483,3.2,"A",37771160,67,2744,2016-12-26 14:19:33.01,16135,2016-12-26 06:19:33.01,2016,"Dec",2016-12-01,6,"Monday"
"2017/01/02","22:20:30.28","eq","l",2.67,"l",36.0235,-117.78417,1.9,"A",37779296,58,2760,2017-01-02 22:20:30.28,16810,2017-01-02 14:20:30.28,2017,"Jan",2017-01-01,14,"Monday"
"2017/02/15","06:15:11.35","eq","l",3.39,"w",35.203,-117.28083,1.6,"A",37583871,77,3093,2017-02-15 06:15:11.35,18260,2017-02-14 22:15:11.35,2017,"Feb",2017-02-01,22,"Tuesday"
"2017/03/12","13:05:31.53","eq","l",2.5,"l",35.3005,-117.43867,2.6,"A",37825824,75,2878,2017-03-12 13:05:31.53,19075,2017-03-12 06:05:31.53,2017,"Mar",2017-03-01,6,"Sunday"
"2017/03/30","03:37:47.10","eq","l",2.86,"l",36.0365,-117.58717,2.4,"A",37844208,60,2914,2017-03-30 03:37:47.1,19854,2017-03-29 20:37:47.1,2017,"Mar",2017-03-01,20,"Wednesday"
"2017/04/05","11:46:59.78","eq","l",2.58,"l",36.154,-117.8415,7.4,"A",37849736,70,2829,2017-04-05 11:46:59.78,20104,2017-04-05 04:46:59.78,2017,"Apr",2017-04-01,4,"Wednesday"
"2017/05/25","15:22:53.55","eq","l",3.41,"l",36.18117,-117.846,2.4,"A",37654463,62,3071,2017-05-25 15:22:53.55,22080,2017-05-25 08:22:53.55,2017,"May",2017-05-01,8,"Thursday"
"2017/05/25","15:42:51.50","eq","l",3.71,"w",36.18133,-117.8455,2.5,"A",37654479,59,3148,2017-05-25 15:42:51.5,22082,2017-05-25 08:42:51.5,2017,"May",2017-05-01,8,"Thursday"
"2017/06/04","00:06:56.93","eq","l",3.64,"l",35.3975,-117.71283,7.4,"A",37661159,120,3144,2017-06-04 00:06:56.93,22525,2017-06-03 17:06:56.93,2017,"Jun",2017-06-01,17,"Saturday"
"2017/06/08","07:58:11.38","eq","l",2.98,"l",36.00217,-117.87383,2.2,"A",37664623,85,2977,2017-06-08 07:58:11.38,22758,2017-06-08 00:58:11.38,2017,"Jun",2017-06-01,0,"Thursday"
"2017/06/08","08:19:02.10","eq","l",2.98,"l",36.00367,-117.87417,2.5,"A",37664663,76,2935,2017-06-08 08:19:02.1,22762,2017-06-08 01:19:02.1,2017,"Jun",2017-06-01,1,"Thursday"
"2017/06/08","08:30:40.08","eq","l",3.25,"l",36.00433,-117.87433,2.6,"A",37664695,79,3053,2017-06-08 08:30:40.08,22767,2017-06-08 01:30:40.08,2017,"Jun",2017-06-01,1,"Thursday"
"2017/07/23","04:53:49.98","eq","l",2.74,"l",35.37517,-117.81533,2.4,"A",37710311,66,2843,2017-07-23 04:53:49.98,24755,2017-07-22 21:53:49.98,2017,"Jul",2017-07-01,21,"Saturday"
"2017/07/24","10:48:31.62","eq","l",2.51,"l",35.67567,-118.08,8.9,"A",37711223,60,2820,2017-07-24 10:48:31.62,24806,2017-07-24 03:48:31.62,2017,"Jul",2017-07-01,3,"Monday"
"2017/07/28","00:48:48.69","eq","l",3.47,"l",35.6225,-118.1495,9.1,"A",37714887,102,3095,2017-07-28 00:48:48.69,25013,2017-07-27 17:48:48.69,2017,"Jul",2017-07-01,17,"Thursday"
"2017/09/02","19:30:48.40","eq","l",2.97,"l",36.00983,-117.809,1.3,"A",37753607,68,2890,2017-09-02 19:30:48.4,26885,2017-09-02 12:30:48.4,2017,"Sep",2017-09-01,12,"Saturday"
"2017/09/19","18:34:13.02","eq","l",3.19,"l",36.019,-117.76733,1.6,"A",38006480,64,3072,2017-09-19 18:34:13.02,27898,2017-09-19 11:34:13.02,2017,"Sep",2017-09-01,11,"Tuesday"
"2017/09/19","18:45:43.78","eq","l",3.65,"l",36.01933,-117.76983,1.8,"A",38006496,79,3164,2017-09-19 18:45:43.78,27900,2017-09-19 11:45:43.78,2017,"Sep",2017-09-01,11,"Tuesday"
"2017/11/21","04:08:16.81","eq","l",2.76,"l",35.85917,-117.815,4.2,"A",37815783,64,2949,2017-11-21 04:08:16.81,31009,2017-11-20 20:08:16.81,2017,"Nov",2017-11-01,20,"Monday"
"2017/11/23","02:45:36.25","eq","l",2.87,"l",36.06633,-117.99717,4.5,"A",37817055,64,2889,2017-11-23 02:45:36.25,31094,2017-11-22 18:45:36.25,2017,"Nov",2017-11-01,18,"Wednesday"
"2017/12/04","14:38:00.07","eq","l",2.5,"l",36.098,-117.774,6.6,"A",37822831,55,2755,2017-12-04 14:38:00.07,31570,2017-12-04 06:38:00.07,2017,"Dec",2017-12-01,6,"Monday"
"2017/12/06","18:44:37.34","eq","l",2.9,"l",36.008,-117.804,1,"A",37823927,65,2974,2017-12-06 18:44:37.34,31655,2017-12-06 10:44:37.34,2017,"Dec",2017-12-01,10,"Wednesday"
"2018/01/02","03:49:59.54","eq","l",2.56,"l",36.393,-117.85617,0.7,"A",37845255,59,2659,2018-01-02 03:49:59.54,33430,2018-01-01 19:49:59.54,2018,"Jan",2018-01-01,19,"Monday"
"2018/02/15","11:35:24.05","eq","l",3.31,"l",36.18033,-117.851,1.9,"A",38109320,66,3025,2018-02-15 11:35:24.05,35500,2018-02-15 03:35:24.05,2018,"Feb",2018-02-01,3,"Thursday"
"2018/02/24","02:39:20.94","eq","l",2.77,"l",36.22783,-117.40217,2.1,"A",38114680,56,2867,2018-02-24 02:39:20.94,35878,2018-02-23 18:39:20.94,2018,"Feb",2018-02-01,18,"Friday"
"2018/03/02","16:55:04.85","eq","l",2.52,"l",36.03717,-117.34333,2.5,"A",37886839,54,2707,2018-03-02 16:55:04.85,36180,2018-03-02 08:55:04.85,2018,"Mar",2018-03-01,8,"Friday"
"2018/03/11","12:35:42.07","eq","l",2.69,"l",35.832,-117.7265,3.7,"A",37892047,69,2869,2018-03-11 12:35:42.07,36559,2018-03-11 05:35:42.07,2018,"Mar",2018-03-01,5,"Sunday"
"2018/03/13","09:57:04.35","eq","l",2.64,"l",35.60317,-117.402,6,"A",37893367,77,2945,2018-03-13 09:57:04.35,36678,2018-03-13 02:57:04.35,2018,"Mar",2018-03-01,2,"Tuesday"
"2018/03/14","12:27:53.95","eq","l",2.77,"l",35.94217,-117.65417,2.7,"A",37894071,67,2924,2018-03-14 12:27:53.95,36742,2018-03-14 05:27:53.95,2018,"Mar",2018-03-01,5,"Wednesday"
"2018/03/22","22:57:55.81","eq","l",3.04,"l",36.23283,-117.5685,0.8,"A",37898863,78,2951,2018-03-22 22:57:55.81,37100,2018-03-22 15:57:55.81,2018,"Mar",2018-03-01,15,"Thursday"
"2018/03/23","08:49:25.84","eq","l",3.06,"l",35.3965,-117.825,7.7,"A",37899039,92,3086,2018-03-23 08:49:25.84,37118,2018-03-23 01:49:25.84,2018,"Mar",2018-03-01,1,"Friday"
"2018/07/04","00:44:59.94","eq","l",2.54,"l",35.982,-117.96967,4.1,"A",37274274,60,2805,2018-07-04 00:44:59.94,42549,2018-07-03 17:44:59.94,2018,"Jul",2018-07-01,17,"Tuesday"
"2018/07/18","21:14:15.87","eq","l",2.69,"l",35.39533,-117.8275,7.5,"A",38224624,74,3009,2018-07-18 21:14:15.87,43296,2018-07-18 14:14:15.87,2018,"Jul",2018-07-01,14,"Wednesday"
"2018/10/08","21:25:02.19","eq","l",3.23,"l",36.0675,-118,2.9,"A",38317720,93,3139,2018-10-08 21:25:02.19,49363,2018-10-08 14:25:02.19,2018,"Oct",2018-10-01,14,"Monday"
"2018/11/06","06:35:51.55","eq","l",3.48,"l",36.14767,-118.0665,0.6,"A",38351080,64,3185,2018-11-06 06:35:51.55,51173,2018-11-05 22:35:51.55,2018,"Nov",2018-11-01,22,"Monday"
"2018/11/14","15:56:32.45","eq","l",2.64,"l",35.99483,-117.694,2.4,"A",38362936,65,2930,2018-11-14 15:56:32.45,51912,2018-11-14 07:56:32.45,2018,"Nov",2018-11-01,7,"Wednesday"
"2018/11/29","22:37:14.55","eq","l",2.57,"l",36.00533,-117.79967,1.7,"A",38149215,62,2847,2018-11-29 22:37:14.55,52748,2018-11-29 14:37:14.55,2018,"Nov",2018-11-01,14,"Thursday"
"2018/12/05","21:40:16.62","eq","l",4.2,"w",35.73033,-117.07767,0.8,"A",38386960,121,3268,2018-12-05 21:40:16.62,53086,2018-12-05 13:40:16.62,2018,"Dec",2018-12-01,13,"Wednesday"
"2018/12/05","22:10:06.19","eq","l",3.73,"w",35.72867,-117.0745,1.7,"A",38386992,102,3246,2018-12-05 22:10:06.19,53089,2018-12-05 14:10:06.19,2018,"Dec",2018-12-01,14,"Wednesday"
"2018/12/11","12:09:28.71","eq","l",2.69,"l",35.3725,-117.85633,2,"A",38391784,81,2824,2018-12-11 12:09:28.71,53415,2018-12-11 04:09:28.71,2018,"Dec",2018-12-01,4,"Tuesday"
"2018/12/17","18:02:39.57","eq","l",2.62,"l",36.094,-117.882,4.1,"A",38165335,65,2887,2018-12-17 18:02:39.57,53724,2018-12-17 10:02:39.57,2018,"Dec",2018-12-01,10,"Monday"
"2019/01/23","14:36:47.39","eq","l",2.83,"l",36.08583,-117.61717,1.6,"A",38201111,69,2856,2019-01-23 14:36:47.39,55864,2019-01-23 06:36:47.39,2019,"Jan",2019-01-01,6,"Wednesday"
"2019/01/31","03:13:36.09","eq","l",3.17,"l",35.365,-117.87083,2.6,"A",38213159,99,3137,2019-01-31 03:13:36.09,56282,2019-01-30 19:13:36.09,2019,"Jan",2019-01-01,19,"Wednesday"
"2019/02/28","07:35:50.24","eq","l",2.82,"l",36.02567,-117.70783,2.4,"A",38477600,57,2940,2019-02-28 07:35:50.24,57641,2019-02-27 23:35:50.24,2019,"Feb",2019-02-01,23,"Wednesday"
"2019/03/18","03:09:26.92","eq","l",2.5,"l",36.0685,-117.6855,1.2,"A",38273559,62,2776,2019-03-18 03:09:26.92,58447,2019-03-17 20:09:26.92,2019,"Mar",2019-03-01,20,"Sunday"
"2019/03/18","04:53:54.26","eq","l",2.71,"l",36.06967,-117.68583,1.1,"A",38273623,60,2907,2019-03-18 04:53:54.26,58451,2019-03-17 21:53:54.26,2019,"Mar",2019-03-01,21,"Sunday"
"2019/03/20","12:06:02.36","eq","l",3.2,"l",36.068,-117.68533,0.2,"A",38277999,74,3093,2019-03-20 12:06:02.36,58616,2019-03-20 05:06:02.36,2019,"Mar",2019-03-01,5,"Wednesday"
"2019/03/20","19:30:02.02","eq","l",2.54,"l",35.96267,-117.99067,4.9,"A",38278983,73,2888,2019-03-20 19:30:02.02,58645,2019-03-20 12:30:02.02,2019,"Mar",2019-03-01,12,"Wednesday"
"2019/03/22","13:40:21.48","eq","l",2.51,"l",36.1275,-117.70283,0.6,"A",38281367,57,2825,2019-03-22 13:40:21.48,58731,2019-03-22 06:40:21.48,2019,"Mar",2019-03-01,6,"Friday"
"2019/04/02","16:11:16.96","eq","l",2.82,"l",36.06667,-117.687,1.2,"A",37602474,65,2907,2019-04-02 16:11:16.96,59325,2019-04-02 09:11:16.96,2019,"Apr",2019-04-01,9,"Tuesday"
"2019/04/13","09:06:58.73","eq","l",2.65,"l",36.06367,-117.69117,1,"A",38545024,66,2907,2019-04-13 09:06:58.73,59733,2019-04-13 02:06:58.73,2019,"Apr",2019-04-01,2,"Saturday"
"2019/05/10","13:11:40.55","eq","l",2.81,"l",36.0715,-117.68733,1.1,"A",38587488,56,2962,2019-05-10 13:11:40.55,61133,2019-05-10 06:11:40.55,2019,"May",2019-05-01,6,"Friday"
"2019/05/10","23:19:58.72","eq","l",2.83,"l",36.12317,-117.6695,2.1,"A",38588448,74,2976,2019-05-10 23:19:58.72,61163,2019-05-10 16:19:58.72,2019,"May",2019-05-01,16,"Friday"
"2019/05/11","00:04:15.28","eq","l",2.61,"l",36.124,-117.66767,2.8,"A",38588544,59,2904,2019-05-11 00:04:15.28,61169,2019-05-10 17:04:15.28,2019,"May",2019-05-01,17,"Friday"
"2019/05/13","03:23:27.72","eq","l",2.92,"l",36.12117,-117.67033,2.6,"A",38591624,71,2993,2019-05-13 03:23:27.72,61343,2019-05-12 20:23:27.72,2019,"May",2019-05-01,20,"Sunday"
"2019/05/13","20:14:42.16","eq","l",2.77,"l",36.12083,-117.67317,2.7,"A",38592608,70,2932,2019-05-13 20:14:42.16,61371,2019-05-13 13:14:42.16,2019,"May",2019-05-01,13,"Monday"
"2019/05/13","20:45:26.94","eq","l",3.08,"l",36.1205,-117.67017,2.1,"A",38592680,88,3078,2019-05-13 20:45:26.94,61376,2019-05-13 13:45:26.94,2019,"May",2019-05-01,13,"Monday"
"2019/05/22","06:53:56.26","eq","l",3.32,"l",36.11917,-117.6705,2.1,"A",38601472,84,3240,2019-05-22 06:53:56.26,61706,2019-05-21 23:53:56.26,2019,"May",2019-05-01,23,"Tuesday"
"2019/05/28","02:53:07.09","eq","l",2.54,"l",36.01233,-117.80817,1.4,"A",38607032,59,2927,2019-05-28 02:53:07.09,62028,2019-05-27 19:53:07.09,2019,"May",2019-05-01,19,"Monday"
"2019/05/28","19:54:22.72","eq","l",2.6,"l",36.2295,-118.19467,1.8,"A",38608224,57,2833,2019-05-28 19:54:22.72,62108,2019-05-28 12:54:22.72,2019,"May",2019-05-01,12,"Tuesday"
"2019/05/28","21:32:51.53","eq","l",2.64,"l",36.22133,-118.19717,0.2,"A",37419189,41,2861,2019-05-28 21:32:51.53,62118,2019-05-28 14:32:51.53,2019,"May",2019-05-01,14,"Tuesday"
"2019/05/29","05:19:11.70","eq","l",2.62,"l",36.226,-118.19617,-0.7,"A",38608920,64,2854,2019-05-29 05:19:11.7,62146,2019-05-28 22:19:11.7,2019,"May",2019-05-01,22,"Tuesday"
"2019/06/05","17:19:35.46","eq","l",2.9,"l",36.12067,-117.66983,2.6,"A",38624800,68,3023,2019-06-05 17:19:35.46,63140,2019-06-05 10:19:35.46,2019,"Jun",2019-06-01,10,"Wednesday"
"2019/06/06","04:05:08.84","eq","l",2.63,"l",36.123,-117.66917,2.7,"A",38626088,69,2895,2019-06-06 04:05:08.84,63211,2019-06-05 21:05:08.84,2019,"Jun",2019-06-01,21,"Wednesday"
"2019/06/16","01:48:53.27","eq","l",3.26,"l",36.11417,-117.673,2.4,"A",38644688,80,3222,2019-06-16 01:48:53.27,63991,2019-06-15 18:48:53.27,2019,"Jun",2019-06-01,18,"Saturday"
"2019/07/04","17:02:55.34","eq","l",3.98,"w",35.70817,-117.50367,10.6,"A",38443095,127,3346,2019-07-04 17:02:55.34,65127,2019-07-04 10:02:55.34,2019,"Jul",2019-07-01,10,"Thursday"
"2019/07/04","17:33:49.00","eq","l",6.4,"w",35.70533,-117.50383,10.5,"A",38443183,105,3416,2019-07-04 17:33:49,65143,2019-07-04 10:33:49,2019,"Jul",2019-07-01,10,"Thursday"
"2019/07/04","17:35:01.66","eq","l",4.49,"lr",35.644,-117.56717,4.6,"A",38443191,69,3356,2019-07-04 17:35:01.66,65144,2019-07-04 10:35:01.66,2019,"Jul",2019-07-01,10,"Thursday"
"2019/07/04","17:35:17.43","eq","l",3.93,"lr",35.68867,-117.474,6.5,"A",37255940,22,3178,2019-07-04 17:35:17.43,65145,2019-07-04 10:35:17.43,2019,"Jul",2019-07-01,10,"Thursday"
"2019/07/04","17:35:46.34","eq","l",3.63,"l",35.69367,-117.437,7.7,"B",37222356,19,3142,2019-07-04 17:35:46.34,65146,2019-07-04 10:35:46.34,2019,"Jul",2019-07-01,10,"Thursday"
"2019/07/04","17:35:52.17","eq","l",4.28,"lr",35.687,-117.50617,1.6,"A",37218988,46,3308,2019-07-04 17:35:52.17,65147,2019-07-04 10:35:52.17,2019,"Jul",2019-07-01,10,"Thursday"
"2019/07/04","17:36:04.36","eq","l",3.94,"lr",35.73417,-117.57417,6.4,"A",37255980,21,3115,2019-07-04 17:36:04.36,65148,2019-07-04 10:36:04.36,2019,"Jul",2019-07-01,10,"Thursday"
"2019/07/04","17:36:58.95","eq","l",3.41,"l",35.72583,-117.55933,5.3,"A",37222380,27,3133,2019-07-04 17:36:58.95,65149,2019-07-04 10:36:58.95,2019,"Jul",2019-07-01,10,"Thursday"
"2019/07/04","17:37:01.14","eq","l",3.66,"lr",35.7105,-117.47733,1.6,"A",37222372,32,3142,2019-07-04 17:37:01.14,65150,2019-07-04 10:37:01.14,2019,"Jul",2019-07-01,10,"Thursday"
"2019/07/04","17:37:14.85","eq","l",3.97,"lr",35.6655,-117.516,1.6,"A",37222364,37,3148,2019-07-04 17:37:14.85,65151,2019-07-04 10:37:14.85,2019,"Jul",2019-07-01,10,"Thursday"
"2019/07/04","17:37:25.64","eq","l",4.01,"lr",35.67583,-117.4575,15.8,"A",37218996,38,3308,2019-07-04 17:37:25.64,65152,2019-07-04 10:37:25.64,2019,"Jul",2019-07-01,10,"Thursday"
"2019/07/04","17:37:46.32","eq","l",3.24,"l",35.68117,-117.52617,6.8,"A",37259580,8,3373,2019-07-04 17:37:46.32,65153,2019-07-04 10:37:46.32,2019,"Jul",2019-07-01,10,"Thursday"
"2019/07/04","17:37:55.50","eq","l",3.86,"lr",35.74567,-117.55167,8.3,"A",38443199,55,3352,2019-07-04 17:37:55.5,65154,2019-07-04 10:37:55.5,2019,"Jul",2019-07-01,10,"Thursday"
"2019/07/04","17:38:21.45","eq","l",3.73,"lr",35.714,-117.476,1.7,"A",37421941,40,3376,2019-07-04 17:38:21.45,65155,2019-07-04 10:38:21.45,2019,"Jul",2019-07-01,10,"Thursday"
"2019/07/04","17:38:47.76","eq","l",3.5,"l",35.6235,-117.596,8.6,"A",37222396,40,3132,2019-07-04 17:38:47.76,65156,2019-07-04 10:38:47.76,2019,"Jul",2019-07-01,10,"Thursday"
"2019/07/04","17:38:57.26","eq","l",3.43,"l",35.66983,-117.5295,1.9,"A",37256196,13,3150,2019-07-04 17:38:57.26,65157,2019-07-04 10:38:57.26,2019,"Jul",2019-07-01,10,"Thursday"
"2019/07/04","17:39:05.12","eq","l",3.25,"l",35.71683,-117.66617,5.2,"A",37259588,11,3367,2019-07-04 17:39:05.12,65158,2019-07-04 10:39:05.12,2019,"Jul",2019-07-01,10,"Thursday"
"2019/07/04","17:39:14.62","eq","l",2.98,"l",35.6215,-117.5945,8.8,"A",37259612,16,3349,2019-07-04 17:39:14.62,65159,2019-07-04 10:39:14.62,2019,"Jul",2019-07-01,10,"Thursday"
"2019/07/04","17:39:33.31","eq","l",3.11,"l",35.57433,-117.63667,6.8,"A",37222404,9,3108,2019-07-04 17:39:33.31,65160,2019-07-04 10:39:33.31,2019,"Jul",2019-07-01,10,"Thursday"
"2019/07/04","17:39:35.36","eq","l",3.69,"lr",35.68767,-117.49317,11,"A",38443215,60,3343,2019-07-04 17:39:35.36,65161,2019-07-04 10:39:35.36,2019,"Jul",2019-07-01,10,"Thursday"
"2019/07/04","17:39:51.74","eq","l",3.11,"l",35.6715,-117.54533,2.3,"B",37259660,10,3355,2019-07-04 17:39:51.74,65162,2019-07-04 10:39:51.74,2019,"Jul",2019-07-01,10,"Thursday"
"2019/07/04","17:40:02.25","eq","l",3.8,"lr",35.72533,-117.57083,6.6,"A",38443223,60,3343,2019-07-04 17:40:02.25,65163,2019-07-04 10:40:02.25,2019,"Jul",2019-07-01,10,"Thursday"
"2019/07/04","17:40:18.52","eq","l",4.13,"lr",35.707,-117.51017,8.7,"A",38443231,65,3349,2019-07-04 17:40:18.52,65164,2019-07-04 10:40:18.52,2019,"Jul",2019-07-01,10,"Thursday"
"2019/07/04","17:40:34.90","eq","l",3.54,"l",35.69483,-117.50183,2,"A",37222508,18,3135,2019-07-04 17:40:34.9,65165,2019-07-04 10:40:34.9,2019,"Jul",2019-07-01,10,"Thursday"
"2019/07/04","17:40:46.14","eq","l",3.42,"l",35.72983,-117.55483,7.7,"A",37222516,22,3132,2019-07-04 17:40:46.14,65166,2019-07-04 10:40:46.14,2019,"Jul",2019-07-01,10,"Thursday"
"2019/07/04","17:40:51.72","eq","l",3.13,"l",35.6805,-117.47433,7.1,"C",37259692,9,3364,2019-07-04 17:40:51.72,65167,2019-07-04 10:40:51.72,2019,"Jul",2019-07-01,10,"Thursday"
"2019/07/04","17:41:20.85","eq","l",3.3,"l",35.72667,-117.52883,2,"A",37421957,41,3372,2019-07-04 17:41:20.85,65168,2019-07-04 10:41:20.85,2019,"Jul",2019-07-01,10,"Thursday"
"2019/07/04","17:41:43.58","eq","l",3.22,"l",35.60483,-117.58433,7.3,"A",37421973,28,3369,2019-07-04 17:41:43.58,65169,2019-07-04 10:41:43.58,2019,"Jul",2019-07-01,10,"Thursday"
"2019/07/04","17:42:21.92","eq","l",3.2,"l",35.57667,-117.63867,6.9,"A",37421965,45,3369,2019-07-04 17:42:21.92,65170,2019-07-04 10:42:21.92,2019,"Jul",2019-07-01,10,"Thursday"
"2019/07/04","17:42:54.13","eq","l",3.22,"l",35.73017,-117.55867,7.8,"A",38443239,72,3312,2019-07-04 17:42:54.13,65171,2019-07-04 10:42:54.13,2019,"Jul",2019-07-01,10,"Thursday"
"2019/07/04","17:43:29.60","eq","l",3.5,"l",35.65483,-117.5405,9.6,"A",37421925,55,3369,2019-07-04 17:43:29.6,65172,2019-07-04 10:43:29.6,2019,"Jul",2019-07-01,10,"Thursday"
"2019/07/04","17:43:49.22","eq","l",3.21,"l",35.74583,-117.53467,6.3,"A",37421933,43,3369,2019-07-04 17:43:49.22,65173,2019-07-04 10:43:49.22,2019,"Jul",2019-07-01,10,"Thursday"
"2019/07/04","17:44:24.02","eq","l",2.77,"l",35.74783,-117.54,9.4,"A",37421981,41,3375,2019-07-04 17:44:24.02,65174,2019-07-04 10:44:24.02,2019,"Jul",2019-07-01,10,"Thursday"
"2019/07/04","17:44:32.82","eq","l",3.86,"lr",35.6875,-117.50717,1.5,"A",38443255,138,3339,2019-07-04 17:44:32.82,65175,2019-07-04 10:44:32.82,2019,"Jul",2019-07-01,10,"Thursday"
"2019/07/04","17:45:05.78","eq","l",3.03,"l",35.69767,-117.4865,2.2,"A",37421997,31,3363,2019-07-04 17:45:05.78,65176,2019-07-04 10:45:05.78,2019,"Jul",2019-07-01,10,"Thursday"
"2019/07/04","17:45:23.95","eq","l",3.03,"l",35.71517,-117.54733,7.2,"A",37421989,27,3369,2019-07-04 17:45:23.95,65177,2019-07-04 10:45:23.95,2019,"Jul",2019-07-01,10,"Thursday"
"2019/07/04","17:45:28.63","eq","l",3.21,"l",35.73483,-117.53683,10.3,"A",37222524,24,3110,2019-07-04 17:45:28.63,65178,2019-07-04 10:45:28.63,2019,"Jul",2019-07-01,10,"Thursday"
"2019/07/04","17:46:03.71","eq","l",2.96,"l",35.64317,-117.61017,10.1,"A",38443263,54,3330,2019-07-04 17:46:03.71,65179,2019-07-04 10:46:03.71,2019,"Jul",2019-07-01,10,"Thursday"
"2019/07/04","17:46:20.32","eq","l",2.56,"l",35.65633,-117.5325,1.5,"A",37222532,26,2960,2019-07-04 17:46:20.32,65180,2019-07-04 10:46:20.32,2019,"Jul",2019-07-01,10,"Thursday"
"2019/07/04","17:46:49.96","eq","l",3.07,"l",35.6385,-117.61083,11,"A",38443271,64,3330,2019-07-04 17:46:49.96,65182,2019-07-04 10:46:49.96,2019,"Jul",2019-07-01,10,"Thursday"
"2019/07/04","17:47:17.81","eq","l",3.5,"lr",35.7455,-117.5465,7.1,"A",38443279,87,3336,2019-07-04 17:47:17.81,65183,2019-07-04 10:47:17.81,2019,"Jul",2019-07-01,10,"Thursday"
"2019/07/04","17:47:40.97","eq","l",3.11,"l",35.726,-117.5585,3.6,"A",37222548,42,3131,2019-07-04 17:47:40.97,65184,2019-07-04 10:47:40.97,2019,"Jul",2019-07-01,10,"Thursday"
"2019/07/04","17:47:54.97","eq","l",3.4,"l",35.72867,-117.56067,5.2,"A",37222556,49,3122,2019-07-04 17:47:54.97,65185,2019-07-04 10:47:54.97,2019,"Jul",2019-07-01,10,"Thursday"
"2019/07/04","17:48:03.16","eq","l",3.27,"l",35.6365,-117.55183,6.6,"A",37222564,22,3098,2019-07-04 17:48:03.16,65186,2019-07-04 10:48:03.16,2019,"Jul",2019-07-01,10,"Thursday"
"2019/07/04","17:48:15.68","eq","l",3.11,"l",35.70533,-117.5245,5.5,"C",37222572,25,3080,2019-07-04 17:48:15.68,65187,2019-07-04 10:48:15.68,2019,"Jul",2019-07-01,10,"Thursday"
"2019/07/04","17:48:24.15","eq","l",2.96,"l",35.65933,-117.52633,2.7,"A",37222580,25,3071,2019-07-04 17:48:24.15,65188,2019-07-04 10:48:24.15,2019,"Jul",2019-07-01,10,"Thursday"
"2019/07/04","17:49:35.19","eq","l",2.52,"l",35.7335,-117.50683,3.9,"A",37222596,17,2861,2019-07-04 17:49:35.19,65190,2019-07-04 10:49:35.19,2019,"Jul",2019-07-01,10,"Thursday"
"2019/07/04","17:49:38.95","eq","l",2.57,"l",35.687,-117.49067,10.7,"A",37222668,20,2935,2019-07-04 17:49:38.95,65191,2019-07-04 10:49:38.95,2019,"Jul",2019-07-01,10,"Thursday"
"2019/07/04","17:50:48.29","eq","l",2.73,"l",35.738,-117.52933,7.7,"A",37222692,13,1624,2019-07-04 17:50:48.29,65194,2019-07-04 10:50:48.29,2019,"Jul",2019-07-01,10,"Thursday"
"2019/07/04","17:50:48.96","eq","l",2.79,"l",35.678,-117.49917,1.1,"A",38443303,29,2991,2019-07-04 17:50:48.96,65195,2019-07-04 10:50:48.96,2019,"Jul",2019-07-01,10,"Thursday"
"2019/07/04","17:51:46.65","eq","l",3.46,"lr",35.674,-117.5235,5.3,"A",38443287,48,3264,2019-07-04 17:51:46.65,65196,2019-07-04 10:51:46.65,2019,"Jul",2019-07-01,10,"Thursday"
"2019/07/04","17:52:41.70","eq","l",2.92,"l",35.72183,-117.52517,7,"A",38443295,53,3198,2019-07-04 17:52:41.7,65198,2019-07-04 10:52:41.7,2019,"Jul",2019-07-01,10,"Thursday"
"2019/07/04","17:54:59.56","eq","l",2.53,"l",35.63917,-117.56283,10.5,"A",38443327,45,2885,2019-07-04 17:54:59.56,65202,2019-07-04 10:54:59.56,2019,"Jul",2019-07-01,10,"Thursday"
"2019/07/04","17:55:30.80","eq","l",2.57,"l",35.6705,-117.52217,3.9,"A",37222876,27,2864,2019-07-04 17:55:30.8,65204,2019-07-04 10:55:30.8,2019,"Jul",2019-07-01,10,"Thursday"
"2019/07/04","17:57:31.46","eq","l",2.95,"l",35.6595,-117.52233,2.3,"A",38443311,52,3141,2019-07-04 17:57:31.46,65210,2019-07-04 10:57:31.46,2019,"Jul",2019-07-01,10,"Thursday"
"2019/07/04","17:57:43.06","eq","l",2.78,"l",35.6725,-117.47433,8.8,"A",37222932,34,2951,2019-07-04 17:57:43.06,65211,2019-07-04 10:57:43.06,2019,"Jul",2019-07-01,10,"Thursday"
"2019/07/04","17:58:02.64","eq","l",3.33,"l",35.702,-117.50833,4.8,"A",38443319,72,3213,2019-07-04 17:58:02.64,65212,2019-07-04 10:58:02.64,2019,"Jul",2019-07-01,10,"Thursday"
"2019/07/04","18:00:40.19","eq","l",2.67,"l",35.63033,-117.569,1.6,"A",38443335,51,3159,2019-07-04 18:00:40.19,65219,2019-07-04 11:00:40.19,2019,"Jul",2019-07-01,11,"Thursday"
"2019/07/04","18:01:01.19","eq","l",2.59,"l",35.67333,-117.51183,1.5,"A",37223148,42,2853,2019-07-04 18:01:01.19,65221,2019-07-04 11:01:01.19,2019,"Jul",2019-07-01,11,"Thursday"
"2019/07/04","18:01:23.18","eq","l",3.53,"lr",35.68767,-117.5085,1.3,"A",37422005,55,3255,2019-07-04 18:01:23.18,65222,2019-07-04 11:01:23.18,2019,"Jul",2019-07-01,11,"Thursday"
"2019/07/04","18:01:31.23","eq","l",3.42,"l",35.59783,-117.5905,6.8,"A",37223156,37,3008,2019-07-04 18:01:31.23,65223,2019-07-04 11:01:31.23,2019,"Jul",2019-07-01,11,"Thursday"
"2019/07/04","18:02:54.11","eq","l",2.53,"l",35.60667,-117.58217,5.8,"A",38443351,44,3153,2019-07-04 18:02:54.11,65226,2019-07-04 11:02:54.11,2019,"Jul",2019-07-01,11,"Thursday"
"2019/07/04","18:03:18.59","eq","l",2.85,"l",35.74783,-117.5425,6.8,"A",38443359,55,3193,2019-07-04 18:03:18.59,65228,2019-07-04 11:03:18.59,2019,"Jul",2019-07-01,11,"Thursday"
"2019/07/04","18:05:41.83","eq","l",2.76,"l",35.71533,-117.5295,4.5,"A",38443375,55,3201,2019-07-04 18:05:41.83,65236,2019-07-04 11:05:41.83,2019,"Jul",2019-07-01,11,"Thursday"
"2019/07/04","18:05:55.91","eq","l",2.61,"l",35.72667,-117.5165,9,"A",37223228,30,2898,2019-07-04 18:05:55.91,65237,2019-07-04 11:05:55.91,2019,"Jul",2019-07-01,11,"Thursday"
"2019/07/04","18:06:16.11","eq","l",3.79,"lr",35.66067,-117.523,2.1,"A",38443383,87,3297,2019-07-04 18:06:16.11,65238,2019-07-04 11:06:16.11,2019,"Jul",2019-07-01,11,"Thursday"
"2019/07/04","18:06:51.05","eq","l",2.6,"l",35.69317,-117.462,11.6,"A",37223236,21,2909,2019-07-04 18:06:51.05,65239,2019-07-04 11:06:51.05,2019,"Jul",2019-07-01,11,"Thursday"
"2019/07/04","18:07:09.27","eq","l",3.51,"lr",35.59917,-117.61017,2.1,"A",38443391,72,3288,2019-07-04 18:07:09.27,65240,2019-07-04 11:07:09.27,2019,"Jul",2019-07-01,11,"Thursday"
"2019/07/04","18:07:10.91","eq","l",3.49,"l",35.65083,-117.542,2.8,"A",37223244,18,3080,2019-07-04 18:07:10.91,65241,2019-07-04 11:07:10.91,2019,"Jul",2019-07-01,11,"Thursday"
"2019/07/04","18:07:20.29","eq","l",3.02,"l",35.56883,-117.6365,6.7,"A",37259964,21,3300,2019-07-04 18:07:20.29,65242,2019-07-04 11:07:20.29,2019,"Jul",2019-07-01,11,"Thursday"
"2019/07/04","18:07:50.81","eq","l",2.55,"l",35.7295,-117.533,7.2,"A",37223252,34,2897,2019-07-04 18:07:50.81,65243,2019-07-04 11:07:50.81,2019,"Jul",2019-07-01,11,"Thursday"
"2019/07/04","18:08:33.16","eq","l",3.38,"l",35.66783,-117.50617,2.3,"A",38443407,55,3294,2019-07-04 18:08:33.16,65245,2019-07-04 11:08:33.16,2019,"Jul",2019-07-01,11,"Thursday"
"2019/07/04","18:08:45.07","eq","l",3.55,"l",35.71083,-117.47683,1.2,"A",37223308,46,3086,2019-07-04 18:08:45.07,65246,2019-07-04 11:08:45.07,2019,"Jul",2019-07-01,11,"Thursday"
"2019/07/04","18:10:32.71","eq","l",3.46,"l",35.65983,-117.53483,10.2,"A",38443415,79,3279,2019-07-04 18:10:32.71,65250,2019-07-04 11:10:32.71,2019,"Jul",2019-07-01,11,"Thursday"
"2019/07/04","18:11:22.87","eq","l",2.69,"l",35.60033,-117.59517,7.3,"A",38443423,49,3216,2019-07-04 18:11:22.87,65252,2019-07-04 11:11:22.87,2019,"Jul",2019-07-01,11,"Thursday"
"2019/07/04","18:12:52.07","eq","l",3.44,"l",35.67033,-117.5605,6.9,"A",38443431,71,3252,2019-07-04 18:12:52.07,65257,2019-07-04 11:12:52.07,2019,"Jul",2019-07-01,11,"Thursday"
"2019/07/04","18:13:45.53","eq","l",2.89,"l",35.70033,-117.48733,11,"A",37223380,29,2993,2019-07-04 18:13:45.53,65258,2019-07-04 11:13:45.53,2019,"Jul",2019-07-01,11,"Thursday"
"2019/07/04","18:13:51.40","eq","l",3.5,"l",35.70817,-117.485,6.4,"A",38443439,48,3234,2019-07-04 18:13:51.4,65259,2019-07-04 11:13:51.4,2019,"Jul",2019-07-01,11,"Thursday"
"2019/07/04","18:15:04.97","eq","l",2.75,"l",35.61033,-117.595,4.9,"A",38443447,56,3216,2019-07-04 18:15:04.97,65262,2019-07-04 11:15:04.97,2019,"Jul",2019-07-01,11,"Thursday"
"2019/07/04","18:15:12.82","eq","l",3.23,"l",35.66917,-117.52033,1.8,"A",37420701,45,3231,2019-07-04 18:15:12.82,65263,2019-07-04 11:15:12.82,2019,"Jul",2019-07-01,11,"Thursday"
"2019/07/04","18:16:33.73","eq","l",2.94,"l",35.72517,-117.5335,6.7,"A",38443463,84,3187,2019-07-04 18:16:33.73,65266,2019-07-04 11:16:33.73,2019,"Jul",2019-07-01,11,"Thursday"
"2019/07/04","18:17:15.32","eq","l",2.87,"l",35.7185,-117.53367,4.9,"A",38443471,60,3169,2019-07-04 18:17:15.32,65269,2019-07-04 11:17:15.32,2019,"Jul",2019-07-01,11,"Thursday"
"2019/07/04","18:18:45.72","eq","l",3.38,"l",35.638,-117.611,9.4,"A",38443487,112,3201,2019-07-04 18:18:45.72,65274,2019-07-04 11:18:45.72,2019,"Jul",2019-07-01,11,"Thursday"
"2019/07/04","18:18:52.07","eq","l",2.98,"l",35.61233,-117.624,0,"A",37223676,18,2978,2019-07-04 18:18:52.07,65275,2019-07-04 11:18:52.07,2019,"Jul",2019-07-01,11,"Thursday"
"2019/07/04","18:19:08.09","eq","l",2.6,"l",35.72367,-117.5085,11.6,"A",37223684,28,2858,2019-07-04 18:19:08.09,65276,2019-07-04 11:19:08.09,2019,"Jul",2019-07-01,11,"Thursday"
"2019/07/04","18:21:25.34","eq","l",2.61,"l",35.67883,-117.51533,2.9,"A",38443495,57,3096,2019-07-04 18:21:25.34,65285,2019-07-04 11:21:25.34,2019,"Jul",2019-07-01,11,"Thursday"
"2019/07/04","18:26:03.75","eq","l",3.13,"l",35.66383,-117.5245,2.5,"A",38443519,79,3258,2019-07-04 18:26:03.75,65305,2019-07-04 11:26:03.75,2019,"Jul",2019-07-01,11,"Thursday"
"2019/07/04","18:27:26.77","eq","l",3.29,"l",35.67483,-117.51433,2.7,"A",38443527,74,3282,2019-07-04 18:27:26.77,65309,2019-07-04 11:27:26.77,2019,"Jul",2019-07-01,11,"Thursday"
"2019/07/04","18:27:59.44","eq","l",4.66,"w",35.745,-117.55217,6.6,"A",38443535,102,3361,2019-07-04 18:27:59.44,65310,2019-07-04 11:27:59.44,2019,"Jul",2019-07-01,11,"Thursday"
"2019/07/04","18:28:43.64","eq","l",3.75,"lr",35.66617,-117.56567,7.1,"A",38443543,78,3313,2019-07-04 18:28:43.64,65311,2019-07-04 11:28:43.64,2019,"Jul",2019-07-01,11,"Thursday"
"2019/07/04","18:34:49.01","eq","l",2.59,"l",35.6895,-117.48833,0.6,"A",37224604,52,2862,2019-07-04 18:34:49.01,65321,2019-07-04 11:34:49.01,2019,"Jul",2019-07-01,11,"Thursday"
"2019/07/04","18:35:50.89","eq","l",2.98,"l",35.60217,-117.603,4.2,"A",37229300,43,2982,2019-07-04 18:35:50.89,65325,2019-07-04 11:35:50.89,2019,"Jul",2019-07-01,11,"Thursday"
"2019/07/04","18:37:31.68","eq","l",2.63,"l",35.72233,-117.56433,4.1,"A",38443591,98,2985,2019-07-04 18:37:31.68,65328,2019-07-04 11:37:31.68,2019,"Jul",2019-07-01,11,"Thursday"
"2019/07/04","18:38:45.63","eq","l",2.58,"l",35.704,-117.4935,7.9,"A",37229572,64,2892,2019-07-04 18:38:45.63,65334,2019-07-04 11:38:45.63,2019,"Jul",2019-07-01,11,"Thursday"
"2019/07/04","18:39:44.44","eq","l",4.59,"w",35.60133,-117.597,2.8,"A",38443607,80,3288,2019-07-04 18:39:44.44,65336,2019-07-04 11:39:44.44,2019,"Jul",2019-07-01,11,"Thursday"
"2019/07/04","18:40:56.74","eq","l",3.05,"l",35.652,-117.53683,2,"A",37224612,41,2979,2019-07-04 18:40:56.74,65337,2019-07-04 11:40:56.74,2019,"Jul",2019-07-01,11,"Thursday"
"2019/07/04","18:41:14.27","eq","l",3.07,"l",35.67633,-117.5115,2.1,"A",38443615,46,3247,2019-07-04 18:41:14.27,65338,2019-07-04 11:41:14.27,2019,"Jul",2019-07-01,11,"Thursday"
"2019/07/04","18:44:25.00","eq","l",3.09,"l",35.719,-117.55867,2.1,"A",38443631,131,3229,2019-07-04 18:44:25,65342,2019-07-04 11:44:25,2019,"Jul",2019-07-01,11,"Thursday"
"2019/07/04","18:47:06.59","eq","l",4.34,"w",35.67583,-117.48533,8.5,"A",38443647,108,3325,2019-07-04 18:47:06.59,65349,2019-07-04 11:47:06.59,2019,"Jul",2019-07-01,11,"Thursday"
"2019/07/04","18:47:22.60","eq","l",4.02,"lr",35.6755,-117.472,10.3,"A",37421213,30,1127,2019-07-04 18:47:22.6,65350,2019-07-04 11:47:22.6,2019,"Jul",2019-07-01,11,"Thursday"
"2019/07/04","18:47:44.31","eq","l",3.33,"l",35.68767,-117.51467,7.9,"A",37230556,24,3087,2019-07-04 18:47:44.31,65351,2019-07-04 11:47:44.31,2019,"Jul",2019-07-01,11,"Thursday"
"2019/07/04","18:47:59.17","eq","l",3.22,"l",35.67083,-117.46867,10.5,"A",37230564,33,3078,2019-07-04 18:47:59.17,65352,2019-07-04 11:47:59.17,2019,"Jul",2019-07-01,11,"Thursday"
"2019/07/04","18:48:15.85","eq","l",2.89,"l",35.70917,-117.46567,1.8,"A",37230580,22,3039,2019-07-04 18:48:15.85,65353,2019-07-04 11:48:15.85,2019,"Jul",2019-07-01,11,"Thursday"
"2019/07/04","18:50:07.15","eq","l",2.75,"l",35.64117,-117.55917,9.7,"A",38443663,50,3196,2019-07-04 18:50:07.15,65358,2019-07-04 11:50:07.15,2019,"Jul",2019-07-01,11,"Thursday"
"2019/07/04","18:50:15.91","eq","l",3.7,"lr",35.682,-117.49617,1.3,"A",38443671,85,3289,2019-07-04 18:50:15.91,65359,2019-07-04 11:50:15.91,2019,"Jul",2019-07-01,11,"Thursday"
"2019/07/04","18:52:13.62","eq","l",2.78,"l",35.656,-117.53767,2.3,"A",38443679,91,3214,2019-07-04 18:52:13.62,65361,2019-07-04 11:52:13.62,2019,"Jul",2019-07-01,11,"Thursday"
"2019/07/04","18:52:57.56","eq","l",2.85,"l",35.66817,-117.5115,3.2,"A",37230844,13,3018,2019-07-04 18:52:57.56,65363,2019-07-04 11:52:57.56,2019,"Jul",2019-07-01,11,"Thursday"
"2019/07/04","18:53:03.34","eq","l",3.08,"l",35.67033,-117.547,4.9,"A",37230836,24,3051,2019-07-04 18:53:03.34,65364,2019-07-04 11:53:03.34,2019,"Jul",2019-07-01,11,"Thursday"
"2019/07/04","18:53:27.67","eq","l",3.36,"l",35.7285,-117.5605,7.9,"A",38443695,68,3268,2019-07-04 18:53:27.67,65365,2019-07-04 11:53:27.67,2019,"Jul",2019-07-01,11,"Thursday"
"2019/07/04","18:54:13.99","eq","l",4.07,"lr",35.5975,-117.59967,5.3,"A",38443703,90,3295,2019-07-04 18:54:13.99,65366,2019-07-04 11:54:13.99,2019,"Jul",2019-07-01,11,"Thursday"
"2019/07/04","18:54:59.09","eq","l",2.86,"l",35.67067,-117.52883,4.6,"A",37230868,36,3015,2019-07-04 18:54:59.09,65367,2019-07-04 11:54:59.09,2019,"Jul",2019-07-01,11,"Thursday"
"2019/07/04","18:55:27.68","eq","l",3.03,"l",35.67533,-117.4795,10.7,"A",38443711,43,3220,2019-07-04 18:55:27.68,65368,2019-07-04 11:55:27.68,2019,"Jul",2019-07-01,11,"Thursday"
"2019/07/04","18:56:06.42","eq","l",4.58,"w",35.716,-117.56,1.9,"A",38443719,165,3304,2019-07-04 18:56:06.42,65369,2019-07-04 11:56:06.42,2019,"Jul",2019-07-01,11,"Thursday"
"2019/07/04","18:56:22.03","eq","l",4.21,"lr",35.70867,-117.55417,1.2,"A",37420717,30,3280,2019-07-04 18:56:22.03,65370,2019-07-04 11:56:22.03,2019,"Jul",2019-07-01,11,"Thursday"
"2019/07/04","18:57:00.85","eq","l",2.89,"l",35.71817,-117.543,3,"C",37230996,6,3024,2019-07-04 18:57:00.85,65371,2019-07-04 11:57:00.85,2019,"Jul",2019-07-01,11,"Thursday"
"2019/07/04","18:57:15.61","eq","l",3.22,"l",35.68883,-117.52933,5.7,"C",37230948,25,3057,2019-07-04 18:57:15.61,65372,2019-07-04 11:57:15.61,2019,"Jul",2019-07-01,11,"Thursday"
"2019/07/04","18:57:42.06","eq","l",2.96,"l",35.71333,-117.54817,2,"A",37230908,33,3042,2019-07-04 18:57:42.06,65373,2019-07-04 11:57:42.06,2019,"Jul",2019-07-01,11,"Thursday"
"2019/07/04","18:57:52.44","eq","l",2.71,"l",35.67267,-117.5125,2.6,"A",37230916,18,2970,2019-07-04 18:57:52.44,65374,2019-07-04 11:57:52.44,2019,"Jul",2019-07-01,11,"Thursday"
"2019/07/04","18:58:07.89","eq","l",2.79,"l",35.72467,-117.558,1.9,"A",38443727,42,3178,2019-07-04 18:58:07.89,65375,2019-07-04 11:58:07.89,2019,"Jul",2019-07-01,11,"Thursday"
"2019/07/04","19:00:09.67","eq","l",3.22,"l",35.71117,-117.55133,2,"A",38443751,76,3235,2019-07-04 19:00:09.67,65380,2019-07-04 12:00:09.67,2019,"Jul",2019-07-01,12,"Thursday"
"2019/07/04","19:00:14.00","eq","l",3.14,"l",35.67733,-117.55233,5,"B",37231484,19,3027,2019-07-04 19:00:14,65381,2019-07-04 12:00:14,2019,"Jul",2019-07-01,12,"Thursday"
"2019/07/04","19:01:06.36","eq","l",2.67,"l",35.6485,-117.5375,1.6,"A",37231516,16,2949,2019-07-04 19:01:06.36,65383,2019-07-04 12:01:06.36,2019,"Jul",2019-07-01,12,"Thursday"
"2019/07/04","19:01:10.80","eq","l",3.03,"l",35.70867,-117.5565,2.1,"A",38443759,55,3214,2019-07-04 19:01:10.8,65384,2019-07-04 12:01:10.8,2019,"Jul",2019-07-01,12,"Thursday"
"2019/07/04","19:01:28.38","eq","l",2.56,"l",35.69183,-117.528,2.6,"A",37231532,30,2892,2019-07-04 19:01:28.38,65385,2019-07-04 12:01:28.38,2019,"Jul",2019-07-01,12,"Thursday"
"2019/07/04","19:02:24.82","eq","l",2.67,"l",35.6465,-117.54183,1.9,"A",37231540,46,2952,2019-07-04 19:02:24.82,65388,2019-07-04 12:02:24.82,2019,"Jul",2019-07-01,12,"Thursday"
"2019/07/04","19:10:19.82","eq","l",3.29,"l",35.694,-117.49017,1.6,"A",38443823,92,3236,2019-07-04 19:10:19.82,65404,2019-07-04 12:10:19.82,2019,"Jul",2019-07-01,12,"Thursday"
"2019/07/04","19:14:59.49","eq","l",3,"l",35.65483,-117.53883,2.4,"A",38443831,84,3214,2019-07-04 19:14:59.49,65413,2019-07-04 12:14:59.49,2019,"Jul",2019-07-01,12,"Thursday"
"2019/07/04","19:17:51.36","eq","l",2.98,"l",35.69517,-117.50967,1.5,"A",38443855,56,3241,2019-07-04 19:17:51.36,65419,2019-07-04 12:17:51.36,2019,"Jul",2019-07-01,12,"Thursday"
"2019/07/04","19:17:58.14","eq","l",3.26,"l",35.62683,-117.601,10.4,"A",37224620,36,3003,2019-07-04 19:17:58.14,65420,2019-07-04 12:17:58.14,2019,"Jul",2019-07-01,12,"Thursday"
"2019/07/04","19:20:51.76","eq","l",2.76,"l",35.64017,-117.553,1.7,"A",38443863,76,3229,2019-07-04 19:20:51.76,65424,2019-07-04 12:20:51.76,2019,"Jul",2019-07-01,12,"Thursday"
"2019/07/04","19:21:32.09","eq","l",4.5,"w",35.6715,-117.47883,5.2,"A",38443871,120,3331,2019-07-04 19:21:32.09,65427,2019-07-04 12:21:32.09,2019,"Jul",2019-07-01,12,"Thursday"
"2019/07/04","19:26:20.38","eq","l",2.72,"l",35.70633,-117.4855,2.2,"A",38443879,79,3160,2019-07-04 19:26:20.38,65430,2019-07-04 12:26:20.38,2019,"Jul",2019-07-01,12,"Thursday"
"2019/07/04","19:27:18.26","eq","l",2.82,"l",35.66767,-117.47683,8.1,"A",38443895,80,3187,2019-07-04 19:27:18.26,65433,2019-07-04 12:27:18.26,2019,"Jul",2019-07-01,12,"Thursday"
"2019/07/04","19:39:49.72","eq","l",2.7,"l",35.68133,-117.5205,6.7,"A",38443983,85,3116,2019-07-04 19:39:49.72,65452,2019-07-04 12:39:49.72,2019,"Jul",2019-07-01,12,"Thursday"
"2019/07/04","19:40:08.09","eq","l",2.53,"l",35.7465,-117.563,4.5,"A",37232916,54,2841,2019-07-04 19:40:08.09,65453,2019-07-04 12:40:08.09,2019,"Jul",2019-07-01,12,"Thursday"
"2019/07/04","19:40:29.12","eq","l",2.67,"l",35.6555,-117.52033,2,"A",38443991,64,3121,2019-07-04 19:40:29.12,65454,2019-07-04 12:40:29.12,2019,"Jul",2019-07-01,12,"Thursday"
"2019/07/04","19:49:04.98","eq","l",3.26,"l",35.683,-117.4895,1,"A",38444047,84,3268,2019-07-04 19:49:04.98,65466,2019-07-04 12:49:04.98,2019,"Jul",2019-07-01,12,"Thursday"
"2019/07/04","19:51:16.98","eq","l",3.35,"l",35.71,-117.55617,2.1,"A",38444063,89,3277,2019-07-04 19:51:16.98,65469,2019-07-04 12:51:16.98,2019,"Jul",2019-07-01,12,"Thursday"
"2019/07/04","19:52:13.05","eq","l",2.86,"l",35.61017,-117.58617,6.7,"A",38444071,70,3247,2019-07-04 19:52:13.05,65470,2019-07-04 12:52:13.05,2019,"Jul",2019-07-01,12,"Thursday"
"2019/07/04","19:56:00.50","eq","l",4.16,"w",35.66233,-117.524,1.5,"A",38444103,242,3341,2019-07-04 19:56:00.5,65476,2019-07-04 12:56:00.5,2019,"Jul",2019-07-01,12,"Thursday"
"2019/07/04","19:56:25.89","eq","l",3.27,"l",35.66367,-117.5225,2.1,"A",37260124,30,3359,2019-07-04 19:56:25.89,65478,2019-07-04 12:56:25.89,2019,"Jul",2019-07-01,12,"Thursday"
"2019/07/04","19:58:00.29","eq","l",2.63,"l",35.71217,-117.553,1.2,"A",38444119,46,2999,2019-07-04 19:58:00.29,65479,2019-07-04 12:58:00.29,2019,"Jul",2019-07-01,12,"Thursday"
"2019/07/04","20:01:11.16","eq","l",2.56,"l",35.69967,-117.50283,4.4,"A",37420685,84,3016,2019-07-04 20:01:11.16,65483,2019-07-04 13:01:11.16,2019,"Jul",2019-07-01,13,"Thursday"
"2019/07/04","20:01:32.93","eq","l",2.5,"l",35.678,-117.589,7.9,"A",38444135,47,2929,2019-07-04 20:01:32.93,65484,2019-07-04 13:01:32.93,2019,"Jul",2019-07-01,13,"Thursday"
"2019/07/04","20:04:17.61","eq","l",2.58,"l",35.66433,-117.52183,2.1,"A",37233108,88,2919,2019-07-04 20:04:17.61,65487,2019-07-04 13:04:17.61,2019,"Jul",2019-07-01,13,"Thursday"
"2019/07/04","20:06:08.25","eq","l",3.39,"l",35.69917,-117.48917,10.3,"A",38444159,103,3283,2019-07-04 20:06:08.25,65491,2019-07-04 13:06:08.25,2019,"Jul",2019-07-01,13,"Thursday"
"2019/07/04","20:08:02.99","eq","l",2.52,"l",35.67817,-117.5095,2.6,"A",37233404,41,2909,2019-07-04 20:08:02.99,65494,2019-07-04 13:08:02.99,2019,"Jul",2019-07-01,13,"Thursday"
"2019/07/04","20:11:31.44","eq","l",2.6,"l",35.683,-117.50467,1.9,"A",38444191,97,3082,2019-07-04 20:11:31.44,65498,2019-07-04 13:11:31.44,2019,"Jul",2019-07-01,13,"Thursday"
"2019/07/04","20:14:50.34","eq","l",3.99,"lr",35.69917,-117.5125,5.8,"A",38444215,121,3307,2019-07-04 20:14:50.34,65503,2019-07-04 13:14:50.34,2019,"Jul",2019-07-01,13,"Thursday"
"2019/07/04","20:17:36.83","eq","l",3.09,"l",35.7,-117.48367,1.2,"A",38444231,86,3247,2019-07-04 20:17:36.83,65505,2019-07-04 13:17:36.83,2019,"Jul",2019-07-01,13,"Thursday"
"2019/07/04","20:23:09.93","eq","l",3.43,"l",35.64083,-117.59733,10.4,"A",38444263,112,3253,2019-07-04 20:23:09.93,65509,2019-07-04 13:23:09.93,2019,"Jul",2019-07-01,13,"Thursday"
"2019/07/04","20:34:32.05","eq","l",2.62,"l",35.63933,-117.58383,8.2,"A",38444311,94,3058,2019-07-04 20:34:32.05,65520,2019-07-04 13:34:32.05,2019,"Jul",2019-07-01,13,"Thursday"
"2019/07/04","20:45:26.71","eq","l",3.1,"l",35.70283,-117.4775,1.3,"A",38444407,82,3216,2019-07-04 20:45:26.71,65536,2019-07-04 13:45:26.71,2019,"Jul",2019-07-01,13,"Thursday"
"2019/07/04","20:55:25.07","eq","l",3.4,"l",35.71167,-117.48083,2.4,"A",38444487,97,3282,2019-07-04 20:55:25.07,65548,2019-07-04 13:55:25.07,2019,"Jul",2019-07-01,13,"Thursday"
"2019/07/04","20:57:12.36","eq","l",2.57,"l",35.6595,-117.5355,7.1,"A",38444503,82,3093,2019-07-04 20:57:12.36,65552,2019-07-04 13:57:12.36,2019,"Jul",2019-07-01,13,"Thursday"
"2019/07/04","21:02:55.82","eq","l",3.47,"l",35.69,-117.48317,7.9,"A",38444543,104,3294,2019-07-04 21:02:55.82,65563,2019-07-04 14:02:55.82,2019,"Jul",2019-07-01,14,"Thursday"
"2019/07/04","21:07:08.53","eq","l",2.62,"l",35.59767,-117.598,4.9,"A",38444559,93,3111,2019-07-04 21:07:08.53,65565,2019-07-04 14:07:08.53,2019,"Jul",2019-07-01,14,"Thursday"
"2019/07/04","21:23:15.06","eq","l",2.81,"l",35.6955,-117.48917,2.6,"A",38444687,84,3148,2019-07-04 21:23:15.06,65593,2019-07-04 14:23:15.06,2019,"Jul",2019-07-01,14,"Thursday"
"2019/07/04","21:26:35.00","eq","l",2.98,"l",35.67483,-117.52533,9.4,"A",38444719,83,3220,2019-07-04 21:26:35,65599,2019-07-04 14:26:35,2019,"Jul",2019-07-01,14,"Thursday"
"2019/07/04","21:32:46.25","eq","l",2.65,"l",35.72883,-117.56567,7,"A",38444783,76,3091,2019-07-04 21:32:46.25,65611,2019-07-04 14:32:46.25,2019,"Jul",2019-07-01,14,"Thursday"
"2019/07/04","21:33:34.35","eq","l",3.15,"l",35.617,-117.58983,7.5,"A",38444791,99,3238,2019-07-04 21:33:34.35,65612,2019-07-04 14:33:34.35,2019,"Jul",2019-07-01,14,"Thursday"
"2019/07/04","21:40:33.42","eq","l",3.44,"l",35.67017,-117.51817,1.8,"A",38444823,110,3298,2019-07-04 21:40:33.42,65626,2019-07-04 14:40:33.42,2019,"Jul",2019-07-01,14,"Thursday"
"2019/07/04","21:41:59.89","eq","l",2.82,"l",35.7175,-117.53267,3.1,"A",38444847,73,3238,2019-07-04 21:41:59.89,65629,2019-07-04 14:41:59.89,2019,"Jul",2019-07-01,14,"Thursday"
"2019/07/04","21:46:08.50","eq","l",2.6,"l",35.59683,-117.596,4.7,"A",37235828,76,5784,2019-07-04 21:46:08.5,65637,2019-07-04 14:46:08.5,2019,"Jul",2019-07-01,14,"Thursday"
"2019/07/04","21:47:04.37","eq","l",3.25,"l",35.6335,-117.606,9.7,"A",38444903,105,3277,2019-07-04 21:47:04.37,65639,2019-07-04 14:47:04.37,2019,"Jul",2019-07-01,14,"Thursday"
"2019/07/04","22:02:35.06","eq","l",3.44,"l",35.67683,-117.51283,2.9,"A",38445015,116,3289,2019-07-04 22:02:35.06,65659,2019-07-04 15:02:35.06,2019,"Jul",2019-07-01,15,"Thursday"
"2019/07/04","22:05:03.21","eq","l",2.78,"l",35.65717,-117.5325,8.5,"A",38445039,60,3232,2019-07-04 22:05:03.21,65664,2019-07-04 15:05:03.21,2019,"Jul",2019-07-01,15,"Thursday"
"2019/07/04","22:05:22.27","eq","l",3.56,"l",35.7115,-117.477,1.3,"A",37225444,72,3030,2019-07-04 22:05:22.27,65665,2019-07-04 15:05:22.27,2019,"Jul",2019-07-01,15,"Thursday"
"2019/07/04","22:12:08.49","eq","l",4.43,"w",35.74633,-117.56367,5.8,"A",38445087,141,3334,2019-07-04 22:12:08.49,65671,2019-07-04 15:12:08.49,2019,"Jul",2019-07-01,15,"Thursday"
"2019/07/04","22:29:06.57","eq","l",2.6,"l",35.70383,-117.4965,9.1,"A",38445183,67,3088,2019-07-04 22:29:06.57,65689,2019-07-04 15:29:06.57,2019,"Jul",2019-07-01,15,"Thursday"
"2019/07/04","22:30:07.80","eq","l",2.51,"l",35.7025,-117.49217,1.5,"A",38445199,68,3145,2019-07-04 22:30:07.8,65692,2019-07-04 15:30:07.8,2019,"Jul",2019-07-01,15,"Thursday"
"2019/07/04","22:42:21.78","eq","l",3.23,"l",35.72217,-117.5235,4.4,"A",38445295,111,3268,2019-07-04 22:42:21.78,65709,2019-07-04 15:42:21.78,2019,"Jul",2019-07-01,15,"Thursday"
"2019/07/04","23:07:10.71","eq","l",2.57,"l",35.70417,-117.48667,1.5,"A",38445463,73,3061,2019-07-04 23:07:10.71,65743,2019-07-04 16:07:10.71,2019,"Jul",2019-07-01,16,"Thursday"
"2019/07/04","23:12:40.40","eq","l",3.53,"l",35.67317,-117.47133,9,"A",38445495,92,3298,2019-07-04 23:12:40.4,65754,2019-07-04 16:12:40.4,2019,"Jul",2019-07-01,16,"Thursday"
"2019/07/04","23:13:05.01","eq","l",3.04,"l",35.74617,-117.5775,4.4,"A",38445503,49,3256,2019-07-04 23:13:05.01,65755,2019-07-04 16:13:05.01,2019,"Jul",2019-07-01,16,"Thursday"
"2019/07/04","23:34:00.63","eq","l",3.82,"l",35.66233,-117.5245,2.6,"A",37420973,37,1681,2019-07-04 23:34:00.63,65795,2019-07-04 16:34:00.63,2019,"Jul",2019-07-01,16,"Thursday"
"2019/07/04","23:34:02.38","eq","l",4.04,"w",35.60117,-117.61067,4.8,"A",38445703,77,3358,2019-07-04 23:34:02.38,65796,2019-07-04 16:34:02.38,2019,"Jul",2019-07-01,16,"Thursday"
"2019/07/04","23:42:33.83","eq","l",3.72,"w",35.74783,-117.56783,4.4,"A",38445751,96,3343,2019-07-04 23:42:33.83,65806,2019-07-04 16:42:33.83,2019,"Jul",2019-07-01,16,"Thursday"
"2019/07/04","23:54:36.39","eq","l",3.39,"l",35.656,-117.52333,1.7,"A",38445839,97,3286,2019-07-04 23:54:36.39,65828,2019-07-04 16:54:36.39,2019,"Jul",2019-07-01,16,"Thursday"
"2019/07/05","00:14:05.75","eq","l",2.79,"l",35.646,-117.54317,1.6,"A",38445935,85,3187,2019-07-05 00:14:05.75,65854,2019-07-04 17:14:05.75,2019,"Jul",2019-07-01,17,"Thursday"
"2019/07/05","00:18:01.41","eq","l",4.04,"w",35.77183,-117.61783,2.6,"A",38445975,105,3352,2019-07-05 00:18:01.41,65860,2019-07-04 17:18:01.41,2019,"Jul",2019-07-01,17,"Thursday"
"2019/07/05","00:28:48.99","eq","l",2.8,"l",35.719,-117.5465,6.6,"A",38446031,80,3157,2019-07-05 00:28:48.99,65876,2019-07-04 17:28:48.99,2019,"Jul",2019-07-01,17,"Thursday"
"2019/07/05","00:32:06.67","eq","l",4.02,"w",35.70333,-117.48283,1,"A",38446071,106,3337,2019-07-05 00:32:06.67,65882,2019-07-04 17:32:06.67,2019,"Jul",2019-07-01,17,"Thursday"
"2019/07/05","00:33:19.63","eq","l",2.59,"l",35.74317,-117.56033,5.7,"A",38446079,48,3148,2019-07-05 00:33:19.63,65883,2019-07-04 17:33:19.63,2019,"Jul",2019-07-01,17,"Thursday"
"2019/07/05","00:45:39.46","eq","l",3.85,"w",35.69467,-117.50833,6.2,"A",38446159,134,3327,2019-07-05 00:45:39.46,65903,2019-07-04 17:45:39.46,2019,"Jul",2019-07-01,17,"Thursday"
"2019/07/05","00:49:40.92","eq","l",2.52,"l",35.70967,-117.47867,1.9,"A",38446175,58,1567,2019-07-05 00:49:40.92,65905,2019-07-04 17:49:40.92,2019,"Jul",2019-07-01,17,"Thursday"
"2019/07/05","01:08:53.45","eq","l",3.11,"l",35.7245,-117.548,1.9,"A",38446343,93,3208,2019-07-05 01:08:53.45,65943,2019-07-04 18:08:53.45,2019,"Jul",2019-07-01,18,"Thursday"
"2019/07/05","01:18:13.42","eq","l",3.21,"l",35.65833,-117.52283,1.9,"A",38446391,123,3250,2019-07-05 01:18:13.42,65961,2019-07-04 18:18:13.42,2019,"Jul",2019-07-01,18,"Thursday"
"2019/07/05","01:58:07.29","eq","l",2.73,"l",35.71367,-117.46933,1.5,"A",38446615,76,3136,2019-07-05 01:58:07.29,66020,2019-07-04 18:58:07.29,2019,"Jul",2019-07-01,18,"Thursday"
"2019/07/05","02:01:41.15","eq","l",3.25,"l",35.77417,-117.6165,2.8,"A",38446639,81,3304,2019-07-05 02:01:41.15,66027,2019-07-04 19:01:41.15,2019,"Jul",2019-07-01,19,"Thursday"
"2019/07/05","02:01:59.01","eq","l",3.98,"w",35.64017,-117.54617,11.3,"A",38446647,110,3334,2019-07-05 02:01:59.01,66028,2019-07-04 19:01:59.01,2019,"Jul",2019-07-01,19,"Thursday"
"2019/07/05","02:05:19.18","eq","l",3.4,"l",35.6555,-117.52267,1.9,"A",38446671,91,3313,2019-07-05 02:05:19.18,66031,2019-07-04 19:05:19.18,2019,"Jul",2019-07-01,19,"Thursday"
"2019/07/05","02:13:51.87","eq","l",2.63,"l",35.63983,-117.552,10.9,"A",38446767,82,3118,2019-07-05 02:13:51.87,66055,2019-07-04 19:13:51.87,2019,"Jul",2019-07-01,19,"Thursday"
"2019/07/05","02:19:41.89","eq","l",3.26,"l",35.77267,-117.619,2.8,"A",38446807,97,3265,2019-07-05 02:19:41.89,66063,2019-07-04 19:19:41.89,2019,"Jul",2019-07-01,19,"Thursday"
"2019/07/05","02:23:55.74","eq","l",2.75,"l",35.71433,-117.4765,2.1,"A",38446831,71,3150,2019-07-05 02:23:55.74,66072,2019-07-04 19:23:55.74,2019,"Jul",2019-07-01,19,"Thursday"
"2019/07/05","02:59:49.90","eq","l",2.81,"l",35.65767,-117.5225,1.6,"A",38447047,76,3180,2019-07-05 02:59:49.9,66137,2019-07-04 19:59:49.9,2019,"Jul",2019-07-01,19,"Thursday"
"2019/07/05","03:01:13.28","eq","l",2.76,"l",35.74567,-117.567,6.8,"A",38447055,77,3152,2019-07-05 03:01:13.28,66140,2019-07-04 20:01:13.28,2019,"Jul",2019-07-01,20,"Thursday"
"2019/07/05","03:15:18.70","eq","l",3.24,"l",35.62983,-117.56617,4.7,"A",38447143,127,3254,2019-07-05 03:15:18.7,66173,2019-07-04 20:15:18.7,2019,"Jul",2019-07-01,20,"Thursday"
"2019/07/05","03:19:53.57","eq","l",3.41,"l",35.655,-117.52217,1.5,"A",38447191,97,3257,2019-07-05 03:19:53.57,66184,2019-07-04 20:19:53.57,2019,"Jul",2019-07-01,20,"Thursday"
"2019/07/05","03:21:33.02","eq","l",2.56,"l",35.77517,-117.61483,2.5,"A",38447207,75,3068,2019-07-05 03:21:33.02,66187,2019-07-04 20:21:33.02,2019,"Jul",2019-07-01,20,"Thursday"
"2019/07/05","03:25:20.63","eq","l",2.55,"l",35.69,-117.50983,6.5,"A",38447231,75,3014,2019-07-05 03:25:20.63,66195,2019-07-04 20:25:20.63,2019,"Jul",2019-07-01,20,"Thursday"
"2019/07/05","03:46:12.70","eq","l",2.58,"l",35.69867,-117.4845,1.5,"A",38447383,70,3056,2019-07-05 03:46:12.7,66245,2019-07-04 20:46:12.7,2019,"Jul",2019-07-01,20,"Thursday"
"2019/07/05","03:46:54.41","eq","l",3.14,"l",35.68117,-117.50133,1.4,"A",38447391,79,3206,2019-07-05 03:46:54.41,66247,2019-07-04 20:46:54.41,2019,"Jul",2019-07-01,20,"Thursday"
"2019/07/05","03:47:07.63","eq","l",2.72,"l",35.77383,-117.62117,2.4,"A",37243404,47,2884,2019-07-05 03:47:07.63,66248,2019-07-04 20:47:07.63,2019,"Jul",2019-07-01,20,"Thursday"
"2019/07/05","03:50:13.89","eq","l",2.52,"l",35.711,-117.47267,0.7,"A",38447407,68,3020,2019-07-05 03:50:13.89,66251,2019-07-04 20:50:13.89,2019,"Jul",2019-07-01,20,"Thursday"
"2019/07/05","04:11:38.57","eq","l",3.53,"w",35.722,-117.5545,2,"A",38447591,140,3296,2019-07-05 04:11:38.57,66289,2019-07-04 21:11:38.57,2019,"Jul",2019-07-01,21,"Thursday"
"2019/07/05","04:13:01.14","eq","l",2.62,"l",35.67883,-117.54933,7.1,"A",38447599,79,3152,2019-07-05 04:13:01.14,66291,2019-07-04 21:13:01.14,2019,"Jul",2019-07-01,21,"Thursday"
"2019/07/05","04:14:45.30","eq","l",3.56,"l",35.69933,-117.481,1.2,"A",38447623,105,3284,2019-07-05 04:14:45.3,66295,2019-07-04 21:14:45.3,2019,"Jul",2019-07-01,21,"Thursday"
"2019/07/05","04:15:29.95","eq","l",2.5,"l",35.6325,-117.56117,11.6,"A",37243828,56,2845,2019-07-05 04:15:29.95,66296,2019-07-04 21:15:29.95,2019,"Jul",2019-07-01,21,"Thursday"
"2019/07/05","04:33:04.90","eq","l",2.61,"l",35.658,-117.52333,2.5,"A",38447727,67,3032,2019-07-05 04:33:04.9,66339,2019-07-04 21:33:04.9,2019,"Jul",2019-07-01,21,"Thursday"
"2019/07/05","04:56:05.28","eq","l",2.56,"l",35.656,-117.54567,8,"A",38447911,73,3002,2019-07-05 04:56:05.28,66391,2019-07-04 21:56:05.28,2019,"Jul",2019-07-01,21,"Thursday"
"2019/07/05","05:01:39.75","eq","l",2.61,"l",35.57167,-117.6185,4.8,"A",38447927,74,3122,2019-07-05 05:01:39.75,66402,2019-07-04 22:01:39.75,2019,"Jul",2019-07-01,22,"Thursday"
"2019/07/05","05:10:37.40","eq","l",3.2,"l",35.70583,-117.47817,2.4,"A",38447999,105,3260,2019-07-05 05:10:37.4,66419,2019-07-04 22:10:37.4,2019,"Jul",2019-07-01,22,"Thursday"
"2019/07/05","05:18:25.38","eq","l",3.45,"w",35.769,-117.614,2.5,"A",38448031,111,3285,2019-07-05 05:18:25.38,66439,2019-07-04 22:18:25.38,2019,"Jul",2019-07-01,22,"Thursday"
"2019/07/05","05:29:16.00","eq","l",2.62,"l",35.646,-117.5845,12.6,"A",38448071,46,3093,2019-07-05 05:29:16,66448,2019-07-04 22:29:16,2019,"Jul",2019-07-01,22,"Thursday"
"2019/07/05","05:29:17.48","eq","l",2.67,"l",35.7505,-117.535,8.9,"A",37247972,48,2876,2019-07-05 05:29:17.48,66449,2019-07-04 22:29:17.48,2019,"Jul",2019-07-01,22,"Thursday"
"2019/07/05","05:40:12.15","eq","l",2.81,"l",35.677,-117.51183,2,"A",38448143,89,3168,2019-07-05 05:40:12.15,66469,2019-07-04 22:40:12.15,2019,"Jul",2019-07-01,22,"Thursday"
"2019/07/05","05:52:38.10","eq","l",2.52,"l",35.70367,-117.48317,1,"A",38448183,71,2997,2019-07-05 05:52:38.1,66493,2019-07-04 22:52:38.1,2019,"Jul",2019-07-01,22,"Thursday"
"2019/07/05","06:09:23.11","eq","l",3.65,"w",35.62283,-117.57167,7.2,"A",38448295,131,3319,2019-07-05 06:09:23.11,66517,2019-07-04 23:09:23.11,2019,"Jul",2019-07-01,23,"Thursday"
"2019/07/05","06:40:42.65","eq","l",3.22,"l",35.701,-117.50817,6.6,"A",38448487,101,3265,2019-07-05 06:40:42.65,66561,2019-07-04 23:40:42.65,2019,"Jul",2019-07-01,23,"Thursday"
"2019/07/05","06:59:00.82","eq","l",2.63,"l",35.71967,-117.54117,4.4,"A",38448591,84,3079,2019-07-05 06:59:00.82,66595,2019-07-04 23:59:00.82,2019,"Jul",2019-07-01,23,"Thursday"
"2019/07/05","06:59:33.61","eq","l",2.58,"l",35.67017,-117.48567,6.7,"A",38448599,71,3076,2019-07-05 06:59:33.61,66596,2019-07-04 23:59:33.61,2019,"Jul",2019-07-01,23,"Thursday"
"2019/07/05","07:02:22.36","eq","l",3.23,"l",35.72533,-117.56467,2.7,"A",38448631,95,3262,2019-07-05 07:02:22.36,66600,2019-07-05 00:02:22.36,2019,"Jul",2019-07-01,0,"Friday"
"2019/07/05","07:27:37.11","eq","l",3.72,"w",35.75033,-117.56317,6.9,"A",38448791,145,3319,2019-07-05 07:27:37.11,66639,2019-07-05 00:27:37.11,2019,"Jul",2019-07-01,0,"Friday"
"2019/07/05","07:39:13.48","eq","l",3.46,"lr",35.688,-117.4785,10.6,"A",38448863,126,3316,2019-07-05 07:39:13.48,66655,2019-07-05 00:39:13.48,2019,"Jul",2019-07-01,0,"Friday"
"2019/07/05","08:00:43.32","eq","l",2.9,"l",35.74983,-117.56267,6.8,"A",38449015,97,3179,2019-07-05 08:00:43.32,66697,2019-07-05 01:00:43.32,2019,"Jul",2019-07-01,1,"Friday"
"2019/07/05","08:21:04.78","eq","l",3.47,"l",35.60233,-117.60417,4.5,"A",38449191,118,3311,2019-07-05 08:21:04.78,66742,2019-07-05 01:21:04.78,2019,"Jul",2019-07-01,1,"Friday"
"2019/07/05","08:46:49.71","eq","l",2.99,"l",35.69217,-117.48883,9.2,"A",38449335,111,3221,2019-07-05 08:46:49.71,66786,2019-07-05 01:46:49.71,2019,"Jul",2019-07-01,1,"Friday"
"2019/07/05","08:54:02.48","eq","l",3.48,"l",35.704,-117.502,8.7,"A",38449351,130,3314,2019-07-05 08:54:02.48,66791,2019-07-05 01:54:02.48,2019,"Jul",2019-07-01,1,"Friday"
"2019/07/05","09:11:20.61","eq","l",2.9,"l",35.66633,-117.52767,6.6,"A",38449503,58,3128,2019-07-05 09:11:20.61,66829,2019-07-05 02:11:20.61,2019,"Jul",2019-07-01,2,"Friday"
"2019/07/05","09:46:29.08","eq","l",3.62,"l",35.64967,-117.54817,2.3,"A",38449719,125,3310,2019-07-05 09:46:29.08,66883,2019-07-05 02:46:29.08,2019,"Jul",2019-07-01,2,"Friday"
"2019/07/05","10:16:34.49","eq","l",3.1,"l",35.66367,-117.50267,6.9,"A",38449919,110,3241,2019-07-05 10:16:34.49,66931,2019-07-05 03:16:34.49,2019,"Jul",2019-07-01,3,"Friday"
"2019/07/05","10:27:17.70","eq","l",2.53,"l",35.7245,-117.536,6.5,"A",38449999,77,3004,2019-07-05 10:27:17.7,66946,2019-07-05 03:27:17.7,2019,"Jul",2019-07-01,3,"Friday"
"2019/07/05","10:33:17.45","eq","l",2.71,"l",35.723,-117.52733,4.3,"A",38450047,73,3148,2019-07-05 10:33:17.45,66954,2019-07-05 03:33:17.45,2019,"Jul",2019-07-01,3,"Friday"
"2019/07/05","10:57:26.57","eq","l",2.89,"l",35.74333,-117.54933,10.8,"A",38450215,43,3241,2019-07-05 10:57:26.57,66990,2019-07-05 03:57:26.57,2019,"Jul",2019-07-01,3,"Friday"
"2019/07/05","10:59:38.92","eq","l",3.54,"w",35.602,-117.59017,2.8,"A",38450223,139,3322,2019-07-05 10:59:38.92,66991,2019-07-05 03:59:38.92,2019,"Jul",2019-07-01,3,"Friday"
"2019/07/05","11:07:53.04","eq","l",5.37,"w",35.76033,-117.575,7,"A",38450263,256,3346,2019-07-05 11:07:53.04,66999,2019-07-05 04:07:53.04,2019,"Jul",2019-07-01,4,"Friday"
"2019/07/05","11:08:40.19","eq","l",3.75,"lr",35.7575,-117.5715,7,"A",37260284,37,3364,2019-07-05 11:08:40.19,67000,2019-07-05 04:08:40.19,2019,"Jul",2019-07-01,4,"Friday"
"2019/07/05","11:10:09.34","eq","l",3.03,"l",35.755,-117.58367,7,"A",38450271,45,3316,2019-07-05 11:10:09.34,67001,2019-07-05 04:10:09.34,2019,"Jul",2019-07-01,4,"Friday"
"2019/07/05","11:11:31.81","eq","l",2.84,"l",35.7495,-117.572,5,"A",38450279,63,3229,2019-07-05 11:11:31.81,67002,2019-07-05 04:11:31.81,2019,"Jul",2019-07-01,4,"Friday"
"2019/07/05","11:12:19.08","eq","l",2.71,"l",35.74967,-117.56867,3.9,"A",38450287,72,3223,2019-07-05 11:12:19.08,67003,2019-07-05 04:12:19.08,2019,"Jul",2019-07-01,4,"Friday"
"2019/07/05","11:17:19.56","eq","l",2.52,"l",35.77883,-117.5665,7.1,"A",38450295,70,3040,2019-07-05 11:17:19.56,67005,2019-07-05 04:17:19.56,2019,"Jul",2019-07-01,4,"Friday"
"2019/07/05","11:20:24.90","eq","l",2.59,"l",35.75867,-117.57433,7.7,"A",38450319,76,3070,2019-07-05 11:20:24.9,67009,2019-07-05 04:20:24.9,2019,"Jul",2019-07-01,4,"Friday"
"2019/07/05","11:25:08.72","eq","l",2.58,"l",35.64417,-117.58817,8.9,"A",38450367,83,3058,2019-07-05 11:25:08.72,67021,2019-07-05 04:25:08.72,2019,"Jul",2019-07-01,4,"Friday"
"2019/07/05","11:29:14.85","eq","l",3.03,"l",35.77233,-117.57,7.3,"A",38450415,112,3199,2019-07-05 11:29:14.85,67030,2019-07-05 04:29:14.85,2019,"Jul",2019-07-01,4,"Friday"
"2019/07/05","11:29:21.53","eq","l",2.64,"l",35.76667,-117.54583,4.3,"A",37256244,27,2910,2019-07-05 11:29:21.53,67031,2019-07-05 04:29:21.53,2019,"Jul",2019-07-01,4,"Friday"
"2019/07/05","11:29:34.08","eq","l",2.8,"l",35.7025,-117.48233,1.6,"A",37256252,89,2982,2019-07-05 11:29:34.08,67032,2019-07-05 04:29:34.08,2019,"Jul",2019-07-01,4,"Friday"
"2019/07/05","11:31:31.37","eq","l",2.58,"l",35.75833,-117.581,6.9,"A",38450447,91,3004,2019-07-05 11:31:31.37,67036,2019-07-05 04:31:31.37,2019,"Jul",2019-07-01,4,"Friday"
"2019/07/05","11:36:03.92","eq","l",3.19,"l",35.76317,-117.58383,7.9,"A",38450511,56,3256,2019-07-05 11:36:03.92,67047,2019-07-05 04:36:03.92,2019,"Jul",2019-07-01,4,"Friday"
"2019/07/05","11:51:50.76","eq","l",2.64,"l",35.603,-117.60433,4.4,"A",38450631,80,3127,2019-07-05 11:51:50.76,67077,2019-07-05 04:51:50.76,2019,"Jul",2019-07-01,4,"Friday"
"2019/07/05","11:58:49.20","eq","l",2.9,"l",35.64783,-117.58367,7.5,"A",38450663,59,3179,2019-07-05 11:58:49.2,67095,2019-07-05 04:58:49.2,2019,"Jul",2019-07-01,4,"Friday"
"2019/07/05","12:05:10.33","eq","l",2.55,"l",35.75267,-117.581,6.6,"A",38450735,87,2969,2019-07-05 12:05:10.33,67107,2019-07-05 05:05:10.33,2019,"Jul",2019-07-01,5,"Friday"
"2019/07/05","12:23:57.92","eq","l",3.35,"l",35.72383,-117.53033,3,"A",38450935,121,3272,2019-07-05 12:23:57.92,67151,2019-07-05 05:23:57.92,2019,"Jul",2019-07-01,5,"Friday"
"2019/07/05","12:25:18.72","eq","l",2.5,"l",35.7455,-117.56567,3.2,"A",38450943,84,3134,2019-07-05 12:25:18.72,67152,2019-07-05 05:25:18.72,2019,"Jul",2019-07-01,5,"Friday"
"2019/07/05","12:37:18.14","eq","l",2.86,"l",35.7185,-117.55067,1.6,"A",38451063,53,3263,2019-07-05 12:37:18.14,67178,2019-07-05 05:37:18.14,2019,"Jul",2019-07-01,5,"Friday"
"2019/07/05","12:38:30.02","eq","l",4.09,"w",35.77167,-117.57067,6.8,"A",38451079,107,3341,2019-07-05 12:38:30.02,67180,2019-07-05 05:38:30.02,2019,"Jul",2019-07-01,5,"Friday"
"2019/07/05","12:39:06.08","eq","l",3.11,"l",35.67283,-117.52083,4.6,"A",37260292,42,3341,2019-07-05 12:39:06.08,67181,2019-07-05 05:39:06.08,2019,"Jul",2019-07-01,5,"Friday"
"2019/07/05","12:50:00.45","eq","l",2.59,"l",35.75767,-117.57167,4.5,"A",38451175,86,3017,2019-07-05 12:50:00.45,67204,2019-07-05 05:50:00.45,2019,"Jul",2019-07-01,5,"Friday"
"2019/07/05","12:55:04.83","eq","l",3.65,"w",35.7515,-117.56433,7.3,"A",38451239,143,3324,2019-07-05 12:55:04.83,67218,2019-07-05 05:55:04.83,2019,"Jul",2019-07-01,5,"Friday"
"2019/07/05","13:12:23.37","eq","l",2.75,"l",35.762,-117.566,6.6,"A",38451383,87,3129,2019-07-05 13:12:23.37,67244,2019-07-05 06:12:23.37,2019,"Jul",2019-07-01,6,"Friday"
"2019/07/05","13:41:03.01","eq","l",2.74,"l",35.7055,-117.51133,6.9,"A",38451623,92,3128,2019-07-05 13:41:03.01,67307,2019-07-05 06:41:03.01,2019,"Jul",2019-07-01,6,"Friday"
"2019/07/05","13:47:33.49","eq","l",2.61,"l",35.74683,-117.56667,3.5,"A",38451671,92,3059,2019-07-05 13:47:33.49,67317,2019-07-05 06:47:33.49,2019,"Jul",2019-07-01,6,"Friday"
"2019/07/05","13:55:41.04","eq","l",2.62,"l",35.71317,-117.51067,10.6,"A",37259684,75,3095,2019-07-05 13:55:41.04,67336,2019-07-05 06:55:41.04,2019,"Jul",2019-07-01,6,"Friday"
"2019/07/05","14:01:47.65","eq","l",2.55,"l",35.79417,-117.61517,4,"A",38451775,105,3006,2019-07-05 14:01:47.65,67348,2019-07-05 07:01:47.65,2019,"Jul",2019-07-01,7,"Friday"
"2019/07/05","14:39:33.45","eq","l",3.94,"w",35.74217,-117.56667,2.9,"A",38452095,139,3345,2019-07-05 14:39:33.45,67422,2019-07-05 07:39:33.45,2019,"Jul",2019-07-01,7,"Friday"
"2019/07/05","14:40:29.91","eq","l",2.76,"l",35.568,-117.618,4,"A",38452103,79,3312,2019-07-05 14:40:29.91,67423,2019-07-05 07:40:29.91,2019,"Jul",2019-07-01,7,"Friday"
"2019/07/05","15:00:09.29","eq","l",2.78,"l",35.68167,-117.595,1.2,"A",38452247,80,3174,2019-07-05 15:00:09.29,67462,2019-07-05 08:00:09.29,2019,"Jul",2019-07-01,8,"Friday"
"2019/07/05","15:03:37.60","eq","l",2.76,"l",35.664,-117.52733,2.9,"A",38452271,126,3167,2019-07-05 15:03:37.6,67465,2019-07-05 08:03:37.6,2019,"Jul",2019-07-01,8,"Friday"
"2019/07/05","15:12:17.95","eq","l",2.53,"l",35.74367,-117.55983,2.6,"A",38452367,91,3029,2019-07-05 15:12:17.95,67488,2019-07-05 08:12:17.95,2019,"Jul",2019-07-01,8,"Friday"
"2019/07/05","15:19:03.78","eq","l",2.55,"l",35.7215,-117.54983,1.6,"A",38452431,83,3050,2019-07-05 15:19:03.78,67503,2019-07-05 08:19:03.78,2019,"Jul",2019-07-01,8,"Friday"
"2019/07/05","15:46:03.86","eq","l",3,"l",35.6995,-117.48417,1.4,"A",38452607,124,3224,2019-07-05 15:46:03.86,67562,2019-07-05 08:46:03.86,2019,"Jul",2019-07-01,8,"Friday"
"2019/07/05","17:02:36.51","eq","l",3.84,"w",35.6175,-117.57967,10.8,"A",38453279,152,3352,2019-07-05 17:02:36.51,67728,2019-07-05 10:02:36.51,2019,"Jul",2019-07-01,10,"Friday"
"2019/07/05","17:57:12.50","eq","l",2.52,"l",35.71767,-117.47283,1.8,"A",38453711,84,3007,2019-07-05 17:57:12.5,67840,2019-07-05 10:57:12.5,2019,"Jul",2019-07-01,10,"Friday"
"2019/07/05","17:59:56.23","eq","l",3.41,"l",35.793,-117.615,4,"A",38453719,125,3290,2019-07-05 17:59:56.23,67842,2019-07-05 10:59:56.23,2019,"Jul",2019-07-01,10,"Friday"
"2019/07/05","18:09:52.60","eq","l",2.7,"l",35.66983,-117.52367,2.8,"A",38453815,84,3155,2019-07-05 18:09:52.6,67864,2019-07-05 11:09:52.6,2019,"Jul",2019-07-01,11,"Friday"
"2019/07/05","18:40:30.99","eq","l",2.62,"l",35.72783,-117.56067,3.9,"A",38454007,78,3125,2019-07-05 18:40:30.99,67910,2019-07-05 11:40:30.99,2019,"Jul",2019-07-01,11,"Friday"
"2019/07/05","19:59:36.98","eq","l",2.76,"l",35.74117,-117.56433,3.1,"A",38454567,129,3146,2019-07-05 19:59:36.98,68059,2019-07-05 12:59:36.98,2019,"Jul",2019-07-01,12,"Friday"
"2019/07/05","20:51:18.71","eq","l",2.74,"l",35.66817,-117.51633,4.7,"A",38454919,89,3170,2019-07-05 20:51:18.71,68146,2019-07-05 13:51:18.71,2019,"Jul",2019-07-01,13,"Friday"
"2019/07/05","20:51:38.36","eq","l",2.64,"l",35.66967,-117.515,2.7,"A",38454927,52,3047,2019-07-05 20:51:38.36,68147,2019-07-05 13:51:38.36,2019,"Jul",2019-07-01,13,"Friday"
"2019/07/05","21:13:37.62","eq","l",2.84,"l",35.745,-117.55067,7.1,"A",38455103,109,3173,2019-07-05 21:13:37.62,68184,2019-07-05 14:13:37.62,2019,"Jul",2019-07-01,14,"Friday"
"2019/07/05","21:17:31.16","eq","l",2.84,"l",35.71783,-117.525,5,"A",38455135,90,3173,2019-07-05 21:17:31.16,68191,2019-07-05 14:17:31.16,2019,"Jul",2019-07-01,14,"Friday"
"2019/07/05","21:30:26.07","eq","l",2.75,"l",35.61183,-117.59133,6.9,"A",38455199,87,3191,2019-07-05 21:30:26.07,68212,2019-07-05 14:30:26.07,2019,"Jul",2019-07-01,14,"Friday"
"2019/07/05","22:05:12.05","eq","l",2.78,"l",35.76467,-117.58033,7.5,"A",38455447,91,3179,2019-07-05 22:05:12.05,68274,2019-07-05 15:05:12.05,2019,"Jul",2019-07-01,15,"Friday"
"2019/07/05","22:07:28.32","eq","l",2.78,"l",35.68533,-117.49817,7.1,"A",38455463,89,3179,2019-07-05 22:07:28.32,68279,2019-07-05 15:07:28.32,2019,"Jul",2019-07-01,15,"Friday"
"2019/07/05","22:10:22.66","eq","l",2.54,"l",35.7375,-117.5455,6.6,"A",38455487,78,3044,2019-07-05 22:10:22.66,68283,2019-07-05 15:10:22.66,2019,"Jul",2019-07-01,15,"Friday"
"2019/07/05","22:38:23.38","eq","l",3.07,"l",35.7755,-117.60367,2.5,"A",38455679,106,3218,2019-07-05 22:38:23.38,68327,2019-07-05 15:38:23.38,2019,"Jul",2019-07-01,15,"Friday"
"2019/07/05","23:07:31.43","eq","l",2.66,"l",35.7985,-117.6095,4.7,"A",38455903,90,3026,2019-07-05 23:07:31.43,68381,2019-07-05 16:07:31.43,2019,"Jul",2019-07-01,16,"Friday"
"2019/07/06","00:10:59.27","eq","l",2.58,"l",35.765,-117.56683,6.4,"A",38456327,60,3095,2019-07-06 00:10:59.27,68476,2019-07-05 17:10:59.27,2019,"Jul",2019-07-01,17,"Friday"
"2019/07/06","00:13:02.72","eq","l",3.5,"l",35.72817,-117.56183,3.1,"A",38456351,109,3317,2019-07-06 00:13:02.72,68482,2019-07-05 17:13:02.72,2019,"Jul",2019-07-01,17,"Friday"
"2019/07/06","00:13:52.47","eq","l",2.71,"l",35.74667,-117.54517,10.5,"A",38456359,66,3218,2019-07-06 00:13:52.47,68483,2019-07-05 17:13:52.47,2019,"Jul",2019-07-01,17,"Friday"
"2019/07/06","00:14:41.71","eq","l",2.76,"l",35.771,-117.60017,2.6,"A",38456367,76,3236,2019-07-06 00:14:41.71,68484,2019-07-05 17:14:41.71,2019,"Jul",2019-07-01,17,"Friday"
"2019/07/06","00:15:39.13","eq","l",2.93,"l",35.773,-117.59833,2.8,"A",38456375,91,3254,2019-07-06 00:15:39.13,68485,2019-07-05 17:15:39.13,2019,"Jul",2019-07-01,17,"Friday"
"2019/07/06","00:18:57.79","eq","l",2.66,"l",35.77033,-117.61767,3.1,"A",38456391,79,3094,2019-07-06 00:18:57.79,68487,2019-07-05 17:18:57.79,2019,"Jul",2019-07-01,17,"Friday"
"2019/07/06","00:20:07.14","eq","l",2.94,"l",35.74317,-117.548,9.9,"A",38456407,67,3089,2019-07-06 00:20:07.14,68489,2019-07-05 17:20:07.14,2019,"Jul",2019-07-01,17,"Friday"
"2019/07/06","00:51:25.70","eq","l",3.67,"lr",35.75017,-117.58417,6.6,"A",38456615,143,3317,2019-07-06 00:51:25.7,68537,2019-07-05 17:51:25.7,2019,"Jul",2019-07-01,17,"Friday"
"2019/07/06","00:51:53.75","eq","l",2.91,"l",35.68783,-117.486,7.7,"A",38456623,40,3281,2019-07-06 00:51:53.75,68538,2019-07-05 17:51:53.75,2019,"Jul",2019-07-01,17,"Friday"
"2019/07/06","01:53:30.77","eq","l",2.75,"l",35.7175,-117.53417,4.8,"A",38457015,83,3166,2019-07-06 01:53:30.77,68595,2019-07-05 18:53:30.77,2019,"Jul",2019-07-01,18,"Friday"
"2019/07/06","02:11:12.23","eq","l",2.54,"l",35.62367,-117.59767,8.6,"A",38457103,50,3012,2019-07-06 02:11:12.23,68610,2019-07-05 19:11:12.23,2019,"Jul",2019-07-01,19,"Friday"
"2019/07/06","02:15:24.56","eq","l",2.5,"l",35.71983,-117.53067,6.6,"A",38457143,57,3028,2019-07-06 02:15:24.56,68616,2019-07-05 19:15:24.56,2019,"Jul",2019-07-01,19,"Friday"
"2019/07/06","02:42:14.07","eq","l",2.59,"l",35.59767,-117.588,4.3,"A",38457263,89,3117,2019-07-06 02:42:14.07,68631,2019-07-05 19:42:14.07,2019,"Jul",2019-07-01,19,"Friday"
"2019/07/06","02:55:13.09","eq","l",2.8,"l",35.771,-117.60083,2.4,"A",38457343,84,3135,2019-07-06 02:55:13.09,68643,2019-07-05 19:55:13.09,2019,"Jul",2019-07-01,19,"Friday"
"2019/07/06","03:16:32.48","eq","l",4.97,"w",35.72533,-117.5535,0.9,"A",38457487,232,3237,2019-07-06 03:16:32.48,68676,2019-07-05 20:16:32.48,2019,"Jul",2019-07-01,20,"Friday"
"2019/07/06","03:17:13.50","eq","l",4.14,"l",35.74533,-117.56083,6.5,"A",37257780,46,3168,2019-07-06 03:17:13.5,68677,2019-07-05 20:17:13.5,2019,"Jul",2019-07-01,20,"Friday"
"2019/07/06","03:19:53.04","eq","l",7.1,"w",35.7695,-117.59933,8,"C",38457511,95,3397,2019-07-06 03:19:53.04,68678,2019-07-05 20:19:53.04,2019,"Jul",2019-07-01,20,"Friday"
"2019/07/06","03:20:36.08","eq","l",4.33,"lr",36.00683,-117.8525,13.9,"B",37222188,8,3132,2019-07-06 03:20:36.08,68679,2019-07-05 20:20:36.08,2019,"Jul",2019-07-01,20,"Friday"
"2019/07/06","03:20:41.14","eq","l",4.81,"lr",35.94967,-117.73767,9.3,"A",37222196,18,3132,2019-07-06 03:20:41.14,68680,2019-07-05 20:20:41.14,2019,"Jul",2019-07-01,20,"Friday"
"2019/07/06","03:21:10.05","eq","l",4.33,"lr",35.83067,-117.66017,5.9,"A",37222204,25,3132,2019-07-06 03:21:10.05,68681,2019-07-05 20:21:10.05,2019,"Jul",2019-07-01,20,"Friday"
"2019/07/06","03:21:19.19","eq","l",4.15,"lr",35.54233,-117.50533,5.6,"B",37260300,7,3394,2019-07-06 03:21:19.19,68682,2019-07-05 20:21:19.19,2019,"Jul",2019-07-01,20,"Friday"
"2019/07/06","03:21:31.91","eq","l",4.24,"lr",35.88783,-117.73317,9.8,"A",37222212,12,3126,2019-07-06 03:21:31.91,68683,2019-07-05 20:21:31.91,2019,"Jul",2019-07-01,20,"Friday"
"2019/07/06","03:22:03.57","eq","l",4.64,"lr",35.92167,-117.729,8.2,"A",38457519,36,2158,2019-07-06 03:22:03.57,68684,2019-07-05 20:22:03.57,2019,"Jul",2019-07-01,20,"Friday"
"2019/07/06","03:22:17.10","eq","l",4.55,"lr",35.748,-117.54567,3.9,"A",37219484,35,3364,2019-07-06 03:22:17.1,68685,2019-07-05 20:22:17.1,2019,"Jul",2019-07-01,20,"Friday"
"2019/07/06","03:22:27.16","eq","l",4.46,"lr",35.61717,-117.4275,8.4,"A",37219492,10,3319,2019-07-06 03:22:27.16,68686,2019-07-05 20:22:27.16,2019,"Jul",2019-07-01,20,"Friday"
"2019/07/06","03:22:35.63","eq","l",4.73,"lr",35.61667,-117.43017,9.3,"A",37219500,12,3319,2019-07-06 03:22:35.63,68687,2019-07-05 20:22:35.63,2019,"Jul",2019-07-01,20,"Friday"
"2019/07/06","03:22:48.30","eq","l",4.64,"lr",35.891,-117.7365,9.1,"A",37219156,45,2486,2019-07-06 03:22:48.3,68688,2019-07-05 20:22:48.3,2019,"Jul",2019-07-01,20,"Friday"
"2019/07/06","03:23:07.57","eq","l",3.78,"lr",35.83783,-117.64067,9.8,"A",37260308,14,3376,2019-07-06 03:23:07.57,68689,2019-07-05 20:23:07.57,2019,"Jul",2019-07-01,20,"Friday"
"2019/07/06","03:23:19.87","eq","l",4.52,"lr",35.861,-117.67783,6.8,"A",37219468,21,3364,2019-07-06 03:23:19.87,68690,2019-07-05 20:23:19.87,2019,"Jul",2019-07-01,20,"Friday"
"2019/07/06","03:23:29.56","eq","l",4,"lr",35.87783,-117.724,6.1,"A",37260316,16,3385,2019-07-06 03:23:29.56,68691,2019-07-05 20:23:29.56,2019,"Jul",2019-07-01,20,"Friday"
"2019/07/06","03:23:34.71","eq","l",4.22,"lr",35.5685,-117.5165,10.8,"A",37219476,16,3364,2019-07-06 03:23:34.71,68692,2019-07-05 20:23:34.71,2019,"Jul",2019-07-01,20,"Friday"
"2019/07/06","03:23:50.72","eq","l",4.84,"lr",35.80317,-117.61783,11.4,"A",37219164,64,2724,2019-07-06 03:23:50.72,68693,2019-07-05 20:23:50.72,2019,"Jul",2019-07-01,20,"Friday"
"2019/07/06","03:24:07.55","eq","l",3.91,"lr",35.88767,-117.72017,8,"A",37219508,14,3270,2019-07-06 03:24:07.55,68694,2019-07-05 20:24:07.55,2019,"Jul",2019-07-01,20,"Friday"
"2019/07/06","03:24:15.20","eq","l",3.52,"lr",35.90133,-117.7075,7.1,"A",37260444,18,3348,2019-07-06 03:24:15.2,68695,2019-07-05 20:24:15.2,2019,"Jul",2019-07-01,20,"Friday"
"2019/07/06","03:24:22.37","eq","l",4.19,"lr",35.90183,-117.72733,5.3,"A",38457535,43,2216,2019-07-06 03:24:22.37,68696,2019-07-05 20:24:22.37,2019,"Jul",2019-07-01,20,"Friday"
"2019/07/06","03:24:33.52","eq","l",4.07,"lr",35.89117,-117.6755,7.4,"A",37219516,12,3270,2019-07-06 03:24:33.52,68697,2019-07-05 20:24:33.52,2019,"Jul",2019-07-01,20,"Friday"
"2019/07/06","03:24:56.85","eq","l",3.92,"lr",35.87,-117.5695,10.8,"A",37260452,22,3369,2019-07-06 03:24:56.85,68698,2019-07-05 20:24:56.85,2019,"Jul",2019-07-01,20,"Friday"
"2019/07/06","03:25:19.72","eq","l",3.91,"lr",35.903,-117.69117,7,"A",37219524,18,3357,2019-07-06 03:25:19.72,68699,2019-07-05 20:25:19.72,2019,"Jul",2019-07-01,20,"Friday"
"2019/07/06","03:25:27.97","eq","l",4.61,"lr",35.86067,-117.67083,10.3,"A",37219172,59,2485,2019-07-06 03:25:27.97,68700,2019-07-05 20:25:27.97,2019,"Jul",2019-07-01,20,"Friday"
"2019/07/06","03:25:42.31","eq","l",3.67,"lr",35.87083,-117.6655,8.1,"A",37260468,12,3366,2019-07-06 03:25:42.31,68701,2019-07-05 20:25:42.31,2019,"Jul",2019-07-01,20,"Friday"
"2019/07/06","03:25:49.56","eq","l",3.98,"lr",35.65433,-117.478,1.8,"A",37260460,12,3372,2019-07-06 03:25:49.56,68702,2019-07-05 20:25:49.56,2019,"Jul",2019-07-01,20,"Friday"
"2019/07/06","03:26:04.01","eq","l",4.02,"lr",35.83317,-117.64517,8.1,"A",37219540,36,3357,2019-07-06 03:26:04.01,68703,2019-07-05 20:26:04.01,2019,"Jul",2019-07-01,20,"Friday"
"2019/07/06","03:26:27.68","eq","l",3.76,"lr",35.6135,-117.43683,6.1,"A",37260476,9,3366,2019-07-06 03:26:27.68,68704,2019-07-05 20:26:27.68,2019,"Jul",2019-07-01,20,"Friday"
"2019/07/06","03:26:40.49","eq","l",3.57,"lr",35.89983,-117.6955,6.9,"A",37219548,15,3348,2019-07-06 03:26:40.49,68705,2019-07-05 20:26:40.49,2019,"Jul",2019-07-01,20,"Friday"
"2019/07/06","03:26:51.99","eq","l",4.09,"lr",35.8875,-117.6495,10.9,"A",37219556,34,3357,2019-07-06 03:26:51.99,68706,2019-07-05 20:26:51.99,2019,"Jul",2019-07-01,20,"Friday"
"2019/07/06","03:27:04.57","eq","l",3.84,"lr",35.6105,-117.41767,5.8,"B",37260484,8,3372,2019-07-06 03:27:04.57,68707,2019-07-05 20:27:04.57,2019,"Jul",2019-07-01,20,"Friday"
"2019/07/06","03:27:07.01","eq","l",4.5,"lr",35.91383,-117.72583,8,"A",37219180,39,2122,2019-07-06 03:27:07.01,68708,2019-07-05 20:27:07.01,2019,"Jul",2019-07-01,20,"Friday"
"2019/07/06","03:27:11.37","eq","l",4.57,"lr",35.53033,-117.43133,3.8,"A",37219564,12,3357,2019-07-06 03:27:11.37,68709,2019-07-05 20:27:11.37,2019,"Jul",2019-07-01,20,"Friday"
"2019/07/06","03:27:18.42","eq","l",3.91,"lr",35.87333,-117.65783,6.7,"A",37260492,19,3372,2019-07-06 03:27:18.42,68710,2019-07-05 20:27:18.42,2019,"Jul",2019-07-01,20,"Friday"
"2019/07/06","03:27:25.35","eq","l",3.92,"lr",35.665,-117.48667,5.5,"A",37260500,12,3372,2019-07-06 03:27:25.35,68711,2019-07-05 20:27:25.35,2019,"Jul",2019-07-01,20,"Friday"
"2019/07/06","03:27:36.26","eq","l",4.03,"lr",35.8895,-117.6975,7.8,"A",37219572,39,3357,2019-07-06 03:27:36.26,68712,2019-07-05 20:27:36.26,2019,"Jul",2019-07-01,20,"Friday"
"2019/07/06","03:28:00.73","eq","l",4.09,"lr",35.91067,-117.73167,8.2,"A",38457551,40,1802,2019-07-06 03:28:00.73,68713,2019-07-05 20:28:00.73,2019,"Jul",2019-07-01,20,"Friday"
"2019/07/06","03:28:12.34","eq","l",4.09,"lr",35.84117,-117.65983,11.4,"A",37219580,29,3354,2019-07-06 03:28:12.34,68714,2019-07-05 20:28:12.34,2019,"Jul",2019-07-01,20,"Friday"
"2019/07/06","03:28:25.16","eq","l",3.98,"lr",35.8695,-117.69067,2.7,"A",37219588,23,3354,2019-07-06 03:28:25.16,68715,2019-07-05 20:28:25.16,2019,"Jul",2019-07-01,20,"Friday"
"2019/07/06","03:28:46.55","eq","l",4.19,"lr",35.9025,-117.72217,4.8,"A",38457559,55,1807,2019-07-06 03:28:46.55,68716,2019-07-05 20:28:46.55,2019,"Jul",2019-07-01,20,"Friday"
"2019/07/06","03:29:10.29","eq","l",4.02,"lr",35.65667,-117.4465,2.2,"A",37219596,16,3360,2019-07-06 03:29:10.29,68717,2019-07-05 20:29:10.29,2019,"Jul",2019-07-01,20,"Friday"
"2019/07/06","03:29:15.86","eq","l",4.01,"lr",35.86567,-117.65267,15.1,"A",38457575,22,1734,2019-07-06 03:29:15.86,68718,2019-07-05 20:29:15.86,2019,"Jul",2019-07-01,20,"Friday"
"2019/07/06","03:29:28.84","eq","l",4.07,"lr",35.7325,-117.50883,7,"A",37219604,12,3360,2019-07-06 03:29:28.84,68719,2019-07-05 20:29:28.84,2019,"Jul",2019-07-01,20,"Friday"
"2019/07/06","03:29:32.08","eq","l",4.51,"lr",35.90283,-117.7115,3.2,"A",38457583,35,2300,2019-07-06 03:29:32.08,68720,2019-07-05 20:29:32.08,2019,"Jul",2019-07-01,20,"Friday"
"2019/07/06","03:29:47.13","eq","l",3.57,"lr",35.90167,-117.704,7.8,"A",37219612,14,3348,2019-07-06 03:29:47.13,68721,2019-07-05 20:29:47.13,2019,"Jul",2019-07-01,20,"Friday"
"2019/07/06","03:29:50.04","eq","l",3.57,"l",35.8705,-117.68183,5.3,"A",37260612,9,3360,2019-07-06 03:29:50.04,68722,2019-07-05 20:29:50.04,2019,"Jul",2019-07-01,20,"Friday"
"2019/07/06","03:30:00.71","eq","l",3.56,"l",35.8845,-117.70183,6,"A",37260620,19,3357,2019-07-06 03:30:00.71,68723,2019-07-05 20:30:00.71,2019,"Jul",2019-07-01,20,"Friday"
"2019/07/06","03:30:25.05","eq","l",4.49,"lr",35.55667,-117.35817,8.7,"A",38457591,83,2392,2019-07-06 03:30:25.05,68724,2019-07-05 20:30:25.05,2019,"Jul",2019-07-01,20,"Friday"
"2019/07/06","03:30:43.01","eq","l",3.53,"lr",35.86717,-117.72233,8.3,"A",37219620,16,3327,2019-07-06 03:30:43.01,68725,2019-07-05 20:30:43.01,2019,"Jul",2019-07-01,20,"Friday"
"2019/07/06","03:30:59.67","eq","l",3.9,"lr",35.90683,-117.704,8.8,"A",37219628,30,3363,2019-07-06 03:30:59.67,68726,2019-07-05 20:30:59.67,2019,"Jul",2019-07-01,20,"Friday"
"2019/07/06","03:31:10.38","eq","l",3.55,"lr",35.89367,-117.72167,9.4,"A",37219636,20,3354,2019-07-06 03:31:10.38,68727,2019-07-05 20:31:10.38,2019,"Jul",2019-07-01,20,"Friday"
"2019/07/06","03:31:24.54","eq","l",3.62,"lr",35.65967,-117.48533,5.2,"A",37219644,23,3354,2019-07-06 03:31:24.54,68728,2019-07-05 20:31:24.54,2019,"Jul",2019-07-01,20,"Friday"
"2019/07/06","03:31:33.72","eq","l",3.45,"lr",35.73933,-117.54883,2.4,"A",37260788,14,3366,2019-07-06 03:31:33.72,68729,2019-07-05 20:31:33.72,2019,"Jul",2019-07-01,20,"Friday"
"2019/07/06","03:31:48.76","eq","l",3.97,"lr",35.88833,-117.69783,8.9,"A",37219652,34,3369,2019-07-06 03:31:48.76,68730,2019-07-05 20:31:48.76,2019,"Jul",2019-07-01,20,"Friday"
"2019/07/06","03:31:58.27","eq","l",3.86,"lr",35.89017,-117.71217,6.3,"A",37219660,25,3369,2019-07-06 03:31:58.27,68731,2019-07-05 20:31:58.27,2019,"Jul",2019-07-01,20,"Friday"
"2019/07/06","03:32:13.43","eq","l",3.32,"l",35.87083,-117.65317,8.2,"A",37260804,13,3345,2019-07-06 03:32:13.43,68732,2019-07-05 20:32:13.43,2019,"Jul",2019-07-01,20,"Friday"
"2019/07/06","03:32:25.64","eq","l",3.61,"lr",35.89817,-117.72633,10.8,"A",37219668,23,3360,2019-07-06 03:32:25.64,68733,2019-07-05 20:32:25.64,2019,"Jul",2019-07-01,20,"Friday"
"2019/07/06","03:32:29.44","eq","l",3.68,"lr",35.5985,-117.4145,6.7,"A",37219676,10,3363,2019-07-06 03:32:29.44,68734,2019-07-05 20:32:29.44,2019,"Jul",2019-07-01,20,"Friday"
"2019/07/06","03:32:46.66","eq","l",4.17,"lr",35.89033,-117.73033,6.2,"A",38457599,38,1824,2019-07-06 03:32:46.66,68735,2019-07-05 20:32:46.66,2019,"Jul",2019-07-01,20,"Friday"
"2019/07/06","03:33:03.66","eq","l",3.9,"lr",35.9025,-117.71633,8.5,"A",37219684,20,3369,2019-07-06 03:33:03.66,68736,2019-07-05 20:33:03.66,2019,"Jul",2019-07-01,20,"Friday"
"2019/07/06","03:33:09.85","eq","l",4.13,"lr",35.71483,-117.50517,1.7,"A",37219692,46,3369,2019-07-06 03:33:09.85,68737,2019-07-05 20:33:09.85,2019,"Jul",2019-07-01,20,"Friday"
"2019/07/06","03:33:20.20","eq","l",4.08,"lr",35.624,-117.48617,11,"A",37219700,27,3369,2019-07-06 03:33:20.2,68738,2019-07-05 20:33:20.2,2019,"Jul",2019-07-01,20,"Friday"
"2019/07/06","03:33:39.10","eq","l",3.8,"lr",35.89333,-117.72383,9.9,"A",37219716,15,3369,2019-07-06 03:33:39.1,68739,2019-07-05 20:33:39.1,2019,"Jul",2019-07-01,20,"Friday"
"2019/07/06","03:33:39.45","eq","l",4.01,"lr",35.726,-117.56133,11.1,"A",37219708,21,3369,2019-07-06 03:33:39.45,68740,2019-07-05 20:33:39.45,2019,"Jul",2019-07-01,20,"Friday"
"2019/07/06","03:33:48.80","eq","l",3.19,"l",35.665,-117.424,0.8,"A",37261156,10,3351,2019-07-06 03:33:48.8,68741,2019-07-05 20:33:48.8,2019,"Jul",2019-07-01,20,"Friday"
"2019/07/06","03:33:55.94","eq","l",3.51,"l",35.87233,-117.699,11.6,"A",37260828,17,3363,2019-07-06 03:33:55.94,68742,2019-07-05 20:33:55.94,2019,"Jul",2019-07-01,20,"Friday"
"2019/07/06","03:34:10.70","eq","l",4.02,"lr",35.89767,-117.705,7.4,"A",37219724,35,3369,2019-07-06 03:34:10.7,68743,2019-07-05 20:34:10.7,2019,"Jul",2019-07-01,20,"Friday"
"2019/07/06","03:34:21.53","eq","l",3.63,"lr",35.76617,-117.5875,1.8,"A",37219732,12,3360,2019-07-06 03:34:21.53,68744,2019-07-05 20:34:21.53,2019,"Jul",2019-07-01,20,"Friday"
"2019/07/06","03:34:27.20","eq","l",3.43,"l",35.904,-117.70333,8.1,"A",37260860,18,3360,2019-07-06 03:34:27.2,68745,2019-07-05 20:34:27.2,2019,"Jul",2019-07-01,20,"Friday"
"2019/07/06","03:34:36.64","eq","l",3.29,"l",35.893,-117.72533,6.9,"A",37261164,14,3345,2019-07-06 03:34:36.64,68746,2019-07-05 20:34:36.64,2019,"Jul",2019-07-01,20,"Friday"
"2019/07/06","03:34:42.84","eq","l",3.74,"lr",35.90583,-117.65733,9.5,"A",37219740,19,3363,2019-07-06 03:34:42.84,68747,2019-07-05 20:34:42.84,2019,"Jul",2019-07-01,20,"Friday"
"2019/07/06","03:34:55.98","eq","l",3.52,"lr",35.58067,-117.39617,13.2,"A",37219788,18,3354,2019-07-06 03:34:55.98,68748,2019-07-05 20:34:55.98,2019,"Jul",2019-07-01,20,"Friday"
"2019/07/06","03:35:05.42","eq","l",4.09,"lr",35.65217,-117.46683,2,"A",38457607,47,2048,2019-07-06 03:35:05.42,68749,2019-07-05 20:35:05.42,2019,"Jul",2019-07-01,20,"Friday"
"2019/07/06","03:35:24.39","eq","l",3.42,"l",35.70517,-117.5565,9.1,"A",37260868,9,3366,2019-07-06 03:35:24.39,68750,2019-07-05 20:35:24.39,2019,"Jul",2019-07-01,20,"Friday"
"2019/07/06","03:35:30.66","eq","l",3.67,"lr",35.979,-117.75767,6.5,"A",37219796,24,3360,2019-07-06 03:35:30.66,68751,2019-07-05 20:35:30.66,2019,"Jul",2019-07-01,20,"Friday"
"2019/07/06","03:35:44.73","eq","l",3.39,"l",35.614,-117.44533,5.9,"A",37219804,11,3348,2019-07-06 03:35:44.73,68752,2019-07-05 20:35:44.73,2019,"Jul",2019-07-01,20,"Friday"
"2019/07/06","03:35:49.82","eq","l",3.35,"l",35.88383,-117.69,7.5,"A",37260876,19,3348,2019-07-06 03:35:49.82,68753,2019-07-05 20:35:49.82,2019,"Jul",2019-07-01,20,"Friday"
"2019/07/06","03:35:58.41","eq","l",3.49,"l",35.7175,-117.55767,10.3,"A",37260884,9,3369,2019-07-06 03:35:58.41,68754,2019-07-05 20:35:58.41,2019,"Jul",2019-07-01,20,"Friday"
"2019/07/06","03:36:16.46","eq","l",4.35,"lr",35.90283,-117.73383,7.3,"A",38457615,142,1809,2019-07-06 03:36:16.46,68755,2019-07-05 20:36:16.46,2019,"Jul",2019-07-01,20,"Friday"
"2019/07/06","03:36:28.48","eq","l",3.85,"lr",35.6625,-117.5445,3.2,"A",37219812,20,3366,2019-07-06 03:36:28.48,68756,2019-07-05 20:36:28.48,2019,"Jul",2019-07-01,20,"Friday"
"2019/07/06","03:36:54.86","eq","l",3.22,"l",35.903,-117.73717,9.2,"A",37260892,14,3336,2019-07-06 03:36:54.86,68757,2019-07-05 20:36:54.86,2019,"Jul",2019-07-01,20,"Friday"
"2019/07/06","03:37:05.16","eq","l",3.63,"lr",35.73267,-117.52683,2.6,"A",37219820,33,3357,2019-07-06 03:37:05.16,68758,2019-07-05 20:37:05.16,2019,"Jul",2019-07-01,20,"Friday"
"2019/07/06","03:37:25.27","eq","l",3.53,"lr",35.87183,-117.70133,6.1,"A",37219828,20,3357,2019-07-06 03:37:25.27,68759,2019-07-05 20:37:25.27,2019,"Jul",2019-07-01,20,"Friday"
"2019/07/06","03:37:44.91","eq","l",3.47,"l",35.65917,-117.50083,4.8,"A",37260924,20,3372,2019-07-06 03:37:44.91,68760,2019-07-05 20:37:44.91,2019,"Jul",2019-07-01,20,"Friday"
"2019/07/06","03:38:22.93","eq","l",3.79,"lr",35.91283,-117.71233,6.7,"A",37219836,33,3360,2019-07-06 03:38:22.93,68761,2019-07-05 20:38:22.93,2019,"Jul",2019-07-01,20,"Friday"
"2019/07/06","03:38:41.00","eq","l",3.26,"l",35.785,-117.605,9.3,"A",37261204,9,3348,2019-07-06 03:38:41,68762,2019-07-05 20:38:41,2019,"Jul",2019-07-01,20,"Friday"
"2019/07/06","03:38:56.10","eq","l",3.45,"lr",35.64833,-117.46733,4.2,"A",38457623,26,1663,2019-07-06 03:38:56.1,68763,2019-07-05 20:38:56.1,2019,"Jul",2019-07-01,20,"Friday"
"2019/07/06","03:39:02.72","eq","l",3.69,"lr",35.71667,-117.5515,10.5,"A",37219844,26,3357,2019-07-06 03:39:02.72,68764,2019-07-05 20:39:02.72,2019,"Jul",2019-07-01,20,"Friday"
"2019/07/06","03:39:14.68","eq","l",3.84,"lr",35.61367,-117.433,9.8,"A",37421221,44,2097,2019-07-06 03:39:14.68,68765,2019-07-05 20:39:14.68,2019,"Jul",2019-07-01,20,"Friday"
"2019/07/06","03:39:34.11","eq","l",3.74,"lr",35.90217,-117.74267,8.8,"A",37421237,40,1323,2019-07-06 03:39:34.11,68766,2019-07-05 20:39:34.11,2019,"Jul",2019-07-01,20,"Friday"
"2019/07/06","03:39:41.27","eq","l",3.24,"lr",35.90283,-117.72083,8.2,"A",37219852,10,3330,2019-07-06 03:39:41.27,68767,2019-07-05 20:39:41.27,2019,"Jul",2019-07-01,20,"Friday"
"2019/07/06","03:40:04.14","eq","l",3.65,"lr",35.91333,-117.703,7,"A",38457631,46,1271,2019-07-06 03:40:04.14,68768,2019-07-05 20:40:04.14,2019,"Jul",2019-07-01,20,"Friday"
"2019/07/06","03:40:16.16","eq","l",2.99,"l",35.83467,-117.658,5.5,"A",37261220,8,3291,2019-07-06 03:40:16.16,68769,2019-07-05 20:40:16.16,2019,"Jul",2019-07-01,20,"Friday"
"2019/07/06","03:40:32.54","eq","l",3.42,"lr",35.78017,-117.62817,5.7,"A",37219860,23,3348,2019-07-06 03:40:32.54,68770,2019-07-05 20:40:32.54,2019,"Jul",2019-07-01,20,"Friday"
"2019/07/06","03:40:43.09","eq","l",3.36,"l",35.87767,-117.6725,7.6,"A",37261244,21,3340,2019-07-06 03:40:43.09,68771,2019-07-05 20:40:43.09,2019,"Jul",2019-07-01,20,"Friday"
"2019/07/06","03:40:51.43","eq","l",3.49,"lr",35.77417,-117.61183,9.9,"A",37219868,31,3342,2019-07-06 03:40:51.43,68772,2019-07-05 20:40:51.43,2019,"Jul",2019-07-01,20,"Friday"
"2019/07/06","03:41:14.11","eq","l",3.14,"lr",35.63983,-117.43633,3.3,"A",37219876,11,3318,2019-07-06 03:41:14.11,68773,2019-07-05 20:41:14.11,2019,"Jul",2019-07-01,20,"Friday"
"2019/07/06","03:41:27.46","eq","l",3.18,"l",35.89033,-117.68167,8.2,"A",37261260,21,3324,2019-07-06 03:41:27.46,68774,2019-07-05 20:41:27.46,2019,"Jul",2019-07-01,20,"Friday"
"2019/07/06","03:41:38.65","eq","l",3.98,"lr",35.89233,-117.722,7.9,"A",38457639,61,1522,2019-07-06 03:41:38.65,68775,2019-07-05 20:41:38.65,2019,"Jul",2019-07-01,20,"Friday"
"2019/07/06","03:41:46.46","eq","l",3.46,"l",35.9065,-117.727,6,"A",37261268,14,3345,2019-07-06 03:41:46.46,68776,2019-07-05 20:41:46.46,2019,"Jul",2019-07-01,20,"Friday"
"2019/07/06","03:42:04.41","eq","l",3.2,"l",35.90733,-117.70483,7.1,"A",37261276,12,3324,2019-07-06 03:42:04.41,68777,2019-07-05 20:42:04.41,2019,"Jul",2019-07-01,20,"Friday"
"2019/07/06","03:42:09.68","eq","l",3.57,"l",35.87517,-117.73,7,"A",37261284,17,3362,2019-07-06 03:42:09.68,68778,2019-07-05 20:42:09.68,2019,"Jul",2019-07-01,20,"Friday"
"2019/07/06","03:42:25.64","eq","l",3.3,"l",35.758,-117.56133,7.6,"A",37219884,16,3329,2019-07-06 03:42:25.64,68779,2019-07-05 20:42:25.64,2019,"Jul",2019-07-01,20,"Friday"
"2019/07/06","03:42:37.90","eq","l",3.46,"lr",35.56883,-117.38433,8,"A",37261436,8,3365,2019-07-06 03:42:37.9,68780,2019-07-05 20:42:37.9,2019,"Jul",2019-07-01,20,"Friday"
"2019/07/06","03:42:45.76","eq","l",3.57,"l",35.866,-117.68483,5,"A",37219908,22,3335,2019-07-06 03:42:45.76,68781,2019-07-05 20:42:45.76,2019,"Jul",2019-07-01,20,"Friday"
"2019/07/06","03:42:52.53","eq","l",3.86,"lr",35.878,-117.70167,4.6,"A",38457655,33,1820,2019-07-06 03:42:52.53,68782,2019-07-05 20:42:52.53,2019,"Jul",2019-07-01,20,"Friday"
"2019/07/06","03:43:09.04","eq","l",3.85,"lr",35.8865,-117.69383,9.5,"A",37219900,37,3359,2019-07-06 03:43:09.04,68783,2019-07-05 20:43:09.04,2019,"Jul",2019-07-01,20,"Friday"
"2019/07/06","03:43:32.47","eq","l",3.15,"l",35.8685,-117.72767,6,"A",37261468,18,3320,2019-07-06 03:43:32.47,68784,2019-07-05 20:43:32.47,2019,"Jul",2019-07-01,20,"Friday"
"2019/07/06","03:44:01.60","eq","l",3.86,"lr",35.9135,-117.72767,7,"A",38457663,38,1688,2019-07-06 03:44:01.6,68785,2019-07-05 20:44:01.6,2019,"Jul",2019-07-01,20,"Friday"
"2019/07/06","03:44:10.78","eq","l",3.6,"lr",35.78217,-117.5935,11.2,"A",37261484,12,3362,2019-07-06 03:44:10.78,68786,2019-07-05 20:44:10.78,2019,"Jul",2019-07-01,20,"Friday"
"2019/07/06","03:44:17.71","eq","l",3.96,"lr",35.90583,-117.69417,6.1,"A",37219924,48,3350,2019-07-06 03:44:17.71,68787,2019-07-05 20:44:17.71,2019,"Jul",2019-07-01,20,"Friday"
"2019/07/06","03:44:50.15","eq","l",3.29,"l",35.89717,-117.7305,9.8,"A",37219948,17,3317,2019-07-06 03:44:50.15,68788,2019-07-05 20:44:50.15,2019,"Jul",2019-07-01,20,"Friday"
"2019/07/06","03:45:09.01","eq","l",3.47,"lr",35.91867,-117.71883,3.3,"A",38457671,36,1267,2019-07-06 03:45:09.01,68789,2019-07-05 20:45:09.01,2019,"Jul",2019-07-01,20,"Friday"
"2019/07/06","03:45:13.21","eq","l",3.49,"lr",35.90267,-117.74267,8.5,"A",37220108,14,3329,2019-07-06 03:45:13.21,68790,2019-07-05 20:45:13.21,2019,"Jul",2019-07-01,20,"Friday"
"2019/07/06","03:45:29.32","eq","l",3.46,"lr",35.8835,-117.72767,7.5,"A",37220268,28,3323,2019-07-06 03:45:29.32,68791,2019-07-05 20:45:29.32,2019,"Jul",2019-07-01,20,"Friday"
"2019/07/06","03:45:54.83","eq","l",3.52,"lr",35.70367,-117.50633,11.1,"A",37220276,26,3335,2019-07-06 03:45:54.83,68792,2019-07-05 20:45:54.83,2019,"Jul",2019-07-01,20,"Friday"
"2019/07/06","03:46:19.42","eq","l",3.16,"l",35.91117,-117.7205,7.5,"A",37261500,7,3308,2019-07-06 03:46:19.42,68793,2019-07-05 20:46:19.42,2019,"Jul",2019-07-01,20,"Friday"
"2019/07/06","03:46:26.87","eq","l",4.26,"lr",35.6805,-117.47033,6.8,"A",38457679,63,2034,2019-07-06 03:46:26.87,68794,2019-07-05 20:46:26.87,2019,"Jul",2019-07-01,20,"Friday"
"2019/07/06","03:46:38.50","eq","l",3.72,"lr",35.65733,-117.45,2.1,"A",37220284,16,3339,2019-07-06 03:46:38.5,68795,2019-07-05 20:46:38.5,2019,"Jul",2019-07-01,20,"Friday"
"2019/07/06","03:46:57.13","eq","l",3.34,"l",35.89417,-117.71717,5.1,"C",37261516,17,3332,2019-07-06 03:46:57.13,68796,2019-07-05 20:46:57.13,2019,"Jul",2019-07-01,20,"Friday"
"2019/07/06","03:47:00.08","eq","l",3.57,"lr",35.902,-117.74367,8.5,"A",37220292,16,3333,2019-07-06 03:47:00.08,68797,2019-07-05 20:47:00.08,2019,"Jul",2019-07-01,20,"Friday"
"2019/07/06","03:47:08.74","eq","l",3.32,"l",35.88683,-117.71733,7.3,"A",37261540,15,3329,2019-07-06 03:47:08.74,68798,2019-07-05 20:47:08.74,2019,"Jul",2019-07-01,20,"Friday"
"2019/07/06","03:47:53.42","eq","l",5.5,"w",35.90117,-117.7495,5,"A",38457687,82,2448,2019-07-06 03:47:53.42,68799,2019-07-05 20:47:53.42,2019,"Jul",2019-07-01,20,"Friday"
"2019/07/06","03:48:14.55","eq","l",3.8,"lr",35.90133,-117.74867,7.6,"A",37261556,14,3348,2019-07-06 03:48:14.55,68800,2019-07-05 20:48:14.55,2019,"Jul",2019-07-01,20,"Friday"
"2019/07/06","03:48:24.66","eq","l",3.98,"lr",35.9025,-117.69,0.5,"A",37220300,17,3330,2019-07-06 03:48:24.66,68801,2019-07-05 20:48:24.66,2019,"Jul",2019-07-01,20,"Friday"
"2019/07/06","03:48:36.26","eq","l",3.55,"lr",35.91083,-117.73533,7,"A",37261564,18,3321,2019-07-06 03:48:36.26,68802,2019-07-05 20:48:36.26,2019,"Jul",2019-07-01,20,"Friday"
"2019/07/06","03:48:54.22","eq","l",3.53,"l",35.99983,-117.72233,9.5,"A",37261628,6,3318,2019-07-06 03:48:54.22,68803,2019-07-05 20:48:54.22,2019,"Jul",2019-07-01,20,"Friday"
"2019/07/06","03:48:57.74","eq","l",3.68,"lr",35.90583,-117.72367,6.2,"A",37261620,18,3333,2019-07-06 03:48:57.74,68804,2019-07-05 20:48:57.74,2019,"Jul",2019-07-01,20,"Friday"
"2019/07/06","03:49:24.98","eq","l",3.78,"lr",35.55717,-117.38517,3.5,"A",37220308,16,3309,2019-07-06 03:49:24.98,68805,2019-07-05 20:49:24.98,2019,"Jul",2019-07-01,20,"Friday"
"2019/07/06","03:49:52.42","eq","l",3.83,"lr",35.82617,-117.68417,7.1,"A",38457695,62,1857,2019-07-06 03:49:52.42,68806,2019-07-05 20:49:52.42,2019,"Jul",2019-07-01,20,"Friday"
"2019/07/06","03:50:04.74","eq","l",3.67,"lr",35.61633,-117.44367,7.3,"A",37261788,14,3318,2019-07-06 03:50:04.74,68807,2019-07-05 20:50:04.74,2019,"Jul",2019-07-01,20,"Friday"
"2019/07/06","03:50:11.07","eq","l",3.79,"lr",35.90367,-117.72483,6.5,"A",37421773,42,2797,2019-07-06 03:50:11.07,68808,2019-07-05 20:50:11.07,2019,"Jul",2019-07-01,20,"Friday"
"2019/07/06","03:50:34.00","eq","l",3.45,"l",35.894,-117.73833,8.4,"A",37220588,18,3041,2019-07-06 03:50:34,68809,2019-07-05 20:50:34,2019,"Jul",2019-07-01,20,"Friday"
"2019/07/06","03:50:49.35","eq","l",3.79,"lr",35.91017,-117.739,10.7,"A",37220316,22,3297,2019-07-06 03:50:49.35,68810,2019-07-05 20:50:49.35,2019,"Jul",2019-07-01,20,"Friday"
"2019/07/06","03:50:59.71","eq","l",4.97,"lr",35.9035,-117.70017,8.3,"A",38457703,78,2432,2019-07-06 03:50:59.71,68811,2019-07-05 20:50:59.71,2019,"Jul",2019-07-01,20,"Friday"
"2019/07/06","03:51:20.33","eq","l",3.76,"lr",35.93733,-117.67417,9.9,"A",37261844,13,3322,2019-07-06 03:51:20.33,68812,2019-07-05 20:51:20.33,2019,"Jul",2019-07-01,20,"Friday"
"2019/07/06","03:51:38.80","eq","l",3.44,"l",35.89583,-117.707,6.2,"A",37261900,18,3294,2019-07-06 03:51:38.8,68813,2019-07-05 20:51:38.8,2019,"Jul",2019-07-01,20,"Friday"
"2019/07/06","03:51:46.16","eq","l",3.23,"l",35.911,-117.68817,8.2,"A",37261948,11,3273,2019-07-06 03:51:46.16,68814,2019-07-05 20:51:46.16,2019,"Jul",2019-07-01,20,"Friday"
"2019/07/06","03:51:53.81","eq","l",3.08,"l",35.8895,-117.6785,9,"A",37261964,11,3249,2019-07-06 03:51:53.81,68815,2019-07-05 20:51:53.81,2019,"Jul",2019-07-01,20,"Friday"
"2019/07/06","03:52:03.73","eq","l",3.57,"l",35.89967,-117.69633,9.7,"A",37220596,19,3054,2019-07-06 03:52:03.73,68816,2019-07-05 20:52:03.73,2019,"Jul",2019-07-01,20,"Friday"
"2019/07/06","03:52:23.96","eq","l",3.35,"l",35.75083,-117.6025,6.8,"A",37220604,14,3039,2019-07-06 03:52:23.96,68817,2019-07-05 20:52:23.96,2019,"Jul",2019-07-01,20,"Friday"
"2019/07/06","03:52:54.84","eq","l",3.6,"lr",35.57683,-117.40733,3.6,"A",37220612,38,3057,2019-07-06 03:52:54.84,68818,2019-07-05 20:52:54.84,2019,"Jul",2019-07-01,20,"Friday"
"2019/07/06","03:52:59.34","eq","l",3.69,"l",35.92733,-117.7415,6.2,"A",37220748,31,3063,2019-07-06 03:52:59.34,68819,2019-07-05 20:52:59.34,2019,"Jul",2019-07-01,20,"Friday"
"2019/07/06","03:53:20.90","eq","l",3.47,"l",35.775,-117.56383,11.8,"A",37220908,15,3054,2019-07-06 03:53:20.9,68820,2019-07-05 20:53:20.9,2019,"Jul",2019-07-01,20,"Friday"
"2019/07/06","03:53:40.29","eq","l",3.68,"lr",35.86967,-117.71067,5.8,"A",38457719,43,1359,2019-07-06 03:53:40.29,68821,2019-07-05 20:53:40.29,2019,"Jul",2019-07-01,20,"Friday"
"2019/07/06","03:53:40.35","eq","l",3.27,"l",35.70517,-117.5235,10,"A",37221068,16,3039,2019-07-06 03:53:40.35,68822,2019-07-05 20:53:40.35,2019,"Jul",2019-07-01,20,"Friday"
"2019/07/06","03:53:57.98","eq","l",3.67,"l",35.9025,-117.68083,8.1,"A",37221076,26,3057,2019-07-06 03:53:57.98,68823,2019-07-05 20:53:57.98,2019,"Jul",2019-07-01,20,"Friday"
"2019/07/06","03:54:09.89","eq","l",3.24,"l",35.9,-117.744,7,"A",37261980,15,3277,2019-07-06 03:54:09.89,68824,2019-07-05 20:54:09.89,2019,"Jul",2019-07-01,20,"Friday"
"2019/07/06","03:54:15.26","eq","l",3.37,"l",35.91733,-117.7255,9.5,"A",37261988,28,3289,2019-07-06 03:54:15.26,68825,2019-07-05 20:54:15.26,2019,"Jul",2019-07-01,20,"Friday"
"2019/07/06","03:54:46.84","eq","l",3.5,"lr",35.78,-117.58567,10.4,"A",38457727,66,1436,2019-07-06 03:54:46.84,68826,2019-07-05 20:54:46.84,2019,"Jul",2019-07-01,20,"Friday"
"2019/07/06","03:55:03.71","eq","l",3.14,"l",35.63,-117.43767,4.2,"A",37221092,11,3027,2019-07-06 03:55:03.71,68827,2019-07-05 20:55:03.71,2019,"Jul",2019-07-01,20,"Friday"
"2019/07/06","03:55:20.02","eq","l",4.06,"lr",35.9055,-117.6875,8.4,"A",38457735,78,1766,2019-07-06 03:55:20.02,68828,2019-07-05 20:55:20.02,2019,"Jul",2019-07-01,20,"Friday"
"2019/07/06","03:55:48.17","eq","l",3.15,"l",35.83483,-117.6805,9.1,"A",37262524,16,3268,2019-07-06 03:55:48.17,68829,2019-07-05 20:55:48.17,2019,"Jul",2019-07-01,20,"Friday"
"2019/07/06","03:56:01.64","eq","l",3.48,"l",35.88183,-117.674,4.4,"A",37221100,35,3036,2019-07-06 03:56:01.64,68830,2019-07-05 20:56:01.64,2019,"Jul",2019-07-01,20,"Friday"
"2019/07/06","03:56:02.75","eq","l",3.07,"l",35.66933,-117.48133,3.2,"A",37262684,9,3274,2019-07-06 03:56:02.75,68831,2019-07-05 20:56:02.75,2019,"Jul",2019-07-01,20,"Friday"
"2019/07/06","03:56:10.49","eq","l",3.35,"l",35.89817,-117.73067,6.6,"A",37262860,15,3286,2019-07-06 03:56:10.49,68832,2019-07-05 20:56:10.49,2019,"Jul",2019-07-01,20,"Friday"
"2019/07/06","03:56:25.08","eq","l",3.09,"l",35.87,-117.70833,5.4,"A",37262884,18,3253,2019-07-06 03:56:25.08,68833,2019-07-05 20:56:25.08,2019,"Jul",2019-07-01,20,"Friday"
"2019/07/06","03:56:33.52","eq","l",3.53,"l",35.918,-117.73617,6.5,"A",37221108,36,3039,2019-07-06 03:56:33.52,68834,2019-07-05 20:56:33.52,2019,"Jul",2019-07-01,20,"Friday"
"2019/07/06","03:56:45.00","eq","l",3.24,"l",35.91367,-117.71533,6,"A",37262892,15,3268,2019-07-06 03:56:45,68835,2019-07-05 20:56:45,2019,"Jul",2019-07-01,20,"Friday"
"2019/07/06","03:57:12.32","eq","l",3.01,"l",35.89583,-117.74,7.2,"A",37262916,14,3223,2019-07-06 03:57:12.32,68836,2019-07-05 20:57:12.32,2019,"Jul",2019-07-01,20,"Friday"
"2019/07/06","03:57:37.97","eq","l",3.59,"lr",35.89083,-117.6995,4.6,"A",37221116,36,3051,2019-07-06 03:57:37.97,68837,2019-07-05 20:57:37.97,2019,"Jul",2019-07-01,20,"Friday"
"2019/07/06","03:57:50.90","eq","l",4.31,"lr",35.869,-117.66133,7.2,"A",37421229,58,2152,2019-07-06 03:57:50.9,68838,2019-07-05 20:57:50.9,2019,"Jul",2019-07-01,20,"Friday"
"2019/07/06","03:58:11.30","eq","l",3.44,"l",35.88467,-117.69083,9.7,"A",37262924,20,3289,2019-07-06 03:58:11.3,68840,2019-07-05 20:58:11.3,2019,"Jul",2019-07-01,20,"Friday"
"2019/07/06","03:58:25.30","eq","l",3.49,"lr",35.65917,-117.4605,9.4,"A",37221124,25,3057,2019-07-06 03:58:25.3,68841,2019-07-05 20:58:25.3,2019,"Jul",2019-07-01,20,"Friday"
"2019/07/06","03:58:47.29","eq","l",3.22,"l",35.637,-117.4765,5.3,"A",37262956,14,3283,2019-07-06 03:58:47.29,68842,2019-07-05 20:58:47.29,2019,"Jul",2019-07-01,20,"Friday"
"2019/07/06","03:58:57.00","eq","l",3.15,"l",35.78383,-117.61183,7.4,"A",37263204,12,3265,2019-07-06 03:58:57,68843,2019-07-05 20:58:57,2019,"Jul",2019-07-01,20,"Friday"
"2019/07/06","03:58:57.75","eq","l",3.39,"l",35.91,-117.68367,2.3,"A",37263020,16,3286,2019-07-06 03:58:57.75,68844,2019-07-05 20:58:57.75,2019,"Jul",2019-07-01,20,"Friday"
"2019/07/06","03:59:10.11","eq","l",3.03,"l",35.873,-117.68783,4.5,"A",37263212,13,3232,2019-07-06 03:59:10.11,68845,2019-07-05 20:59:10.11,2019,"Jul",2019-07-01,20,"Friday"
"2019/07/06","03:59:24.00","eq","l",3.47,"l",35.89283,-117.72383,8,"A",37221132,32,3033,2019-07-06 03:59:24,68846,2019-07-05 20:59:24,2019,"Jul",2019-07-01,20,"Friday"
"2019/07/06","03:59:48.61","eq","l",3.53,"lr",35.87517,-117.71417,4.4,"A",38457759,58,1299,2019-07-06 03:59:48.61,68847,2019-07-05 20:59:48.61,2019,"Jul",2019-07-01,20,"Friday"
"2019/07/06","04:00:10.65","eq","l",3.04,"l",35.89367,-117.73867,6.9,"A",37221140,17,2990,2019-07-06 04:00:10.65,68848,2019-07-05 21:00:10.65,2019,"Jul",2019-07-01,21,"Friday"
"2019/07/06","04:00:36.03","eq","l",3.2,"l",35.9475,-117.70183,4.7,"A",37221148,21,3011,2019-07-06 04:00:36.03,68849,2019-07-05 21:00:36.03,2019,"Jul",2019-07-01,21,"Friday"
"2019/07/06","04:00:46.39","eq","l",3.01,"l",35.8815,-117.73183,2.6,"A",37263220,18,3222,2019-07-06 04:00:46.39,68850,2019-07-05 21:00:46.39,2019,"Jul",2019-07-01,21,"Friday"
"2019/07/06","04:00:58.52","eq","l",3.2,"l",35.55,-117.37967,2.3,"A",37221180,10,3026,2019-07-06 04:00:58.52,68851,2019-07-05 21:00:58.52,2019,"Jul",2019-07-01,21,"Friday"
"2019/07/06","04:01:05.61","eq","l",3.24,"l",35.83733,-117.6685,10.8,"A",37221156,29,3017,2019-07-06 04:01:05.61,68852,2019-07-05 21:01:05.61,2019,"Jul",2019-07-01,21,"Friday"
"2019/07/06","04:02:02.94","eq","l",2.87,"l",35.874,-117.68267,4.4,"A",37221172,17,2951,2019-07-06 04:02:02.94,68853,2019-07-05 21:02:02.94,2019,"Jul",2019-07-01,21,"Friday"
"2019/07/06","04:02:14.74","eq","l",3,"l",35.89117,-117.683,2.2,"A",37221164,17,2984,2019-07-06 04:02:14.74,68854,2019-07-05 21:02:14.74,2019,"Jul",2019-07-01,21,"Friday"
"2019/07/06","04:02:42.79","eq","l",3.28,"l",35.6935,-117.524,7.5,"A",38457767,30,3017,2019-07-06 04:02:42.79,68855,2019-07-05 21:02:42.79,2019,"Jul",2019-07-01,21,"Friday"
"2019/07/06","04:02:59.57","eq","l",3.48,"l",35.88217,-117.71633,4.8,"A",37221220,45,3027,2019-07-06 04:02:59.57,68856,2019-07-05 21:02:59.57,2019,"Jul",2019-07-01,21,"Friday"
"2019/07/06","04:03:06.16","eq","l",3.11,"l",35.917,-117.7105,6.2,"A",37263228,23,3237,2019-07-06 04:03:06.16,68857,2019-07-05 21:03:06.16,2019,"Jul",2019-07-01,21,"Friday"
"2019/07/06","04:04:09.03","eq","l",3.11,"l",35.57617,-117.34517,4.1,"A",37221236,11,2940,2019-07-06 04:04:09.03,68858,2019-07-05 21:04:09.03,2019,"Jul",2019-07-01,21,"Friday"
"2019/07/06","04:04:53.23","eq","l",3.08,"l",35.89267,-117.72883,6.5,"A",37221388,25,3000,2019-07-06 04:04:53.23,68859,2019-07-05 21:04:53.23,2019,"Jul",2019-07-01,21,"Friday"
"2019/07/06","04:04:57.54","eq","l",2.91,"l",35.81133,-117.58383,8.2,"A",37221396,21,2985,2019-07-06 04:04:57.54,68860,2019-07-05 21:04:57.54,2019,"Jul",2019-07-01,21,"Friday"
"2019/07/06","04:05:14.13","eq","l",2.83,"l",35.87333,-117.721,11.2,"A",37221412,19,2931,2019-07-06 04:05:14.13,68861,2019-07-05 21:05:14.13,2019,"Jul",2019-07-01,21,"Friday"
"2019/07/06","04:05:27.72","eq","l",3.55,"l",35.65783,-117.48667,1.9,"A",37221404,27,3063,2019-07-06 04:05:27.72,68862,2019-07-05 21:05:27.72,2019,"Jul",2019-07-01,21,"Friday"
"2019/07/06","04:05:40.64","eq","l",3.05,"l",35.82917,-117.657,6.3,"A",37263236,21,3265,2019-07-06 04:05:40.64,68863,2019-07-05 21:05:40.64,2019,"Jul",2019-07-01,21,"Friday"
"2019/07/06","04:05:49.90","eq","l",3.9,"l",35.917,-117.70883,2.3,"A",37221188,29,3069,2019-07-06 04:05:49.9,68864,2019-07-05 21:05:49.9,2019,"Jul",2019-07-01,21,"Friday"
"2019/07/06","04:06:10.32","eq","l",3.13,"l",35.87367,-117.738,-0.4,"A",37221196,18,3027,2019-07-06 04:06:10.32,68865,2019-07-05 21:06:10.32,2019,"Jul",2019-07-01,21,"Friday"
"2019/07/06","04:06:14.58","eq","l",3.79,"lr",35.578,-117.37383,5.9,"A",38457887,31,1748,2019-07-06 04:06:14.58,68866,2019-07-05 21:06:14.58,2019,"Jul",2019-07-01,21,"Friday"
"2019/07/06","04:06:31.96","eq","l",3.21,"l",35.598,-117.35883,5.8,"A",37221204,13,3045,2019-07-06 04:06:31.96,68867,2019-07-05 21:06:31.96,2019,"Jul",2019-07-01,21,"Friday"
"2019/07/06","04:06:50.07","eq","l",3.18,"l",35.61967,-117.46083,10.8,"A",37221212,19,3042,2019-07-06 04:06:50.07,68868,2019-07-05 21:06:50.07,2019,"Jul",2019-07-01,21,"Friday"
"2019/07/06","04:07:04.57","eq","l",4.68,"lr",35.55517,-117.5215,5.5,"A",38457775,199,2384,2019-07-06 04:07:04.57,68869,2019-07-05 21:07:04.57,2019,"Jul",2019-07-01,21,"Friday"
"2019/07/06","04:07:15.80","eq","l",3.74,"lr",35.86467,-117.69467,2.7,"A",37263244,14,3328,2019-07-06 04:07:15.8,68870,2019-07-05 21:07:15.8,2019,"Jul",2019-07-01,21,"Friday"
"2019/07/06","04:07:37.93","eq","l",3.62,"lr",35.91033,-117.71767,4,"A",37221428,16,3066,2019-07-06 04:07:37.93,68871,2019-07-05 21:07:37.93,2019,"Jul",2019-07-01,21,"Friday"
"2019/07/06","04:07:52.61","eq","l",3.03,"l",35.896,-117.70233,7.9,"A",37221436,20,3003,2019-07-06 04:07:52.61,68872,2019-07-05 21:07:52.61,2019,"Jul",2019-07-01,21,"Friday"
"2019/07/06","04:08:07.77","eq","l",3.13,"l",35.73983,-117.58067,11.7,"A",37263252,22,3280,2019-07-06 04:08:07.77,68873,2019-07-05 21:08:07.77,2019,"Jul",2019-07-01,21,"Friday"
"2019/07/06","04:08:35.80","eq","l",3.41,"l",35.86883,-117.66667,6.5,"A",38457791,47,1326,2019-07-06 04:08:35.8,68874,2019-07-05 21:08:35.8,2019,"Jul",2019-07-01,21,"Friday"
"2019/07/06","04:08:45.48","eq","l",3.44,"l",35.8875,-117.68333,8.8,"A",37221444,34,3033,2019-07-06 04:08:45.48,68875,2019-07-05 21:08:45.48,2019,"Jul",2019-07-01,21,"Friday"
"2019/07/06","04:08:55.76","eq","l",3,"l",35.88683,-117.687,8.2,"A",37263260,11,3223,2019-07-06 04:08:55.76,68876,2019-07-05 21:08:55.76,2019,"Jul",2019-07-01,21,"Friday"
"2019/07/06","04:09:10.45","eq","l",2.94,"l",35.88817,-117.7235,4.6,"A",37221452,18,2970,2019-07-06 04:09:10.45,68877,2019-07-05 21:09:10.45,2019,"Jul",2019-07-01,21,"Friday"
"2019/07/06","04:09:31.08","eq","l",3.37,"l",35.67817,-117.54667,11.2,"A",37221460,28,3033,2019-07-06 04:09:31.08,68878,2019-07-05 21:09:31.08,2019,"Jul",2019-07-01,21,"Friday"
"2019/07/06","04:09:50.19","eq","l",3.45,"l",35.69167,-117.51167,8.7,"A",37221548,30,3042,2019-07-06 04:09:50.19,68879,2019-07-05 21:09:50.19,2019,"Jul",2019-07-01,21,"Friday"
"2019/07/06","04:10:05.71","eq","l",3.38,"l",35.63533,-117.39967,3,"B",37221556,11,3033,2019-07-06 04:10:05.71,68880,2019-07-05 21:10:05.71,2019,"Jul",2019-07-01,21,"Friday"
"2019/07/06","04:10:06.49","eq","l",3.26,"l",35.82183,-117.64933,6.3,"A",37221564,22,3017,2019-07-06 04:10:06.49,68881,2019-07-05 21:10:06.49,2019,"Jul",2019-07-01,21,"Friday"
"2019/07/06","04:10:37.52","eq","l",3.45,"lr",35.835,-117.675,9.1,"A",38457799,49,1392,2019-07-06 04:10:37.52,68883,2019-07-05 21:10:37.52,2019,"Jul",2019-07-01,21,"Friday"
"2019/07/06","04:10:49.06","eq","l",3.69,"lr",35.77783,-117.58067,10.6,"A",37221580,37,3063,2019-07-06 04:10:49.06,68884,2019-07-05 21:10:49.06,2019,"Jul",2019-07-01,21,"Friday"
"2019/07/06","04:10:52.28","eq","l",3.4,"l",35.925,-117.69467,3.2,"C",37221612,8,3054,2019-07-06 04:10:52.28,68885,2019-07-05 21:10:52.28,2019,"Jul",2019-07-01,21,"Friday"
"2019/07/06","04:10:58.09","eq","l",3.57,"lr",35.87683,-117.71383,9.8,"A",37263324,22,3259,2019-07-06 04:10:58.09,68886,2019-07-05 21:10:58.09,2019,"Jul",2019-07-01,21,"Friday"
"2019/07/06","04:11:02.28","eq","l",3.83,"lr",35.9,-117.69267,6.5,"A",37221588,37,3063,2019-07-06 04:11:02.28,68887,2019-07-05 21:11:02.28,2019,"Jul",2019-07-01,21,"Friday"
"2019/07/06","04:11:08.92","eq","l",3.49,"l",35.92133,-117.70867,9,"A",37258068,12,3298,2019-07-06 04:11:08.92,68888,2019-07-05 21:11:08.92,2019,"Jul",2019-07-01,21,"Friday"
"2019/07/06","04:11:23.28","eq","l",3.25,"l",35.87933,-117.69233,11.3,"A",37221596,19,3027,2019-07-06 04:11:23.28,68889,2019-07-05 21:11:23.28,2019,"Jul",2019-07-01,21,"Friday"
"2019/07/06","04:11:53.94","eq","l",3.08,"l",35.91167,-117.72583,6.8,"A",37221604,16,3009,2019-07-06 04:11:53.94,68890,2019-07-05 21:11:53.94,2019,"Jul",2019-07-01,21,"Friday"
"2019/07/06","04:12:02.55","eq","l",3.09,"l",35.6775,-117.49,1.3,"A",37263332,11,3223,2019-07-06 04:12:02.55,68891,2019-07-05 21:12:02.55,2019,"Jul",2019-07-01,21,"Friday"
"2019/07/06","04:12:13.84","eq","l",3.86,"lr",35.659,-117.47983,7,"A",38457807,40,1596,2019-07-06 04:12:13.84,68892,2019-07-05 21:12:13.84,2019,"Jul",2019-07-01,21,"Friday"
"2019/07/06","04:12:18.85","eq","l",3.87,"l",35.88733,-117.72283,9.2,"A",37221620,23,3066,2019-07-06 04:12:18.85,68893,2019-07-05 21:12:18.85,2019,"Jul",2019-07-01,21,"Friday"
"2019/07/06","04:12:44.17","eq","l",3.57,"lr",35.841,-117.64083,10.1,"A",37221628,32,3060,2019-07-06 04:12:44.17,68894,2019-07-05 21:12:44.17,2019,"Jul",2019-07-01,21,"Friday"
"2019/07/06","04:13:06.13","eq","l",3.63,"lr",35.90917,-117.68933,8.4,"A",37220324,18,3301,2019-07-06 04:13:06.13,68895,2019-07-05 21:13:06.13,2019,"Jul",2019-07-01,21,"Friday"
"2019/07/06","04:13:07.08","eq","l",4.8,"lr",35.58467,-117.6145,9.7,"A",38457815,107,2169,2019-07-06 04:13:07.08,68896,2019-07-05 21:13:07.08,2019,"Jul",2019-07-01,21,"Friday"
"2019/07/06","04:13:30.59","eq","l",3.52,"lr",35.891,-117.72683,10,"A",37263340,19,3247,2019-07-06 04:13:30.59,68897,2019-07-05 21:13:30.59,2019,"Jul",2019-07-01,21,"Friday"
"2019/07/06","04:13:55.12","eq","l",3.43,"l",35.90417,-117.68083,9.4,"A",37221636,13,3044,2019-07-06 04:13:55.12,68898,2019-07-05 21:13:55.12,2019,"Jul",2019-07-01,21,"Friday"
"2019/07/06","04:14:20.80","eq","l",3.84,"lr",35.60417,-117.40267,6.7,"A",37221644,33,3066,2019-07-06 04:14:20.8,68899,2019-07-05 21:14:20.8,2019,"Jul",2019-07-01,21,"Friday"
"2019/07/06","04:14:31.37","eq","l",3.74,"lr",35.6795,-117.49067,0.9,"A",37221708,20,3060,2019-07-06 04:14:31.37,68900,2019-07-05 21:14:31.37,2019,"Jul",2019-07-01,21,"Friday"
"2019/07/06","04:14:55.29","eq","l",3.02,"l",35.7095,-117.50667,7,"A",37263348,17,3213,2019-07-06 04:14:55.29,68901,2019-07-05 21:14:55.29,2019,"Jul",2019-07-01,21,"Friday"
"2019/07/06","04:14:59.20","eq","l",3.04,"l",35.903,-117.72717,4.4,"A",37221716,14,2981,2019-07-06 04:14:59.2,68902,2019-07-05 21:14:59.2,2019,"Jul",2019-07-01,21,"Friday"
"2019/07/06","04:15:15.03","eq","l",2.69,"l",35.88217,-117.72917,3.2,"C",37263356,17,3054,2019-07-06 04:15:15.03,68903,2019-07-05 21:15:15.03,2019,"Jul",2019-07-01,21,"Friday"
"2019/07/06","04:15:24.20","eq","l",2.94,"l",35.90917,-117.7355,10.2,"A",37221868,10,2960,2019-07-06 04:15:24.2,68904,2019-07-05 21:15:24.2,2019,"Jul",2019-07-01,21,"Friday"
"2019/07/06","04:15:30.78","eq","l",2.94,"l",35.89333,-117.728,7,"A",37263364,17,3162,2019-07-06 04:15:30.78,68905,2019-07-05 21:15:30.78,2019,"Jul",2019-07-01,21,"Friday"
"2019/07/06","04:16:01.98","eq","l",3.13,"l",35.887,-117.689,9,"A",37221876,26,2993,2019-07-06 04:16:01.98,68906,2019-07-05 21:16:01.98,2019,"Jul",2019-07-01,21,"Friday"
"2019/07/06","04:16:09.74","eq","l",2.94,"l",35.53083,-117.48833,7.2,"A",38457823,7,1225,2019-07-06 04:16:09.74,68907,2019-07-05 21:16:09.74,2019,"Jul",2019-07-01,21,"Friday"
"2019/07/06","04:16:17.23","eq","l",3.52,"l",35.82483,-117.6715,8.6,"A",38457831,69,1386,2019-07-06 04:16:17.23,68908,2019-07-05 21:16:17.23,2019,"Jul",2019-07-01,21,"Friday"
"2019/07/06","04:16:36.16","eq","l",3.14,"l",35.8115,-117.62633,7.5,"A",37221892,9,3011,2019-07-06 04:16:36.16,68909,2019-07-05 21:16:36.16,2019,"Jul",2019-07-01,21,"Friday"
"2019/07/06","04:16:48.80","eq","l",3.58,"l",35.824,-117.66,5.8,"A",37221884,30,3069,2019-07-06 04:16:48.8,68910,2019-07-05 21:16:48.8,2019,"Jul",2019-07-01,21,"Friday"
"2019/07/06","04:16:58.53","eq","l",2.95,"l",35.78017,-117.604,9.5,"A",37221900,11,2906,2019-07-06 04:16:58.53,68911,2019-07-05 21:16:58.53,2019,"Jul",2019-07-01,21,"Friday"
"2019/07/06","04:17:13.71","eq","l",2.84,"l",35.8155,-117.65,9.1,"A",37263372,25,3153,2019-07-06 04:17:13.71,68912,2019-07-05 21:17:13.71,2019,"Jul",2019-07-01,21,"Friday"
"2019/07/06","04:17:41.00","eq","l",2.96,"l",35.879,-117.66867,7,"A",37221908,27,3003,2019-07-06 04:17:41,68913,2019-07-05 21:17:41,2019,"Jul",2019-07-01,21,"Friday"
"2019/07/06","04:18:07.94","eq","l",3.39,"lr",35.66583,-117.48233,4.2,"A",38457839,52,1629,2019-07-06 04:18:07.94,68914,2019-07-05 21:18:07.94,2019,"Jul",2019-07-01,21,"Friday"
"2019/07/06","04:18:32.60","eq","l",3.16,"l",35.8975,-117.72683,8.2,"A",37221924,8,3036,2019-07-06 04:18:32.6,68915,2019-07-05 21:18:32.6,2019,"Jul",2019-07-01,21,"Friday"
"2019/07/06","04:18:36.03","eq","l",3.63,"l",35.694,-117.53817,8.4,"A",37221916,34,3078,2019-07-06 04:18:36.03,68916,2019-07-05 21:18:36.03,2019,"Jul",2019-07-01,21,"Friday"
"2019/07/06","04:18:55.79","eq","l",5.44,"w",35.91017,-117.68483,7.4,"A",38457847,110,2427,2019-07-06 04:18:55.79,68917,2019-07-05 21:18:55.79,2019,"Jul",2019-07-01,21,"Friday"
"2019/07/06","04:19:15.48","eq","l",4.29,"lr",35.785,-117.6175,10.6,"A",37221932,22,3105,2019-07-06 04:19:15.48,68918,2019-07-05 21:19:15.48,2019,"Jul",2019-07-01,21,"Friday"
"2019/07/06","04:19:40.83","eq","l",3.37,"l",35.889,-117.7245,1.3,"C",37263380,11,3241,2019-07-06 04:19:40.83,68919,2019-07-05 21:19:40.83,2019,"Jul",2019-07-01,21,"Friday"
"2019/07/06","04:19:54.94","eq","l",3.83,"lr",35.885,-117.717,4.9,"A",38457855,30,2405,2019-07-06 04:19:54.94,68920,2019-07-05 21:19:54.94,2019,"Jul",2019-07-01,21,"Friday"
"2019/07/06","04:19:56.01","eq","l",4.01,"lr",35.58083,-117.40417,5.2,"A",38457863,13,2237,2019-07-06 04:19:56.01,68921,2019-07-05 21:19:56.01,2019,"Jul",2019-07-01,21,"Friday"
"2019/07/06","04:20:06.18","eq","l",3.53,"l",35.89817,-117.71,10.2,"A",37263396,11,3253,2019-07-06 04:20:06.18,68922,2019-07-05 21:20:06.18,2019,"Jul",2019-07-01,21,"Friday"
"2019/07/06","04:20:22.14","eq","l",3.36,"l",35.87733,-117.7265,4.2,"A",37263484,18,3241,2019-07-06 04:20:22.14,68923,2019-07-05 21:20:22.14,2019,"Jul",2019-07-01,21,"Friday"
"2019/07/06","04:20:28.20","eq","l",3.68,"l",35.92467,-117.70883,2.8,"A",37221940,17,3090,2019-07-06 04:20:28.2,68924,2019-07-05 21:20:28.2,2019,"Jul",2019-07-01,21,"Friday"
"2019/07/06","04:20:40.16","eq","l",2.92,"l",35.896,-117.73017,5.9,"A",37263492,9,3163,2019-07-06 04:20:40.16,68925,2019-07-05 21:20:40.16,2019,"Jul",2019-07-01,21,"Friday"
"2019/07/06","04:20:46.91","eq","l",3.6,"l",35.8735,-117.7,3.2,"C",37221948,17,3078,2019-07-06 04:20:46.91,68926,2019-07-05 21:20:46.91,2019,"Jul",2019-07-01,21,"Friday"
"2019/07/06","04:21:00.22","eq","l",3.53,"l",35.79717,-117.62433,8.5,"A",37263500,37,3262,2019-07-06 04:21:00.22,68927,2019-07-05 21:21:00.22,2019,"Jul",2019-07-01,21,"Friday"
"2019/07/06","04:21:35.82","eq","l",4.17,"lr",35.77867,-117.61217,2.6,"A",38457871,69,1887,2019-07-06 04:21:35.82,68928,2019-07-05 21:21:35.82,2019,"Jul",2019-07-01,21,"Friday"
"2019/07/06","04:21:53.76","eq","l",3.62,"l",35.71667,-117.55483,6.8,"A",37222028,29,3078,2019-07-06 04:21:53.76,68929,2019-07-05 21:21:53.76,2019,"Jul",2019-07-01,21,"Friday"
"2019/07/06","04:22:16.20","eq","l",3.64,"l",35.86117,-117.69117,7.7,"A",37222036,42,3078,2019-07-06 04:22:16.2,68930,2019-07-05 21:22:16.2,2019,"Jul",2019-07-01,21,"Friday"
"2019/07/06","04:22:39.10","eq","l",3.09,"l",35.913,-117.74467,6.2,"A",37222044,29,3023,2019-07-06 04:22:39.1,68931,2019-07-05 21:22:39.1,2019,"Jul",2019-07-01,21,"Friday"
"2019/07/06","04:23:14.24","eq","l",2.93,"l",35.89217,-117.706,5.8,"A",37222068,20,2990,2019-07-06 04:23:14.24,68932,2019-07-05 21:23:14.24,2019,"Jul",2019-07-01,21,"Friday"
"2019/07/06","04:23:29.51","eq","l",3.37,"l",35.65067,-117.488,1.1,"A",37222052,25,3039,2019-07-06 04:23:29.51,68933,2019-07-05 21:23:29.51,2019,"Jul",2019-07-01,21,"Friday"
"2019/07/06","04:23:29.83","eq","l",3.34,"l",35.8885,-117.71867,4.6,"A",37222060,39,3018,2019-07-06 04:23:29.83,68934,2019-07-05 21:23:29.83,2019,"Jul",2019-07-01,21,"Friday"
"2019/07/06","04:23:52.58","eq","l",3.09,"l",35.89267,-117.69633,9.7,"A",37263508,15,3187,2019-07-06 04:23:52.58,68935,2019-07-05 21:23:52.58,2019,"Jul",2019-07-01,21,"Friday"
"2019/07/06","04:24:14.94","eq","l",3.26,"l",35.63567,-117.429,5.7,"A",38457879,30,1743,2019-07-06 04:24:14.94,68937,2019-07-05 21:24:14.94,2019,"Jul",2019-07-01,21,"Friday"
"2019/07/06","04:24:40.67","eq","l",3.65,"lr",35.89767,-117.6995,7.4,"A",38457895,53,1293,2019-07-06 04:24:40.67,68938,2019-07-05 21:24:40.67,2019,"Jul",2019-07-01,21,"Friday"
"2019/07/06","04:24:43.32","eq","l",3.67,"l",35.67417,-117.549,8,"A",37222092,24,3042,2019-07-06 04:24:43.32,68939,2019-07-05 21:24:43.32,2019,"Jul",2019-07-01,21,"Friday"
"2019/07/06","04:25:24.62","eq","l",2.74,"l",35.62817,-117.35517,8.5,"A",37222108,13,2964,2019-07-06 04:25:24.62,68940,2019-07-05 21:25:24.62,2019,"Jul",2019-07-01,21,"Friday"
"2019/07/06","04:25:36.10","eq","l",2.96,"l",35.88383,-117.73117,3,"A",37222116,26,2976,2019-07-06 04:25:36.1,68941,2019-07-05 21:25:36.1,2019,"Jul",2019-07-01,21,"Friday"
"2019/07/06","04:26:09.86","eq","l",2.85,"l",35.87,-117.70017,4.1,"A",37222124,17,2949,2019-07-06 04:26:09.86,68942,2019-07-05 21:26:09.86,2019,"Jul",2019-07-01,21,"Friday"
"2019/07/06","04:26:17.23","eq","l",2.87,"l",35.90317,-117.6905,6.5,"A",37222132,15,2946,2019-07-06 04:26:17.23,68943,2019-07-05 21:26:17.23,2019,"Jul",2019-07-01,21,"Friday"
"2019/07/06","04:26:37.29","eq","l",3.23,"l",35.90167,-117.71367,10,"A",37222140,29,3024,2019-07-06 04:26:37.29,68944,2019-07-05 21:26:37.29,2019,"Jul",2019-07-01,21,"Friday"
"2019/07/06","04:26:55.77","eq","l",2.83,"l",35.69183,-117.60783,2,"A",37222148,22,2985,2019-07-06 04:26:55.77,68945,2019-07-05 21:26:55.77,2019,"Jul",2019-07-01,21,"Friday"
"2019/07/06","04:27:10.34","eq","l",3.59,"lr",35.88717,-117.71317,6,"A",38457903,68,1293,2019-07-06 04:27:10.34,68946,2019-07-05 21:27:10.34,2019,"Jul",2019-07-01,21,"Friday"
"2019/07/06","04:28:09.26","eq","l",3.51,"l",35.88217,-117.72617,3.8,"A",37222156,62,3030,2019-07-06 04:28:09.26,68947,2019-07-05 21:28:09.26,2019,"Jul",2019-07-01,21,"Friday"
"2019/07/06","04:28:38.50","eq","l",3.16,"l",35.89533,-117.731,7,"A",37222164,28,3003,2019-07-06 04:28:38.5,68948,2019-07-05 21:28:38.5,2019,"Jul",2019-07-01,21,"Friday"
"2019/07/06","04:29:02.20","eq","l",3.6,"lr",35.7955,-117.63067,2.8,"A",38457911,68,1426,2019-07-06 04:29:02.2,68949,2019-07-05 21:29:02.2,2019,"Jul",2019-07-01,21,"Friday"
"2019/07/06","04:29:21.40","eq","l",3.08,"l",35.8655,-117.6895,9.1,"A",37263516,18,3205,2019-07-06 04:29:21.4,68950,2019-07-05 21:29:21.4,2019,"Jul",2019-07-01,21,"Friday"
"2019/07/06","04:30:03.43","eq","l",3.23,"l",35.89917,-117.6965,2.5,"A",37224788,27,3019,2019-07-06 04:30:03.43,68951,2019-07-05 21:30:03.43,2019,"Jul",2019-07-01,21,"Friday"
"2019/07/06","04:30:09.21","eq","l",3,"l",35.894,-117.69983,0.8,"A",37263644,10,3197,2019-07-06 04:30:09.21,68952,2019-07-05 21:30:09.21,2019,"Jul",2019-07-01,21,"Friday"
"2019/07/06","04:30:44.04","eq","l",3.04,"l",35.87233,-117.6735,8.3,"A",38457919,21,1283,2019-07-06 04:30:44.04,68953,2019-07-05 21:30:44.04,2019,"Jul",2019-07-01,21,"Friday"
"2019/07/06","04:30:46.82","eq","l",3.49,"l",35.68333,-117.51117,10.9,"A",37224748,32,3030,2019-07-06 04:30:46.82,68954,2019-07-05 21:30:46.82,2019,"Jul",2019-07-01,21,"Friday"
"2019/07/06","04:31:05.25","eq","l",3.54,"l",35.84083,-117.66017,4.8,"A",38457927,61,1379,2019-07-06 04:31:05.25,68955,2019-07-05 21:31:05.25,2019,"Jul",2019-07-01,21,"Friday"
"2019/07/06","04:31:19.46","eq","l",3.75,"lr",35.56567,-117.39583,3.4,"A",37224756,41,3039,2019-07-06 04:31:19.46,68956,2019-07-05 21:31:19.46,2019,"Jul",2019-07-01,21,"Friday"
"2019/07/06","04:31:38.20","eq","l",3.41,"l",35.89883,-117.72617,5.8,"A",37224764,26,3015,2019-07-06 04:31:38.2,68957,2019-07-05 21:31:38.2,2019,"Jul",2019-07-01,21,"Friday"
"2019/07/06","04:31:42.38","eq","l",3.28,"l",35.89367,-117.73367,6.7,"A",37263532,14,3235,2019-07-06 04:31:42.38,68958,2019-07-05 21:31:42.38,2019,"Jul",2019-07-01,21,"Friday"
"2019/07/06","04:32:02.53","eq","l",2.91,"l",35.9225,-117.71917,3.1,"A",37263540,20,3157,2019-07-06 04:32:02.53,68959,2019-07-05 21:32:02.53,2019,"Jul",2019-07-01,21,"Friday"
"2019/07/06","04:32:12.86","eq","l",3.17,"l",35.78183,-117.605,4.6,"A",37263548,36,3232,2019-07-06 04:32:12.86,68960,2019-07-05 21:32:12.86,2019,"Jul",2019-07-01,21,"Friday"
"2019/07/06","04:32:26.13","eq","l",2.91,"l",35.86083,-117.673,5.7,"A",37263556,15,3175,2019-07-06 04:32:26.13,68961,2019-07-05 21:32:26.13,2019,"Jul",2019-07-01,21,"Friday"
"2019/07/06","04:32:42.69","eq","l",2.97,"l",35.66183,-117.53567,9.1,"A",37263564,42,3229,2019-07-06 04:32:42.69,68962,2019-07-05 21:32:42.69,2019,"Jul",2019-07-01,21,"Friday"
"2019/07/06","04:33:04.73","eq","l",2.84,"l",35.89233,-117.69933,7,"A",37263660,21,3142,2019-07-06 04:33:04.73,68963,2019-07-05 21:33:04.73,2019,"Jul",2019-07-01,21,"Friday"
"2019/07/06","04:33:12.36","eq","l",2.9,"l",35.92583,-117.71867,6.4,"A",37263668,15,3154,2019-07-06 04:33:12.36,68964,2019-07-05 21:33:12.36,2019,"Jul",2019-07-01,21,"Friday"
"2019/07/06","04:33:24.41","eq","l",3.34,"l",35.9205,-117.714,2.6,"A",38457935,57,1238,2019-07-06 04:33:24.41,68965,2019-07-05 21:33:24.41,2019,"Jul",2019-07-01,21,"Friday"
"2019/07/06","04:33:34.33","eq","l",2.98,"l",35.88667,-117.71383,5.2,"A",37263676,13,3187,2019-07-06 04:33:34.33,68966,2019-07-05 21:33:34.33,2019,"Jul",2019-07-01,21,"Friday"
"2019/07/06","04:33:40.15","eq","l",3.05,"l",35.87867,-117.703,6.6,"A",37263684,17,3203,2019-07-06 04:33:40.15,68967,2019-07-05 21:33:40.15,2019,"Jul",2019-07-01,21,"Friday"
"2019/07/06","04:33:50.06","eq","l",3.61,"lr",35.8285,-117.6625,3,"A",37224772,54,3058,2019-07-06 04:33:50.06,68968,2019-07-05 21:33:50.06,2019,"Jul",2019-07-01,21,"Friday"
"2019/07/06","04:34:01.80","eq","l",3.22,"l",35.87417,-117.70217,6.3,"A",37224796,24,3025,2019-07-06 04:34:01.8,68969,2019-07-05 21:34:01.8,2019,"Jul",2019-07-01,21,"Friday"
"2019/07/06","04:34:11.15","eq","l",3.53,"l",35.8965,-117.73983,7.8,"A",37224780,36,3052,2019-07-06 04:34:11.15,68970,2019-07-05 21:34:11.15,2019,"Jul",2019-07-01,21,"Friday"
"2019/07/06","04:34:24.33","eq","l",3.13,"l",35.87367,-117.71633,4.5,"A",37224804,27,3013,2019-07-06 04:34:24.33,68971,2019-07-05 21:34:24.33,2019,"Jul",2019-07-01,21,"Friday"
"2019/07/06","04:34:38.32","eq","l",3.18,"l",35.67517,-117.53483,7.8,"A",37224812,24,3030,2019-07-06 04:34:38.32,68972,2019-07-05 21:34:38.32,2019,"Jul",2019-07-01,21,"Friday"
"2019/07/06","04:34:47.83","eq","l",2.78,"l",35.90533,-117.72333,5.9,"A",37263700,16,3109,2019-07-06 04:34:47.83,68973,2019-07-05 21:34:47.83,2019,"Jul",2019-07-01,21,"Friday"
"2019/07/06","04:34:59.88","eq","l",2.57,"l",35.89983,-117.742,6.6,"A",37263692,15,2992,2019-07-06 04:34:59.88,68974,2019-07-05 21:34:59.88,2019,"Jul",2019-07-01,21,"Friday"
"2019/07/06","04:35:15.90","eq","l",3.21,"l",35.5975,-117.40433,4.9,"A",37224820,28,3036,2019-07-06 04:35:15.9,68975,2019-07-05 21:35:15.9,2019,"Jul",2019-07-01,21,"Friday"
"2019/07/06","04:35:19.44","eq","l",3.79,"lr",35.89717,-117.72517,4.2,"A",37224908,69,3069,2019-07-06 04:35:19.44,68976,2019-07-05 21:35:19.44,2019,"Jul",2019-07-01,21,"Friday"
"2019/07/06","04:36:19.87","eq","l",2.74,"l",35.95817,-117.70983,7.8,"A",37224916,13,2907,2019-07-06 04:36:19.87,68977,2019-07-05 21:36:19.87,2019,"Jul",2019-07-01,21,"Friday"
"2019/07/06","04:36:30.49","eq","l",3.17,"l",35.70617,-117.512,2.3,"A",38457951,31,1566,2019-07-06 04:36:30.49,68978,2019-07-05 21:36:30.49,2019,"Jul",2019-07-01,21,"Friday"
"2019/07/06","04:36:34.90","eq","l",2.88,"l",35.909,-117.68283,7.5,"A",37224956,21,2970,2019-07-06 04:36:34.9,68979,2019-07-05 21:36:34.9,2019,"Jul",2019-07-01,21,"Friday"
"2019/07/06","04:36:43.37","eq","l",2.86,"l",35.8755,-117.69317,8.4,"A",37224940,16,2970,2019-07-06 04:36:43.37,68980,2019-07-05 21:36:43.37,2019,"Jul",2019-07-01,21,"Friday"
"2019/07/06","04:36:50.23","eq","l",3.8,"lr",35.86883,-117.70667,2.8,"A",37224932,36,3072,2019-07-06 04:36:50.23,68981,2019-07-05 21:36:50.23,2019,"Jul",2019-07-01,21,"Friday"
"2019/07/06","04:36:55.31","eq","l",4.85,"w",35.9,-117.73767,1.9,"A",38457967,108,2176,2019-07-06 04:36:55.31,68982,2019-07-05 21:36:55.31,2019,"Jul",2019-07-01,21,"Friday"
"2019/07/06","04:37:13.57","eq","l",4.33,"lr",35.91,-117.74533,8,"A",37224964,40,3094,2019-07-06 04:37:13.57,68983,2019-07-05 21:37:13.57,2019,"Jul",2019-07-01,21,"Friday"
"2019/07/06","04:37:31.52","eq","l",3.22,"l",35.70517,-117.52667,8.9,"B",37263716,11,3244,2019-07-06 04:37:31.52,68984,2019-07-05 21:37:31.52,2019,"Jul",2019-07-01,21,"Friday"
"2019/07/06","04:37:43.64","eq","l",3.27,"l",35.82667,-117.6645,8.4,"A",37224972,14,3048,2019-07-06 04:37:43.64,68985,2019-07-05 21:37:43.64,2019,"Jul",2019-07-01,21,"Friday"
"2019/07/06","04:38:08.61","eq","l",3.59,"lr",35.63267,-117.434,6.3,"A",37263724,57,3269,2019-07-06 04:38:08.61,68986,2019-07-05 21:38:08.61,2019,"Jul",2019-07-01,21,"Friday"
"2019/07/06","04:38:24.63","eq","l",3.02,"l",35.686,-117.5345,8.1,"A",37263732,14,3229,2019-07-06 04:38:24.63,68987,2019-07-05 21:38:24.63,2019,"Jul",2019-07-01,21,"Friday"
"2019/07/06","04:39:10.04","eq","l",3.15,"l",35.88933,-117.74317,6.6,"A",38457975,36,820,2019-07-06 04:39:10.04,68988,2019-07-05 21:39:10.04,2019,"Jul",2019-07-01,21,"Friday"
"2019/07/06","04:39:43.93","eq","l",3.42,"l",35.89017,-117.7095,8.4,"A",37224980,24,3061,2019-07-06 04:39:43.93,68989,2019-07-05 21:39:43.93,2019,"Jul",2019-07-01,21,"Friday"
"2019/07/06","04:39:46.02","eq","l",3.4,"l",35.89,-117.711,7.5,"A",37224988,19,3058,2019-07-06 04:39:46.02,68990,2019-07-05 21:39:46.02,2019,"Jul",2019-07-01,21,"Friday"
"2019/07/06","04:40:09.69","eq","l",3.42,"l",35.837,-117.66633,9.8,"A",37224996,39,3061,2019-07-06 04:40:09.69,68991,2019-07-05 21:40:09.69,2019,"Jul",2019-07-01,21,"Friday"
"2019/07/06","04:40:15.98","eq","l",4.24,"lr",35.64283,-117.44567,2.9,"A",38457983,79,2045,2019-07-06 04:40:15.98,68992,2019-07-05 21:40:15.98,2019,"Jul",2019-07-01,21,"Friday"
"2019/07/06","04:40:39.61","eq","l",3.39,"l",35.8805,-117.71517,3.4,"A",37225004,29,3049,2019-07-06 04:40:39.61,68993,2019-07-05 21:40:39.61,2019,"Jul",2019-07-01,21,"Friday"
"2019/07/06","04:41:03.05","eq","l",3.61,"lr",35.89933,-117.72483,5.6,"A",38457991,46,1287,2019-07-06 04:41:03.05,68994,2019-07-05 21:41:03.05,2019,"Jul",2019-07-01,21,"Friday"
"2019/07/06","04:41:36.26","eq","l",2.79,"l",35.885,-117.72983,3.4,"A",37225012,16,2940,2019-07-06 04:41:36.26,68995,2019-07-05 21:41:36.26,2019,"Jul",2019-07-01,21,"Friday"
"2019/07/06","04:41:49.21","eq","l",3.45,"lr",35.88683,-117.691,6.8,"A",38457999,86,1326,2019-07-06 04:41:49.21,68996,2019-07-05 21:41:49.21,2019,"Jul",2019-07-01,21,"Friday"
"2019/07/06","04:42:16.44","eq","l",2.62,"l",36.08617,-117.77383,8.4,"A",37225020,12,2854,2019-07-06 04:42:16.44,68997,2019-07-05 21:42:16.44,2019,"Jul",2019-07-01,21,"Friday"
"2019/07/06","04:42:26.86","eq","l",2.77,"l",35.95133,-117.83483,8.2,"A",37225028,16,2926,2019-07-06 04:42:26.86,68998,2019-07-05 21:42:26.86,2019,"Jul",2019-07-01,21,"Friday"
"2019/07/06","04:42:47.40","eq","l",2.74,"l",35.6105,-117.59867,5.3,"C",37225036,11,2980,2019-07-06 04:42:47.4,68999,2019-07-05 21:42:47.4,2019,"Jul",2019-07-01,21,"Friday"
"2019/07/06","04:42:54.39","eq","l",3.36,"l",35.6915,-117.6045,6.6,"A",38458007,70,1570,2019-07-06 04:42:54.39,69000,2019-07-05 21:42:54.39,2019,"Jul",2019-07-01,21,"Friday"
"2019/07/06","04:43:22.91","eq","l",3.14,"l",35.6975,-117.5495,10.4,"A",37225044,47,3040,2019-07-06 04:43:22.91,69001,2019-07-05 21:43:22.91,2019,"Jul",2019-07-01,21,"Friday"
"2019/07/06","04:44:09.19","eq","l",3.03,"l",35.887,-117.72767,6.2,"A",38458015,41,807,2019-07-06 04:44:09.19,69002,2019-07-05 21:44:09.19,2019,"Jul",2019-07-01,21,"Friday"
"2019/07/06","04:44:32.39","eq","l",3.33,"l",35.62283,-117.57917,7,"A",38458023,36,1711,2019-07-06 04:44:32.39,69004,2019-07-05 21:44:32.39,2019,"Jul",2019-07-01,21,"Friday"
"2019/07/06","04:44:37.67","eq","l",3.14,"l",35.9085,-117.74117,6.5,"A",37225084,28,3007,2019-07-06 04:44:37.67,69005,2019-07-05 21:44:37.67,2019,"Jul",2019-07-01,21,"Friday"
"2019/07/06","04:45:22.59","eq","l",2.53,"l",35.924,-117.71217,6.7,"A",37225124,24,2824,2019-07-06 04:45:22.59,69006,2019-07-05 21:45:22.59,2019,"Jul",2019-07-01,21,"Friday"
"2019/07/06","04:45:25.55","eq","l",2.88,"l",35.675,-117.4715,4.5,"A",37225140,14,2989,2019-07-06 04:45:25.55,69007,2019-07-05 21:45:25.55,2019,"Jul",2019-07-01,21,"Friday"
"2019/07/06","04:45:28.81","eq","l",2.6,"l",35.87233,-117.672,10.3,"A",37225132,17,2857,2019-07-06 04:45:28.81,69008,2019-07-05 21:45:28.81,2019,"Jul",2019-07-01,21,"Friday"
"2019/07/06","04:45:36.47","eq","l",3.56,"l",35.90517,-117.72417,4.5,"A",38458031,84,1296,2019-07-06 04:45:36.47,69009,2019-07-05 21:45:36.47,2019,"Jul",2019-07-01,21,"Friday"
"2019/07/06","04:45:40.92","eq","l",3.33,"l",35.903,-117.67483,9,"A",37225100,20,3019,2019-07-06 04:45:40.92,69010,2019-07-05 21:45:40.92,2019,"Jul",2019-07-01,21,"Friday"
"2019/07/06","04:46:10.12","eq","l",2.6,"l",35.90783,-117.71883,2.1,"A",37225148,17,2854,2019-07-06 04:46:10.12,69011,2019-07-05 21:46:10.12,2019,"Jul",2019-07-01,21,"Friday"
"2019/07/06","04:46:37.60","eq","l",2.89,"l",35.898,-117.73033,6.5,"A",37225156,21,2929,2019-07-06 04:46:37.6,69012,2019-07-05 21:46:37.6,2019,"Jul",2019-07-01,21,"Friday"
"2019/07/06","04:47:30.93","eq","l",3.05,"l",35.754,-117.55167,11.1,"A",38458047,67,1492,2019-07-06 04:47:30.93,69014,2019-07-05 21:47:30.93,2019,"Jul",2019-07-01,21,"Friday"
"2019/07/06","04:47:37.15","eq","l",3.16,"l",35.63033,-117.36017,4.8,"A",37225172,9,3001,2019-07-06 04:47:37.15,69015,2019-07-05 21:47:37.15,2019,"Jul",2019-07-01,21,"Friday"
"2019/07/06","04:48:10.82","eq","l",2.9,"l",35.65117,-117.45767,5.7,"A",37225180,40,2974,2019-07-06 04:48:10.82,69016,2019-07-05 21:48:10.82,2019,"Jul",2019-07-01,21,"Friday"
"2019/07/06","04:48:35.64","eq","l",2.97,"l",35.87933,-117.69183,4.2,"A",37225188,28,2962,2019-07-06 04:48:35.64,69017,2019-07-05 21:48:35.64,2019,"Jul",2019-07-01,21,"Friday"
"2019/07/06","04:48:48.86","eq","l",3.12,"l",35.82933,-117.6585,7.4,"A",37225196,39,2995,2019-07-06 04:48:48.86,69018,2019-07-05 21:48:48.86,2019,"Jul",2019-07-01,21,"Friday"
"2019/07/06","04:48:57.88","eq","l",2.97,"l",35.86867,-117.70367,5.8,"A",37263740,17,3185,2019-07-06 04:48:57.88,69019,2019-07-05 21:48:57.88,2019,"Jul",2019-07-01,21,"Friday"
"2019/07/06","04:49:02.34","eq","l",3.05,"l",35.64267,-117.44067,2.6,"A",37225204,24,2995,2019-07-06 04:49:02.34,69020,2019-07-05 21:49:02.34,2019,"Jul",2019-07-01,21,"Friday"
"2019/07/06","04:49:19.14","eq","l",2.65,"l",35.861,-117.6645,8.3,"A",37225212,23,2872,2019-07-06 04:49:19.14,69021,2019-07-05 21:49:19.14,2019,"Jul",2019-07-01,21,"Friday"
"2019/07/06","04:49:42.55","eq","l",3.71,"lr",35.8815,-117.73017,8.1,"A",38458063,91,1318,2019-07-06 04:49:42.55,69022,2019-07-05 21:49:42.55,2019,"Jul",2019-07-01,21,"Friday"
"2019/07/06","04:49:56.62","eq","l",2.98,"l",35.78267,-117.64717,9.3,"A",37263756,18,3203,2019-07-06 04:49:56.62,69023,2019-07-05 21:49:56.62,2019,"Jul",2019-07-01,21,"Friday"
"2019/07/06","04:50:04.10","eq","l",3.68,"lr",35.79067,-117.61333,7.2,"A",37225220,40,3048,2019-07-06 04:50:04.1,69024,2019-07-05 21:50:04.1,2019,"Jul",2019-07-01,21,"Friday"
"2019/07/06","04:50:11.88","eq","l",3.51,"lr",35.892,-117.72883,5.6,"A",37263764,18,3256,2019-07-06 04:50:11.88,69025,2019-07-05 21:50:11.88,2019,"Jul",2019-07-01,21,"Friday"
"2019/07/06","04:50:16.12","eq","l",3.72,"lr",35.896,-117.732,7.2,"A",37225228,40,1261,2019-07-06 04:50:16.12,69026,2019-07-05 21:50:16.12,2019,"Jul",2019-07-01,21,"Friday"
"2019/07/06","04:50:23.49","eq","l",3.41,"l",35.897,-117.70817,5.6,"A",37263772,11,3253,2019-07-06 04:50:23.49,69027,2019-07-05 21:50:23.49,2019,"Jul",2019-07-01,21,"Friday"
"2019/07/06","04:50:42.22","eq","l",3.45,"l",35.70783,-117.50083,1.5,"A",37225388,19,3042,2019-07-06 04:50:42.22,69028,2019-07-05 21:50:42.22,2019,"Jul",2019-07-01,21,"Friday"
"2019/07/06","04:51:03.29","eq","l",2.6,"l",35.61217,-117.46417,3.9,"A",37225396,12,2886,2019-07-06 04:51:03.29,69029,2019-07-05 21:51:03.29,2019,"Jul",2019-07-01,21,"Friday"
"2019/07/06","04:51:40.76","eq","l",2.65,"l",35.6615,-117.45633,4.7,"A",37263804,13,3137,2019-07-06 04:51:40.76,69030,2019-07-05 21:51:40.76,2019,"Jul",2019-07-01,21,"Friday"
"2019/07/06","04:51:43.57","eq","l",2.82,"l",35.879,-117.709,6.1,"A",37225404,31,2893,2019-07-06 04:51:43.57,69031,2019-07-05 21:51:43.57,2019,"Jul",2019-07-01,21,"Friday"
"2019/07/06","04:51:49.07","eq","l",3.04,"l",35.923,-117.71133,3.9,"A",37225412,18,2953,2019-07-06 04:51:49.07,69032,2019-07-05 21:51:49.07,2019,"Jul",2019-07-01,21,"Friday"
"2019/07/06","04:52:04.01","eq","l",4.55,"w",35.8895,-117.73233,5.4,"A",38458071,58,1297,2019-07-06 04:52:04.01,69033,2019-07-05 21:52:04.01,2019,"Jul",2019-07-01,21,"Friday"
"2019/07/06","04:52:17.71","eq","l",4.47,"lr",35.87733,-117.6945,3.3,"A",38458079,151,2151,2019-07-06 04:52:17.71,69034,2019-07-05 21:52:17.71,2019,"Jul",2019-07-01,21,"Friday"
"2019/07/06","04:52:45.23","eq","l",3.4,"l",35.86983,-117.6935,2.5,"A",37225420,17,2992,2019-07-06 04:52:45.23,69035,2019-07-05 21:52:45.23,2019,"Jul",2019-07-01,21,"Friday"
"2019/07/06","04:53:03.96","eq","l",3.54,"l",35.89667,-117.73533,6.8,"A",37225428,27,2998,2019-07-06 04:53:03.96,69036,2019-07-05 21:53:03.96,2019,"Jul",2019-07-01,21,"Friday"
"2019/07/06","04:53:41.99","eq","l",3.98,"lr",35.875,-117.6595,6.9,"A",38458087,93,1816,2019-07-06 04:53:41.99,69037,2019-07-05 21:53:41.99,2019,"Jul",2019-07-01,21,"Friday"
"2019/07/06","04:53:45.34","eq","l",3.66,"lr",35.59217,-117.5275,9.9,"A",37225436,17,1256,2019-07-06 04:53:45.34,69038,2019-07-05 21:53:45.34,2019,"Jul",2019-07-01,21,"Friday"
"2019/07/06","04:54:04.72","eq","l",2.94,"l",35.91383,-117.71067,7.3,"A",37225452,17,2932,2019-07-06 04:54:04.72,69039,2019-07-05 21:54:04.72,2019,"Jul",2019-07-01,21,"Friday"
"2019/07/06","04:54:34.81","eq","l",2.94,"l",35.89367,-117.7225,5.4,"A",38458095,32,803,2019-07-06 04:54:34.81,69040,2019-07-05 21:54:34.81,2019,"Jul",2019-07-01,21,"Friday"
"2019/07/06","04:55:21.89","eq","l",3,"l",35.71333,-117.5515,4.8,"A",37225548,25,2974,2019-07-06 04:55:21.89,69041,2019-07-05 21:55:21.89,2019,"Jul",2019-07-01,21,"Friday"
"2019/07/06","04:55:22.74","eq","l",3.14,"l",35.74133,-117.56617,11.2,"A",38458103,38,1042,2019-07-06 04:55:22.74,69042,2019-07-05 21:55:22.74,2019,"Jul",2019-07-01,21,"Friday"
"2019/07/06","04:55:47.03","eq","l",3.04,"l",35.8775,-117.70217,11,"A",38458111,35,824,2019-07-06 04:55:47.03,69043,2019-07-05 21:55:47.03,2019,"Jul",2019-07-01,21,"Friday"
"2019/07/06","04:56:02.22","eq","l",3.22,"l",35.8755,-117.65533,7.3,"A",38458119,52,819,2019-07-06 04:56:02.22,69044,2019-07-05 21:56:02.22,2019,"Jul",2019-07-01,21,"Friday"
"2019/07/06","04:56:13.98","eq","l",2.6,"l",35.52183,-117.39267,5.9,"A",37426981,10,2905,2019-07-06 04:56:13.98,69045,2019-07-05 21:56:13.98,2019,"Jul",2019-07-01,21,"Friday"
"2019/07/06","04:57:26.62","eq","l",3.26,"l",35.926,-117.7065,3.9,"A",38458127,45,976,2019-07-06 04:57:26.62,69048,2019-07-05 21:57:26.62,2019,"Jul",2019-07-01,21,"Friday"
"2019/07/06","04:58:12.04","eq","l",3.45,"lr",35.63217,-117.433,3.2,"A",38458135,56,1686,2019-07-06 04:58:12.04,69050,2019-07-05 21:58:12.04,2019,"Jul",2019-07-01,21,"Friday"
"2019/07/06","04:58:36.69","eq","l",4.03,"lr",35.70733,-117.57067,2.9,"A",38458143,90,1981,2019-07-06 04:58:36.69,69051,2019-07-05 21:58:36.69,2019,"Jul",2019-07-01,21,"Friday"
"2019/07/06","04:59:04.03","eq","l",2.81,"l",35.88833,-117.72167,9.3,"A",37427045,16,2884,2019-07-06 04:59:04.03,69052,2019-07-05 21:59:04.03,2019,"Jul",2019-07-01,21,"Friday"
"2019/07/06","04:59:16.42","eq","l",2.98,"l",35.87317,-117.716,8.4,"A",37427053,29,2950,2019-07-06 04:59:16.42,69053,2019-07-05 21:59:16.42,2019,"Jul",2019-07-01,21,"Friday"
"2019/07/06","04:59:44.74","eq","l",2.62,"l",35.86667,-117.70283,8.9,"A",37427061,25,2769,2019-07-06 04:59:44.74,69054,2019-07-05 21:59:44.74,2019,"Jul",2019-07-01,21,"Friday"
"2019/07/06","05:00:00.78","eq","l",2.67,"l",35.90183,-117.76867,4.2,"A",37427069,15,2857,2019-07-06 05:00:00.78,69055,2019-07-05 22:00:00.78,2019,"Jul",2019-07-01,22,"Friday"
"2019/07/06","05:00:29.05","eq","l",3.24,"l",35.88133,-117.70417,2.9,"A",38458159,77,1303,2019-07-06 05:00:29.05,69056,2019-07-05 22:00:29.05,2019,"Jul",2019-07-01,22,"Friday"
"2019/07/06","05:00:43.61","eq","l",3.09,"l",35.90317,-117.731,6.2,"A",37427093,30,2970,2019-07-06 05:00:43.61,69057,2019-07-05 22:00:43.61,2019,"Jul",2019-07-01,22,"Friday"
"2019/07/06","05:00:54.29","eq","l",2.84,"l",35.87717,-117.6915,9.3,"A",37427101,22,2920,2019-07-06 05:00:54.29,69058,2019-07-05 22:00:54.29,2019,"Jul",2019-07-01,22,"Friday"
"2019/07/06","05:01:43.09","eq","l",2.91,"l",35.90667,-117.7255,5.4,"A",37427165,10,2930,2019-07-06 05:01:43.09,69060,2019-07-05 22:01:43.09,2019,"Jul",2019-07-01,22,"Friday"
"2019/07/06","05:01:50.66","eq","l",2.98,"l",35.8945,-117.69683,6.2,"A",37427173,27,2953,2019-07-06 05:01:50.66,69061,2019-07-05 22:01:50.66,2019,"Jul",2019-07-01,22,"Friday"
"2019/07/06","05:01:51.26","eq","l",2.93,"l",35.9375,-117.672,11.2,"A",37427181,8,2989,2019-07-06 05:01:51.26,69062,2019-07-05 22:01:51.26,2019,"Jul",2019-07-01,22,"Friday"
"2019/07/06","05:01:53.03","eq","l",3,"l",35.70967,-117.54683,6.6,"A",37427197,28,2977,2019-07-06 05:01:53.03,69063,2019-07-05 22:01:53.03,2019,"Jul",2019-07-01,22,"Friday"
"2019/07/06","05:02:35.72","eq","l",2.61,"l",35.78683,-117.62333,3.4,"A",37427205,12,2854,2019-07-06 05:02:35.72,69064,2019-07-05 22:02:35.72,2019,"Jul",2019-07-01,22,"Friday"
"2019/07/06","05:02:57.52","eq","l",2.6,"l",35.89117,-117.73483,10.4,"A",37427245,25,2830,2019-07-06 05:02:57.52,69065,2019-07-05 22:02:57.52,2019,"Jul",2019-07-01,22,"Friday"
"2019/07/06","05:03:07.18","eq","l",3.51,"l",35.8925,-117.71267,2.4,"A",37427213,61,1314,2019-07-06 05:03:07.18,69066,2019-07-05 22:03:07.18,2019,"Jul",2019-07-01,22,"Friday"
"2019/07/06","05:04:19.72","eq","l",3.63,"lr",35.87933,-117.69483,7.4,"A",38458175,85,1320,2019-07-06 05:04:19.72,69067,2019-07-05 22:04:19.72,2019,"Jul",2019-07-01,22,"Friday"
"2019/07/06","05:04:23.38","eq","l",3.61,"lr",35.88067,-117.69783,5.7,"A",37427253,23,3022,2019-07-06 05:04:23.38,69068,2019-07-05 22:04:23.38,2019,"Jul",2019-07-01,22,"Friday"
"2019/07/06","05:04:41.92","eq","l",2.73,"l",35.90033,-117.72617,8.3,"A",37427261,10,2869,2019-07-06 05:04:41.92,69069,2019-07-05 22:04:41.92,2019,"Jul",2019-07-01,22,"Friday"
"2019/07/06","05:04:53.86","eq","l",3.11,"l",35.88467,-117.706,2.6,"A",38458183,30,811,2019-07-06 05:04:53.86,69070,2019-07-05 22:04:53.86,2019,"Jul",2019-07-01,22,"Friday"
"2019/07/06","05:05:06.07","eq","l",2.76,"l",35.87883,-117.70167,5.9,"A",37427373,17,2884,2019-07-06 05:05:06.07,69071,2019-07-05 22:05:06.07,2019,"Jul",2019-07-01,22,"Friday"
"2019/07/06","05:05:35.65","eq","l",2.95,"l",35.905,-117.72817,6.3,"A",37427381,31,2947,2019-07-06 05:05:35.65,69072,2019-07-05 22:05:35.65,2019,"Jul",2019-07-01,22,"Friday"
"2019/07/06","05:05:54.09","eq","l",2.5,"l",35.617,-117.46917,3.2,"A",37427389,10,2848,2019-07-06 05:05:54.09,69073,2019-07-05 22:05:54.09,2019,"Jul",2019-07-01,22,"Friday"
"2019/07/06","05:06:09.59","eq","l",2.78,"l",35.90367,-117.70167,7.2,"A",38458191,32,591,2019-07-06 05:06:09.59,69074,2019-07-05 22:06:09.59,2019,"Jul",2019-07-01,22,"Friday"
"2019/07/06","05:06:17.80","eq","l",2.7,"l",35.8325,-117.62167,12.4,"A",37427397,9,2881,2019-07-06 05:06:17.8,69075,2019-07-05 22:06:17.8,2019,"Jul",2019-07-01,22,"Friday"
"2019/07/06","05:06:56.03","eq","l",3.27,"l",35.9165,-117.73333,6.2,"A",38458199,55,465,2019-07-06 05:06:56.03,69076,2019-07-05 22:06:56.03,2019,"Jul",2019-07-01,22,"Friday"
"2019/07/06","05:07:05.69","eq","l",2.93,"l",35.58367,-117.32383,2.7,"A",38458207,16,800,2019-07-06 05:07:05.69,69077,2019-07-05 22:07:05.69,2019,"Jul",2019-07-01,22,"Friday"
"2019/07/06","05:08:11.26","eq","l",3.67,"lr",35.717,-117.56367,8,"A",38458215,118,1566,2019-07-06 05:08:11.26,69078,2019-07-05 22:08:11.26,2019,"Jul",2019-07-01,22,"Friday"
"2019/07/06","05:08:42.57","eq","l",3,"l",35.68033,-117.46367,1.6,"A",37427405,19,2976,2019-07-06 05:08:42.57,69079,2019-07-05 22:08:42.57,2019,"Jul",2019-07-01,22,"Friday"
"2019/07/06","05:09:31.79","eq","l",3.44,"lr",35.75267,-117.5785,3.2,"A",38458223,61,1486,2019-07-06 05:09:31.79,69080,2019-07-05 22:09:31.79,2019,"Jul",2019-07-01,22,"Friday"
"2019/07/06","05:09:59.59","eq","l",3.11,"l",35.91667,-117.71133,2.5,"A",37427421,24,2963,2019-07-06 05:09:59.59,69081,2019-07-05 22:09:59.59,2019,"Jul",2019-07-01,22,"Friday"
"2019/07/06","05:10:09.26","eq","l",3.51,"l",35.89183,-117.72183,4,"A",37427437,37,3001,2019-07-06 05:10:09.26,69082,2019-07-05 22:10:09.26,2019,"Jul",2019-07-01,22,"Friday"
"2019/07/06","05:10:37.38","eq","l",2.55,"l",35.7695,-117.59333,5.3,"A",37427445,22,2773,2019-07-06 05:10:37.38,69083,2019-07-05 22:10:37.38,2019,"Jul",2019-07-01,22,"Friday"
"2019/07/06","05:10:44.28","eq","l",2.52,"l",35.89483,-117.72967,4.7,"A",38458231,13,909,2019-07-06 05:10:44.28,69084,2019-07-05 22:10:44.28,2019,"Jul",2019-07-01,22,"Friday"
"2019/07/06","05:11:33.12","eq","l",2.72,"l",35.88683,-117.73267,7.5,"A",38458239,33,608,2019-07-06 05:11:33.12,69086,2019-07-05 22:11:33.12,2019,"Jul",2019-07-01,22,"Friday"
"2019/07/06","05:12:11.47","eq","l",2.59,"l",35.90883,-117.69633,11.9,"A",37263852,12,3011,2019-07-06 05:12:11.47,69087,2019-07-05 22:12:11.47,2019,"Jul",2019-07-01,22,"Friday"
"2019/07/06","05:12:13.04","eq","l",2.99,"l",35.88233,-117.6475,9.4,"A",38458247,34,816,2019-07-06 05:12:13.04,69088,2019-07-05 22:12:13.04,2019,"Jul",2019-07-01,22,"Friday"
"2019/07/06","05:12:14.24","eq","l",2.71,"l",35.675,-117.47567,11.7,"A",37427469,10,2916,2019-07-06 05:12:14.24,69089,2019-07-05 22:12:14.24,2019,"Jul",2019-07-01,22,"Friday"
"2019/07/06","05:12:14.57","eq","l",2.69,"l",35.65917,-117.47783,9.8,"A",37263844,8,3155,2019-07-06 05:12:14.57,69090,2019-07-05 22:12:14.57,2019,"Jul",2019-07-01,22,"Friday"
"2019/07/06","05:12:36.30","eq","l",2.64,"l",35.647,-117.49267,3.1,"A",37427533,15,2925,2019-07-06 05:12:36.3,69091,2019-07-05 22:12:36.3,2019,"Jul",2019-07-01,22,"Friday"
"2019/07/06","05:12:55.38","eq","l",2.78,"l",35.89233,-117.72283,11.2,"A",38458255,24,816,2019-07-06 05:12:55.38,69092,2019-07-05 22:12:55.38,2019,"Jul",2019-07-01,22,"Friday"
"2019/07/06","05:13:02.51","eq","l",2.57,"l",36.03067,-117.75483,4.4,"A",37427541,11,2817,2019-07-06 05:13:02.51,69093,2019-07-05 22:13:02.51,2019,"Jul",2019-07-01,22,"Friday"
"2019/07/06","05:13:10.39","eq","l",2.52,"l",35.673,-117.46717,2.2,"A",37427549,6,2871,2019-07-06 05:13:10.39,69094,2019-07-05 22:13:10.39,2019,"Jul",2019-07-01,22,"Friday"
"2019/07/06","05:13:14.99","eq","l",3.97,"lr",35.8755,-117.66083,7.1,"A",38458263,98,1810,2019-07-06 05:13:14.99,69095,2019-07-05 22:13:14.99,2019,"Jul",2019-07-01,22,"Friday"
"2019/07/06","05:13:51.49","eq","l",3.21,"l",35.9065,-117.72383,6,"A",37427557,23,3007,2019-07-06 05:13:51.49,69096,2019-07-05 22:13:51.49,2019,"Jul",2019-07-01,22,"Friday"
"2019/07/06","05:14:21.89","eq","l",2.7,"l",35.81717,-117.65117,6.1,"B",37427589,6,2895,2019-07-06 05:14:21.89,69099,2019-07-05 22:14:21.89,2019,"Jul",2019-07-01,22,"Friday"
"2019/07/06","05:14:22.18","eq","l",2.86,"l",35.88983,-117.72467,6.7,"A",38458271,33,802,2019-07-06 05:14:22.18,69100,2019-07-05 22:14:22.18,2019,"Jul",2019-07-01,22,"Friday"
"2019/07/06","05:14:54.79","eq","l",2.91,"l",35.57783,-117.37817,6.2,"A",37226684,18,2983,2019-07-06 05:14:54.79,69102,2019-07-05 22:14:54.79,2019,"Jul",2019-07-01,22,"Friday"
"2019/07/06","05:14:56.88","eq","l",3.38,"l",35.75083,-117.55933,10.9,"A",38458287,40,1502,2019-07-06 05:14:56.88,69103,2019-07-05 22:14:56.88,2019,"Jul",2019-07-01,22,"Friday"
"2019/07/06","05:15:18.85","eq","l",2.57,"l",35.74083,-117.56583,10.3,"A",37226692,20,2868,2019-07-06 05:15:18.85,69104,2019-07-05 22:15:18.85,2019,"Jul",2019-07-01,22,"Friday"
"2019/07/06","05:15:31.40","eq","l",2.99,"l",35.56567,-117.45133,4.2,"B",37226836,10,3007,2019-07-06 05:15:31.4,69105,2019-07-05 22:15:31.4,2019,"Jul",2019-07-01,22,"Friday"
"2019/07/06","05:15:37.24","eq","l",3.52,"l",35.91283,-117.74483,8.6,"A",38458295,64,1263,2019-07-06 05:15:37.24,69106,2019-07-05 22:15:37.24,2019,"Jul",2019-07-01,22,"Friday"
"2019/07/06","05:16:05.28","eq","l",3.32,"l",35.91167,-117.7355,7.3,"A",37226844,32,3022,2019-07-06 05:16:05.28,69107,2019-07-05 22:16:05.28,2019,"Jul",2019-07-01,22,"Friday"
"2019/07/06","05:16:20.47","eq","l",3.17,"l",35.913,-117.73133,4.6,"A",37226852,38,3004,2019-07-06 05:16:20.47,69108,2019-07-05 22:16:20.47,2019,"Jul",2019-07-01,22,"Friday"
"2019/07/06","05:16:46.88","eq","l",2.64,"l",35.889,-117.72467,3.1,"A",37226860,31,2859,2019-07-06 05:16:46.88,69109,2019-07-05 22:16:46.88,2019,"Jul",2019-07-01,22,"Friday"
"2019/07/06","05:17:08.06","eq","l",2.78,"l",35.91017,-117.7305,4.2,"A",37226868,28,2896,2019-07-06 05:17:08.06,69110,2019-07-05 22:17:08.06,2019,"Jul",2019-07-01,22,"Friday"
"2019/07/06","05:17:31.24","eq","l",2.7,"l",35.62983,-117.41033,7.4,"A",37226876,15,2941,2019-07-06 05:17:31.24,69111,2019-07-05 22:17:31.24,2019,"Jul",2019-07-01,22,"Friday"
"2019/07/06","05:17:35.96","eq","l",2.53,"l",35.8825,-117.65183,8.6,"A",37226892,17,2821,2019-07-06 05:17:35.96,69112,2019-07-05 22:17:35.96,2019,"Jul",2019-07-01,22,"Friday"
"2019/07/06","05:17:49.53","eq","l",2.9,"l",35.88433,-117.69867,2.7,"A",37226884,44,2953,2019-07-06 05:17:49.53,69113,2019-07-05 22:17:49.53,2019,"Jul",2019-07-01,22,"Friday"
"2019/07/06","05:18:20.84","eq","l",2.54,"l",35.87433,-117.70533,2.2,"A",37226908,19,2824,2019-07-06 05:18:20.84,69114,2019-07-05 22:18:20.84,2019,"Jul",2019-07-01,22,"Friday"
"2019/07/06","05:18:30.31","eq","l",3.07,"l",35.8905,-117.73383,5.2,"A",37226900,44,2980,2019-07-06 05:18:30.31,69115,2019-07-05 22:18:30.31,2019,"Jul",2019-07-01,22,"Friday"
"2019/07/06","05:19:37.35","eq","l",3.06,"l",35.70067,-117.551,10.7,"A",38458303,48,1055,2019-07-06 05:19:37.35,69117,2019-07-05 22:19:37.35,2019,"Jul",2019-07-01,22,"Friday"
"2019/07/06","05:20:43.89","eq","l",2.61,"l",35.81967,-117.63317,3.9,"A",38458311,18,851,2019-07-06 05:20:43.89,69119,2019-07-05 22:20:43.89,2019,"Jul",2019-07-01,22,"Friday"
"2019/07/06","05:21:02.30","eq","l",3.06,"l",35.7465,-117.5485,5.2,"A",37226940,36,2989,2019-07-06 05:21:02.3,69120,2019-07-05 22:21:02.3,2019,"Jul",2019-07-01,22,"Friday"
"2019/07/06","05:21:11.12","eq","l",3.26,"l",35.60017,-117.42733,1.8,"A",38458327,20,1575,2019-07-06 05:21:11.12,69121,2019-07-05 22:21:11.12,2019,"Jul",2019-07-01,22,"Friday"
"2019/07/06","05:21:21.76","eq","l",2.82,"l",35.87483,-117.6505,6.5,"A",37263868,22,3131,2019-07-06 05:21:21.76,69122,2019-07-05 22:21:21.76,2019,"Jul",2019-07-01,22,"Friday"
"2019/07/06","05:21:34.75","eq","l",2.56,"l",35.902,-117.72417,9.3,"A",37226948,14,2884,2019-07-06 05:21:34.75,69123,2019-07-05 22:21:34.75,2019,"Jul",2019-07-01,22,"Friday"
"2019/07/06","05:21:36.18","eq","l",2.95,"l",35.797,-117.5895,10.7,"A",37263884,38,3191,2019-07-06 05:21:36.18,69124,2019-07-05 22:21:36.18,2019,"Jul",2019-07-01,22,"Friday"
"2019/07/06","05:22:17.35","eq","l",2.64,"l",35.63383,-117.45367,2.7,"A",37263892,18,3131,2019-07-06 05:22:17.35,69126,2019-07-05 22:22:17.35,2019,"Jul",2019-07-01,22,"Friday"
"2019/07/06","05:22:31.12","eq","l",2.99,"l",35.58917,-117.39167,5.8,"A",38458335,28,1476,2019-07-06 05:22:31.12,69127,2019-07-05 22:22:31.12,2019,"Jul",2019-07-01,22,"Friday"
"2019/07/06","05:22:34.42","eq","l",3.06,"l",35.87967,-117.691,2.9,"A",37226956,33,3010,2019-07-06 05:22:34.42,69128,2019-07-05 22:22:34.42,2019,"Jul",2019-07-01,22,"Friday"
"2019/07/06","05:22:52.80","eq","l",3.16,"l",35.90633,-117.7225,6.3,"A",37226964,26,3022,2019-07-06 05:22:52.8,69129,2019-07-05 22:22:52.8,2019,"Jul",2019-07-01,22,"Friday"
"2019/07/06","05:23:22.20","eq","l",2.86,"l",35.87067,-117.70267,5.1,"A",38458343,27,783,2019-07-06 05:23:22.2,69130,2019-07-05 22:23:22.2,2019,"Jul",2019-07-01,22,"Friday"
"2019/07/06","05:23:49.83","eq","l",3.05,"l",35.89533,-117.70633,6.5,"A",38458359,42,1285,2019-07-06 05:23:49.83,69131,2019-07-05 22:23:49.83,2019,"Jul",2019-07-01,22,"Friday"
"2019/07/06","05:24:08.65","eq","l",2.83,"l",35.71883,-117.56383,10.1,"A",38458351,17,801,2019-07-06 05:24:08.65,69132,2019-07-05 22:24:08.65,2019,"Jul",2019-07-01,22,"Friday"
"2019/07/06","05:24:10.51","eq","l",2.81,"l",35.88767,-117.713,6.8,"A",37263972,11,3104,2019-07-06 05:24:10.51,69133,2019-07-05 22:24:10.51,2019,"Jul",2019-07-01,22,"Friday"
"2019/07/06","05:24:17.13","eq","l",2.96,"l",35.74383,-117.53933,13.9,"A",37227004,14,3013,2019-07-06 05:24:17.13,69134,2019-07-05 22:24:17.13,2019,"Jul",2019-07-01,22,"Friday"
"2019/07/06","05:25:04.87","eq","l",4.29,"lr",35.833,-117.6775,3.4,"A",38458375,164,1845,2019-07-06 05:25:04.87,69137,2019-07-05 22:25:04.87,2019,"Jul",2019-07-01,22,"Friday"
"2019/07/06","05:25:36.71","eq","l",3.5,"l",35.73317,-117.561,6.8,"A",37227020,23,3061,2019-07-06 05:25:36.71,69138,2019-07-05 22:25:36.71,2019,"Jul",2019-07-01,22,"Friday"
"2019/07/06","05:25:41.85","eq","l",3.32,"l",35.90917,-117.7,6.2,"A",37263980,16,3233,2019-07-06 05:25:41.85,69139,2019-07-05 22:25:41.85,2019,"Jul",2019-07-01,22,"Friday"
"2019/07/06","05:26:05.99","eq","l",3.3,"l",35.90333,-117.72017,6.2,"A",38458383,41,1271,2019-07-06 05:26:05.99,69140,2019-07-05 22:26:05.99,2019,"Jul",2019-07-01,22,"Friday"
"2019/07/06","05:26:24.44","eq","l",2.93,"l",35.78467,-117.61633,3.6,"A",37227028,19,2995,2019-07-06 05:26:24.44,69141,2019-07-05 22:26:24.44,2019,"Jul",2019-07-01,22,"Friday"
"2019/07/06","05:26:53.00","eq","l",3.45,"lr",35.64683,-117.46017,3.1,"A",38458391,50,1830,2019-07-06 05:26:53,69142,2019-07-05 22:26:53,2019,"Jul",2019-07-01,22,"Friday"
"2019/07/06","05:27:05.02","eq","l",3.44,"l",35.85633,-117.6735,2.7,"A",37227036,31,3031,2019-07-06 05:27:05.02,69143,2019-07-05 22:27:05.02,2019,"Jul",2019-07-01,22,"Friday"
"2019/07/06","05:27:28.12","eq","l",3.07,"l",35.89283,-117.73767,8.6,"A",37227044,28,2995,2019-07-06 05:27:28.12,69144,2019-07-05 22:27:28.12,2019,"Jul",2019-07-01,22,"Friday"
"2019/07/06","05:27:42.15","eq","l",2.94,"l",35.87467,-117.71367,8.3,"A",37227052,15,2977,2019-07-06 05:27:42.15,69145,2019-07-05 22:27:42.15,2019,"Jul",2019-07-01,22,"Friday"
"2019/07/06","05:28:05.08","eq","l",3.04,"l",35.56217,-117.52483,7.1,"A",37227068,16,3010,2019-07-06 05:28:05.08,69146,2019-07-05 22:28:05.08,2019,"Jul",2019-07-01,22,"Friday"
"2019/07/06","05:28:39.22","eq","l",3.16,"l",35.90267,-117.72583,5.4,"A",38458407,34,1654,2019-07-06 05:28:39.22,69147,2019-07-05 22:28:39.22,2019,"Jul",2019-07-01,22,"Friday"
"2019/07/06","05:28:43.14","eq","l",3.48,"lr",35.85017,-117.65867,11,"A",37227076,48,3007,2019-07-06 05:28:43.14,69148,2019-07-05 22:28:43.14,2019,"Jul",2019-07-01,22,"Friday"
"2019/07/06","05:29:07.27","eq","l",3.17,"l",35.90883,-117.67567,4.1,"A",37227084,17,2992,2019-07-06 05:29:07.27,69149,2019-07-05 22:29:07.27,2019,"Jul",2019-07-01,22,"Friday"
"2019/07/06","05:29:28.65","eq","l",3,"l",35.64633,-117.4525,5,"A",37227156,22,2986,2019-07-06 05:29:28.65,69150,2019-07-05 22:29:28.65,2019,"Jul",2019-07-01,22,"Friday"
"2019/07/06","05:29:40.36","eq","l",3.04,"l",35.8915,-117.73017,4,"A",38458415,49,801,2019-07-06 05:29:40.36,69151,2019-07-05 22:29:40.36,2019,"Jul",2019-07-01,22,"Friday"
"2019/07/06","05:30:17.98","eq","l",2.63,"l",35.76783,-117.57667,2.6,"A",37227164,17,2863,2019-07-06 05:30:17.98,69152,2019-07-05 22:30:17.98,2019,"Jul",2019-07-01,22,"Friday"
"2019/07/06","05:30:39.78","eq","l",2.66,"l",35.90183,-117.6945,7.1,"A",38458423,32,793,2019-07-06 05:30:39.78,69153,2019-07-05 22:30:39.78,2019,"Jul",2019-07-01,22,"Friday"
"2019/07/06","05:30:43.69","eq","l",3.09,"l",35.54933,-117.38467,4.5,"A",37227172,31,2989,2019-07-06 05:30:43.69,69154,2019-07-05 22:30:43.69,2019,"Jul",2019-07-01,22,"Friday"
"2019/07/06","05:31:56.58","eq","l",3.39,"l",35.855,-117.682,8.7,"A",38458431,51,1341,2019-07-06 05:31:56.58,69157,2019-07-05 22:31:56.58,2019,"Jul",2019-07-01,22,"Friday"
"2019/07/06","05:32:17.91","eq","l",3.1,"l",35.8945,-117.72017,8.6,"A",37227196,17,2962,2019-07-06 05:32:17.91,69158,2019-07-05 22:32:17.91,2019,"Jul",2019-07-01,22,"Friday"
"2019/07/06","05:32:29.14","eq","l",3.27,"l",35.881,-117.69333,2.7,"A",37227204,41,2983,2019-07-06 05:32:29.14,69159,2019-07-05 22:32:29.14,2019,"Jul",2019-07-01,22,"Friday"
"2019/07/06","05:32:43.08","eq","l",3.14,"l",35.8595,-117.69067,9,"A",37227220,33,2971,2019-07-06 05:32:43.08,69160,2019-07-05 22:32:43.08,2019,"Jul",2019-07-01,22,"Friday"
"2019/07/06","05:32:49.97","eq","l",2.72,"l",35.90683,-117.69883,6,"A",37263988,15,3068,2019-07-06 05:32:49.97,69161,2019-07-05 22:32:49.97,2019,"Jul",2019-07-01,22,"Friday"
"2019/07/06","05:32:59.94","eq","l",3.61,"lr",35.84417,-117.67967,7.7,"A",38458439,71,1359,2019-07-06 05:32:59.94,69162,2019-07-05 22:32:59.94,2019,"Jul",2019-07-01,22,"Friday"
"2019/07/06","05:33:13.66","eq","l",3.38,"l",35.88617,-117.6685,2.5,"A",37227228,22,2995,2019-07-06 05:33:13.66,69163,2019-07-05 22:33:13.66,2019,"Jul",2019-07-01,22,"Friday"
"2019/07/06","05:33:43.45","eq","l",2.67,"l",35.692,-117.53167,7.7,"A",37227236,13,2896,2019-07-06 05:33:43.45,69164,2019-07-05 22:33:43.45,2019,"Jul",2019-07-01,22,"Friday"
"2019/07/06","05:34:08.11","eq","l",3.03,"l",35.66967,-117.51567,1.6,"A",38458447,35,1134,2019-07-06 05:34:08.11,69165,2019-07-05 22:34:08.11,2019,"Jul",2019-07-01,22,"Friday"
"2019/07/06","05:34:30.38","eq","l",2.74,"l",35.612,-117.464,8.6,"A",37227244,10,2938,2019-07-06 05:34:30.38,69166,2019-07-05 22:34:30.38,2019,"Jul",2019-07-01,22,"Friday"
"2019/07/06","05:35:04.88","eq","l",2.68,"l",35.91233,-117.72067,2.8,"A",38458455,36,585,2019-07-06 05:35:04.88,69167,2019-07-05 22:35:04.88,2019,"Jul",2019-07-01,22,"Friday"
"2019/07/06","05:35:27.51","eq","l",2.67,"l",35.892,-117.7205,6.1,"A",37227252,16,2854,2019-07-06 05:35:27.51,69168,2019-07-05 22:35:27.51,2019,"Jul",2019-07-01,22,"Friday"
"2019/07/06","05:35:33.18","eq","l",2.88,"l",35.87883,-117.7055,11.2,"A",38458463,32,789,2019-07-06 05:35:33.18,69169,2019-07-05 22:35:33.18,2019,"Jul",2019-07-01,22,"Friday"
"2019/07/06","05:35:50.45","eq","l",2.89,"l",35.90883,-117.6855,9,"A",37227260,33,2917,2019-07-06 05:35:50.45,69170,2019-07-05 22:35:50.45,2019,"Jul",2019-07-01,22,"Friday"
"2019/07/06","05:36:11.58","eq","l",2.5,"l",35.82417,-117.64167,4.6,"A",37227268,33,2791,2019-07-06 05:36:11.58,69171,2019-07-05 22:36:11.58,2019,"Jul",2019-07-01,22,"Friday"
"2019/07/06","05:36:46.60","eq","l",2.85,"l",35.741,-117.56633,6.9,"A",38458471,62,1038,2019-07-06 05:36:46.6,69172,2019-07-05 22:36:46.6,2019,"Jul",2019-07-01,22,"Friday"
"2019/07/06","05:37:30.43","eq","l",3.32,"l",35.87933,-117.71533,4.4,"A",38458479,83,1297,2019-07-06 05:37:30.43,69173,2019-07-05 22:37:30.43,2019,"Jul",2019-07-01,22,"Friday"
"2019/07/06","05:38:14.42","eq","l",2.74,"l",35.87417,-117.71083,3,"A",37227324,15,2866,2019-07-06 05:38:14.42,69174,2019-07-05 22:38:14.42,2019,"Jul",2019-07-01,22,"Friday"
"2019/07/06","05:38:55.05","eq","l",2.64,"l",35.895,-117.719,6.8,"A",37227332,18,2836,2019-07-06 05:38:55.05,69175,2019-07-05 22:38:55.05,2019,"Jul",2019-07-01,22,"Friday"
"2019/07/06","05:39:14.30","eq","l",3.44,"l",35.799,-117.62717,9.8,"A",38458487,76,1417,2019-07-06 05:39:14.3,69176,2019-07-05 22:39:14.3,2019,"Jul",2019-07-01,22,"Friday"
"2019/07/06","05:40:08.51","eq","l",3.27,"l",35.888,-117.6785,9.3,"A",38458495,30,1296,2019-07-06 05:40:08.51,69177,2019-07-05 22:40:08.51,2019,"Jul",2019-07-01,22,"Friday"
"2019/07/06","05:40:09.27","eq","l",3.13,"l",35.72817,-117.56833,6.8,"A",37227348,27,2977,2019-07-06 05:40:09.27,69178,2019-07-05 22:40:09.27,2019,"Jul",2019-07-01,22,"Friday"
"2019/07/06","05:40:16.28","eq","l",3.26,"l",35.8545,-117.65267,11.5,"A",37227356,25,2983,2019-07-06 05:40:16.28,69179,2019-07-05 22:40:16.28,2019,"Jul",2019-07-01,22,"Friday"
"2019/07/06","05:41:32.24","eq","l",3.56,"lr",35.78383,-117.60417,3,"A",38458503,54,1430,2019-07-06 05:41:32.24,69180,2019-07-05 22:41:32.24,2019,"Jul",2019-07-01,22,"Friday"
"2019/07/06","05:41:36.03","eq","l",3.66,"lr",35.55867,-117.419,8.9,"A",37227372,17,3013,2019-07-06 05:41:36.03,69181,2019-07-05 22:41:36.03,2019,"Jul",2019-07-01,22,"Friday"
"2019/07/06","05:41:48.39","eq","l",3.78,"lr",35.77717,-117.55733,10.9,"A",37227380,50,3019,2019-07-06 05:41:48.39,69182,2019-07-05 22:41:48.39,2019,"Jul",2019-07-01,22,"Friday"
"2019/07/06","05:42:32.47","eq","l",2.99,"l",35.89383,-117.731,5.3,"A",37227388,26,2953,2019-07-06 05:42:32.47,69183,2019-07-05 22:42:32.47,2019,"Jul",2019-07-01,22,"Friday"
"2019/07/06","05:42:32.85","eq","l",2.88,"l",35.52833,-117.3445,5.5,"A",37227396,11,2968,2019-07-06 05:42:32.85,69184,2019-07-05 22:42:32.85,2019,"Jul",2019-07-01,22,"Friday"
"2019/07/06","05:42:45.36","eq","l",2.89,"l",35.58417,-117.38583,7.3,"A",37227404,11,2968,2019-07-06 05:42:45.36,69185,2019-07-05 22:42:45.36,2019,"Jul",2019-07-01,22,"Friday"
"2019/07/06","05:43:06.41","eq","l",2.78,"l",35.673,-117.49683,1.5,"A",37227412,20,2935,2019-07-06 05:43:06.41,69186,2019-07-05 22:43:06.41,2019,"Jul",2019-07-01,22,"Friday"
"2019/07/06","05:43:22.37","eq","l",3.34,"l",35.89467,-117.714,3.1,"A",38458511,67,1306,2019-07-06 05:43:22.37,69187,2019-07-05 22:43:22.37,2019,"Jul",2019-07-01,22,"Friday"
"2019/07/06","05:43:49.05","eq","l",2.82,"l",35.64817,-117.4895,5,"A",37227476,22,1482,2019-07-06 05:43:49.05,69188,2019-07-05 22:43:49.05,2019,"Jul",2019-07-01,22,"Friday"
"2019/07/06","05:43:49.86","eq","l",2.84,"l",35.86633,-117.71517,3.8,"A",38458519,29,812,2019-07-06 05:43:49.86,69189,2019-07-05 22:43:49.86,2019,"Jul",2019-07-01,22,"Friday"
"2019/07/06","05:44:08.93","eq","l",3.44,"l",35.92283,-117.71133,3.4,"A",38458527,56,1223,2019-07-06 05:44:08.93,69190,2019-07-05 22:44:08.93,2019,"Jul",2019-07-01,22,"Friday"
"2019/07/06","05:44:17.23","eq","l",3.35,"l",35.90033,-117.66933,9.1,"A",37227500,26,2989,2019-07-06 05:44:17.23,69191,2019-07-05 22:44:17.23,2019,"Jul",2019-07-01,22,"Friday"
"2019/07/06","05:44:32.76","eq","l",2.91,"l",35.90533,-117.723,6,"A",37227508,21,2926,2019-07-06 05:44:32.76,69192,2019-07-05 22:44:32.76,2019,"Jul",2019-07-01,22,"Friday"
"2019/07/06","05:44:39.79","eq","l",2.77,"l",35.61217,-117.37467,7.3,"A",37227516,10,2941,2019-07-06 05:44:39.79,69193,2019-07-05 22:44:39.79,2019,"Jul",2019-07-01,22,"Friday"
"2019/07/06","05:44:52.01","eq","l",2.7,"l",35.68283,-117.51717,8,"A",37227524,27,2911,2019-07-06 05:44:52.01,69194,2019-07-05 22:44:52.01,2019,"Jul",2019-07-01,22,"Friday"
"2019/07/06","05:45:26.32","eq","l",3.08,"l",35.92617,-117.70417,2.8,"A",38458535,56,771,2019-07-06 05:45:26.32,69195,2019-07-05 22:45:26.32,2019,"Jul",2019-07-01,22,"Friday"
"2019/07/06","05:45:41.87","eq","l",2.84,"l",35.88967,-117.70817,6.6,"A",37227532,25,2896,2019-07-06 05:45:41.87,69196,2019-07-05 22:45:41.87,2019,"Jul",2019-07-01,22,"Friday"
"2019/07/06","05:46:06.84","eq","l",3.05,"l",35.7085,-117.553,2.1,"A",38458543,48,1045,2019-07-06 05:46:06.84,69197,2019-07-05 22:46:06.84,2019,"Jul",2019-07-01,22,"Friday"
"2019/07/06","05:47:08.60","eq","l",2.71,"l",35.71317,-117.54067,1.7,"A",37227796,51,2916,2019-07-06 05:47:08.6,69199,2019-07-05 22:47:08.6,2019,"Jul",2019-07-01,22,"Friday"
"2019/07/06","05:48:03.75","eq","l",2.5,"l",35.69767,-117.53217,9.7,"A",37227812,30,2833,2019-07-06 05:48:03.75,69203,2019-07-05 22:48:03.75,2019,"Jul",2019-07-01,22,"Friday"
"2019/07/06","05:49:57.47","eq","l",3.03,"l",35.63917,-117.4645,2.9,"A",37227996,35,2962,2019-07-06 05:49:57.47,69208,2019-07-05 22:49:57.47,2019,"Jul",2019-07-01,22,"Friday"
"2019/07/06","05:50:15.30","eq","l",3.02,"l",35.63083,-117.45533,8.8,"A",37228004,20,2977,2019-07-06 05:50:15.3,69209,2019-07-05 22:50:15.3,2019,"Jul",2019-07-01,22,"Friday"
"2019/07/06","05:50:16.35","eq","l",2.86,"l",35.8875,-117.72283,4,"A",37227988,28,2917,2019-07-06 05:50:16.35,69210,2019-07-05 22:50:16.35,2019,"Jul",2019-07-01,22,"Friday"
"2019/07/06","05:50:49.26","eq","l",2.69,"l",35.62617,-117.47617,8.9,"A",37228012,32,1603,2019-07-06 05:50:49.26,69211,2019-07-05 22:50:49.26,2019,"Jul",2019-07-01,22,"Friday"
"2019/07/06","05:51:30.69","eq","l",2.78,"l",35.889,-117.71767,9.3,"A",37228036,28,1320,2019-07-06 05:51:30.69,69212,2019-07-05 22:51:30.69,2019,"Jul",2019-07-01,22,"Friday"
"2019/07/06","05:51:49.70","eq","l",3.39,"l",35.91433,-117.713,3.8,"A",38458567,40,1041,2019-07-06 05:51:49.7,69213,2019-07-05 22:51:49.7,2019,"Jul",2019-07-01,22,"Friday"
"2019/07/06","05:52:05.35","eq","l",3.62,"lr",35.60583,-117.403,5.3,"A",38458575,67,2043,2019-07-06 05:52:05.35,69214,2019-07-05 22:52:05.35,2019,"Jul",2019-07-01,22,"Friday"
"2019/07/06","05:52:50.32","eq","l",2.8,"l",35.89833,-117.7275,6.4,"A",37228052,27,2884,2019-07-06 05:52:50.32,69215,2019-07-05 22:52:50.32,2019,"Jul",2019-07-01,22,"Friday"
"2019/07/06","05:52:55.39","eq","l",2.92,"l",35.91583,-117.7095,3.4,"A",37228068,15,2929,2019-07-06 05:52:55.39,69216,2019-07-05 22:52:55.39,2019,"Jul",2019-07-01,22,"Friday"
"2019/07/06","05:55:07.10","eq","l",2.98,"l",35.897,-117.72983,4.6,"A",38458599,36,789,2019-07-06 05:55:07.1,69218,2019-07-05 22:55:07.1,2019,"Jul",2019-07-01,22,"Friday"
"2019/07/06","05:55:21.96","eq","l",2.9,"l",35.681,-117.54317,7.2,"A",38458607,46,1599,2019-07-06 05:55:21.96,69219,2019-07-05 22:55:21.96,2019,"Jul",2019-07-01,22,"Friday"
"2019/07/06","05:56:02.49","eq","l",2.5,"l",35.879,-117.71667,2.8,"A",38458615,18,799,2019-07-06 05:56:02.49,69220,2019-07-05 22:56:02.49,2019,"Jul",2019-07-01,22,"Friday"
"2019/07/06","05:56:09.74","eq","l",2.52,"l",35.68067,-117.50267,10.4,"A",37228084,29,2860,2019-07-06 05:56:09.74,69221,2019-07-05 22:56:09.74,2019,"Jul",2019-07-01,22,"Friday"
"2019/07/06","05:56:14.48","eq","l",2.81,"l",35.69267,-117.53233,10.4,"A",37228092,18,2971,2019-07-06 05:56:14.48,69222,2019-07-05 22:56:14.48,2019,"Jul",2019-07-01,22,"Friday"
"2019/07/06","05:56:29.09","eq","l",2.74,"l",35.86867,-117.66983,10,"A",38458623,28,814,2019-07-06 05:56:29.09,69223,2019-07-05 22:56:29.09,2019,"Jul",2019-07-01,22,"Friday"
"2019/07/06","05:56:44.09","eq","l",2.65,"l",35.8145,-117.63833,9.4,"A",38458631,43,886,2019-07-06 05:56:44.09,69224,2019-07-05 22:56:44.09,2019,"Jul",2019-07-01,22,"Friday"
"2019/07/06","05:57:04.23","eq","l",2.6,"l",35.6635,-117.521,10.9,"A",38458639,36,1631,2019-07-06 05:57:04.23,69225,2019-07-05 22:57:04.23,2019,"Jul",2019-07-01,22,"Friday"
"2019/07/06","05:57:23.12","eq","l",2.53,"l",35.75217,-117.56467,7.7,"A",37228100,18,2860,2019-07-06 05:57:23.12,69226,2019-07-05 22:57:23.12,2019,"Jul",2019-07-01,22,"Friday"
"2019/07/06","05:58:13.42","eq","l",2.79,"l",35.54233,-117.45783,9,"A",37228108,7,2995,2019-07-06 05:58:13.42,69227,2019-07-05 22:58:13.42,2019,"Jul",2019-07-01,22,"Friday"
"2019/07/06","05:58:17.57","eq","l",4.15,"lr",35.93233,-117.69167,1.9,"A",38458655,64,1755,2019-07-06 05:58:17.57,69228,2019-07-05 22:58:17.57,2019,"Jul",2019-07-01,22,"Friday"
"2019/07/06","05:58:45.84","eq","l",3.45,"l",35.86867,-117.67517,7.6,"A",38458647,23,1110,2019-07-06 05:58:45.84,69229,2019-07-05 22:58:45.84,2019,"Jul",2019-07-01,22,"Friday"
"2019/07/06","05:59:44.19","eq","l",3.57,"lr",35.73767,-117.574,3.1,"A",38458663,43,1829,2019-07-06 05:59:44.19,69230,2019-07-05 22:59:44.19,2019,"Jul",2019-07-01,22,"Friday"
"2019/07/06","06:00:57.77","eq","l",3.5,"l",35.5535,-117.3465,4.3,"A",38458671,54,1797,2019-07-06 06:00:57.77,69231,2019-07-05 23:00:57.77,2019,"Jul",2019-07-01,23,"Friday"
"2019/07/06","06:01:46.39","eq","l",3.09,"l",35.67367,-117.48017,3.6,"A",37263996,16,3233,2019-07-06 06:01:46.39,69232,2019-07-05 23:01:46.39,2019,"Jul",2019-07-01,23,"Friday"
"2019/07/06","06:01:51.80","eq","l",4.63,"w",35.911,-117.7385,5,"A",38458679,213,1760,2019-07-06 06:01:51.8,69233,2019-07-05 23:01:51.8,2019,"Jul",2019-07-01,23,"Friday"
"2019/07/06","06:02:30.25","eq","l",3.2,"l",35.81117,-117.63667,6.8,"A",37420885,27,922,2019-07-06 06:02:30.25,69234,2019-07-05 23:02:30.25,2019,"Jul",2019-07-01,23,"Friday"
"2019/07/06","06:02:50.16","eq","l",2.67,"l",35.86183,-117.64183,5.2,"B",37228116,17,2890,2019-07-06 06:02:50.16,69235,2019-07-05 23:02:50.16,2019,"Jul",2019-07-01,23,"Friday"
"2019/07/06","06:03:24.51","eq","l",2.69,"l",35.75133,-117.58,4.7,"A",37228276,19,2941,2019-07-06 06:03:24.51,69236,2019-07-05 23:03:24.51,2019,"Jul",2019-07-01,23,"Friday"
"2019/07/06","06:03:41.43","eq","l",2.73,"l",35.86733,-117.698,7.8,"A",37228284,30,2926,2019-07-06 06:03:41.43,69237,2019-07-05 23:03:41.43,2019,"Jul",2019-07-01,23,"Friday"
"2019/07/06","06:03:48.18","eq","l",3.19,"l",35.89633,-117.67983,2,"A",37228292,42,3052,2019-07-06 06:03:48.18,69238,2019-07-05 23:03:48.18,2019,"Jul",2019-07-01,23,"Friday"
"2019/07/06","06:04:02.31","eq","l",2.64,"l",35.8975,-117.6935,2.5,"A",37228300,16,2902,2019-07-06 06:04:02.31,69239,2019-07-05 23:04:02.31,2019,"Jul",2019-07-01,23,"Friday"
"2019/07/06","06:04:07.88","eq","l",2.84,"l",35.62167,-117.41767,4.9,"A",37228308,12,3034,2019-07-06 06:04:07.88,69240,2019-07-05 23:04:07.88,2019,"Jul",2019-07-01,23,"Friday"
"2019/07/06","06:04:13.10","eq","l",2.74,"l",35.82483,-117.64533,10.9,"A",37228316,25,2935,2019-07-06 06:04:13.1,69241,2019-07-05 23:04:13.1,2019,"Jul",2019-07-01,23,"Friday"
"2019/07/06","06:04:34.10","eq","l",3.46,"lr",35.88783,-117.70733,4.8,"A",38458687,92,1763,2019-07-06 06:04:34.1,69242,2019-07-05 23:04:34.1,2019,"Jul",2019-07-01,23,"Friday"
"2019/07/06","06:04:56.98","eq","l",2.55,"l",35.6875,-117.5855,1.6,"A",37228324,12,2902,2019-07-06 06:04:56.98,69243,2019-07-05 23:04:56.98,2019,"Jul",2019-07-01,23,"Friday"
"2019/07/06","06:05:18.15","eq","l",2.66,"l",35.91183,-117.73317,8.2,"A",37228436,29,2893,2019-07-06 06:05:18.15,69244,2019-07-05 23:05:18.15,2019,"Jul",2019-07-01,23,"Friday"
"2019/07/06","06:05:35.62","eq","l",2.89,"l",35.9015,-117.72883,4.4,"A",38458695,49,1254,2019-07-06 06:05:35.62,69245,2019-07-05 23:05:35.62,2019,"Jul",2019-07-01,23,"Friday"
"2019/07/06","06:05:59.58","eq","l",2.8,"l",35.889,-117.72533,6.8,"A",38458703,37,789,2019-07-06 06:05:59.58,69246,2019-07-05 23:05:59.58,2019,"Jul",2019-07-01,23,"Friday"
"2019/07/06","06:06:32.98","eq","l",2.73,"l",35.55683,-117.37367,5.4,"A",38458711,26,1512,2019-07-06 06:06:32.98,69247,2019-07-05 23:06:32.98,2019,"Jul",2019-07-01,23,"Friday"
"2019/07/06","06:06:47.10","eq","l",2.94,"l",35.827,-117.64317,4,"A",37228444,24,2977,2019-07-06 06:06:47.1,69248,2019-07-05 23:06:47.1,2019,"Jul",2019-07-01,23,"Friday"
"2019/07/06","06:06:58.61","eq","l",3.02,"l",35.83367,-117.6325,8.9,"A",37228468,24,2965,2019-07-06 06:06:58.61,69249,2019-07-05 23:06:58.61,2019,"Jul",2019-07-01,23,"Friday"
"2019/07/06","06:07:08.68","eq","l",3.53,"l",35.57717,-117.3635,3.8,"A",38458719,75,2059,2019-07-06 06:07:08.68,69250,2019-07-05 23:07:08.68,2019,"Jul",2019-07-01,23,"Friday"
"2019/07/06","06:07:31.92","eq","l",2.93,"l",35.90667,-117.73167,4.4,"A",37264004,23,3173,2019-07-06 06:07:31.92,69251,2019-07-05 23:07:31.92,2019,"Jul",2019-07-01,23,"Friday"
"2019/07/06","06:07:40.07","eq","l",3.37,"l",35.62333,-117.42083,6.4,"A",37420965,31,1181,2019-07-06 06:07:40.07,69252,2019-07-05 23:07:40.07,2019,"Jul",2019-07-01,23,"Friday"
"2019/07/06","06:08:01.54","eq","l",2.71,"l",35.89717,-117.70617,8.3,"A",38458727,24,779,2019-07-06 06:08:01.54,69253,2019-07-05 23:08:01.54,2019,"Jul",2019-07-01,23,"Friday"
"2019/07/06","06:08:10.51","eq","l",2.94,"l",35.62217,-117.46267,5,"A",37228476,26,2974,2019-07-06 06:08:10.51,69254,2019-07-05 23:08:10.51,2019,"Jul",2019-07-01,23,"Friday"
"2019/07/06","06:08:50.17","eq","l",2.71,"l",35.88417,-117.68417,5.4,"A",37228604,18,2869,2019-07-06 06:08:50.17,69255,2019-07-05 23:08:50.17,2019,"Jul",2019-07-01,23,"Friday"
"2019/07/06","06:09:08.08","eq","l",3.02,"l",35.89717,-117.7055,7.4,"A",38458735,57,1257,2019-07-06 06:09:08.08,69256,2019-07-05 23:09:08.08,2019,"Jul",2019-07-01,23,"Friday"
"2019/07/06","06:11:45.23","eq","l",2.52,"l",35.67467,-117.54717,9.6,"A",37228652,37,2917,2019-07-06 06:11:45.23,69262,2019-07-05 23:11:45.23,2019,"Jul",2019-07-01,23,"Friday"
"2019/07/06","06:12:52.00","eq","l",4.27,"lr",35.58133,-117.37517,5.5,"A",38458759,88,2095,2019-07-06 06:12:52,69266,2019-07-05 23:12:52,2019,"Jul",2019-07-01,23,"Friday"
"2019/07/06","06:13:23.00","eq","l",3.02,"l",35.6165,-117.46117,9.4,"A",37264012,15,3236,2019-07-06 06:13:23,69267,2019-07-05 23:13:23,2019,"Jul",2019-07-01,23,"Friday"
"2019/07/06","06:13:35.61","eq","l",2.99,"l",35.67017,-117.46683,3,"A",37264020,13,3233,2019-07-06 06:13:35.61,69268,2019-07-05 23:13:35.61,2019,"Jul",2019-07-01,23,"Friday"
"2019/07/06","06:14:15.68","eq","l",3.33,"l",35.67317,-117.47033,7.2,"A",38458767,68,1602,2019-07-06 06:14:15.68,69269,2019-07-05 23:14:15.68,2019,"Jul",2019-07-01,23,"Friday"
"2019/07/06","06:15:02.99","eq","l",2.78,"l",35.71417,-117.5485,10.2,"A",38458775,36,745,2019-07-06 06:15:02.99,69270,2019-07-05 23:15:02.99,2019,"Jul",2019-07-01,23,"Friday"
"2019/07/06","06:15:16.12","eq","l",2.86,"l",35.8775,-117.67783,5.9,"A",37228692,17,3016,2019-07-06 06:15:16.12,69271,2019-07-05 23:15:16.12,2019,"Jul",2019-07-01,23,"Friday"
"2019/07/06","06:15:20.40","eq","l",2.59,"l",35.58583,-117.42183,2.7,"A",37228700,14,2971,2019-07-06 06:15:20.4,69272,2019-07-05 23:15:20.4,2019,"Jul",2019-07-01,23,"Friday"
"2019/07/06","06:16:01.13","eq","l",3.21,"l",35.85533,-117.6815,4.6,"A",38458783,64,1393,2019-07-06 06:16:01.13,69273,2019-07-05 23:16:01.13,2019,"Jul",2019-07-01,23,"Friday"
"2019/07/06","06:17:10.08","eq","l",2.84,"l",35.63083,-117.588,11.4,"A",38458791,23,1220,2019-07-06 06:17:10.08,69274,2019-07-05 23:17:10.08,2019,"Jul",2019-07-01,23,"Friday"
"2019/07/06","06:17:20.99","eq","l",3.45,"lr",35.8795,-117.68917,2.8,"A",38458799,64,1314,2019-07-06 06:17:20.99,69275,2019-07-05 23:17:20.99,2019,"Jul",2019-07-01,23,"Friday"
"2019/07/06","06:17:54.83","eq","l",2.67,"l",35.949,-117.73217,-1.3,"A",37228812,13,2842,2019-07-06 06:17:54.83,69276,2019-07-05 23:17:54.83,2019,"Jul",2019-07-01,23,"Friday"
"2019/07/06","06:18:08.98","eq","l",2.77,"l",35.83517,-117.667,8.4,"A",38458823,18,1183,2019-07-06 06:18:08.98,69277,2019-07-05 23:18:08.98,2019,"Jul",2019-07-01,23,"Friday"
"2019/07/06","06:18:11.25","eq","l",3.55,"l",35.91917,-117.684,9,"A",38458815,38,610,2019-07-06 06:18:11.25,69278,2019-07-05 23:18:11.25,2019,"Jul",2019-07-01,23,"Friday"
"2019/07/06","06:18:45.97","eq","l",3.45,"l",35.81983,-117.65567,2.2,"A",37228820,47,2998,2019-07-06 06:18:45.97,69279,2019-07-05 23:18:45.97,2019,"Jul",2019-07-01,23,"Friday"
"2019/07/06","06:19:42.41","eq","l",3.14,"l",35.88417,-117.71917,4.4,"A",38458831,60,808,2019-07-06 06:19:42.41,69281,2019-07-05 23:19:42.41,2019,"Jul",2019-07-01,23,"Friday"
"2019/07/06","06:19:57.92","eq","l",2.56,"l",35.8885,-117.71267,-1,"A",37228844,20,2806,2019-07-06 06:19:57.92,69282,2019-07-05 23:19:57.92,2019,"Jul",2019-07-01,23,"Friday"
"2019/07/06","06:20:33.16","eq","l",2.82,"l",35.8905,-117.72117,4.2,"A",38458839,45,891,2019-07-06 06:20:33.16,69283,2019-07-05 23:20:33.16,2019,"Jul",2019-07-01,23,"Friday"
"2019/07/06","06:20:53.69","eq","l",2.72,"l",35.78417,-117.61183,4.9,"A",37228852,22,2980,2019-07-06 06:20:53.69,69284,2019-07-05 23:20:53.69,2019,"Jul",2019-07-01,23,"Friday"
"2019/07/06","06:20:57.48","eq","l",2.93,"l",35.72533,-117.55983,10.7,"A",37228860,37,2959,2019-07-06 06:20:57.48,69285,2019-07-05 23:20:57.48,2019,"Jul",2019-07-01,23,"Friday"
"2019/07/06","06:22:02.62","eq","l",2.56,"l",35.81567,-117.65133,7.4,"A",38458847,45,630,2019-07-06 06:22:02.62,69288,2019-07-05 23:22:02.62,2019,"Jul",2019-07-01,23,"Friday"
"2019/07/06","06:22:35.56","eq","l",2.58,"l",35.899,-117.67717,8.6,"A",38458855,49,606,2019-07-06 06:22:35.56,69289,2019-07-05 23:22:35.56,2019,"Jul",2019-07-01,23,"Friday"
"2019/07/06","06:25:52.49","eq","l",2.93,"l",35.87217,-117.66583,7.3,"A",37228964,28,2944,2019-07-06 06:25:52.49,69298,2019-07-05 23:25:52.49,2019,"Jul",2019-07-01,23,"Friday"
"2019/07/06","06:25:58.22","eq","l",2.99,"l",35.67283,-117.46933,8.5,"A",38458887,32,756,2019-07-06 06:25:58.22,69299,2019-07-05 23:25:58.22,2019,"Jul",2019-07-01,23,"Friday"
"2019/07/06","06:26:18.62","eq","l",3.06,"l",35.7095,-117.5095,4.8,"A",38458895,53,1063,2019-07-06 06:26:18.62,69300,2019-07-05 23:26:18.62,2019,"Jul",2019-07-01,23,"Friday"
"2019/07/06","06:26:53.34","eq","l",3.42,"l",35.874,-117.70267,5.7,"A",38458903,75,1318,2019-07-06 06:26:53.34,69301,2019-07-05 23:26:53.34,2019,"Jul",2019-07-01,23,"Friday"
"2019/07/06","06:27:33.01","eq","l",2.94,"l",35.878,-117.69033,2.7,"A",38458911,36,811,2019-07-06 06:27:33.01,69302,2019-07-05 23:27:33.01,2019,"Jul",2019-07-01,23,"Friday"
"2019/07/06","06:27:44.45","eq","l",2.75,"l",35.84633,-117.66567,7.4,"A",37229100,17,2887,2019-07-06 06:27:44.45,69303,2019-07-05 23:27:44.45,2019,"Jul",2019-07-01,23,"Friday"
"2019/07/06","06:28:44.34","eq","l",2.91,"l",35.55267,-117.4345,1.8,"A",38458927,9,618,2019-07-06 06:28:44.34,69304,2019-07-05 23:28:44.34,2019,"Jul",2019-07-01,23,"Friday"
"2019/07/06","06:28:51.87","eq","l",2.89,"l",35.8795,-117.67567,6.7,"A",38458935,20,623,2019-07-06 06:28:51.87,69305,2019-07-05 23:28:51.87,2019,"Jul",2019-07-01,23,"Friday"
"2019/07/06","06:28:57.50","eq","l",3.3,"l",35.707,-117.5305,10.1,"A",37229124,42,2992,2019-07-06 06:28:57.5,69306,2019-07-05 23:28:57.5,2019,"Jul",2019-07-01,23,"Friday"
"2019/07/06","06:29:25.33","eq","l",2.97,"l",35.88117,-117.72367,4.7,"A",37229132,22,2947,2019-07-06 06:29:25.33,69307,2019-07-05 23:29:25.33,2019,"Jul",2019-07-01,23,"Friday"
"2019/07/06","06:30:27.12","eq","l",2.7,"l",35.90167,-117.73,6,"A",37229156,17,2856,2019-07-06 06:30:27.12,69310,2019-07-05 23:30:27.12,2019,"Jul",2019-07-01,23,"Friday"
"2019/07/06","06:30:45.87","eq","l",3.31,"l",35.87,-117.66667,6.9,"A",38458943,48,1311,2019-07-06 06:30:45.87,69311,2019-07-05 23:30:45.87,2019,"Jul",2019-07-01,23,"Friday"
"2019/07/06","06:30:50.57","eq","l",3.13,"l",35.639,-117.439,5,"A",37229172,14,2983,2019-07-06 06:30:50.57,69312,2019-07-05 23:30:50.57,2019,"Jul",2019-07-01,23,"Friday"
"2019/07/06","06:31:00.73","eq","l",3.72,"lr",35.8785,-117.68683,4.3,"A",38458951,74,1323,2019-07-06 06:31:00.73,69313,2019-07-05 23:31:00.73,2019,"Jul",2019-07-01,23,"Friday"
"2019/07/06","06:31:09.27","eq","l",3.31,"l",35.896,-117.65417,2.7,"A",37264124,9,3242,2019-07-06 06:31:09.27,69314,2019-07-05 23:31:09.27,2019,"Jul",2019-07-01,23,"Friday"
"2019/07/06","06:31:49.56","eq","l",2.8,"l",35.71617,-117.53167,9.4,"A",38458959,19,1038,2019-07-06 06:31:49.56,69315,2019-07-05 23:31:49.56,2019,"Jul",2019-07-01,23,"Friday"
"2019/07/06","06:31:55.32","eq","l",3.55,"l",35.88933,-117.72267,4.7,"A",38458967,63,1299,2019-07-06 06:31:55.32,69316,2019-07-05 23:31:55.32,2019,"Jul",2019-07-01,23,"Friday"
"2019/07/06","06:32:07.83","eq","l",3.09,"l",35.843,-117.72117,-1.1,"A",37229188,16,3049,2019-07-06 06:32:07.83,69317,2019-07-05 23:32:07.83,2019,"Jul",2019-07-01,23,"Friday"
"2019/07/06","06:32:26.66","eq","l",2.97,"l",35.78217,-117.609,10.9,"A",38458975,37,771,2019-07-06 06:32:26.66,69318,2019-07-05 23:32:26.66,2019,"Jul",2019-07-01,23,"Friday"
"2019/07/06","06:33:09.86","eq","l",2.77,"l",35.6995,-117.48567,11.1,"A",38458983,59,1078,2019-07-06 06:33:09.86,69320,2019-07-05 23:33:09.86,2019,"Jul",2019-07-01,23,"Friday"
"2019/07/06","06:33:43.07","eq","l",2.7,"l",35.89317,-117.7315,6.2,"A",37229284,21,2941,2019-07-06 06:33:43.07,69322,2019-07-05 23:33:43.07,2019,"Jul",2019-07-01,23,"Friday"
"2019/07/06","06:33:54.42","eq","l",2.75,"l",35.887,-117.72683,5.9,"A",37229292,37,2964,2019-07-06 06:33:54.42,69323,2019-07-05 23:33:54.42,2019,"Jul",2019-07-01,23,"Friday"
"2019/07/06","06:34:18.74","eq","l",2.54,"l",35.858,-117.70733,7.6,"A",38458991,32,621,2019-07-06 06:34:18.74,69324,2019-07-05 23:34:18.74,2019,"Jul",2019-07-01,23,"Friday"
"2019/07/06","06:34:47.41","eq","l",4.05,"lr",35.89267,-117.72483,8.2,"A",38458999,102,1776,2019-07-06 06:34:47.41,69325,2019-07-05 23:34:47.41,2019,"Jul",2019-07-01,23,"Friday"
"2019/07/06","06:35:16.60","eq","l",2.84,"l",35.91583,-117.733,5.9,"A",37229308,20,2965,2019-07-06 06:35:16.6,69326,2019-07-05 23:35:16.6,2019,"Jul",2019-07-01,23,"Friday"
"2019/07/06","06:35:33.69","eq","l",3.09,"l",35.87317,-117.6965,8,"A",37229324,25,3052,2019-07-06 06:35:33.69,69327,2019-07-05 23:35:33.69,2019,"Jul",2019-07-01,23,"Friday"
"2019/07/06","06:35:35.45","eq","l",2.89,"l",35.59933,-117.348,5.5,"A",37229332,12,3049,2019-07-06 06:35:35.45,69328,2019-07-05 23:35:35.45,2019,"Jul",2019-07-01,23,"Friday"
"2019/07/06","06:36:38.53","eq","l",2.75,"l",35.77683,-117.6095,9.4,"A",38459007,54,664,2019-07-06 06:36:38.53,69329,2019-07-05 23:36:38.53,2019,"Jul",2019-07-01,23,"Friday"
"2019/07/06","06:37:19.84","eq","l",2.5,"l",35.70533,-117.5075,1.7,"A",37229428,37,2850,2019-07-06 06:37:19.84,69332,2019-07-05 23:37:19.84,2019,"Jul",2019-07-01,23,"Friday"
"2019/07/06","06:37:47.28","eq","l",2.51,"l",35.8635,-117.69783,7.5,"A",38459023,43,615,2019-07-06 06:37:47.28,69333,2019-07-05 23:37:47.28,2019,"Jul",2019-07-01,23,"Friday"
"2019/07/06","06:39:10.04","eq","l",2.98,"l",35.73117,-117.5415,4,"A",38459031,80,1041,2019-07-06 06:39:10.04,69335,2019-07-05 23:39:10.04,2019,"Jul",2019-07-01,23,"Friday"
"2019/07/06","06:40:02.00","eq","l",3.03,"l",35.89583,-117.72767,4.5,"A",38459039,45,800,2019-07-06 06:40:02,69337,2019-07-05 23:40:02,2019,"Jul",2019-07-01,23,"Friday"
"2019/07/06","06:40:07.41","eq","l",2.86,"l",35.8975,-117.73483,2.5,"A",37229548,16,2920,2019-07-06 06:40:07.41,69338,2019-07-05 23:40:07.41,2019,"Jul",2019-07-01,23,"Friday"
"2019/07/06","06:41:15.06","eq","l",3.9,"lr",35.80417,-117.63783,7.5,"A",38459047,114,1892,2019-07-06 06:41:15.06,69339,2019-07-05 23:41:15.06,2019,"Jul",2019-07-01,23,"Friday"
"2019/07/06","06:43:10.47","eq","l",2.6,"l",35.84517,-117.65817,6,"A",38459055,24,621,2019-07-06 06:43:10.47,69341,2019-07-05 23:43:10.47,2019,"Jul",2019-07-01,23,"Friday"
"2019/07/06","06:43:16.77","eq","l",2.7,"l",35.73633,-117.552,2.4,"A",38459063,27,856,2019-07-06 06:43:16.77,69342,2019-07-05 23:43:16.77,2019,"Jul",2019-07-01,23,"Friday"
"2019/07/06","06:43:50.04","eq","l",2.73,"l",35.873,-117.70583,7.2,"A",38459071,42,723,2019-07-06 06:43:50.04,69344,2019-07-05 23:43:50.04,2019,"Jul",2019-07-01,23,"Friday"
"2019/07/06","06:43:56.89","eq","l",2.64,"l",35.8045,-117.62333,4,"A",37230380,19,2887,2019-07-06 06:43:56.89,69345,2019-07-05 23:43:56.89,2019,"Jul",2019-07-01,23,"Friday"
"2019/07/06","06:44:08.60","eq","l",2.64,"l",35.899,-117.73783,8.2,"A",38459079,22,644,2019-07-06 06:44:08.6,69346,2019-07-05 23:44:08.6,2019,"Jul",2019-07-01,23,"Friday"
"2019/07/06","06:45:08.77","eq","l",2.59,"l",35.81067,-117.62883,3,"A",37230516,30,2833,2019-07-06 06:45:08.77,69348,2019-07-05 23:45:08.77,2019,"Jul",2019-07-01,23,"Friday"
"2019/07/06","06:45:30.73","eq","l",2.86,"l",35.86567,-117.68833,8.1,"A",38459103,45,832,2019-07-06 06:45:30.73,69349,2019-07-05 23:45:30.73,2019,"Jul",2019-07-01,23,"Friday"
"2019/07/06","06:45:59.80","eq","l",2.8,"l",35.6375,-117.48883,7,"A",37230572,20,2908,2019-07-06 06:45:59.8,69351,2019-07-05 23:45:59.8,2019,"Jul",2019-07-01,23,"Friday"
"2019/07/06","06:46:12.13","eq","l",2.81,"l",35.8825,-117.68233,4.6,"A",37230532,36,2887,2019-07-06 06:46:12.13,69352,2019-07-05 23:46:12.13,2019,"Jul",2019-07-01,23,"Friday"
"2019/07/06","06:47:08.02","eq","l",3.24,"l",35.79033,-117.61933,4.9,"A",38459127,37,400,2019-07-06 06:47:08.02,69355,2019-07-05 23:47:08.02,2019,"Jul",2019-07-01,23,"Friday"
"2019/07/06","06:47:10.84","eq","l",3.57,"lr",35.86617,-117.64667,6.8,"A",38459135,26,1480,2019-07-06 06:47:10.84,69356,2019-07-05 23:47:10.84,2019,"Jul",2019-07-01,23,"Friday"
"2019/07/06","06:47:54.66","eq","l",2.78,"l",35.7315,-117.5515,9.6,"A",38459143,31,1041,2019-07-06 06:47:54.66,69357,2019-07-05 23:47:54.66,2019,"Jul",2019-07-01,23,"Friday"
"2019/07/06","06:48:07.66","eq","l",2.99,"l",35.89683,-117.7315,5.9,"A",37230652,28,2944,2019-07-06 06:48:07.66,69358,2019-07-05 23:48:07.66,2019,"Jul",2019-07-01,23,"Friday"
"2019/07/06","06:48:23.65","eq","l",2.68,"l",35.816,-117.65433,2.2,"A",37230668,26,2866,2019-07-06 06:48:23.65,69359,2019-07-05 23:48:23.65,2019,"Jul",2019-07-01,23,"Friday"
"2019/07/06","06:49:27.72","eq","l",2.77,"l",35.57217,-117.40033,4.4,"A",37230884,12,2938,2019-07-06 06:49:27.72,69361,2019-07-05 23:49:27.72,2019,"Jul",2019-07-01,23,"Friday"
"2019/07/06","06:49:28.91","eq","l",3.32,"l",35.92583,-117.6945,3.5,"A",38459167,62,1186,2019-07-06 06:49:28.91,69362,2019-07-05 23:49:28.91,2019,"Jul",2019-07-01,23,"Friday"
"2019/07/06","06:49:44.62","eq","l",2.54,"l",35.923,-117.78233,1.2,"A",37230900,11,2782,2019-07-06 06:49:44.62,69363,2019-07-05 23:49:44.62,2019,"Jul",2019-07-01,23,"Friday"
"2019/07/06","06:50:12.07","eq","l",2.84,"l",35.75367,-117.5735,11.5,"A",38459175,42,1029,2019-07-06 06:50:12.07,69364,2019-07-05 23:50:12.07,2019,"Jul",2019-07-01,23,"Friday"
"2019/07/06","06:50:18.18","eq","l",2.77,"l",35.74833,-117.62683,0.8,"A",37230940,14,2911,2019-07-06 06:50:18.18,69365,2019-07-05 23:50:18.18,2019,"Jul",2019-07-01,23,"Friday"
"2019/07/06","06:50:36.52","eq","l",3.39,"l",35.68717,-117.48433,6.9,"A",38459183,66,730,2019-07-06 06:50:36.52,69366,2019-07-05 23:50:36.52,2019,"Jul",2019-07-01,23,"Friday"
"2019/07/06","06:52:21.68","eq","l",2.67,"l",35.81833,-117.69483,4.4,"A",38459199,14,615,2019-07-06 06:52:21.68,69368,2019-07-05 23:52:21.68,2019,"Jul",2019-07-01,23,"Friday"
"2019/07/06","06:52:25.97","eq","l",3.77,"lr",35.56017,-117.39833,3.8,"A",38459207,93,1714,2019-07-06 06:52:25.97,69369,2019-07-05 23:52:25.97,2019,"Jul",2019-07-01,23,"Friday"
"2019/07/06","06:53:09.89","eq","l",3.4,"lr",35.67183,-117.49467,1.8,"A",38459215,43,1587,2019-07-06 06:53:09.89,69370,2019-07-05 23:53:09.89,2019,"Jul",2019-07-01,23,"Friday"
"2019/07/06","06:53:23.11","eq","l",3.11,"l",35.89083,-117.73267,4.3,"A",37231492,23,2965,2019-07-06 06:53:23.11,69371,2019-07-05 23:53:23.11,2019,"Jul",2019-07-01,23,"Friday"
"2019/07/06","06:53:34.19","eq","l",2.77,"l",35.83133,-117.70233,4.1,"A",37231508,19,2875,2019-07-06 06:53:34.19,69372,2019-07-05 23:53:34.19,2019,"Jul",2019-07-01,23,"Friday"
"2019/07/06","06:54:37.28","eq","l",2.54,"l",35.92117,-117.68567,4.5,"A",37231556,28,2797,2019-07-06 06:54:37.28,69375,2019-07-05 23:54:37.28,2019,"Jul",2019-07-01,23,"Friday"
"2019/07/06","06:56:21.18","eq","l",3.25,"l",35.68667,-117.48083,8.3,"A",38459239,68,1081,2019-07-06 06:56:21.18,69383,2019-07-05 23:56:21.18,2019,"Jul",2019-07-01,23,"Friday"
"2019/07/06","06:56:38.35","eq","l",2.56,"l",35.62,-117.44517,5.8,"B",37231748,7,2857,2019-07-06 06:56:38.35,69384,2019-07-05 23:56:38.35,2019,"Jul",2019-07-01,23,"Friday"
"2019/07/06","06:57:26.55","eq","l",2.56,"l",35.67133,-117.40483,10.3,"A",37231796,24,2845,2019-07-06 06:57:26.55,69387,2019-07-05 23:57:26.55,2019,"Jul",2019-07-01,23,"Friday"
"2019/07/06","06:57:33.02","eq","l",2.77,"l",35.651,-117.45517,9.6,"A",37231804,25,2932,2019-07-06 06:57:33.02,69388,2019-07-05 23:57:33.02,2019,"Jul",2019-07-01,23,"Friday"
"2019/07/06","06:57:47.53","eq","l",3.24,"l",35.86267,-117.7105,8.9,"A",38459247,65,1314,2019-07-06 06:57:47.53,69389,2019-07-05 23:57:47.53,2019,"Jul",2019-07-01,23,"Friday"
"2019/07/06","06:58:11.10","eq","l",2.85,"l",35.90467,-117.7485,6.8,"A",38459255,29,597,2019-07-06 06:58:11.1,69390,2019-07-05 23:58:11.1,2019,"Jul",2019-07-01,23,"Friday"
"2019/07/06","06:58:29.35","eq","l",2.5,"l",35.804,-117.63283,5.2,"A",37231820,15,2788,2019-07-06 06:58:29.35,69391,2019-07-05 23:58:29.35,2019,"Jul",2019-07-01,23,"Friday"
"2019/07/06","06:59:59.43","eq","l",3.46,"lr",35.67633,-117.54867,1.6,"A",38459279,71,1596,2019-07-06 06:59:59.43,69397,2019-07-05 23:59:59.43,2019,"Jul",2019-07-01,23,"Friday"
"2019/07/06","07:00:20.44","eq","l",2.92,"l",35.89233,-117.722,6.1,"A",38459287,25,797,2019-07-06 07:00:20.44,69398,2019-07-06 00:00:20.44,2019,"Jul",2019-07-01,0,"Saturday"
"2019/07/06","07:00:32.77","eq","l",2.87,"l",35.90283,-117.67533,3.8,"A",37231940,19,2908,2019-07-06 07:00:32.77,69399,2019-07-06 00:00:32.77,2019,"Jul",2019-07-01,0,"Saturday"
"2019/07/06","07:00:59.98","eq","l",2.96,"l",35.88767,-117.7075,7.5,"A",38459295,59,808,2019-07-06 07:00:59.98,69400,2019-07-06 00:00:59.98,2019,"Jul",2019-07-01,0,"Saturday"
"2019/07/06","07:01:07.14","eq","l",2.52,"l",35.8765,-117.69817,6.4,"A",37232124,15,2785,2019-07-06 07:01:07.14,69401,2019-07-06 00:01:07.14,2019,"Jul",2019-07-01,0,"Saturday"
"2019/07/06","07:01:51.97","eq","l",2.71,"l",35.90217,-117.73,5.3,"A",38459303,39,597,2019-07-06 07:01:51.97,69404,2019-07-06 00:01:51.97,2019,"Jul",2019-07-01,0,"Saturday"
"2019/07/06","07:02:29.11","eq","l",2.64,"l",35.82133,-117.652,6,"A",37232172,32,2866,2019-07-06 07:02:29.11,69407,2019-07-06 00:02:29.11,2019,"Jul",2019-07-01,0,"Saturday"
"2019/07/06","07:02:49.04","eq","l",2.52,"l",35.934,-117.732,0.7,"A",37232220,15,2800,2019-07-06 07:02:49.04,69409,2019-07-06 00:02:49.04,2019,"Jul",2019-07-01,0,"Saturday"
"2019/07/06","07:03:14.70","eq","l",3.46,"lr",35.65683,-117.53533,9.2,"A",38459311,105,1634,2019-07-06 07:03:14.7,69410,2019-07-06 00:03:14.7,2019,"Jul",2019-07-01,0,"Saturday"
"2019/07/06","07:04:22.23","eq","l",3.01,"l",35.74367,-117.5585,3.5,"A",38459319,40,1035,2019-07-06 07:04:22.23,69412,2019-07-06 00:04:22.23,2019,"Jul",2019-07-01,0,"Saturday"
"2019/07/06","07:04:42.04","eq","l",3.97,"w",35.89,-117.7315,4.8,"A",38459327,105,1771,2019-07-06 07:04:42.04,69413,2019-07-06 00:04:42.04,2019,"Jul",2019-07-01,0,"Saturday"
"2019/07/06","07:05:21.03","eq","l",3.56,"lr",35.88917,-117.73067,6,"A",38459335,41,1284,2019-07-06 07:05:21.03,69414,2019-07-06 00:05:21.03,2019,"Jul",2019-07-01,0,"Saturday"
"2019/07/06","07:06:37.29","eq","l",2.72,"l",35.89917,-117.7165,4.9,"A",38459343,55,798,2019-07-06 07:06:37.29,69415,2019-07-06 00:06:37.29,2019,"Jul",2019-07-01,0,"Saturday"
"2019/07/06","07:07:23.70","eq","l",2.55,"l",35.90033,-117.7305,5.5,"A",37232420,20,2812,2019-07-06 07:07:23.7,69418,2019-07-06 00:07:23.7,2019,"Jul",2019-07-01,0,"Saturday"
"2019/07/06","07:07:37.06","eq","l",2.7,"l",35.887,-117.73133,6.5,"A",38459351,43,606,2019-07-06 07:07:37.06,69419,2019-07-06 00:07:37.06,2019,"Jul",2019-07-01,0,"Saturday"
"2019/07/06","07:09:25.69","eq","l",2.85,"l",35.89467,-117.724,6.7,"A",37232516,46,2893,2019-07-06 07:09:25.69,69425,2019-07-06 00:09:25.69,2019,"Jul",2019-07-01,0,"Saturday"
"2019/07/06","07:09:40.49","eq","l",2.87,"l",35.83783,-117.664,3.5,"A",38459375,38,872,2019-07-06 07:09:40.49,69426,2019-07-06 00:09:40.49,2019,"Jul",2019-07-01,0,"Saturday"
"2019/07/06","07:09:47.59","eq","l",2.62,"l",35.574,-117.32917,3.5,"A",38459367,9,606,2019-07-06 07:09:47.59,69427,2019-07-06 00:09:47.59,2019,"Jul",2019-07-01,0,"Saturday"
"2019/07/06","07:09:56.77","eq","l",3.22,"l",35.905,-117.74883,6.2,"A",38459383,57,801,2019-07-06 07:09:56.77,69428,2019-07-06 00:09:56.77,2019,"Jul",2019-07-01,0,"Saturday"
"2019/07/06","07:11:00.58","eq","l",2.53,"l",35.86233,-117.69667,5.8,"A",38459391,46,829,2019-07-06 07:11:00.58,69432,2019-07-06 00:11:00.58,2019,"Jul",2019-07-01,0,"Saturday"
"2019/07/06","07:11:32.18","eq","l",2.83,"l",35.74067,-117.53383,10.6,"A",38459399,49,1033,2019-07-06 07:11:32.18,69434,2019-07-06 00:11:32.18,2019,"Jul",2019-07-01,0,"Saturday"
"2019/07/06","07:12:18.59","eq","l",2.62,"l",35.9275,-117.706,7.2,"A",37233012,33,2833,2019-07-06 07:12:18.59,69436,2019-07-06 00:12:18.59,2019,"Jul",2019-07-01,0,"Saturday"
"2019/07/06","07:12:27.99","eq","l",2.71,"l",35.85667,-117.65117,3.3,"A",38459407,19,996,2019-07-06 07:12:27.99,69437,2019-07-06 00:12:27.99,2019,"Jul",2019-07-01,0,"Saturday"
"2019/07/06","07:13:36.11","eq","l",3.09,"l",35.94567,-117.71967,2.4,"A",38459415,72,758,2019-07-06 07:13:36.11,69440,2019-07-06 00:13:36.11,2019,"Jul",2019-07-01,0,"Saturday"
"2019/07/06","07:15:26.44","eq","l",3.34,"l",35.705,-117.50667,9,"A",38459439,74,1539,2019-07-06 07:15:26.44,69445,2019-07-06 00:15:26.44,2019,"Jul",2019-07-01,0,"Saturday"
"2019/07/06","07:15:55.17","eq","l",2.55,"l",35.901,-117.69867,2.9,"A",37233180,22,2800,2019-07-06 07:15:55.17,69446,2019-07-06 00:15:55.17,2019,"Jul",2019-07-01,0,"Saturday"
"2019/07/06","07:16:03.15","eq","l",3.75,"lr",35.92433,-117.748,2.3,"A",37233156,55,3013,2019-07-06 07:16:03.15,69447,2019-07-06 00:16:03.15,2019,"Jul",2019-07-01,0,"Saturday"
"2019/07/06","07:16:57.53","eq","l",2.52,"l",35.8235,-117.6625,10.1,"A",38459447,24,625,2019-07-06 07:16:57.53,69448,2019-07-06 00:16:57.53,2019,"Jul",2019-07-01,0,"Saturday"
"2019/07/06","07:17:18.21","eq","l",2.53,"l",35.6535,-117.46583,3.5,"A",37233196,22,2845,2019-07-06 07:17:18.21,69449,2019-07-06 00:17:18.21,2019,"Jul",2019-07-01,0,"Saturday"
"2019/07/06","07:20:42.35","eq","l",2.67,"l",35.70767,-117.50783,6,"A",38459479,33,667,2019-07-06 07:20:42.35,69459,2019-07-06 00:20:42.35,2019,"Jul",2019-07-01,0,"Saturday"
"2019/07/06","07:23:22.77","eq","l",2.68,"l",35.8925,-117.7045,6.9,"A",38459503,40,606,2019-07-06 07:23:22.77,69468,2019-07-06 00:23:22.77,2019,"Jul",2019-07-01,0,"Saturday"
"2019/07/06","07:23:43.83","eq","l",2.66,"l",35.87633,-117.69333,4.1,"A",38459511,43,612,2019-07-06 07:23:43.83,69469,2019-07-06 00:23:43.83,2019,"Jul",2019-07-01,0,"Saturday"
"2019/07/06","07:24:15.73","eq","l",2.72,"l",35.694,-117.54267,9.4,"A",37233948,39,2917,2019-07-06 07:24:15.73,69470,2019-07-06 00:24:15.73,2019,"Jul",2019-07-01,0,"Saturday"
"2019/07/06","07:24:18.93","eq","l",2.86,"l",35.8215,-117.62867,9.4,"A",38459519,32,1101,2019-07-06 07:24:18.93,69471,2019-07-06 00:24:18.93,2019,"Jul",2019-07-01,0,"Saturday"
"2019/07/06","07:24:31.11","eq","l",3,"l",35.78367,-117.61133,5.5,"A",37233956,32,2968,2019-07-06 07:24:31.11,69472,2019-07-06 00:24:31.11,2019,"Jul",2019-07-01,0,"Saturday"
"2019/07/06","07:24:47.44","eq","l",2.78,"l",35.8775,-117.69717,8.6,"A",38459527,39,808,2019-07-06 07:24:47.44,69473,2019-07-06 00:24:47.44,2019,"Jul",2019-07-01,0,"Saturday"
"2019/07/06","07:25:23.30","eq","l",2.83,"l",35.76117,-117.578,9.8,"A",38459535,53,1002,2019-07-06 07:25:23.3,69474,2019-07-06 00:25:23.3,2019,"Jul",2019-07-01,0,"Saturday"
"2019/07/06","07:26:26.42","eq","l",2.78,"l",35.7025,-117.48467,2.6,"A",38459543,60,1063,2019-07-06 07:26:26.42,69476,2019-07-06 00:26:26.42,2019,"Jul",2019-07-01,0,"Saturday"
"2019/07/06","07:28:10.38","eq","l",2.91,"l",35.644,-117.444,3,"A",38459551,54,1157,2019-07-06 07:28:10.38,69486,2019-07-06 00:28:10.38,2019,"Jul",2019-07-01,0,"Saturday"
"2019/07/06","07:28:48.31","eq","l",3.02,"l",35.907,-117.68533,2.1,"A",38459567,49,770,2019-07-06 07:28:48.31,69488,2019-07-06 00:28:48.31,2019,"Jul",2019-07-01,0,"Saturday"
"2019/07/06","07:28:59.94","eq","l",2.86,"l",35.89317,-117.73433,4.3,"A",37234644,35,5810,2019-07-06 07:28:59.94,69489,2019-07-06 00:28:59.94,2019,"Jul",2019-07-01,0,"Saturday"
"2019/07/06","07:30:04.54","eq","l",2.67,"l",35.87567,-117.70583,4.9,"A",38459583,41,811,2019-07-06 07:30:04.54,69491,2019-07-06 00:30:04.54,2019,"Jul",2019-07-01,0,"Saturday"
"2019/07/06","07:30:51.22","eq","l",2.8,"l",35.681,-117.51467,7.5,"A",38459591,40,1113,2019-07-06 07:30:51.22,69492,2019-07-06 00:30:51.22,2019,"Jul",2019-07-01,0,"Saturday"
"2019/07/06","07:31:14.49","eq","l",3.62,"lr",35.70433,-117.505,2,"A",38459599,89,1551,2019-07-06 07:31:14.49,69494,2019-07-06 00:31:14.49,2019,"Jul",2019-07-01,0,"Saturday"
"2019/07/06","07:32:00.63","eq","l",2.53,"l",35.7625,-117.59883,8.2,"A",37234708,18,5654,2019-07-06 07:32:00.63,69495,2019-07-06 00:32:00.63,2019,"Jul",2019-07-01,0,"Saturday"
"2019/07/06","07:32:14.61","eq","l",2.56,"l",35.752,-117.5835,7.2,"A",37234684,21,5262,2019-07-06 07:32:14.61,69496,2019-07-06 00:32:14.61,2019,"Jul",2019-07-01,0,"Saturday"
"2019/07/06","07:34:05.63","eq","l",2.61,"l",35.60383,-117.46633,9.7,"A",37235356,39,5780,2019-07-06 07:34:05.63,69504,2019-07-06 00:34:05.63,2019,"Jul",2019-07-01,0,"Saturday"
"2019/07/06","07:34:23.82","eq","l",2.88,"l",35.89067,-117.70317,5.4,"A",38459639,53,789,2019-07-06 07:34:23.82,69505,2019-07-06 00:34:23.82,2019,"Jul",2019-07-01,0,"Saturday"
"2019/07/06","07:34:55.45","eq","l",3.09,"l",35.93517,-117.71217,4.3,"A",38459647,35,771,2019-07-06 07:34:55.45,69506,2019-07-06 00:34:55.45,2019,"Jul",2019-07-01,0,"Saturday"
"2019/07/06","07:34:59.65","eq","l",3.21,"l",35.78333,-117.61233,7,"A",37235380,30,5972,2019-07-06 07:34:59.65,69507,2019-07-06 00:34:59.65,2019,"Jul",2019-07-01,0,"Saturday"
"2019/07/06","07:35:24.74","eq","l",2.84,"l",35.70067,-117.54317,8.2,"A",38459655,42,1058,2019-07-06 07:35:24.74,69508,2019-07-06 00:35:24.74,2019,"Jul",2019-07-01,0,"Saturday"
"2019/07/06","07:35:51.41","eq","l",2.5,"l",35.55283,-117.38033,3.4,"A",37235396,20,5720,2019-07-06 07:35:51.41,69509,2019-07-06 00:35:51.41,2019,"Jul",2019-07-01,0,"Saturday"
"2019/07/06","07:36:09.62","eq","l",2.7,"l",35.65983,-117.4835,2,"A",38459663,31,1149,2019-07-06 07:36:09.62,69510,2019-07-06 00:36:09.62,2019,"Jul",2019-07-01,0,"Saturday"
"2019/07/06","07:36:15.59","eq","l",3.1,"l",35.63017,-117.41583,7,"A",37235404,14,5966,2019-07-06 07:36:15.59,69511,2019-07-06 00:36:15.59,2019,"Jul",2019-07-01,0,"Saturday"
"2019/07/06","07:36:23.54","eq","l",3.44,"l",35.732,-117.58483,8.5,"A",38459671,47,1524,2019-07-06 07:36:23.54,69512,2019-07-06 00:36:23.54,2019,"Jul",2019-07-01,0,"Saturday"
"2019/07/06","07:37:00.03","eq","l",2.73,"l",35.75267,-117.57617,7.4,"A",38459679,31,1026,2019-07-06 07:37:00.03,69513,2019-07-06 00:37:00.03,2019,"Jul",2019-07-01,0,"Saturday"
"2019/07/06","07:37:02.68","eq","l",2.77,"l",35.73767,-117.52183,12.4,"A",37235412,16,5840,2019-07-06 07:37:02.68,69514,2019-07-06 00:37:02.68,2019,"Jul",2019-07-01,0,"Saturday"
"2019/07/06","07:38:29.39","eq","l",2.56,"l",35.61367,-117.39667,8.5,"A",37235460,13,5746,2019-07-06 07:38:29.39,69519,2019-07-06 00:38:29.39,2019,"Jul",2019-07-01,0,"Saturday"
"2019/07/06","07:39:53.59","eq","l",2.59,"l",35.60067,-117.4765,3.9,"A",37235556,22,5828,2019-07-06 07:39:53.59,69527,2019-07-06 00:39:53.59,2019,"Jul",2019-07-01,0,"Saturday"
"2019/07/06","07:40:30.58","eq","l",2.8,"l",35.914,-117.70733,2.2,"A",37235564,38,5768,2019-07-06 07:40:30.58,69529,2019-07-06 00:40:30.58,2019,"Jul",2019-07-01,0,"Saturday"
"2019/07/06","07:42:20.16","eq","l",2.74,"l",35.91183,-117.71017,2.1,"A",38459759,32,839,2019-07-06 07:42:20.16,69536,2019-07-06 00:42:20.16,2019,"Jul",2019-07-01,0,"Saturday"
"2019/07/06","07:43:27.98","eq","l",2.69,"l",35.896,-117.7345,5.8,"A",38459767,34,1049,2019-07-06 07:43:27.98,69539,2019-07-06 00:43:27.98,2019,"Jul",2019-07-01,0,"Saturday"
"2019/07/06","07:45:41.42","eq","l",2.56,"l",35.63933,-117.4815,2.2,"A",38459799,34,739,2019-07-06 07:45:41.42,69547,2019-07-06 00:45:41.42,2019,"Jul",2019-07-01,0,"Saturday"
"2019/07/06","07:46:16.83","eq","l",2.96,"l",35.78333,-117.59367,8.7,"A",38459807,69,942,2019-07-06 07:46:16.83,69549,2019-07-06 00:46:16.83,2019,"Jul",2019-07-01,0,"Saturday"
"2019/07/06","07:46:30.34","eq","l",3.33,"l",35.66,-117.479,2.2,"A",37235820,48,5996,2019-07-06 07:46:30.34,69550,2019-07-06 00:46:30.34,2019,"Jul",2019-07-01,0,"Saturday"
"2019/07/06","07:49:00.00","eq","l",3.05,"l",35.603,-117.39967,7.9,"A",38459831,62,1188,2019-07-06 07:49:00,69556,2019-07-06 00:49:00,2019,"Jul",2019-07-01,0,"Saturday"
"2019/07/06","07:49:12.29","eq","l",2.79,"l",35.61233,-117.47633,2.3,"A",37235876,21,5902,2019-07-06 07:49:12.29,69557,2019-07-06 00:49:12.29,2019,"Jul",2019-07-01,0,"Saturday"
"2019/07/06","07:50:01.98","eq","l",3.21,"l",35.70367,-117.55717,3,"A",38459839,62,1049,2019-07-06 07:50:01.98,69558,2019-07-06 00:50:01.98,2019,"Jul",2019-07-01,0,"Saturday"
"2019/07/06","07:50:15.38","eq","l",3.43,"l",35.55,-117.383,2.9,"A",37235916,35,6008,2019-07-06 07:50:15.38,69559,2019-07-06 00:50:15.38,2019,"Jul",2019-07-01,0,"Saturday"
"2019/07/06","07:51:30.97","eq","l",2.7,"l",35.629,-117.43333,4.4,"A",38459847,26,1169,2019-07-06 07:51:30.97,69561,2019-07-06 00:51:30.97,2019,"Jul",2019-07-01,0,"Saturday"
"2019/07/06","07:52:11.72","eq","l",3.24,"l",35.80333,-117.63017,2.9,"A",38459855,63,904,2019-07-06 07:52:11.72,69562,2019-07-06 00:52:11.72,2019,"Jul",2019-07-01,0,"Saturday"
"2019/07/06","07:52:24.52","eq","l",3.73,"lr",35.88483,-117.729,5.5,"A",38459863,76,1786,2019-07-06 07:52:24.52,69563,2019-07-06 00:52:24.52,2019,"Jul",2019-07-01,0,"Saturday"
"2019/07/06","07:52:49.63","eq","l",2.9,"l",35.891,-117.7285,4.8,"A",37235972,26,2628,2019-07-06 07:52:49.63,69564,2019-07-06 00:52:49.63,2019,"Jul",2019-07-01,0,"Saturday"
"2019/07/06","07:53:26.12","eq","l",2.66,"l",35.9105,-117.69017,2.3,"A",38459871,40,773,2019-07-06 07:53:26.12,69565,2019-07-06 00:53:26.12,2019,"Jul",2019-07-01,0,"Saturday"
"2019/07/06","07:54:41.27","eq","l",2.52,"l",35.8915,-117.68017,9.1,"A",37236068,18,5582,2019-07-06 07:54:41.27,69569,2019-07-06 00:54:41.27,2019,"Jul",2019-07-01,0,"Saturday"
"2019/07/06","07:54:46.58","eq","l",3.87,"lr",35.70517,-117.55767,8.5,"A",38459887,107,1965,2019-07-06 07:54:46.58,69570,2019-07-06 00:54:46.58,2019,"Jul",2019-07-01,0,"Saturday"
"2019/07/06","07:56:03.66","eq","l",3.55,"lr",35.67467,-117.475,2,"A",38459895,93,1588,2019-07-06 07:56:03.66,69572,2019-07-06 00:56:03.66,2019,"Jul",2019-07-01,0,"Saturday"
"2019/07/06","07:59:02.08","eq","l",2.58,"l",35.74917,-117.53017,10.3,"A",38459919,43,654,2019-07-06 07:59:02.08,69577,2019-07-06 00:59:02.08,2019,"Jul",2019-07-01,0,"Saturday"
"2019/07/06","07:59:05.80","eq","l",2.62,"l",35.865,-117.7035,10.9,"A",37236180,37,5684,2019-07-06 07:59:05.8,69578,2019-07-06 00:59:05.8,2019,"Jul",2019-07-01,0,"Saturday"
"2019/07/06","07:59:47.73","eq","l",2.76,"l",35.70017,-117.51317,1.6,"A",38459927,59,1072,2019-07-06 07:59:47.73,69580,2019-07-06 00:59:47.73,2019,"Jul",2019-07-01,0,"Saturday"
"2019/07/06","08:00:24.82","eq","l",2.57,"l",35.94233,-117.711,-0.2,"A",37236284,14,5606,2019-07-06 08:00:24.82,69583,2019-07-06 01:00:24.82,2019,"Jul",2019-07-01,1,"Saturday"
"2019/07/06","08:01:00.68","eq","l",3.24,"l",35.6705,-117.501,1.3,"A",38459943,64,976,2019-07-06 08:01:00.68,69585,2019-07-06 01:01:00.68,2019,"Jul",2019-07-01,1,"Saturday"
"2019/07/06","08:04:01.63","eq","l",2.65,"l",35.9435,-117.67233,4.7,"A",38459967,39,754,2019-07-06 08:04:01.63,69599,2019-07-06 01:04:01.63,2019,"Jul",2019-07-01,1,"Saturday"
"2019/07/06","08:04:42.53","eq","l",2.62,"l",35.90017,-117.73117,6.2,"A",38459975,41,788,2019-07-06 08:04:42.53,69600,2019-07-06 01:04:42.53,2019,"Jul",2019-07-01,1,"Saturday"
"2019/07/06","08:04:46.39","eq","l",2.54,"l",35.93967,-117.73217,3,"A",37236436,19,2788,2019-07-06 08:04:46.39,69601,2019-07-06 01:04:46.39,2019,"Jul",2019-07-01,1,"Saturday"
"2019/07/06","08:05:23.17","eq","l",2.61,"l",35.619,-117.4485,1.6,"A",38459983,38,1160,2019-07-06 08:05:23.17,69603,2019-07-06 01:05:23.17,2019,"Jul",2019-07-01,1,"Saturday"
"2019/07/06","08:05:53.31","eq","l",2.65,"l",35.61117,-117.4095,6.2,"A",37236820,21,2896,2019-07-06 08:05:53.31,69604,2019-07-06 01:05:53.31,2019,"Jul",2019-07-01,1,"Saturday"
"2019/07/06","08:05:55.47","eq","l",2.63,"l",35.88717,-117.72917,7.7,"A",38459991,35,802,2019-07-06 08:05:55.47,69605,2019-07-06 01:05:55.47,2019,"Jul",2019-07-01,1,"Saturday"
"2019/07/06","08:07:05.20","eq","l",2.7,"l",35.88967,-117.70333,6.2,"A",38460007,48,780,2019-07-06 08:07:05.2,69609,2019-07-06 01:07:05.2,2019,"Jul",2019-07-01,1,"Saturday"
"2019/07/06","08:07:12.29","eq","l",2.59,"l",35.75433,-117.57217,10.2,"A",37236884,29,2845,2019-07-06 08:07:12.29,69610,2019-07-06 01:07:12.29,2019,"Jul",2019-07-01,1,"Saturday"
"2019/07/06","08:07:15.39","eq","l",2.56,"l",35.6835,-117.531,4.7,"A",37236892,15,2842,2019-07-06 08:07:15.39,69611,2019-07-06 01:07:15.39,2019,"Jul",2019-07-01,1,"Saturday"
"2019/07/06","08:08:32.95","eq","l",2.83,"l",36.02667,-117.14417,7.4,"C",37236924,12,2887,2019-07-06 08:08:32.95,69617,2019-07-06 01:08:32.95,2019,"Jul",2019-07-01,1,"Saturday"
"2019/07/06","08:09:04.65","eq","l",2.78,"l",35.86367,-117.68183,6.7,"A",37237236,42,2875,2019-07-06 08:09:04.65,69620,2019-07-06 01:09:04.65,2019,"Jul",2019-07-01,1,"Saturday"
"2019/07/06","08:09:05.36","eq","l",2.63,"l",35.757,-117.60917,5.8,"A",38460023,29,820,2019-07-06 08:09:05.36,69621,2019-07-06 01:09:05.36,2019,"Jul",2019-07-01,1,"Saturday"
"2019/07/06","08:09:34.31","eq","l",2.53,"l",35.95267,-117.32517,4.4,"A",37237244,37,2785,2019-07-06 08:09:34.31,69622,2019-07-06 01:09:34.31,2019,"Jul",2019-07-01,1,"Saturday"
"2019/07/06","08:10:00.94","eq","l",2.61,"l",35.88583,-117.72517,6,"A",38460031,45,1272,2019-07-06 08:10:00.94,69623,2019-07-06 01:10:00.94,2019,"Jul",2019-07-01,1,"Saturday"
"2019/07/06","08:10:50.10","eq","l",3.62,"w",35.9135,-117.71917,2.7,"A",38460039,83,1686,2019-07-06 08:10:50.1,69625,2019-07-06 01:10:50.1,2019,"Jul",2019-07-01,1,"Saturday"
"2019/07/06","08:11:22.81","eq","l",2.58,"l",35.88633,-117.72817,6.6,"A",37237404,25,2809,2019-07-06 08:11:22.81,69626,2019-07-06 01:11:22.81,2019,"Jul",2019-07-01,1,"Saturday"
"2019/07/06","08:12:21.25","eq","l",2.55,"l",35.69433,-117.52683,8.4,"A",37237428,35,2836,2019-07-06 08:12:21.25,69630,2019-07-06 01:12:21.25,2019,"Jul",2019-07-01,1,"Saturday"
"2019/07/06","08:12:56.96","eq","l",2.51,"l",35.67333,-117.54467,6.2,"A",38460055,27,1020,2019-07-06 08:12:56.96,69631,2019-07-06 01:12:56.96,2019,"Jul",2019-07-01,1,"Saturday"
"2019/07/06","08:12:59.85","eq","l",2.65,"l",35.91033,-117.71167,6.8,"C",37237436,17,2824,2019-07-06 08:12:59.85,69632,2019-07-06 01:12:59.85,2019,"Jul",2019-07-01,1,"Saturday"
"2019/07/06","08:13:51.64","eq","l",2.58,"l",35.90283,-117.74017,7.7,"A",37237452,26,2812,2019-07-06 08:13:51.64,69635,2019-07-06 01:13:51.64,2019,"Jul",2019-07-01,1,"Saturday"
"2019/07/06","08:13:54.14","eq","l",2.75,"l",35.65467,-117.46967,1.9,"A",37237460,34,2923,2019-07-06 08:13:54.14,69636,2019-07-06 01:13:54.14,2019,"Jul",2019-07-01,1,"Saturday"
"2019/07/06","08:14:37.02","eq","l",2.59,"l",35.862,-117.6725,4,"A",38460079,46,1301,2019-07-06 08:14:37.02,69637,2019-07-06 01:14:37.02,2019,"Jul",2019-07-01,1,"Saturday"
"2019/07/06","08:17:56.31","eq","l",2.55,"l",35.9175,-117.72417,2.7,"A",38460127,53,3019,2019-07-06 08:17:56.31,69645,2019-07-06 01:17:56.31,2019,"Jul",2019-07-01,1,"Saturday"
"2019/07/06","08:17:59.58","eq","l",2.66,"l",35.8935,-117.7325,6,"A",37482933,39,3040,2019-07-06 08:17:59.58,69646,2019-07-06 01:17:59.58,2019,"Jul",2019-07-01,1,"Saturday"
"2019/07/06","08:18:28.99","eq","l",2.5,"l",35.68933,-117.53167,5,"A",38460135,46,1058,2019-07-06 08:18:28.99,69647,2019-07-06 01:18:28.99,2019,"Jul",2019-07-01,1,"Saturday"
"2019/07/06","08:18:34.59","eq","l",2.68,"l",35.75733,-117.57667,4,"A",37482509,35,3098,2019-07-06 08:18:34.59,69648,2019-07-06 01:18:34.59,2019,"Jul",2019-07-01,1,"Saturday"
"2019/07/06","08:18:38.29","eq","l",2.87,"l",35.70967,-117.58017,8.3,"A",37482517,23,3179,2019-07-06 08:18:38.29,69649,2019-07-06 01:18:38.29,2019,"Jul",2019-07-01,1,"Saturday"
"2019/07/06","08:20:29.66","eq","l",2.68,"l",35.90433,-117.70117,5.6,"A",38460151,72,779,2019-07-06 08:20:29.66,69655,2019-07-06 01:20:29.66,2019,"Jul",2019-07-01,1,"Saturday"
"2019/07/06","08:22:03.68","eq","l",2.79,"l",35.67067,-117.54817,4.7,"A",38460175,87,1602,2019-07-06 08:22:03.68,69658,2019-07-06 01:22:03.68,2019,"Jul",2019-07-01,1,"Saturday"
"2019/07/06","08:23:19.19","eq","l",2.5,"l",35.90533,-117.69617,9,"A",38460183,30,779,2019-07-06 08:23:19.19,69661,2019-07-06 01:23:19.19,2019,"Jul",2019-07-01,1,"Saturday"
"2019/07/06","08:23:27.86","eq","l",2.57,"l",35.8975,-117.7325,2.7,"A",37357724,18,2981,2019-07-06 08:23:27.86,69662,2019-07-06 01:23:27.86,2019,"Jul",2019-07-01,1,"Saturday"
"2019/07/06","08:24:04.40","eq","l",2.71,"l",35.891,-117.72833,5.3,"A",38460199,64,1263,2019-07-06 08:24:04.4,69665,2019-07-06 01:24:04.4,2019,"Jul",2019-07-01,1,"Saturday"
"2019/07/06","08:26:51.08","eq","l",3.27,"l",35.56933,-117.388,7,"B",38460223,20,1563,2019-07-06 08:26:51.08,69669,2019-07-06 01:26:51.08,2019,"Jul",2019-07-01,1,"Saturday"
"2019/07/06","08:26:52.56","eq","l",3.53,"l",35.8965,-117.73067,5,"A",37264140,48,3248,2019-07-06 08:26:52.56,69670,2019-07-06 01:26:52.56,2019,"Jul",2019-07-01,1,"Saturday"
"2019/07/06","08:27:32.59","eq","l",2.51,"l",35.80117,-117.61933,10.3,"A",38460231,29,871,2019-07-06 08:27:32.59,69671,2019-07-06 01:27:32.59,2019,"Jul",2019-07-01,1,"Saturday"
"2019/07/06","08:27:53.15","eq","l",2.67,"l",35.90217,-117.72767,5.8,"A",38460239,38,787,2019-07-06 08:27:53.15,69672,2019-07-06 01:27:53.15,2019,"Jul",2019-07-01,1,"Saturday"
"2019/07/06","08:28:33.77","eq","l",3.59,"lr",35.63183,-117.4105,3.1,"A",38460255,88,1632,2019-07-06 08:28:33.77,69674,2019-07-06 01:28:33.77,2019,"Jul",2019-07-01,1,"Saturday"
"2019/07/06","08:29:11.09","eq","l",2.86,"l",35.9235,-117.6915,3.1,"A",38460263,30,774,2019-07-06 08:29:11.09,69675,2019-07-06 01:29:11.09,2019,"Jul",2019-07-01,1,"Saturday"
"2019/07/06","08:30:33.18","eq","l",2.64,"l",35.66967,-117.4675,4.5,"A",38460271,24,436,2019-07-06 08:30:33.18,69676,2019-07-06 01:30:33.18,2019,"Jul",2019-07-01,1,"Saturday"
"2019/07/06","08:30:34.69","eq","l",2.51,"l",35.77067,-117.5755,3.4,"A",37482829,8,3002,2019-07-06 08:30:34.69,69677,2019-07-06 01:30:34.69,2019,"Jul",2019-07-01,1,"Saturday"
"2019/07/06","08:31:09.29","eq","l",3.23,"l",35.89367,-117.72283,4.2,"A",38460279,60,801,2019-07-06 08:31:09.29,69678,2019-07-06 01:31:09.29,2019,"Jul",2019-07-01,1,"Saturday"
"2019/07/06","08:32:32.94","eq","l",2.62,"l",35.6205,-117.43867,6.5,"A",38460295,69,3128,2019-07-06 08:32:32.94,69680,2019-07-06 01:32:32.94,2019,"Jul",2019-07-01,1,"Saturday"
"2019/07/06","08:32:49.82","eq","l",2.64,"l",35.71833,-117.53933,7.5,"A",38460303,43,3083,2019-07-06 08:32:49.82,69681,2019-07-06 01:32:49.82,2019,"Jul",2019-07-01,1,"Saturday"
"2019/07/06","08:32:57.55","eq","l",4.56,"w",35.639,-117.49133,3.1,"A",38460311,239,2314,2019-07-06 08:32:57.55,69682,2019-07-06 01:32:57.55,2019,"Jul",2019-07-01,1,"Saturday"
"2019/07/06","08:35:15.04","eq","l",2.55,"l",35.902,-117.7305,6.7,"A",37482453,35,2969,2019-07-06 08:35:15.04,69683,2019-07-06 01:35:15.04,2019,"Jul",2019-07-01,1,"Saturday"
"2019/07/06","08:35:25.84","eq","l",2.54,"l",35.81433,-117.63333,6.3,"A",38460319,47,889,2019-07-06 08:35:25.84,69684,2019-07-06 01:35:25.84,2019,"Jul",2019-07-01,1,"Saturday"
"2019/07/06","08:36:48.87","eq","l",3.07,"l",35.67883,-117.493,1.4,"A",38460335,47,1101,2019-07-06 08:36:48.87,69685,2019-07-06 01:36:48.87,2019,"Jul",2019-07-01,1,"Saturday"
"2019/07/06","08:38:41.39","eq","l",2.81,"l",35.97083,-117.29883,4.8,"A",38460359,67,682,2019-07-06 08:38:41.39,69690,2019-07-06 01:38:41.39,2019,"Jul",2019-07-01,1,"Saturday"
"2019/07/06","08:39:42.83","eq","l",3.09,"l",35.922,-117.71033,2.8,"A",38460375,53,780,2019-07-06 08:39:42.83,69694,2019-07-06 01:39:42.83,2019,"Jul",2019-07-01,1,"Saturday"
"2019/07/06","08:39:55.09","eq","l",3.32,"l",35.81433,-117.64067,4.1,"A",37489525,48,3236,2019-07-06 08:39:55.09,69695,2019-07-06 01:39:55.09,2019,"Jul",2019-07-01,1,"Saturday"
"2019/07/06","08:40:30.65","eq","l",2.71,"l",35.60883,-117.41767,4.3,"A",38460391,17,1185,2019-07-06 08:40:30.65,69696,2019-07-06 01:40:30.65,2019,"Jul",2019-07-01,1,"Saturday"
"2019/07/06","08:40:45.63","eq","l",2.79,"l",35.90117,-117.70483,7.3,"A",38460399,54,788,2019-07-06 08:40:45.63,69697,2019-07-06 01:40:45.63,2019,"Jul",2019-07-01,1,"Saturday"
"2019/07/06","08:41:33.04","eq","l",3.35,"l",35.70167,-117.50967,2.5,"A",38460415,92,1548,2019-07-06 08:41:33.04,69699,2019-07-06 01:41:33.04,2019,"Jul",2019-07-01,1,"Saturday"
"2019/07/06","08:41:57.74","eq","l",2.52,"l",35.871,-117.6935,3.5,"A",37264156,18,2972,2019-07-06 08:41:57.74,69700,2019-07-06 01:41:57.74,2019,"Jul",2019-07-01,1,"Saturday"
"2019/07/06","08:41:59.62","eq","l",3.13,"l",35.905,-117.7355,3.4,"A",37264148,32,3209,2019-07-06 08:41:59.62,69701,2019-07-06 01:41:59.62,2019,"Jul",2019-07-01,1,"Saturday"
"2019/07/06","08:42:46.95","eq","l",2.67,"l",35.6475,-117.43233,8.3,"A",38460431,61,1126,2019-07-06 08:42:46.95,69702,2019-07-06 01:42:46.95,2019,"Jul",2019-07-01,1,"Saturday"
"2019/07/06","08:43:09.86","eq","l",2.61,"l",35.6985,-117.51433,8.7,"A",38460439,54,3101,2019-07-06 08:43:09.86,69704,2019-07-06 01:43:09.86,2019,"Jul",2019-07-01,1,"Saturday"
"2019/07/06","08:46:32.43","eq","l",3.27,"l",35.677,-117.58567,9.2,"A",38460471,69,1604,2019-07-06 08:46:32.43,69710,2019-07-06 01:46:32.43,2019,"Jul",2019-07-01,1,"Saturday"
"2019/07/06","08:51:03.99","eq","l",2.57,"l",35.94433,-117.73,1.6,"A",37483229,30,2990,2019-07-06 08:51:03.99,69722,2019-07-06 01:51:03.99,2019,"Jul",2019-07-01,1,"Saturday"
"2019/07/06","08:56:15.35","eq","l",2.52,"l",35.83283,-117.655,5.5,"A",38460583,35,872,2019-07-06 08:56:15.35,69743,2019-07-06 01:56:15.35,2019,"Jul",2019-07-01,1,"Saturday"
"2019/07/06","08:56:33.22","eq","l",2.6,"l",35.64633,-117.43833,7.3,"A",37421141,19,757,2019-07-06 08:56:33.22,69744,2019-07-06 01:56:33.22,2019,"Jul",2019-07-01,1,"Saturday"
"2019/07/06","08:56:42.89","eq","l",2.54,"l",35.9235,-117.714,4.3,"A",38460591,34,1160,2019-07-06 08:56:42.89,69745,2019-07-06 01:56:42.89,2019,"Jul",2019-07-01,1,"Saturday"
"2019/07/06","08:57:26.46","eq","l",2.81,"l",35.9325,-117.686,2.4,"A",38460599,24,1073,2019-07-06 08:57:26.46,69746,2019-07-06 01:57:26.46,2019,"Jul",2019-07-01,1,"Saturday"
"2019/07/06","08:57:50.17","eq","l",2.67,"l",35.67783,-117.54433,9.7,"A",38460607,35,1092,2019-07-06 08:57:50.17,69747,2019-07-06 01:57:50.17,2019,"Jul",2019-07-01,1,"Saturday"
"2019/07/06","08:58:58.93","eq","l",2.73,"l",35.91133,-117.73117,4.4,"A",38460615,36,787,2019-07-06 08:58:58.93,69748,2019-07-06 01:58:58.93,2019,"Jul",2019-07-01,1,"Saturday"
"2019/07/06","08:59:09.29","eq","l",3.29,"l",35.8635,-117.67167,3.9,"A",38460623,46,1317,2019-07-06 08:59:09.29,69749,2019-07-06 01:59:09.29,2019,"Jul",2019-07-01,1,"Saturday"
"2019/07/06","08:59:55.72","eq","l",3.6,"lr",35.60217,-117.38783,6.7,"A",38460631,29,2024,2019-07-06 08:59:55.72,69750,2019-07-06 01:59:55.72,2019,"Jul",2019-07-01,1,"Saturday"
"2019/07/06","08:59:57.51","eq","l",3.96,"w",35.54983,-117.3855,3.7,"A",38460639,57,2197,2019-07-06 08:59:57.51,69751,2019-07-06 01:59:57.51,2019,"Jul",2019-07-01,1,"Saturday"
"2019/07/06","09:00:56.06","eq","l",2.99,"l",35.899,-117.73133,5.3,"A",38460647,34,800,2019-07-06 09:00:56.06,69752,2019-07-06 02:00:56.06,2019,"Jul",2019-07-01,2,"Saturday"
"2019/07/06","09:02:22.21","eq","l",3.05,"l",35.56783,-117.36767,5.3,"A",38460655,58,1269,2019-07-06 09:02:22.21,69754,2019-07-06 02:02:22.21,2019,"Jul",2019-07-01,2,"Saturday"
"2019/07/06","09:03:12.25","eq","l",2.98,"l",35.68783,-117.53433,9.9,"A",38460671,45,1070,2019-07-06 09:03:12.25,69755,2019-07-06 02:03:12.25,2019,"Jul",2019-07-01,2,"Saturday"
"2019/07/06","09:04:03.19","eq","l",2.53,"l",35.70817,-117.54867,7.8,"A",38460687,18,685,2019-07-06 09:04:03.19,69756,2019-07-06 02:04:03.19,2019,"Jul",2019-07-01,2,"Saturday"
"2019/07/06","09:04:10.73","eq","l",2.52,"l",35.8505,-117.6715,7.9,"A",38460695,43,621,2019-07-06 09:04:10.73,69758,2019-07-06 02:04:10.73,2019,"Jul",2019-07-01,2,"Saturday"
"2019/07/06","09:05:25.91","eq","l",3.21,"l",35.82117,-117.6345,3.2,"A",38460719,64,454,2019-07-06 09:05:25.91,69760,2019-07-06 02:05:25.91,2019,"Jul",2019-07-01,2,"Saturday"
"2019/07/06","09:06:21.73","eq","l",3.37,"l",35.6735,-117.47283,3.1,"A",38460727,81,1594,2019-07-06 09:06:21.73,69761,2019-07-06 02:06:21.73,2019,"Jul",2019-07-01,2,"Saturday"
"2019/07/06","09:07:10.43","eq","l",2.66,"l",35.73717,-117.56867,6,"A",38460735,65,3095,2019-07-06 09:07:10.43,69762,2019-07-06 02:07:10.43,2019,"Jul",2019-07-01,2,"Saturday"
"2019/07/06","09:07:38.23","eq","l",2.69,"l",36.17567,-117.87767,2.6,"A",37482917,28,2972,2019-07-06 09:07:38.23,69763,2019-07-06 02:07:38.23,2019,"Jul",2019-07-01,2,"Saturday"
"2019/07/06","09:08:03.22","eq","l",3.44,"l",35.8815,-117.72317,3.5,"A",38460743,107,1290,2019-07-06 09:08:03.22,69764,2019-07-06 02:08:03.22,2019,"Jul",2019-07-01,2,"Saturday"
"2019/07/06","09:11:58.58","eq","l",2.55,"l",35.91133,-117.7415,5.7,"A",38460783,52,792,2019-07-06 09:11:58.58,69770,2019-07-06 02:11:58.58,2019,"Jul",2019-07-01,2,"Saturday"
"2019/07/06","09:12:41.47","eq","l",2.99,"l",35.8265,-117.66617,7.2,"A",38460791,57,1402,2019-07-06 09:12:41.47,69771,2019-07-06 02:12:41.47,2019,"Jul",2019-07-01,2,"Saturday"
"2019/07/06","09:14:51.03","eq","l",2.87,"l",35.91433,-117.735,4.6,"A",38460823,72,1238,2019-07-06 09:14:51.03,69775,2019-07-06 02:14:51.03,2019,"Jul",2019-07-01,2,"Saturday"
"2019/07/06","09:15:43.31","eq","l",2.54,"l",35.9115,-117.73533,4.7,"A",37482693,27,2969,2019-07-06 09:15:43.31,69777,2019-07-06 02:15:43.31,2019,"Jul",2019-07-01,2,"Saturday"
"2019/07/06","09:16:35.04","eq","l",2.6,"l",35.91567,-117.70633,3.3,"A",38460839,84,775,2019-07-06 09:16:35.04,69778,2019-07-06 02:16:35.04,2019,"Jul",2019-07-01,2,"Saturday"
"2019/07/06","09:17:44.97","eq","l",2.78,"l",35.7065,-117.54217,11,"A",38460855,39,1027,2019-07-06 09:17:44.97,69781,2019-07-06 02:17:44.97,2019,"Jul",2019-07-01,2,"Saturday"
"2019/07/06","09:19:18.55","eq","l",2.74,"l",35.827,-117.64683,4.5,"A",38460863,70,1350,2019-07-06 09:19:18.55,69783,2019-07-06 02:19:18.55,2019,"Jul",2019-07-01,2,"Saturday"
"2019/07/06","09:20:59.26","eq","l",3.06,"l",35.87483,-117.72167,7.8,"A",38460887,59,1288,2019-07-06 09:20:59.26,69786,2019-07-06 02:20:59.26,2019,"Jul",2019-07-01,2,"Saturday"
"2019/07/06","09:21:22.99","eq","l",3.17,"l",35.74833,-117.569,4.3,"A",38460895,60,1483,2019-07-06 09:21:22.99,69787,2019-07-06 02:21:22.99,2019,"Jul",2019-07-01,2,"Saturday"
"2019/07/06","09:23:41.57","eq","l",3.25,"l",36.063,-117.85267,1.9,"A",38460911,64,979,2019-07-06 09:23:41.57,69789,2019-07-06 02:23:41.57,2019,"Jul",2019-07-01,2,"Saturday"
"2019/07/06","09:24:23.07","eq","l",3.59,"w",35.8015,-117.641,1.2,"A",38460927,62,1783,2019-07-06 09:24:23.07,69790,2019-07-06 02:24:23.07,2019,"Jul",2019-07-01,2,"Saturday"
"2019/07/06","09:24:30.94","eq","l",2.99,"l",35.9095,-117.74017,9.5,"A",37264164,13,3185,2019-07-06 09:24:30.94,69791,2019-07-06 02:24:30.94,2019,"Jul",2019-07-01,2,"Saturday"
"2019/07/06","09:26:58.09","eq","l",2.87,"l",35.89767,-117.72017,4.5,"A",38460943,52,1178,2019-07-06 09:26:58.09,69792,2019-07-06 02:26:58.09,2019,"Jul",2019-07-01,2,"Saturday"
"2019/07/06","09:27:08.46","eq","l",3.51,"l",35.61833,-117.58367,10.8,"A",38460951,54,1714,2019-07-06 09:27:08.46,69793,2019-07-06 02:27:08.46,2019,"Jul",2019-07-01,2,"Saturday"
"2019/07/06","09:27:59.80","eq","l",2.93,"l",35.9465,-117.74033,3,"A",38460959,45,761,2019-07-06 09:27:59.8,69794,2019-07-06 02:27:59.8,2019,"Jul",2019-07-01,2,"Saturday"
"2019/07/06","09:28:28.98","eq","l",4.89,"w",35.898,-117.72717,4,"A",38460967,197,2146,2019-07-06 09:28:28.98,69795,2019-07-06 02:28:28.98,2019,"Jul",2019-07-01,2,"Saturday"
"2019/07/06","09:28:41.79","eq","l",4.24,"lr",35.887,-117.71683,4.8,"A",37258076,37,3350,2019-07-06 09:28:41.79,69796,2019-07-06 02:28:41.79,2019,"Jul",2019-07-01,2,"Saturday"
"2019/07/06","09:28:59.63","eq","l",3.48,"l",35.90117,-117.72917,4.5,"A",37264180,15,3251,2019-07-06 09:28:59.63,69797,2019-07-06 02:28:59.63,2019,"Jul",2019-07-01,2,"Saturday"
"2019/07/06","09:29:09.30","eq","l",3.38,"l",35.92267,-117.72883,2.4,"A",37264188,5,3245,2019-07-06 09:29:09.3,69798,2019-07-06 02:29:09.3,2019,"Jul",2019-07-01,2,"Saturday"
"2019/07/06","09:29:20.97","eq","l",4.41,"lr",35.88117,-117.7175,5.5,"A",38460975,98,2149,2019-07-06 09:29:20.97,69799,2019-07-06 02:29:20.97,2019,"Jul",2019-07-01,2,"Saturday"
"2019/07/06","09:29:44.49","eq","l",3.39,"l",35.88817,-117.71533,4.1,"A",37264196,14,3245,2019-07-06 09:29:44.49,69800,2019-07-06 02:29:44.49,2019,"Jul",2019-07-01,2,"Saturday"
"2019/07/06","09:29:59.50","eq","l",3.47,"l",35.74433,-117.5895,10.8,"A",37264204,37,3263,2019-07-06 09:29:59.5,69801,2019-07-06 02:29:59.5,2019,"Jul",2019-07-01,2,"Saturday"
"2019/07/06","09:30:41.24","eq","l",4.49,"w",35.90983,-117.73233,4.2,"A",38460983,151,2133,2019-07-06 09:30:41.24,69802,2019-07-06 02:30:41.24,2019,"Jul",2019-07-01,2,"Saturday"
"2019/07/06","09:30:57.62","eq","l",3.45,"lr",35.9,-117.7255,4.2,"A",37264284,23,3251,2019-07-06 09:30:57.62,69803,2019-07-06 02:30:57.62,2019,"Jul",2019-07-01,2,"Saturday"
"2019/07/06","09:31:19.00","eq","l",3.32,"l",35.95633,-117.67983,2.2,"A",37264292,16,3236,2019-07-06 09:31:19,69804,2019-07-06 02:31:19,2019,"Jul",2019-07-01,2,"Saturday"
"2019/07/06","09:31:32.07","eq","l",3.08,"l",35.897,-117.7225,5.6,"A",37264300,15,3203,2019-07-06 09:31:32.07,69805,2019-07-06 02:31:32.07,2019,"Jul",2019-07-01,2,"Saturday"
"2019/07/06","09:33:25.01","eq","l",3.2,"l",35.875,-117.72067,8.1,"A",38460991,59,1306,2019-07-06 09:33:25.01,69806,2019-07-06 02:33:25.01,2019,"Jul",2019-07-01,2,"Saturday"
"2019/07/06","09:33:59.74","eq","l",3.6,"lr",35.89533,-117.7235,4.9,"A",38460999,66,1290,2019-07-06 09:33:59.74,69807,2019-07-06 02:33:59.74,2019,"Jul",2019-07-01,2,"Saturday"
"2019/07/06","09:34:27.83","eq","l",3.51,"lr",35.88717,-117.71333,7.7,"A",38461007,37,1290,2019-07-06 09:34:27.83,69808,2019-07-06 02:34:27.83,2019,"Jul",2019-07-01,2,"Saturday"
"2019/07/06","09:35:49.72","eq","l",2.72,"l",35.90167,-117.70517,2.8,"A",38461015,57,784,2019-07-06 09:35:49.72,69809,2019-07-06 02:35:49.72,2019,"Jul",2019-07-01,2,"Saturday"
"2019/07/06","09:36:39.36","eq","l",3.15,"l",35.87367,-117.70367,7.9,"A",38461023,73,825,2019-07-06 09:36:39.36,69810,2019-07-06 02:36:39.36,2019,"Jul",2019-07-01,2,"Saturday"
"2019/07/06","09:38:34.47","eq","l",2.76,"l",35.674,-117.46783,8.8,"A",37482797,80,3170,2019-07-06 09:38:34.47,69812,2019-07-06 02:38:34.47,2019,"Jul",2019-07-01,2,"Saturday"
"2019/07/06","09:39:32.44","eq","l",2.78,"l",35.8565,-117.68367,9.2,"A",37482445,22,3110,2019-07-06 09:39:32.44,69815,2019-07-06 02:39:32.44,2019,"Jul",2019-07-01,2,"Saturday"
"2019/07/06","09:40:44.78","eq","l",2.6,"l",35.90317,-117.7285,4.4,"A",38461055,53,597,2019-07-06 09:40:44.78,69817,2019-07-06 02:40:44.78,2019,"Jul",2019-07-01,2,"Saturday"
"2019/07/06","09:41:51.06","eq","l",2.67,"l",35.91333,-117.7335,4.2,"A",38461063,58,588,2019-07-06 09:41:51.06,69818,2019-07-06 02:41:51.06,2019,"Jul",2019-07-01,2,"Saturday"
"2019/07/06","09:43:02.02","eq","l",2.74,"l",35.82633,-117.6485,8.4,"A",38461079,65,880,2019-07-06 09:43:02.02,69821,2019-07-06 02:43:02.02,2019,"Jul",2019-07-01,2,"Saturday"
"2019/07/06","09:46:17.70","eq","l",2.54,"l",35.73933,-117.48333,4.4,"A",38461119,29,636,2019-07-06 09:46:17.7,69831,2019-07-06 02:46:17.7,2019,"Jul",2019-07-01,2,"Saturday"
"2019/07/06","09:46:39.93","eq","l",3.39,"l",35.8015,-117.62783,2.8,"A",38461127,87,1402,2019-07-06 09:46:39.93,69832,2019-07-06 02:46:39.93,2019,"Jul",2019-07-01,2,"Saturday"
"2019/07/06","09:47:16.70","eq","l",2.68,"l",35.74683,-117.57083,3.2,"A",38461135,36,663,2019-07-06 09:47:16.7,69833,2019-07-06 02:47:16.7,2019,"Jul",2019-07-01,2,"Saturday"
"2019/07/06","09:47:31.34","eq","l",2.78,"l",35.89,-117.714,9,"A",37482461,41,3107,2019-07-06 09:47:31.34,69834,2019-07-06 02:47:31.34,2019,"Jul",2019-07-01,2,"Saturday"
"2019/07/06","09:48:29.81","eq","l",3.39,"l",35.8805,-117.713,4.2,"A",38461151,102,1293,2019-07-06 09:48:29.81,69837,2019-07-06 02:48:29.81,2019,"Jul",2019-07-01,2,"Saturday"
"2019/07/06","09:49:33.29","eq","l",3.22,"l",35.894,-117.72083,7.5,"A",38461159,80,1277,2019-07-06 09:49:33.29,69838,2019-07-06 02:49:33.29,2019,"Jul",2019-07-01,2,"Saturday"
"2019/07/06","09:50:37.53","eq","l",2.62,"l",35.90533,-117.6925,3.9,"A",38461175,20,604,2019-07-06 09:50:37.53,69839,2019-07-06 02:50:37.53,2019,"Jul",2019-07-01,2,"Saturday"
"2019/07/06","09:50:43.22","eq","l",3.06,"l",35.71067,-117.578,8.9,"A",38461183,62,1049,2019-07-06 09:50:43.22,69840,2019-07-06 02:50:43.22,2019,"Jul",2019-07-01,2,"Saturday"
"2019/07/06","09:51:21.37","eq","l",2.54,"l",35.5885,-117.37867,5.5,"A",38461191,23,937,2019-07-06 09:51:21.37,69841,2019-07-06 02:51:21.37,2019,"Jul",2019-07-01,2,"Saturday"
"2019/07/06","09:52:12.68","eq","l",2.68,"l",35.899,-117.722,7,"A",38461199,54,597,2019-07-06 09:52:12.68,69842,2019-07-06 02:52:12.68,2019,"Jul",2019-07-01,2,"Saturday"
"2019/07/06","09:52:26.48","eq","l",2.85,"l",35.86933,-117.6205,2.1,"A",37482765,36,3158,2019-07-06 09:52:26.48,69843,2019-07-06 02:52:26.48,2019,"Jul",2019-07-01,2,"Saturday"
"2019/07/06","09:54:42.47","eq","l",2.75,"l",35.908,-117.73167,4.8,"A",38461239,68,793,2019-07-06 09:54:42.47,69849,2019-07-06 02:54:42.47,2019,"Jul",2019-07-01,2,"Saturday"
"2019/07/06","09:55:53.81","eq","l",2.55,"l",35.87233,-117.71667,9.4,"A",38461255,28,612,2019-07-06 09:55:53.81,69852,2019-07-06 02:55:53.81,2019,"Jul",2019-07-01,2,"Saturday"
"2019/07/06","09:56:06.02","eq","l",2.52,"l",35.7675,-117.573,6.8,"A",38461263,35,654,2019-07-06 09:56:06.02,69853,2019-07-06 02:56:06.02,2019,"Jul",2019-07-01,2,"Saturday"
"2019/07/06","09:56:54.64","eq","l",2.52,"l",35.695,-117.533,7.4,"A",38461279,28,634,2019-07-06 09:56:54.64,69855,2019-07-06 02:56:54.64,2019,"Jul",2019-07-01,2,"Saturday"
"2019/07/06","09:57:34.96","eq","l",3.08,"l",35.95317,-117.70167,5.4,"A",38461295,66,758,2019-07-06 09:57:34.96,69857,2019-07-06 02:57:34.96,2019,"Jul",2019-07-01,2,"Saturday"
"2019/07/06","09:57:51.49","eq","l",3.07,"l",35.87133,-117.68433,4.8,"A",37400764,26,3191,2019-07-06 09:57:51.49,69858,2019-07-06 02:57:51.49,2019,"Jul",2019-07-01,2,"Saturday"
"2019/07/06","09:59:26.60","eq","l",3.75,"w",35.883,-117.7105,7.3,"A",38461311,108,1768,2019-07-06 09:59:26.6,69860,2019-07-06 02:59:26.6,2019,"Jul",2019-07-01,2,"Saturday"
"2019/07/06","09:59:56.23","eq","l",3.21,"l",35.95267,-117.70067,5.1,"A",37400772,19,3209,2019-07-06 09:59:56.23,69861,2019-07-06 02:59:56.23,2019,"Jul",2019-07-01,2,"Saturday"
"2019/07/06","10:00:00.35","eq","l",3.48,"l",35.78717,-117.63733,8.9,"A",37264308,57,3242,2019-07-06 10:00:00.35,69862,2019-07-06 03:00:00.35,2019,"Jul",2019-07-01,3,"Saturday"
"2019/07/06","10:01:10.44","eq","l",2.86,"l",35.9255,-117.7105,4,"A",38461319,62,774,2019-07-06 10:01:10.44,69864,2019-07-06 03:01:10.44,2019,"Jul",2019-07-01,3,"Saturday"
"2019/07/06","10:02:24.36","eq","l",3.04,"l",35.6905,-117.5305,8.4,"A",38461327,37,800,2019-07-06 10:02:24.36,69865,2019-07-06 03:02:24.36,2019,"Jul",2019-07-01,3,"Saturday"
"2019/07/06","10:02:37.02","eq","l",3.18,"l",35.727,-117.59183,10.8,"A",38461335,58,1050,2019-07-06 10:02:37.02,69866,2019-07-06 03:02:37.02,2019,"Jul",2019-07-01,3,"Saturday"
"2019/07/06","10:02:56.90","eq","l",2.92,"l",35.922,-117.73983,5.2,"A",37483333,42,3140,2019-07-06 10:02:56.9,69867,2019-07-06 03:02:56.9,2019,"Jul",2019-07-01,3,"Saturday"
"2019/07/06","10:03:22.38","eq","l",2.96,"l",35.65033,-117.45633,4.2,"A",38461351,42,1134,2019-07-06 10:03:22.38,69869,2019-07-06 03:03:22.38,2019,"Jul",2019-07-01,3,"Saturday"
"2019/07/06","10:04:32.14","eq","l",2.78,"l",35.74017,-117.5715,3.7,"A",38461359,51,318,2019-07-06 10:04:32.14,69870,2019-07-06 03:04:32.14,2019,"Jul",2019-07-01,3,"Saturday"
"2019/07/06","10:05:20.15","eq","l",3,"l",35.67633,-117.53883,4.8,"A",38461383,38,1131,2019-07-06 10:05:20.15,69872,2019-07-06 03:05:20.15,2019,"Jul",2019-07-01,3,"Saturday"
"2019/07/06","10:05:32.61","eq","l",3.41,"l",35.90367,-117.72633,3.9,"A",38461391,65,1263,2019-07-06 10:05:32.61,69873,2019-07-06 03:05:32.61,2019,"Jul",2019-07-01,3,"Saturday"
"2019/07/06","10:07:29.19","eq","l",2.63,"l",35.88,-117.71283,6,"A",38461407,53,572,2019-07-06 10:07:29.19,69875,2019-07-06 03:07:29.19,2019,"Jul",2019-07-01,3,"Saturday"
"2019/07/06","10:07:32.60","eq","l",2.84,"l",35.89317,-117.71017,6.3,"A",37482549,41,3113,2019-07-06 10:07:32.6,69876,2019-07-06 03:07:32.6,2019,"Jul",2019-07-01,3,"Saturday"
"2019/07/06","10:08:02.53","eq","l",3.26,"l",35.86383,-117.68667,9.8,"A",38461423,50,842,2019-07-06 10:08:02.53,69878,2019-07-06 03:08:02.53,2019,"Jul",2019-07-01,3,"Saturday"
"2019/07/06","10:08:26.83","eq","l",3.04,"l",35.78567,-117.61333,10.3,"A",38461431,49,929,2019-07-06 10:08:26.83,69879,2019-07-06 03:08:26.83,2019,"Jul",2019-07-01,3,"Saturday"
"2019/07/06","10:09:18.11","eq","l",3.52,"l",35.5755,-117.51767,10.4,"A",38461447,92,1725,2019-07-06 10:09:18.11,69881,2019-07-06 03:09:18.11,2019,"Jul",2019-07-01,3,"Saturday"
"2019/07/06","10:10:20.75","eq","l",2.67,"l",35.9,-117.72767,5,"A",38461455,57,597,2019-07-06 10:10:20.75,69882,2019-07-06 03:10:20.75,2019,"Jul",2019-07-01,3,"Saturday"
"2019/07/06","10:11:00.52","eq","l",2.75,"l",35.8955,-117.72117,6,"A",38461463,66,798,2019-07-06 10:11:00.52,69884,2019-07-06 03:11:00.52,2019,"Jul",2019-07-01,3,"Saturday"
"2019/07/06","10:15:01.31","eq","l",2.84,"l",35.61983,-117.43783,4.8,"A",38461495,74,1169,2019-07-06 10:15:01.31,69890,2019-07-06 03:15:01.31,2019,"Jul",2019-07-01,3,"Saturday"
"2019/07/06","10:19:18.19","eq","l",2.9,"l",35.88117,-117.713,6.8,"A",38461527,71,808,2019-07-06 10:19:18.19,69897,2019-07-06 03:19:18.19,2019,"Jul",2019-07-01,3,"Saturday"
"2019/07/06","10:19:58.82","eq","l",2.7,"l",35.88083,-117.691,3.9,"A",38461535,68,803,2019-07-06 10:19:58.82,69898,2019-07-06 03:19:58.82,2019,"Jul",2019-07-01,3,"Saturday"
"2019/07/06","10:22:55.84","eq","l",2.88,"l",35.87833,-117.718,2.6,"A",38461583,72,812,2019-07-06 10:22:55.84,69904,2019-07-06 03:22:55.84,2019,"Jul",2019-07-01,3,"Saturday"
"2019/07/06","10:25:07.05","eq","l",3.3,"l",35.8905,-117.69333,3.5,"A",38461599,54,792,2019-07-06 10:25:07.05,69908,2019-07-06 03:25:07.05,2019,"Jul",2019-07-01,3,"Saturday"
"2019/07/06","10:25:23.91","eq","l",3.12,"l",35.89783,-117.72683,5.1,"A",38461607,44,800,2019-07-06 10:25:23.91,69909,2019-07-06 03:25:23.91,2019,"Jul",2019-07-01,3,"Saturday"
"2019/07/06","10:27:59.46","eq","l",3.16,"l",35.68783,-117.54967,10.3,"A",38461631,95,1078,2019-07-06 10:27:59.46,69911,2019-07-06 03:27:59.46,2019,"Jul",2019-07-01,3,"Saturday"
"2019/07/06","10:28:43.03","eq","l",3.08,"l",35.90433,-117.72767,5.7,"A",38461639,77,800,2019-07-06 10:28:43.03,69912,2019-07-06 03:28:43.03,2019,"Jul",2019-07-01,3,"Saturday"
"2019/07/06","10:31:40.60","eq","l",2.54,"l",35.89367,-117.66733,8.3,"A",38461663,16,1618,2019-07-06 10:31:40.6,69915,2019-07-06 03:31:40.6,2019,"Jul",2019-07-01,3,"Saturday"
"2019/07/06","10:31:43.93","eq","l",3.51,"lr",35.64867,-117.45467,4,"A",38461655,62,589,2019-07-06 10:31:43.93,69916,2019-07-06 03:31:43.93,2019,"Jul",2019-07-01,3,"Saturday"
"2019/07/06","10:32:43.47","eq","l",2.73,"l",35.71733,-117.52383,4.9,"A",38461671,54,676,2019-07-06 10:32:43.47,69917,2019-07-06 03:32:43.47,2019,"Jul",2019-07-01,3,"Saturday"
"2019/07/06","10:34:32.78","eq","l",2.54,"l",35.87367,-117.71467,2.9,"A",38461687,35,603,2019-07-06 10:34:32.78,69920,2019-07-06 03:34:32.78,2019,"Jul",2019-07-01,3,"Saturday"
"2019/07/06","10:34:56.83","eq","l",2.6,"l",35.91333,-117.742,4.8,"A",38461695,37,597,2019-07-06 10:34:56.83,69921,2019-07-06 03:34:56.83,2019,"Jul",2019-07-01,3,"Saturday"
"2019/07/06","10:35:00.67","eq","l",2.51,"l",35.9,-117.67633,2.7,"A",37482645,17,2972,2019-07-06 10:35:00.67,69922,2019-07-06 03:35:00.67,2019,"Jul",2019-07-01,3,"Saturday"
"2019/07/06","10:35:14.30","eq","l",2.64,"l",35.5765,-117.35,2.2,"A",38461711,15,1765,2019-07-06 10:35:14.3,69923,2019-07-06 03:35:14.3,2019,"Jul",2019-07-01,3,"Saturday"
"2019/07/06","10:35:18.06","eq","l",3.36,"l",35.56033,-117.35483,9,"A",38461703,46,1204,2019-07-06 10:35:18.06,69924,2019-07-06 03:35:18.06,2019,"Jul",2019-07-01,3,"Saturday"
"2019/07/06","10:36:10.58","eq","l",2.84,"l",35.683,-117.526,1.6,"A",38461719,39,1083,2019-07-06 10:36:10.58,69925,2019-07-06 03:36:10.58,2019,"Jul",2019-07-01,3,"Saturday"
"2019/07/06","10:37:09.16","eq","l",3.09,"l",35.88267,-117.69667,4.4,"A",38461727,42,790,2019-07-06 10:37:09.16,69926,2019-07-06 03:37:09.16,2019,"Jul",2019-07-01,3,"Saturday"
"2019/07/06","10:37:27.56","eq","l",3.82,"w",35.5745,-117.35283,2.9,"A",38461735,64,1675,2019-07-06 10:37:27.56,69927,2019-07-06 03:37:27.56,2019,"Jul",2019-07-01,3,"Saturday"
"2019/07/06","10:38:31.26","eq","l",2.98,"l",35.913,-117.73317,6.3,"A",38461743,56,796,2019-07-06 10:38:31.26,69928,2019-07-06 03:38:31.26,2019,"Jul",2019-07-01,3,"Saturday"
"2019/07/06","10:39:03.02","eq","l",2.56,"l",35.88783,-117.6945,4.2,"A",37483109,39,2990,2019-07-06 10:39:03.02,69930,2019-07-06 03:39:03.02,2019,"Jul",2019-07-01,3,"Saturday"
"2019/07/06","10:40:24.70","eq","l",3.45,"l",35.67133,-117.55033,1.7,"A",38461775,101,1605,2019-07-06 10:40:24.7,69933,2019-07-06 03:40:24.7,2019,"Jul",2019-07-01,3,"Saturday"
"2019/07/06","10:41:26.28","eq","l",3.07,"l",35.8855,-117.69717,8,"A",38461783,56,793,2019-07-06 10:41:26.28,69934,2019-07-06 03:41:26.28,2019,"Jul",2019-07-01,3,"Saturday"
"2019/07/06","10:41:32.40","eq","l",3.09,"l",35.98883,-117.7115,6.1,"A",37489469,29,3191,2019-07-06 10:41:32.4,69935,2019-07-06 03:41:32.4,2019,"Jul",2019-07-01,3,"Saturday"
"2019/07/06","10:43:30.56","eq","l",2.96,"l",35.898,-117.72867,4.2,"A",38461807,61,797,2019-07-06 10:43:30.56,69937,2019-07-06 03:43:30.56,2019,"Jul",2019-07-01,3,"Saturday"
"2019/07/06","10:45:06.77","eq","l",2.9,"l",35.881,-117.68817,4.7,"A",38461815,46,780,2019-07-06 10:45:06.77,69938,2019-07-06 03:45:06.77,2019,"Jul",2019-07-01,3,"Saturday"
"2019/07/06","10:48:20.29","eq","l",2.58,"l",35.72567,-117.54067,2.6,"A",38461871,19,688,2019-07-06 10:48:20.29,69943,2019-07-06 03:48:20.29,2019,"Jul",2019-07-01,3,"Saturday"
"2019/07/06","10:48:24.46","eq","l",4.04,"w",35.5785,-117.372,5.6,"A",38461879,83,2068,2019-07-06 10:48:24.46,69945,2019-07-06 03:48:24.46,2019,"Jul",2019-07-01,3,"Saturday"
"2019/07/06","10:48:35.46","eq","l",3.24,"l",35.88833,-117.73267,6.1,"A",37264316,12,3242,2019-07-06 10:48:35.46,69946,2019-07-06 03:48:35.46,2019,"Jul",2019-07-01,3,"Saturday"
"2019/07/06","10:49:48.63","eq","l",3.28,"l",35.9235,-117.70717,2.9,"A",38461887,58,1195,2019-07-06 10:49:48.63,69947,2019-07-06 03:49:48.63,2019,"Jul",2019-07-01,3,"Saturday"
"2019/07/06","10:50:46.52","eq","l",3.47,"l",35.86517,-117.70917,8.6,"A",38461903,74,1314,2019-07-06 10:50:46.52,69949,2019-07-06 03:50:46.52,2019,"Jul",2019-07-01,3,"Saturday"
"2019/07/06","10:51:40.53","eq","l",2.6,"l",35.65067,-117.44983,3.5,"A",38461911,61,739,2019-07-06 10:51:40.53,69951,2019-07-06 03:51:40.53,2019,"Jul",2019-07-01,3,"Saturday"
"2019/07/06","10:52:08.27","eq","l",2.52,"l",35.72683,-117.52833,0.5,"A",38461919,57,672,2019-07-06 10:52:08.27,69952,2019-07-06 03:52:08.27,2019,"Jul",2019-07-01,3,"Saturday"
"2019/07/06","10:52:31.05","eq","l",2.62,"l",35.677,-117.5225,9.2,"A",38461927,63,702,2019-07-06 10:52:31.05,69953,2019-07-06 03:52:31.05,2019,"Jul",2019-07-01,3,"Saturday"
"2019/07/06","10:57:59.62","eq","l",2.61,"l",35.8835,-117.73283,10.3,"A",37483293,41,1386,2019-07-06 10:57:59.62,69966,2019-07-06 03:57:59.62,2019,"Jul",2019-07-01,3,"Saturday"
"2019/07/06","10:59:24.31","eq","l",3.19,"l",35.81967,-117.629,9.8,"A",38461991,50,727,2019-07-06 10:59:24.31,69968,2019-07-06 03:59:24.31,2019,"Jul",2019-07-01,3,"Saturday"
"2019/07/06","11:00:06.49","eq","l",2.8,"l",35.838,-117.65267,8.8,"A",38461999,66,863,2019-07-06 11:00:06.49,69971,2019-07-06 04:00:06.49,2019,"Jul",2019-07-01,4,"Saturday"
"2019/07/06","11:02:30.60","eq","l",2.75,"l",35.6775,-117.52483,9.4,"A",37482845,60,3167,2019-07-06 11:02:30.6,69973,2019-07-06 04:02:30.6,2019,"Jul",2019-07-01,4,"Saturday"
"2019/07/06","11:02:34.16","eq","l",2.54,"l",35.91667,-117.79467,5.1,"A",37482869,32,2969,2019-07-06 11:02:34.16,69974,2019-07-06 04:02:34.16,2019,"Jul",2019-07-01,4,"Saturday"
"2019/07/06","11:06:00.63","eq","l",2.84,"l",35.80533,-117.62817,6.8,"A",38462047,51,914,2019-07-06 11:06:00.63,69979,2019-07-06 04:06:00.63,2019,"Jul",2019-07-01,4,"Saturday"
"2019/07/06","11:06:08.44","eq","l",2.8,"l",35.882,-117.70517,2.1,"A",37483269,39,3119,2019-07-06 11:06:08.44,69980,2019-07-06 04:06:08.44,2019,"Jul",2019-07-01,4,"Saturday"
"2019/07/06","11:06:43.35","eq","l",3.84,"w",35.79483,-117.621,4.8,"A",38462063,134,1408,2019-07-06 11:06:43.35,69982,2019-07-06 04:06:43.35,2019,"Jul",2019-07-01,4,"Saturday"
"2019/07/06","11:08:10.75","eq","l",2.9,"l",35.90517,-117.73133,3.9,"A",38462071,57,797,2019-07-06 11:08:10.75,69983,2019-07-06 04:08:10.75,2019,"Jul",2019-07-01,4,"Saturday"
"2019/07/06","11:10:24.06","eq","l",2.91,"l",35.925,-117.706,2.4,"A",38462087,65,780,2019-07-06 11:10:24.06,69986,2019-07-06 04:10:24.06,2019,"Jul",2019-07-01,4,"Saturday"
"2019/07/06","11:10:39.57","eq","l",2.92,"l",35.90083,-117.72783,5.9,"A",38462095,40,797,2019-07-06 11:10:39.57,69988,2019-07-06 04:10:39.57,2019,"Jul",2019-07-01,4,"Saturday"
"2019/07/06","11:11:19.67","eq","l",2.56,"l",35.89433,-117.70033,7.3,"A",38462103,58,615,2019-07-06 11:11:19.67,69989,2019-07-06 04:11:19.67,2019,"Jul",2019-07-01,4,"Saturday"
"2019/07/06","11:11:42.21","eq","l",3,"l",35.907,-117.73267,4.4,"A",38462111,72,798,2019-07-06 11:11:42.21,69990,2019-07-06 04:11:42.21,2019,"Jul",2019-07-01,4,"Saturday"
"2019/07/06","11:14:53.30","eq","l",2.51,"l",35.95833,-117.68717,4.2,"A",37483141,18,2960,2019-07-06 11:14:53.3,70001,2019-07-06 04:14:53.3,2019,"Jul",2019-07-01,4,"Saturday"
"2019/07/06","11:14:56.47","eq","l",2.8,"l",35.865,-117.6975,7.2,"A",37483149,38,3119,2019-07-06 11:14:56.47,70002,2019-07-06 04:14:56.47,2019,"Jul",2019-07-01,4,"Saturday"
"2019/07/06","11:15:13.11","eq","l",2.74,"l",35.87433,-117.6995,7.1,"A",38462167,25,612,2019-07-06 11:15:13.11,70003,2019-07-06 04:15:13.11,2019,"Jul",2019-07-01,4,"Saturday"
"2019/07/06","11:15:20.71","eq","l",3.68,"w",35.646,-117.46567,-0.1,"A",38462175,61,1622,2019-07-06 11:15:20.71,70004,2019-07-06 04:15:20.71,2019,"Jul",2019-07-01,4,"Saturday"
"2019/07/06","11:16:25.38","eq","l",2.58,"l",35.9055,-117.725,7.4,"A",38462183,40,597,2019-07-06 11:16:25.38,70005,2019-07-06 04:16:25.38,2019,"Jul",2019-07-01,4,"Saturday"
"2019/07/06","11:18:03.66","eq","l",2.95,"l",35.67617,-117.53317,8,"A",38462207,75,1058,2019-07-06 11:18:03.66,70011,2019-07-06 04:18:03.66,2019,"Jul",2019-07-01,4,"Saturday"
"2019/07/06","11:23:10.03","eq","l",2.55,"l",35.86817,-117.6945,7.1,"A",38462279,92,612,2019-07-06 11:23:10.03,70025,2019-07-06 04:23:10.03,2019,"Jul",2019-07-01,4,"Saturday"
"2019/07/06","11:24:21.46","eq","l",2.54,"l",35.89783,-117.72867,4.2,"A",38462295,69,606,2019-07-06 11:24:21.46,70027,2019-07-06 04:24:21.46,2019,"Jul",2019-07-01,4,"Saturday"
"2019/07/06","11:25:15.48","eq","l",2.79,"l",35.70567,-117.505,1.5,"A",38462311,63,1054,2019-07-06 11:25:15.48,70029,2019-07-06 04:25:15.48,2019,"Jul",2019-07-01,4,"Saturday"
"2019/07/06","11:31:09.93","eq","l",3.17,"l",35.92717,-117.70183,2.4,"A",38462351,80,771,2019-07-06 11:31:09.93,70047,2019-07-06 04:31:09.93,2019,"Jul",2019-07-01,4,"Saturday"
"2019/07/06","11:34:51.83","eq","l",2.6,"l",35.572,-117.40417,6.3,"A",38462391,64,3125,2019-07-06 11:34:51.83,70059,2019-07-06 04:34:51.83,2019,"Jul",2019-07-01,4,"Saturday"
"2019/07/06","11:37:26.22","eq","l",2.63,"l",35.90717,-117.71483,2.2,"A",38462439,74,588,2019-07-06 11:37:26.22,70067,2019-07-06 04:37:26.22,2019,"Jul",2019-07-01,4,"Saturday"
"2019/07/06","11:40:52.65","eq","l",2.74,"l",35.87667,-117.703,2.6,"A",38462487,76,612,2019-07-06 11:40:52.65,70075,2019-07-06 04:40:52.65,2019,"Jul",2019-07-01,4,"Saturday"
"2019/07/06","11:43:52.74","eq","l",2.57,"l",35.56967,-117.43783,3.1,"A",37405100,31,3107,2019-07-06 11:43:52.74,70085,2019-07-06 04:43:52.74,2019,"Jul",2019-07-01,4,"Saturday"
"2019/07/06","11:44:37.86","eq","l",2.53,"l",35.87117,-117.67683,6.4,"A",38462551,24,571,2019-07-06 11:44:37.86,70087,2019-07-06 04:44:37.86,2019,"Jul",2019-07-01,4,"Saturday"
"2019/07/06","11:45:11.44","eq","l",3.41,"l",35.83533,-117.66767,4.8,"A",38462559,86,1358,2019-07-06 11:45:11.44,70089,2019-07-06 04:45:11.44,2019,"Jul",2019-07-01,4,"Saturday"
"2019/07/06","11:46:16.16","eq","l",2.73,"l",35.7045,-117.5075,2.1,"A",38462567,57,1054,2019-07-06 11:46:16.16,70090,2019-07-06 04:46:16.16,2019,"Jul",2019-07-01,4,"Saturday"
"2019/07/06","11:49:56.82","eq","l",2.57,"l",35.9185,-117.71467,2.8,"A",37489293,53,2975,2019-07-06 11:49:56.82,70104,2019-07-06 04:49:56.82,2019,"Jul",2019-07-01,4,"Saturday"
"2019/07/06","11:50:09.76","eq","l",2.69,"l",35.61283,-117.59817,10.1,"A",38462623,49,764,2019-07-06 11:50:09.76,70105,2019-07-06 04:50:09.76,2019,"Jul",2019-07-01,4,"Saturday"
"2019/07/06","11:51:08.21","eq","l",3.07,"l",35.57,-117.3425,2.5,"A",37264324,41,3230,2019-07-06 11:51:08.21,70109,2019-07-06 04:51:08.21,2019,"Jul",2019-07-01,4,"Saturday"
"2019/07/06","11:51:17.79","eq","l",2.9,"l",35.55883,-117.41883,9.3,"A",37264332,12,3203,2019-07-06 11:51:17.79,70111,2019-07-06 04:51:17.79,2019,"Jul",2019-07-01,4,"Saturday"
"2019/07/06","11:53:08.09","eq","l",4.12,"w",35.89533,-117.73367,2.1,"A",38462679,89,1761,2019-07-06 11:53:08.09,70116,2019-07-06 04:53:08.09,2019,"Jul",2019-07-01,4,"Saturday"
"2019/07/06","11:53:57.43","eq","l",2.76,"l",35.90533,-117.702,8.7,"A",37405252,28,3077,2019-07-06 11:53:57.43,70117,2019-07-06 04:53:57.43,2019,"Jul",2019-07-01,4,"Saturday"
"2019/07/06","11:54:54.03","eq","l",3.21,"l",35.89683,-117.73683,2.1,"A",38462687,82,797,2019-07-06 11:54:54.03,70119,2019-07-06 04:54:54.03,2019,"Jul",2019-07-01,4,"Saturday"
"2019/07/06","11:56:20.06","eq","l",2.6,"l",35.90817,-117.73867,3.4,"A",38462703,33,597,2019-07-06 11:56:20.06,70122,2019-07-06 04:56:20.06,2019,"Jul",2019-07-01,4,"Saturday"
"2019/07/06","11:56:28.59","eq","l",2.74,"l",35.87283,-117.7005,8.2,"A",37483165,23,3068,2019-07-06 11:56:28.59,70123,2019-07-06 04:56:28.59,2019,"Jul",2019-07-01,4,"Saturday"
"2019/07/06","11:57:14.05","eq","l",2.94,"l",35.848,-117.68317,6.7,"A",38462727,68,872,2019-07-06 11:57:14.05,70124,2019-07-06 04:57:14.05,2019,"Jul",2019-07-01,4,"Saturday"
"2019/07/06","11:57:18.10","eq","l",2.56,"l",35.5515,-117.37383,6.2,"B",38462719,8,420,2019-07-06 11:57:18.1,70125,2019-07-06 04:57:18.1,2019,"Jul",2019-07-01,4,"Saturday"
"2019/07/06","12:01:21.05","eq","l",2.52,"l",35.59067,-117.364,5.6,"A",38462783,50,739,2019-07-06 12:01:21.05,70137,2019-07-06 05:01:21.05,2019,"Jul",2019-07-01,5,"Saturday"
"2019/07/06","12:02:41.84","eq","l",2.5,"l",35.918,-117.72683,2.4,"A",38462807,48,575,2019-07-06 12:02:41.84,70140,2019-07-06 05:02:41.84,2019,"Jul",2019-07-01,5,"Saturday"
"2019/07/06","12:03:49.65","eq","l",2.57,"l",35.74933,-117.5635,9.5,"A",38462823,45,650,2019-07-06 12:03:49.65,70142,2019-07-06 05:03:49.65,2019,"Jul",2019-07-01,5,"Saturday"
"2019/07/06","12:04:07.93","eq","l",2.51,"l",35.75667,-117.56767,7.8,"A",38462831,32,650,2019-07-06 12:04:07.93,70143,2019-07-06 05:04:07.93,2019,"Jul",2019-07-01,5,"Saturday"
"2019/07/06","12:04:20.63","eq","l",2.59,"l",35.88217,-117.73383,4.5,"A",37483173,20,3008,2019-07-06 12:04:20.63,70145,2019-07-06 05:04:20.63,2019,"Jul",2019-07-01,5,"Saturday"
"2019/07/06","12:05:00.77","eq","l",3.57,"lr",35.824,-117.6605,6.3,"A",38462839,60,599,2019-07-06 12:05:00.77,70146,2019-07-06 05:05:00.77,2019,"Jul",2019-07-01,5,"Saturday"
"2019/07/06","12:05:21.29","eq","l",3.34,"l",35.789,-117.62867,8.3,"A",38462847,52,1414,2019-07-06 12:05:21.29,70147,2019-07-06 05:05:21.29,2019,"Jul",2019-07-01,5,"Saturday"
"2019/07/06","12:09:02.88","eq","l",2.58,"l",35.89767,-117.7335,2.4,"A",38462887,38,593,2019-07-06 12:09:02.88,70156,2019-07-06 05:09:02.88,2019,"Jul",2019-07-01,5,"Saturday"
"2019/07/06","12:09:51.37","eq","l",2.78,"l",35.737,-117.54517,6.7,"A",38462895,73,1038,2019-07-06 12:09:51.37,70159,2019-07-06 05:09:51.37,2019,"Jul",2019-07-01,5,"Saturday"
"2019/07/06","12:12:19.51","eq","l",2.75,"l",35.50783,-117.50283,6.9,"A",37483717,19,3179,2019-07-06 12:12:19.51,70163,2019-07-06 05:12:19.51,2019,"Jul",2019-07-01,5,"Saturday"
"2019/07/06","12:12:35.82","eq","l",3.03,"l",35.77767,-117.59683,8,"A",38462927,38,793,2019-07-06 12:12:35.82,70164,2019-07-06 05:12:35.82,2019,"Jul",2019-07-01,5,"Saturday"
"2019/07/06","12:13:28.14","eq","l",2.52,"l",35.9245,-117.70667,2.5,"A",38462935,47,572,2019-07-06 12:13:28.14,70165,2019-07-06 05:13:28.14,2019,"Jul",2019-07-01,5,"Saturday"
"2019/07/06","12:19:23.43","eq","l",2.89,"l",35.92733,-117.74233,5.5,"A",37403364,30,3032,2019-07-06 12:19:23.43,70180,2019-07-06 05:19:23.43,2019,"Jul",2019-07-01,5,"Saturday"
"2019/07/06","12:20:16.21","eq","l",2.74,"l",35.7545,-117.576,9.1,"A",38462999,80,1017,2019-07-06 12:20:16.21,70181,2019-07-06 05:20:16.21,2019,"Jul",2019-07-01,5,"Saturday"
"2019/07/06","12:20:59.05","eq","l",3.49,"lr",35.75783,-117.57983,8.3,"A",38463007,93,1462,2019-07-06 12:20:59.05,70182,2019-07-06 05:20:59.05,2019,"Jul",2019-07-01,5,"Saturday"
"2019/07/06","12:23:28.97","eq","l",2.65,"l",35.89933,-117.70517,8.6,"A",38463015,56,615,2019-07-06 12:23:28.97,70183,2019-07-06 05:23:28.97,2019,"Jul",2019-07-01,5,"Saturday"
"2019/07/06","12:28:49.34","eq","l",2.53,"l",35.60217,-117.40583,3.2,"A",37358204,20,3098,2019-07-06 12:28:49.34,70194,2019-07-06 05:28:49.34,2019,"Jul",2019-07-01,5,"Saturday"
"2019/07/06","12:29:19.81","eq","l",3.4,"l",35.8155,-117.59183,9.3,"A",38463087,96,1371,2019-07-06 12:29:19.81,70195,2019-07-06 05:29:19.81,2019,"Jul",2019-07-01,5,"Saturday"
"2019/07/06","12:34:52.65","eq","l",2.62,"l",35.736,-117.54183,3.8,"A",38463135,71,1029,2019-07-06 12:34:52.65,70208,2019-07-06 05:34:52.65,2019,"Jul",2019-07-01,5,"Saturday"
"2019/07/06","12:35:50.29","eq","l",2.56,"l",35.82917,-117.66,7.2,"A",38463151,40,673,2019-07-06 12:35:50.29,70211,2019-07-06 05:35:50.29,2019,"Jul",2019-07-01,5,"Saturday"
"2019/07/06","12:35:56.55","eq","l",2.62,"l",35.906,-117.71433,2.1,"A",37421149,19,445,2019-07-06 12:35:56.55,70212,2019-07-06 05:35:56.55,2019,"Jul",2019-07-01,5,"Saturday"
"2019/07/06","12:36:30.30","eq","l",3.04,"l",35.62017,-117.43667,8.6,"A",38463159,86,1179,2019-07-06 12:36:30.3,70213,2019-07-06 05:36:30.3,2019,"Jul",2019-07-01,5,"Saturday"
"2019/07/06","12:36:47.16","eq","l",2.71,"l",35.87583,-117.69117,4.9,"A",38463167,39,612,2019-07-06 12:36:47.16,70214,2019-07-06 05:36:47.16,2019,"Jul",2019-07-01,5,"Saturday"
"2019/07/06","12:37:05.45","eq","l",2.72,"l",35.88617,-117.727,4.2,"A",38463175,43,771,2019-07-06 12:37:05.45,70216,2019-07-06 05:37:05.45,2019,"Jul",2019-07-01,5,"Saturday"
"2019/07/06","12:40:31.17","eq","l",2.86,"l",35.817,-117.6405,7,"A",38463215,67,889,2019-07-06 12:40:31.17,70226,2019-07-06 05:40:31.17,2019,"Jul",2019-07-01,5,"Saturday"
"2019/07/06","12:40:45.76","eq","l",3.24,"l",35.903,-117.6565,9.6,"A",38463223,47,1214,2019-07-06 12:40:45.76,70227,2019-07-06 05:40:45.76,2019,"Jul",2019-07-01,5,"Saturday"
"2019/07/06","12:40:48.32","eq","l",3.24,"l",35.94017,-117.30883,11,"A",37264348,8,3239,2019-07-06 12:40:48.32,70228,2019-07-06 05:40:48.32,2019,"Jul",2019-07-01,5,"Saturday"
"2019/07/06","12:40:56.23","eq","l",2.72,"l",35.59683,-117.3145,8.9,"A",37264356,7,3173,2019-07-06 12:40:56.23,70229,2019-07-06 05:40:56.23,2019,"Jul",2019-07-01,5,"Saturday"
"2019/07/06","12:44:44.28","eq","l",2.69,"l",35.63667,-117.4315,4.8,"A",37358364,31,3152,2019-07-06 12:44:44.28,70241,2019-07-06 05:44:44.28,2019,"Jul",2019-07-01,5,"Saturday"
"2019/07/06","12:45:45.54","eq","l",2.82,"l",35.87467,-117.70533,2.7,"A",38463311,69,821,2019-07-06 12:45:45.54,70244,2019-07-06 05:45:45.54,2019,"Jul",2019-07-01,5,"Saturday"
"2019/07/06","12:48:42.88","eq","l",3.09,"l",35.857,-117.67183,8.5,"A",38463359,84,820,2019-07-06 12:48:42.88,70254,2019-07-06 05:48:42.88,2019,"Jul",2019-07-01,5,"Saturday"
"2019/07/06","12:49:39.11","eq","l",3.12,"l",35.60483,-117.40117,7.1,"A",38463375,65,1179,2019-07-06 12:49:39.11,70256,2019-07-06 05:49:39.11,2019,"Jul",2019-07-01,5,"Saturday"
"2019/07/06","12:49:41.59","eq","l",2.94,"l",35.70367,-117.51567,12.8,"A",37491605,42,3215,2019-07-06 12:49:41.59,70257,2019-07-06 05:49:41.59,2019,"Jul",2019-07-01,5,"Saturday"
"2019/07/06","12:50:27.80","eq","l",2.86,"l",35.9345,-117.7235,2.9,"A",38463383,73,572,2019-07-06 12:50:27.8,70258,2019-07-06 05:50:27.8,2019,"Jul",2019-07-01,5,"Saturday"
"2019/07/06","12:55:24.80","eq","l",3.07,"l",35.9005,-117.73033,4.4,"A",38463439,109,797,2019-07-06 12:55:24.8,70276,2019-07-06 05:55:24.8,2019,"Jul",2019-07-01,5,"Saturday"
"2019/07/06","12:58:18.14","eq","l",2.72,"l",35.67083,-117.467,7.2,"A",38463471,78,702,2019-07-06 12:58:18.14,70282,2019-07-06 05:58:18.14,2019,"Jul",2019-07-01,5,"Saturday"
"2019/07/06","13:00:44.17","eq","l",2.97,"l",35.87683,-117.70533,5.1,"A",38463495,78,808,2019-07-06 13:00:44.17,70293,2019-07-06 06:00:44.17,2019,"Jul",2019-07-01,6,"Saturday"
"2019/07/06","13:02:14.80","eq","l",2.53,"l",35.81683,-117.62433,3.8,"A",38463511,38,573,2019-07-06 13:02:14.8,70297,2019-07-06 06:02:14.8,2019,"Jul",2019-07-01,6,"Saturday"
"2019/07/06","13:06:55.26","eq","l",4.5,"w",35.92833,-117.705,2.4,"A",38463551,217,1737,2019-07-06 13:06:55.26,70312,2019-07-06 06:06:55.26,2019,"Jul",2019-07-01,6,"Saturday"
"2019/07/06","13:07:13.84","eq","l",3.3,"l",35.921,-117.70833,4.9,"A",37264364,11,3239,2019-07-06 13:07:13.84,70313,2019-07-06 06:07:13.84,2019,"Jul",2019-07-01,6,"Saturday"
"2019/07/06","13:08:11.86","eq","l",2.66,"l",35.6085,-117.45183,10.3,"A",38463559,24,1188,2019-07-06 13:08:11.86,70314,2019-07-06 06:08:11.86,2019,"Jul",2019-07-01,6,"Saturday"
"2019/07/06","13:09:19.93","eq","l",2.87,"l",35.79467,-117.62517,4.2,"A",38463567,62,911,2019-07-06 13:09:19.93,70315,2019-07-06 06:09:19.93,2019,"Jul",2019-07-01,6,"Saturday"
"2019/07/06","13:16:57.73","eq","l",3.07,"l",35.65183,-117.519,10.2,"A",38463631,101,1156,2019-07-06 13:16:57.73,70336,2019-07-06 06:16:57.73,2019,"Jul",2019-07-01,6,"Saturday"
"2019/07/06","13:17:39.59","eq","l",2.78,"l",35.8825,-117.698,8.6,"A",38463639,71,808,2019-07-06 13:17:39.59,70337,2019-07-06 06:17:39.59,2019,"Jul",2019-07-01,6,"Saturday"
"2019/07/06","13:18:21.88","eq","l",2.51,"l",35.91233,-117.70333,4,"A",38463655,43,416,2019-07-06 13:18:21.88,70339,2019-07-06 06:18:21.88,2019,"Jul",2019-07-01,6,"Saturday"
"2019/07/06","13:20:36.29","eq","l",2.52,"l",35.7135,-117.57017,6.8,"A",38463671,79,685,2019-07-06 13:20:36.29,70344,2019-07-06 06:20:36.29,2019,"Jul",2019-07-01,6,"Saturday"
"2019/07/06","13:24:27.28","eq","l",2.77,"l",35.87267,-117.69767,4.4,"A",38463703,77,825,2019-07-06 13:24:27.28,70352,2019-07-06 06:24:27.28,2019,"Jul",2019-07-01,6,"Saturday"
"2019/07/06","13:25:45.40","eq","l",2.56,"l",35.8965,-117.72467,5.6,"A",38463711,40,585,2019-07-06 13:25:45.4,70353,2019-07-06 06:25:45.4,2019,"Jul",2019-07-01,6,"Saturday"
"2019/07/06","13:25:59.76","eq","l",2.65,"l",35.596,-117.38533,5.9,"A",37482861,30,3128,2019-07-06 13:25:59.76,70355,2019-07-06 06:25:59.76,2019,"Jul",2019-07-01,6,"Saturday"
"2019/07/06","13:27:38.66","eq","l",2.95,"l",35.709,-117.5555,1.9,"A",38463727,53,1042,2019-07-06 13:27:38.66,70359,2019-07-06 06:27:38.66,2019,"Jul",2019-07-01,6,"Saturday"
"2019/07/06","13:28:31.29","eq","l",2.51,"l",35.67433,-117.47767,2.1,"A",38463735,29,1102,2019-07-06 13:28:31.29,70360,2019-07-06 06:28:31.29,2019,"Jul",2019-07-01,6,"Saturday"
"2019/07/06","13:28:34.87","eq","l",2.61,"l",35.68033,-117.512,6.5,"A",37483773,17,3095,2019-07-06 13:28:34.87,70361,2019-07-06 06:28:34.87,2019,"Jul",2019-07-01,6,"Saturday"
"2019/07/06","13:29:02.31","eq","l",2.53,"l",35.84617,-117.657,4.3,"A",38463743,32,634,2019-07-06 13:29:02.31,70362,2019-07-06 06:29:02.31,2019,"Jul",2019-07-01,6,"Saturday"
"2019/07/06","13:30:07.14","eq","l",2.74,"l",36.121,-117.84883,2.1,"A",38463759,55,654,2019-07-06 13:30:07.14,70366,2019-07-06 06:30:07.14,2019,"Jul",2019-07-01,6,"Saturday"
"2019/07/06","13:32:33.39","eq","l",2.6,"l",35.89167,-117.7165,7.5,"A",38463775,47,615,2019-07-06 13:32:33.39,70369,2019-07-06 06:32:33.39,2019,"Jul",2019-07-01,6,"Saturday"
"2019/07/06","13:32:59.50","eq","l",3.65,"w",35.67617,-117.48733,1.6,"A",38463791,74,1597,2019-07-06 13:32:59.5,70370,2019-07-06 06:32:59.5,2019,"Jul",2019-07-01,6,"Saturday"
"2019/07/06","13:34:46.31","eq","l",3.17,"l",35.903,-117.6925,2.5,"A",38463807,88,788,2019-07-06 13:34:46.31,70373,2019-07-06 06:34:46.31,2019,"Jul",2019-07-01,6,"Saturday"
"2019/07/06","13:36:26.80","eq","l",3.36,"l",35.86417,-117.68633,7.9,"A",38463831,102,1326,2019-07-06 13:36:26.8,70376,2019-07-06 06:36:26.8,2019,"Jul",2019-07-01,6,"Saturday"
"2019/07/06","13:38:49.57","eq","l",2.51,"l",35.67817,-117.51917,-0.5,"A",38463863,38,693,2019-07-06 13:38:49.57,70385,2019-07-06 06:38:49.57,2019,"Jul",2019-07-01,6,"Saturday"
"2019/07/06","13:39:52.77","eq","l",2.79,"l",35.54883,-117.43433,2.8,"A",38463887,55,1288,2019-07-06 13:39:52.77,70388,2019-07-06 06:39:52.77,2019,"Jul",2019-07-01,6,"Saturday"
"2019/07/06","13:39:59.26","eq","l",2.86,"l",35.69867,-117.54667,4.9,"A",37483621,64,3194,2019-07-06 13:39:59.26,70389,2019-07-06 06:39:59.26,2019,"Jul",2019-07-01,6,"Saturday"
"2019/07/06","13:41:42.73","eq","l",3.17,"l",35.5895,-117.4235,6.8,"A",38463903,87,1195,2019-07-06 13:41:42.73,70392,2019-07-06 06:41:42.73,2019,"Jul",2019-07-01,6,"Saturday"
"2019/07/06","13:43:18.74","eq","l",3.64,"w",35.61633,-117.4755,8.8,"A",38463911,111,1674,2019-07-06 13:43:18.74,70393,2019-07-06 06:43:18.74,2019,"Jul",2019-07-01,6,"Saturday"
"2019/07/06","13:43:49.66","eq","l",3.37,"l",35.919,-117.71717,0.5,"A",37264444,17,3236,2019-07-06 13:43:49.66,70394,2019-07-06 06:43:49.66,2019,"Jul",2019-07-01,6,"Saturday"
"2019/07/06","13:43:55.52","eq","l",2.87,"l",35.765,-117.56783,6.5,"A",37264452,16,3182,2019-07-06 13:43:55.52,70395,2019-07-06 06:43:55.52,2019,"Jul",2019-07-01,6,"Saturday"
"2019/07/06","13:45:19.05","eq","l",2.67,"l",35.62583,-117.43033,7.7,"A",38463919,27,739,2019-07-06 13:45:19.05,70397,2019-07-06 06:45:19.05,2019,"Jul",2019-07-01,6,"Saturday"
"2019/07/06","13:45:19.05","eq","l",2.56,"l",35.62733,-117.43,8,"A",37483725,42,3086,2019-07-06 13:45:19.05,70398,2019-07-06 06:45:19.05,2019,"Jul",2019-07-01,6,"Saturday"
"2019/07/06","13:45:30.28","eq","l",2.82,"l",35.89117,-117.6755,9,"A",38463927,65,794,2019-07-06 13:45:30.28,70399,2019-07-06 06:45:30.28,2019,"Jul",2019-07-01,6,"Saturday"
"2019/07/06","13:45:37.93","eq","l",2.63,"l",35.55383,-117.39867,4.3,"A",37483709,36,3143,2019-07-06 13:45:37.93,70400,2019-07-06 06:45:37.93,2019,"Jul",2019-07-01,6,"Saturday"
"2019/07/06","13:49:42.55","eq","l",2.54,"l",35.6715,-117.49283,4.4,"A",38463967,39,702,2019-07-06 13:49:42.55,70410,2019-07-06 06:49:42.55,2019,"Jul",2019-07-01,6,"Saturday"
"2019/07/06","13:50:57.74","eq","l",2.65,"l",35.8715,-117.6845,2.7,"A",38463975,55,612,2019-07-06 13:50:57.74,70412,2019-07-06 06:50:57.74,2019,"Jul",2019-07-01,6,"Saturday"
"2019/07/06","13:51:03.87","eq","l",2.52,"l",35.89117,-117.70667,3.2,"A",37485045,12,2978,2019-07-06 13:51:03.87,70413,2019-07-06 06:51:03.87,2019,"Jul",2019-07-01,6,"Saturday"
"2019/07/06","13:51:20.10","eq","l",2.55,"l",35.86867,-117.70483,9.9,"A",38463983,32,612,2019-07-06 13:51:20.1,70414,2019-07-06 06:51:20.1,2019,"Jul",2019-07-01,6,"Saturday"
"2019/07/06","13:54:51.69","eq","l",2.72,"l",35.88617,-117.71833,2.8,"A",38464031,59,615,2019-07-06 13:54:51.69,70428,2019-07-06 06:54:51.69,2019,"Jul",2019-07-01,6,"Saturday"
"2019/07/06","13:55:41.93","eq","l",2.52,"l",35.87533,-117.69683,8.2,"A",38464039,57,436,2019-07-06 13:55:41.93,70430,2019-07-06 06:55:41.93,2019,"Jul",2019-07-01,6,"Saturday"
"2019/07/06","13:55:51.09","eq","l",3.54,"w",35.868,-117.705,7.9,"A",38464047,99,1319,2019-07-06 13:55:51.09,70431,2019-07-06 06:55:51.09,2019,"Jul",2019-07-01,6,"Saturday"
"2019/07/06","13:57:15.84","eq","l",2.68,"l",35.5695,-117.3395,2.4,"A",37483925,33,3146,2019-07-06 13:57:15.84,70433,2019-07-06 06:57:15.84,2019,"Jul",2019-07-01,6,"Saturday"
"2019/07/06","13:57:30.84","eq","l",2.55,"l",35.87417,-117.69333,8.4,"A",37483933,29,3015,2019-07-06 13:57:30.84,70434,2019-07-06 06:57:30.84,2019,"Jul",2019-07-01,6,"Saturday"
"2019/07/06","13:58:01.05","eq","l",2.64,"l",35.8155,-117.642,6.1,"A",38464071,55,880,2019-07-06 13:58:01.05,70435,2019-07-06 06:58:01.05,2019,"Jul",2019-07-01,6,"Saturday"
"2019/07/06","13:59:21.04","eq","l",2.82,"l",35.93967,-117.7045,2.1,"A",38464087,54,1164,2019-07-06 13:59:21.04,70439,2019-07-06 06:59:21.04,2019,"Jul",2019-07-01,6,"Saturday"
"2019/07/06","14:04:10.71","eq","l",2.51,"l",35.7105,-117.509,6.5,"A",37407172,43,3029,2019-07-06 14:04:10.71,70453,2019-07-06 07:04:10.71,2019,"Jul",2019-07-01,7,"Saturday"
"2019/07/06","14:05:32.47","eq","l",2.78,"l",35.88217,-117.6955,7.6,"A",38464159,62,790,2019-07-06 14:05:32.47,70455,2019-07-06 07:05:32.47,2019,"Jul",2019-07-01,7,"Saturday"
"2019/07/06","14:09:35.21","eq","l",2.84,"l",35.9105,-117.7485,8,"A",38464199,75,1254,2019-07-06 14:09:35.21,70464,2019-07-06 07:09:35.21,2019,"Jul",2019-07-01,7,"Saturday"
"2019/07/06","14:11:22.44","eq","l",2.62,"l",35.807,-117.63183,8.8,"A",38464215,38,895,2019-07-06 14:11:22.44,70466,2019-07-06 07:11:22.44,2019,"Jul",2019-07-01,7,"Saturday"
"2019/07/06","14:11:43.73","eq","l",2.55,"l",35.62833,-117.4555,2,"A",38464223,51,1154,2019-07-06 14:11:43.73,70467,2019-07-06 07:11:43.73,2019,"Jul",2019-07-01,7,"Saturday"
"2019/07/06","14:16:49.04","eq","l",2.51,"l",35.962,-117.69117,5.6,"A",38464255,24,559,2019-07-06 14:16:49.04,70478,2019-07-06 07:16:49.04,2019,"Jul",2019-07-01,7,"Saturday"
"2019/07/06","14:19:52.52","eq","l",2.64,"l",35.70767,-117.52817,6.4,"A",38464295,55,1036,2019-07-06 14:19:52.52,70487,2019-07-06 07:19:52.52,2019,"Jul",2019-07-01,7,"Saturday"
"2019/07/06","14:20:59.65","eq","l",2.57,"l",35.65667,-117.5215,10.3,"A",38464311,49,1123,2019-07-06 14:20:59.65,70489,2019-07-06 07:20:59.65,2019,"Jul",2019-07-01,7,"Saturday"
"2019/07/06","14:24:35.14","eq","l",2.87,"l",35.93317,-117.747,7.4,"A",38464319,83,1217,2019-07-06 14:24:35.14,70494,2019-07-06 07:24:35.14,2019,"Jul",2019-07-01,7,"Saturday"
"2019/07/06","14:25:07.02","eq","l",2.6,"l",35.66717,-117.48567,5.6,"A",38464327,26,779,2019-07-06 14:25:07.02,70495,2019-07-06 07:25:07.02,2019,"Jul",2019-07-01,7,"Saturday"
"2019/07/06","14:28:32.07","eq","l",2.59,"l",35.62967,-117.43783,6.3,"A",37409924,22,3108,2019-07-06 14:28:32.07,70503,2019-07-06 07:28:32.07,2019,"Jul",2019-07-01,7,"Saturday"
"2019/07/06","14:30:07.58","eq","l",3.16,"l",35.8175,-117.63383,9.3,"A",38464383,91,1370,2019-07-06 14:30:07.58,70507,2019-07-06 07:30:07.58,2019,"Jul",2019-07-01,7,"Saturday"
"2019/07/06","14:31:00.44","eq","l",2.51,"l",35.87633,-117.70067,8.2,"A",38464391,47,812,2019-07-06 14:31:00.44,70509,2019-07-06 07:31:00.44,2019,"Jul",2019-07-01,7,"Saturday"
"2019/07/06","14:33:18.24","eq","l",2.75,"l",35.796,-117.6145,3.7,"A",38464439,44,924,2019-07-06 14:33:18.24,70516,2019-07-06 07:33:18.24,2019,"Jul",2019-07-01,7,"Saturday"
"2019/07/06","14:33:30.51","eq","l",3.14,"l",35.63333,-117.427,2.9,"A",38464447,40,1640,2019-07-06 14:33:30.51,70517,2019-07-06 07:33:30.51,2019,"Jul",2019-07-01,7,"Saturday"
"2019/07/06","14:35:25.69","eq","l",2.57,"l",36.1,-117.82383,4.1,"A",37421093,21,499,2019-07-06 14:35:25.69,70522,2019-07-06 07:35:25.69,2019,"Jul",2019-07-01,7,"Saturday"
"2019/07/06","14:38:49.38","eq","l",2.53,"l",35.7605,-117.615,2.5,"A",38464511,48,1000,2019-07-06 14:38:49.38,70530,2019-07-06 07:38:49.38,2019,"Jul",2019-07-01,7,"Saturday"
"2019/07/06","14:40:08.92","eq","l",2.76,"l",35.67383,-117.5195,7.1,"A",38464519,84,1595,2019-07-06 14:40:08.92,70533,2019-07-06 07:40:08.92,2019,"Jul",2019-07-01,7,"Saturday"
"2019/07/06","14:41:16.58","eq","l",2.51,"l",35.83367,-117.65683,2.9,"A",38464527,46,881,2019-07-06 14:41:16.58,70537,2019-07-06 07:41:16.58,2019,"Jul",2019-07-01,7,"Saturday"
"2019/07/06","14:44:17.25","eq","l",2.52,"l",35.9495,-117.68883,2.4,"A",38464551,41,745,2019-07-06 14:44:17.25,70542,2019-07-06 07:44:17.25,2019,"Jul",2019-07-01,7,"Saturday"
"2019/07/06","14:54:00.64","eq","l",2.54,"l",36.09467,-117.82483,3.5,"A",38464623,38,606,2019-07-06 14:54:00.64,70574,2019-07-06 07:54:00.64,2019,"Jul",2019-07-01,7,"Saturday"
"2019/07/06","14:55:25.76","eq","l",2.5,"l",35.817,-117.63067,3.6,"A",38464631,49,880,2019-07-06 14:55:25.76,70576,2019-07-06 07:55:25.76,2019,"Jul",2019-07-01,7,"Saturday"
"2019/07/06","14:55:46.54","eq","l",2.8,"l",35.8015,-117.62983,4.5,"A",38464639,69,1408,2019-07-06 14:55:46.54,70578,2019-07-06 07:55:46.54,2019,"Jul",2019-07-01,7,"Saturday"
"2019/07/06","15:01:06.79","eq","l",2.5,"l",35.9615,-117.283,4,"A",37492925,70,2960,2019-07-06 15:01:06.79,70600,2019-07-06 08:01:06.79,2019,"Jul",2019-07-01,8,"Saturday"
"2019/07/06","15:05:18.64","eq","l",2.51,"l",35.89183,-117.6865,3.8,"A",38464759,23,689,2019-07-06 15:05:18.64,70615,2019-07-06 08:05:18.64,2019,"Jul",2019-07-01,8,"Saturday"
"2019/07/06","15:06:08.84","eq","l",2.66,"l",35.88117,-117.72183,3.4,"A",38464767,44,803,2019-07-06 15:06:08.84,70616,2019-07-06 08:06:08.84,2019,"Jul",2019-07-01,8,"Saturday"
"2019/07/06","15:07:05.97","eq","l",3.28,"l",35.66917,-117.5175,7.7,"A",38464775,141,1603,2019-07-06 15:07:05.97,70617,2019-07-06 08:07:05.97,2019,"Jul",2019-07-01,8,"Saturday"
"2019/07/06","15:08:22.00","eq","l",2.98,"l",35.66667,-117.46617,10.8,"A",38464791,62,1107,2019-07-06 15:08:22,70620,2019-07-06 08:08:22,2019,"Jul",2019-07-01,8,"Saturday"
"2019/07/06","15:09:15.23","eq","l",3.28,"l",35.88317,-117.72367,4.3,"A",38464799,90,1281,2019-07-06 15:09:15.23,70621,2019-07-06 08:09:15.23,2019,"Jul",2019-07-01,8,"Saturday"
"2019/07/06","15:10:27.68","eq","l",2.84,"l",35.87983,-117.72267,4.2,"A",38464815,86,1208,2019-07-06 15:10:27.68,70624,2019-07-06 08:10:27.68,2019,"Jul",2019-07-01,8,"Saturday"
"2019/07/06","15:10:49.81","eq","l",3.19,"l",35.5545,-117.396,4.6,"A",37483669,41,3252,2019-07-06 15:10:49.81,70625,2019-07-06 08:10:49.81,2019,"Jul",2019-07-01,8,"Saturday"
"2019/07/06","15:10:53.58","eq","l",2.59,"l",35.932,-117.72533,4.5,"A",38464823,34,797,2019-07-06 15:10:53.58,70626,2019-07-06 08:10:53.58,2019,"Jul",2019-07-01,8,"Saturday"
"2019/07/06","15:11:09.94","eq","l",2.86,"l",35.93483,-117.72367,3.6,"A",38464831,37,1188,2019-07-06 15:11:09.94,70627,2019-07-06 08:11:09.94,2019,"Jul",2019-07-01,8,"Saturday"
"2019/07/06","15:11:14.20","eq","l",2.52,"l",35.875,-117.70133,7.6,"A",37484205,22,2982,2019-07-06 15:11:14.2,70628,2019-07-06 08:11:14.2,2019,"Jul",2019-07-01,8,"Saturday"
"2019/07/06","15:12:01.45","eq","l",3.08,"l",35.652,-117.56267,4.4,"A",38464839,89,1658,2019-07-06 15:12:01.45,70629,2019-07-06 08:12:01.45,2019,"Jul",2019-07-01,8,"Saturday"
"2019/07/06","15:19:15.43","eq","l",2.51,"l",35.9075,-117.68767,3.2,"A",38464887,42,728,2019-07-06 15:19:15.43,70656,2019-07-06 08:19:15.43,2019,"Jul",2019-07-01,8,"Saturday"
"2019/07/06","15:19:53.41","eq","l",2.87,"l",35.892,-117.72483,5.2,"A",38464895,70,1275,2019-07-06 15:19:53.41,70658,2019-07-06 08:19:53.41,2019,"Jul",2019-07-01,8,"Saturday"
"2019/07/06","15:21:07.81","eq","l",2.66,"l",36.11483,-117.87783,5.6,"A",38464911,44,933,2019-07-06 15:21:07.81,70659,2019-07-06 08:21:07.81,2019,"Jul",2019-07-01,8,"Saturday"
"2019/07/06","15:22:02.19","eq","l",2.64,"l",35.71233,-117.562,2,"A",38464919,39,685,2019-07-06 15:22:02.19,70660,2019-07-06 08:22:02.19,2019,"Jul",2019-07-01,8,"Saturday"
"2019/07/06","15:22:26.67","eq","l",3.38,"l",35.90433,-117.737,2.8,"A",38464927,93,1271,2019-07-06 15:22:26.67,70661,2019-07-06 08:22:26.67,2019,"Jul",2019-07-01,8,"Saturday"
"2019/07/06","15:23:28.50","eq","l",3.26,"l",35.8475,-117.667,9,"A",38464943,95,854,2019-07-06 15:23:28.5,70662,2019-07-06 08:23:28.5,2019,"Jul",2019-07-01,8,"Saturday"
"2019/07/06","15:25:07.56","eq","l",2.51,"l",36.10633,-117.8745,5.6,"A",38464967,53,487,2019-07-06 15:25:07.56,70665,2019-07-06 08:25:07.56,2019,"Jul",2019-07-01,8,"Saturday"
"2019/07/06","15:25:58.27","eq","l",2.84,"l",35.70867,-117.56483,1.4,"A",38464991,60,1049,2019-07-06 15:25:58.27,70671,2019-07-06 08:25:58.27,2019,"Jul",2019-07-01,8,"Saturday"
"2019/07/06","15:27:22.49","eq","l",2.62,"l",35.76417,-117.5815,10.5,"A",38465007,44,661,2019-07-06 15:27:22.49,70673,2019-07-06 08:27:22.49,2019,"Jul",2019-07-01,8,"Saturday"
"2019/07/06","15:29:19.94","eq","l",2.76,"l",35.87917,-117.717,4.8,"A",38465031,63,612,2019-07-06 15:29:19.94,70681,2019-07-06 08:29:19.94,2019,"Jul",2019-07-01,8,"Saturday"
"2019/07/06","15:29:53.37","eq","l",2.84,"l",35.86683,-117.69583,8.2,"A",38465039,77,838,2019-07-06 15:29:53.37,70684,2019-07-06 08:29:53.37,2019,"Jul",2019-07-01,8,"Saturday"
"2019/07/06","15:30:49.90","eq","l",3.31,"l",35.69417,-117.55517,10.1,"A",38465063,92,1583,2019-07-06 15:30:49.9,70686,2019-07-06 08:30:49.9,2019,"Jul",2019-07-01,8,"Saturday"
"2019/07/06","15:32:43.69","eq","l",3.18,"l",35.87917,-117.70433,3,"A",38465087,102,1122,2019-07-06 15:32:43.69,70694,2019-07-06 08:32:43.69,2019,"Jul",2019-07-01,8,"Saturday"
"2019/07/06","15:34:36.50","eq","l",2.5,"l",35.9275,-117.68033,2.6,"A",37493629,50,2963,2019-07-06 15:34:36.5,70701,2019-07-06 08:34:36.5,2019,"Jul",2019-07-01,8,"Saturday"
"2019/07/06","15:37:23.40","eq","l",2.65,"l",35.93433,-117.69567,2.3,"A",38465143,69,1184,2019-07-06 15:37:23.4,70710,2019-07-06 08:37:23.4,2019,"Jul",2019-07-01,8,"Saturday"
"2019/07/06","15:40:44.79","eq","l",2.79,"l",35.80933,-117.639,5.3,"A",38465183,85,1408,2019-07-06 15:40:44.79,70721,2019-07-06 08:40:44.79,2019,"Jul",2019-07-01,8,"Saturday"
"2019/07/06","15:42:54.66","eq","l",2.53,"l",35.877,-117.69883,5.7,"A",38465199,44,817,2019-07-06 15:42:54.66,70729,2019-07-06 08:42:54.66,2019,"Jul",2019-07-01,8,"Saturday"
"2019/07/06","15:45:11.02","eq","l",2.89,"l",36.11367,-117.87467,6.1,"A",38465231,43,498,2019-07-06 15:45:11.02,70737,2019-07-06 08:45:11.02,2019,"Jul",2019-07-01,8,"Saturday"
"2019/07/06","15:45:46.04","eq","l",3.58,"w",36.09933,-117.827,2.5,"A",38465239,91,1426,2019-07-06 15:45:46.04,70738,2019-07-06 08:45:46.04,2019,"Jul",2019-07-01,8,"Saturday"
"2019/07/06","15:49:16.96","eq","l",2.79,"l",35.89783,-117.678,2.8,"A",38465255,80,1271,2019-07-06 15:49:16.96,70748,2019-07-06 08:49:16.96,2019,"Jul",2019-07-01,8,"Saturday"
"2019/07/06","15:59:29.29","eq","l",3.55,"l",35.877,-117.69767,2.3,"A",38465351,98,1777,2019-07-06 15:59:29.29,70798,2019-07-06 08:59:29.29,2019,"Jul",2019-07-01,8,"Saturday"
"2019/07/06","16:01:08.21","eq","l",3.41,"l",35.5945,-117.39417,5,"A",38465367,114,2049,2019-07-06 16:01:08.21,70800,2019-07-06 09:01:08.21,2019,"Jul",2019-07-01,9,"Saturday"
"2019/07/06","16:02:34.15","eq","l",2.54,"l",35.65867,-117.47867,9.8,"A",38465375,57,1626,2019-07-06 16:02:34.15,70802,2019-07-06 09:02:34.15,2019,"Jul",2019-07-01,9,"Saturday"
"2019/07/06","16:03:56.67","eq","l",2.55,"l",36.07717,-117.83517,2.5,"A",37409932,29,2944,2019-07-06 16:03:56.67,70807,2019-07-06 09:03:56.67,2019,"Jul",2019-07-01,9,"Saturday"
"2019/07/06","16:04:07.03","eq","l",2.62,"l",36.076,-117.84067,2,"A",37409940,19,2976,2019-07-06 16:04:07.03,70808,2019-07-06 09:04:07.03,2019,"Jul",2019-07-01,9,"Saturday"
"2019/07/06","16:05:46.96","eq","l",2.99,"l",35.95333,-117.27583,3.8,"A",37409996,49,3219,2019-07-06 16:05:46.96,70813,2019-07-06 09:05:46.96,2019,"Jul",2019-07-01,9,"Saturday"
"2019/07/06","16:06:06.33","eq","l",2.52,"l",35.83517,-117.65867,8.5,"A",38465407,31,892,2019-07-06 16:06:06.33,70814,2019-07-06 09:06:06.33,2019,"Jul",2019-07-01,9,"Saturday"
"2019/07/06","16:07:25.57","eq","l",3.49,"l",35.68617,-117.545,2.1,"A",38465415,125,2001,2019-07-06 16:07:25.57,70815,2019-07-06 09:07:25.57,2019,"Jul",2019-07-01,9,"Saturday"
"2019/07/06","16:08:07.29","eq","l",2.63,"l",35.70167,-117.53967,9.7,"A",38465423,60,1560,2019-07-06 16:08:07.29,70817,2019-07-06 09:08:07.29,2019,"Jul",2019-07-01,9,"Saturday"
"2019/07/06","16:09:26.64","eq","l",2.51,"l",35.62767,-117.46267,8.7,"A",37410060,42,3084,2019-07-06 16:09:26.64,70818,2019-07-06 09:09:26.64,2019,"Jul",2019-07-01,9,"Saturday"
"2019/07/06","16:10:10.26","eq","l",3.2,"l",36.078,-117.843,1.7,"A",38465439,77,946,2019-07-06 16:10:10.26,70820,2019-07-06 09:10:10.26,2019,"Jul",2019-07-01,9,"Saturday"
"2019/07/06","16:12:25.17","eq","l",3.18,"l",35.61033,-117.4135,3.3,"A",38465447,116,1670,2019-07-06 16:12:25.17,70821,2019-07-06 09:12:25.17,2019,"Jul",2019-07-01,9,"Saturday"
"2019/07/06","16:15:32.99","eq","l",2.64,"l",35.90583,-117.69,2.5,"A",38465479,46,788,2019-07-06 16:15:32.99,70831,2019-07-06 09:15:32.99,2019,"Jul",2019-07-01,9,"Saturday"
"2019/07/06","16:19:18.71","eq","l",2.53,"l",35.90267,-117.7015,7.6,"A",38465519,49,788,2019-07-06 16:19:18.71,70839,2019-07-06 09:19:18.71,2019,"Jul",2019-07-01,9,"Saturday"
"2019/07/06","16:31:50.71","eq","l",3.05,"l",35.67717,-117.5325,8.4,"A",38465647,104,1599,2019-07-06 16:31:50.71,70877,2019-07-06 09:31:50.71,2019,"Jul",2019-07-01,9,"Saturday"
"2019/07/06","16:36:05.82","eq","l",4.14,"w",35.5705,-117.523,10.1,"A",38465703,100,2069,2019-07-06 16:36:05.82,70889,2019-07-06 09:36:05.82,2019,"Jul",2019-07-01,9,"Saturday"
"2019/07/06","16:38:01.32","eq","l",3.37,"l",35.59517,-117.37683,5.3,"A",38465711,105,2099,2019-07-06 16:38:01.32,70891,2019-07-06 09:38:01.32,2019,"Jul",2019-07-01,9,"Saturday"
"2019/07/06","16:38:34.73","eq","l",2.58,"l",35.813,-117.635,6.7,"A",38465719,28,904,2019-07-06 16:38:34.73,70892,2019-07-06 09:38:34.73,2019,"Jul",2019-07-01,9,"Saturday"
"2019/07/06","16:40:46.16","eq","l",3.07,"l",36.11833,-117.877,5.1,"A",38465735,58,1263,2019-07-06 16:40:46.16,70896,2019-07-06 09:40:46.16,2019,"Jul",2019-07-01,9,"Saturday"
"2019/07/06","16:41:10.81","eq","l",2.65,"l",35.78133,-117.5695,6.5,"A",38465743,37,940,2019-07-06 16:41:10.81,70897,2019-07-06 09:41:10.81,2019,"Jul",2019-07-01,9,"Saturday"
"2019/07/06","16:42:05.12","eq","l",3.51,"l",35.879,-117.71217,4.5,"A",38465759,91,1777,2019-07-06 16:42:05.12,70900,2019-07-06 09:42:05.12,2019,"Jul",2019-07-01,9,"Saturday"
"2019/07/06","16:43:01.53","eq","l",2.78,"l",35.88567,-117.71317,5.8,"A",38465775,62,807,2019-07-06 16:43:01.53,70901,2019-07-06 09:43:01.53,2019,"Jul",2019-07-01,9,"Saturday"
"2019/07/06","16:46:55.65","eq","l",2.64,"l",35.89617,-117.68433,3.8,"A",38465807,43,788,2019-07-06 16:46:55.65,70909,2019-07-06 09:46:55.65,2019,"Jul",2019-07-01,9,"Saturday"
"2019/07/06","16:47:21.41","eq","l",2.96,"l",35.885,-117.72717,6.8,"A",38465815,66,1630,2019-07-06 16:47:21.41,70910,2019-07-06 09:47:21.41,2019,"Jul",2019-07-01,9,"Saturday"
"2019/07/06","16:48:07.01","eq","l",2.64,"l",35.64517,-117.44367,5.9,"A",38465823,64,1627,2019-07-06 16:48:07.01,70912,2019-07-06 09:48:07.01,2019,"Jul",2019-07-01,9,"Saturday"
"2019/07/06","16:48:38.33","eq","l",2.68,"l",35.56967,-117.51117,10.6,"A",38465831,69,1716,2019-07-06 16:48:38.33,70913,2019-07-06 09:48:38.33,2019,"Jul",2019-07-01,9,"Saturday"
"2019/07/06","16:49:21.97","eq","l",2.6,"l",35.57267,-117.5155,10.6,"A",38465847,48,1693,2019-07-06 16:49:21.97,70916,2019-07-06 09:49:21.97,2019,"Jul",2019-07-01,9,"Saturday"
"2019/07/06","16:54:29.06","eq","l",2.59,"l",35.6095,-117.44983,10.3,"A",38465903,55,1188,2019-07-06 16:54:29.06,70931,2019-07-06 09:54:29.06,2019,"Jul",2019-07-01,9,"Saturday"
"2019/07/06","17:04:58.21","eq","l",2.74,"l",35.69483,-117.55617,1.8,"A",38465983,78,1574,2019-07-06 17:04:58.21,70963,2019-07-06 10:04:58.21,2019,"Jul",2019-07-01,10,"Saturday"
"2019/07/06","17:09:01.45","eq","l",3.32,"l",35.96233,-117.27483,3.8,"A",38466023,79,1458,2019-07-06 17:09:01.45,70972,2019-07-06 10:09:01.45,2019,"Jul",2019-07-01,10,"Saturday"
"2019/07/06","17:09:43.74","eq","l",2.58,"l",35.6265,-117.40133,6,"A",37494917,19,2898,2019-07-06 17:09:43.74,70973,2019-07-06 10:09:43.74,2019,"Jul",2019-07-01,10,"Saturday"
"2019/07/06","17:14:17.33","eq","l",3.07,"l",35.6365,-117.434,2.7,"A",38466063,98,1675,2019-07-06 17:14:17.33,70991,2019-07-06 10:14:17.33,2019,"Jul",2019-07-01,10,"Saturday"
"2019/07/06","17:15:45.02","eq","l",2.55,"l",35.55033,-117.43717,3.1,"A",38466071,47,1270,2019-07-06 17:15:45.02,70994,2019-07-06 10:15:45.02,2019,"Jul",2019-07-01,10,"Saturday"
"2019/07/06","17:16:39.89","eq","l",2.63,"l",35.554,-117.36567,5.7,"A",38466079,41,1210,2019-07-06 17:16:39.89,70997,2019-07-06 10:16:39.89,2019,"Jul",2019-07-01,10,"Saturday"
"2019/07/06","17:17:54.04","eq","l",2.79,"l",35.66517,-117.49433,3.1,"A",38466095,57,1591,2019-07-06 17:17:54.04,71002,2019-07-06 10:17:54.04,2019,"Jul",2019-07-01,10,"Saturday"
"2019/07/06","17:18:21.44","eq","l",3.14,"l",35.569,-117.3585,3.6,"A",38466103,75,1713,2019-07-06 17:18:21.44,71003,2019-07-06 10:18:21.44,2019,"Jul",2019-07-01,10,"Saturday"
"2019/07/06","17:19:57.55","eq","l",2.66,"l",35.6375,-117.4475,5.1,"A",38466119,60,612,2019-07-06 17:19:57.55,71009,2019-07-06 10:19:57.55,2019,"Jul",2019-07-01,10,"Saturday"
"2019/07/06","17:22:07.26","eq","l",2.67,"l",35.7885,-117.5785,6.1,"A",38466159,62,1411,2019-07-06 17:22:07.26,71015,2019-07-06 10:22:07.26,2019,"Jul",2019-07-01,10,"Saturday"
"2019/07/06","17:26:24.58","eq","l",2.63,"l",35.829,-117.65433,8.4,"A",37483941,25,3059,2019-07-06 17:26:24.58,71031,2019-07-06 10:26:24.58,2019,"Jul",2019-07-01,10,"Saturday"
"2019/07/06","17:31:22.17","eq","l",3,"l",35.78083,-117.61733,8.6,"A",38466247,96,1421,2019-07-06 17:31:22.17,71050,2019-07-06 10:31:22.17,2019,"Jul",2019-07-01,10,"Saturday"
"2019/07/06","17:33:32.03","eq","l",2.54,"l",35.87233,-117.7195,7.5,"A",38466255,49,799,2019-07-06 17:33:32.03,71051,2019-07-06 10:33:32.03,2019,"Jul",2019-07-01,10,"Saturday"
"2019/07/06","17:38:41.39","eq","l",2.75,"l",35.8145,-117.6545,6.9,"A",38466311,84,1387,2019-07-06 17:38:41.39,71078,2019-07-06 10:38:41.39,2019,"Jul",2019-07-01,10,"Saturday"
"2019/07/06","17:40:53.04","eq","l",2.64,"l",35.61583,-117.43033,4.8,"A",37495837,49,3149,2019-07-06 17:40:53.04,71083,2019-07-06 10:40:53.04,2019,"Jul",2019-07-01,10,"Saturday"
"2019/07/06","17:41:33.19","eq","l",3.98,"w",35.87167,-117.71683,7.7,"A",38466343,116,2191,2019-07-06 17:41:33.19,71085,2019-07-06 10:41:33.19,2019,"Jul",2019-07-01,10,"Saturday"
"2019/07/06","17:42:38.58","eq","l",2.74,"l",35.87433,-117.719,8.2,"A",38466351,46,1320,2019-07-06 17:42:38.58,71086,2019-07-06 10:42:38.58,2019,"Jul",2019-07-01,10,"Saturday"
"2019/07/06","17:43:30.22","eq","l",2.6,"l",36.10683,-117.86467,5.7,"A",38466359,35,852,2019-07-06 17:43:30.22,71088,2019-07-06 10:43:30.22,2019,"Jul",2019-07-01,10,"Saturday"
"2019/07/06","17:43:36.01","eq","l",2.52,"l",35.921,-117.712,5.8,"A",37485109,9,2972,2019-07-06 17:43:36.01,71089,2019-07-06 10:43:36.01,2019,"Jul",2019-07-01,10,"Saturday"
"2019/07/06","17:51:16.36","eq","l",2.54,"l",35.86917,-117.70633,7.5,"A",38466423,58,799,2019-07-06 17:51:16.36,71105,2019-07-06 10:51:16.36,2019,"Jul",2019-07-01,10,"Saturday"
"2019/07/06","17:54:34.76","eq","l",2.52,"l",35.63033,-117.47083,8.6,"A",38466471,45,1169,2019-07-06 17:54:34.76,71117,2019-07-06 10:54:34.76,2019,"Jul",2019-07-01,10,"Saturday"
"2019/07/06","17:59:14.79","eq","l",3.96,"w",35.90217,-117.7295,4.3,"A",38466495,105,1743,2019-07-06 17:59:14.79,71128,2019-07-06 10:59:14.79,2019,"Jul",2019-07-01,10,"Saturday"
"2019/07/06","18:11:39.10","eq","l",2.53,"l",35.8985,-117.70617,9.2,"A",37422092,34,2975,2019-07-06 18:11:39.1,71155,2019-07-06 11:11:39.1,2019,"Jul",2019-07-01,11,"Saturday"
"2019/07/06","18:13:16.11","eq","l",3.33,"l",35.9175,-117.71183,2.6,"A",38466583,74,1726,2019-07-06 18:13:16.11,71160,2019-07-06 11:13:16.11,2019,"Jul",2019-07-01,11,"Saturday"
"2019/07/06","18:13:47.84","eq","l",2.72,"l",35.941,-117.75367,8.8,"A",37422852,31,3063,2019-07-06 18:13:47.84,71161,2019-07-06 11:13:47.84,2019,"Jul",2019-07-01,11,"Saturday"
"2019/07/06","18:19:39.62","eq","l",3.55,"l",35.448,-117.32567,4.5,"A",38466623,75,2157,2019-07-06 18:19:39.62,71173,2019-07-06 11:19:39.62,2019,"Jul",2019-07-01,11,"Saturday"
"2019/07/06","18:22:04.60","eq","l",2.61,"l",35.71933,-117.49933,1.8,"A",38466631,44,1026,2019-07-06 18:22:04.6,71174,2019-07-06 11:22:04.6,2019,"Jul",2019-07-01,11,"Saturday"
"2019/07/06","18:22:48.49","eq","l",2.71,"l",35.7965,-117.612,6.8,"A",38466647,39,555,2019-07-06 18:22:48.49,71176,2019-07-06 11:22:48.49,2019,"Jul",2019-07-01,11,"Saturday"
"2019/07/06","18:23:08.69","eq","l",3.11,"l",35.59833,-117.39667,3.7,"A",38466655,71,1683,2019-07-06 18:23:08.69,71177,2019-07-06 11:23:08.69,2019,"Jul",2019-07-01,11,"Saturday"
"2019/07/06","18:27:39.93","eq","l",2.7,"l",35.77983,-117.59267,4.3,"A",38466687,86,937,2019-07-06 18:27:39.93,71194,2019-07-06 11:27:39.93,2019,"Jul",2019-07-01,11,"Saturday"
"2019/07/06","18:28:53.56","eq","l",2.7,"l",35.7475,-117.547,1.7,"A",38466695,90,1465,2019-07-06 18:28:53.56,71195,2019-07-06 11:28:53.56,2019,"Jul",2019-07-01,11,"Saturday"
"2019/07/06","18:30:39.76","eq","l",3.32,"l",35.71967,-117.56117,8.8,"A",38466711,110,1957,2019-07-06 18:30:39.76,71197,2019-07-06 11:30:39.76,2019,"Jul",2019-07-01,11,"Saturday"
"2019/07/06","18:33:51.55","eq","l",2.93,"l",35.89017,-117.72017,4.1,"A",38466743,92,1275,2019-07-06 18:33:51.55,71206,2019-07-06 11:33:51.55,2019,"Jul",2019-07-01,11,"Saturday"
"2019/07/06","18:34:05.73","eq","l",2.55,"l",35.67383,-117.51483,-0.3,"A",37508645,35,3077,2019-07-06 18:34:05.73,71207,2019-07-06 11:34:05.73,2019,"Jul",2019-07-01,11,"Saturday"
"2019/07/06","18:35:09.13","eq","l",2.56,"l",35.85433,-117.663,7.9,"A",38466759,51,811,2019-07-06 18:35:09.13,71211,2019-07-06 11:35:09.13,2019,"Jul",2019-07-01,11,"Saturday"
"2019/07/06","18:36:49.99","eq","l",3.72,"w",35.907,-117.73833,2.9,"A",38466775,103,1753,2019-07-06 18:36:49.99,71214,2019-07-06 11:36:49.99,2019,"Jul",2019-07-01,11,"Saturday"
"2019/07/06","18:39:57.79","eq","l",2.57,"l",35.69567,-117.43867,9.4,"A",37484229,28,3089,2019-07-06 18:39:57.79,71217,2019-07-06 11:39:57.79,2019,"Jul",2019-07-01,11,"Saturday"
"2019/07/06","18:39:58.56","eq","l",2.73,"l",35.7895,-117.61983,9.5,"A",38466799,69,1465,2019-07-06 18:39:58.56,71218,2019-07-06 11:39:58.56,2019,"Jul",2019-07-01,11,"Saturday"
"2019/07/06","18:46:26.04","eq","l",3.87,"w",35.65417,-117.46483,1.9,"A",38466847,82,2008,2019-07-06 18:46:26.04,71246,2019-07-06 11:46:26.04,2019,"Jul",2019-07-01,11,"Saturday"
"2019/07/06","18:47:47.40","eq","l",3.37,"l",35.71767,-117.56567,7.1,"A",38466855,78,1545,2019-07-06 18:47:47.4,71247,2019-07-06 11:47:47.4,2019,"Jul",2019-07-01,11,"Saturday"
"2019/07/06","18:53:17.45","eq","l",2.7,"l",35.91383,-117.7,2.2,"A",38466911,74,779,2019-07-06 18:53:17.45,71263,2019-07-06 11:53:17.45,2019,"Jul",2019-07-01,11,"Saturday"
"2019/07/06","18:56:39.13","eq","l",3.33,"l",35.6325,-117.57517,10.8,"A",38466959,93,2009,2019-07-06 18:56:39.13,71270,2019-07-06 11:56:39.13,2019,"Jul",2019-07-01,11,"Saturday"
"2019/07/06","18:56:55.58","eq","l",2.86,"l",35.90667,-117.69317,2.6,"A",37505861,31,3152,2019-07-06 18:56:55.58,71271,2019-07-06 11:56:55.58,2019,"Jul",2019-07-01,11,"Saturday"
"2019/07/06","18:58:59.24","eq","l",3.1,"l",35.89833,-117.67267,4.3,"A",38466983,70,1244,2019-07-06 18:58:59.24,71275,2019-07-06 11:58:59.24,2019,"Jul",2019-07-01,11,"Saturday"
"2019/07/06","18:59:41.54","eq","l",3.08,"l",35.56733,-117.40433,7.9,"A",38466991,76,1708,2019-07-06 18:59:41.54,71276,2019-07-06 11:59:41.54,2019,"Jul",2019-07-01,11,"Saturday"
"2019/07/06","19:03:54.39","eq","l",2.69,"l",35.5865,-117.49467,11.3,"A",37415180,51,3164,2019-07-06 19:03:54.39,71284,2019-07-06 12:03:54.39,2019,"Jul",2019-07-01,12,"Saturday"
"2019/07/06","19:04:11.89","eq","l",2.51,"l",35.90967,-117.71167,3.2,"A",37415324,36,2969,2019-07-06 19:04:11.89,71285,2019-07-06 12:04:11.89,2019,"Jul",2019-07-01,12,"Saturday"
"2019/07/06","19:05:15.81","eq","l",2.65,"l",35.7825,-117.5855,6.7,"A",38467039,46,932,2019-07-06 19:05:15.81,71286,2019-07-06 12:05:15.81,2019,"Jul",2019-07-01,12,"Saturday"
"2019/07/06","19:05:48.11","eq","l",2.58,"l",35.88717,-117.72383,7.4,"A",38467047,45,780,2019-07-06 19:05:48.11,71287,2019-07-06 12:05:48.11,2019,"Jul",2019-07-01,12,"Saturday"
"2019/07/06","19:16:03.06","eq","l",2.75,"l",35.73067,-117.58933,10.3,"A",38467127,70,1500,2019-07-06 19:16:03.06,71303,2019-07-06 12:16:03.06,2019,"Jul",2019-07-01,12,"Saturday"
"2019/07/06","19:18:19.92","eq","l",2.56,"l",35.61767,-117.4055,5.7,"A",38467143,52,750,2019-07-06 19:18:19.92,71305,2019-07-06 12:18:19.92,2019,"Jul",2019-07-01,12,"Saturday"
"2019/07/06","19:27:07.14","eq","l",2.5,"l",35.65533,-117.46467,4.5,"A",38467223,29,481,2019-07-06 19:27:07.14,71316,2019-07-06 12:27:07.14,2019,"Jul",2019-07-01,12,"Saturday"
"2019/07/06","19:35:10.60","eq","l",2.83,"l",36.11283,-117.8365,3.9,"A",38467279,77,909,2019-07-06 19:35:10.6,71332,2019-07-06 12:35:10.6,2019,"Jul",2019-07-01,12,"Saturday"
"2019/07/06","19:37:33.16","eq","l",3.07,"l",35.90217,-117.6785,3,"A",38467303,70,1250,2019-07-06 19:37:33.16,71338,2019-07-06 12:37:33.16,2019,"Jul",2019-07-01,12,"Saturday"
"2019/07/06","19:37:40.66","eq","l",2.62,"l",35.878,-117.63,7.2,"B",37419212,12,2996,2019-07-06 19:37:40.66,71339,2019-07-06 12:37:40.66,2019,"Jul",2019-07-01,12,"Saturday"
"2019/07/06","19:37:59.67","eq","l",2.97,"l",35.6625,-117.505,2.5,"A",38467311,57,1608,2019-07-06 19:37:59.67,71340,2019-07-06 12:37:59.67,2019,"Jul",2019-07-01,12,"Saturday"
"2019/07/06","19:46:23.75","eq","l",3.3,"l",35.89217,-117.72617,3.5,"A",38467359,99,1755,2019-07-06 19:46:23.75,71356,2019-07-06 12:46:23.75,2019,"Jul",2019-07-01,12,"Saturday"
"2019/07/06","19:47:31.33","eq","l",2.66,"l",35.91167,-117.7395,3.3,"A",38467367,44,784,2019-07-06 19:47:31.33,71357,2019-07-06 12:47:31.33,2019,"Jul",2019-07-01,12,"Saturday"
"2019/07/06","19:48:08.95","eq","l",2.83,"l",35.9005,-117.72717,5.3,"A",38467375,63,1256,2019-07-06 19:48:08.95,71358,2019-07-06 12:48:08.95,2019,"Jul",2019-07-01,12,"Saturday"
"2019/07/06","19:48:17.39","eq","l",2.54,"l",36.09583,-117.82183,2.9,"A",37484141,16,2945,2019-07-06 19:48:17.39,71359,2019-07-06 12:48:17.39,2019,"Jul",2019-07-01,12,"Saturday"
"2019/07/06","19:49:04.53","eq","l",3.45,"lr",35.86183,-117.68583,7.9,"A",38467391,104,1820,2019-07-06 19:49:04.53,71361,2019-07-06 12:49:04.53,2019,"Jul",2019-07-01,12,"Saturday"
"2019/07/06","19:50:11.90","eq","l",2.54,"l",35.8775,-117.70983,8,"A",38467399,42,799,2019-07-06 19:50:11.9,71362,2019-07-06 12:50:11.9,2019,"Jul",2019-07-01,12,"Saturday"
"2019/07/06","19:54:03.41","eq","l",2.56,"l",35.834,-117.66,4.3,"A",38467415,35,872,2019-07-06 19:54:03.41,71364,2019-07-06 12:54:03.41,2019,"Jul",2019-07-01,12,"Saturday"
"2019/07/06","19:54:29.80","eq","l",3.23,"l",35.89783,-117.72583,6.1,"A",38467423,80,1755,2019-07-06 19:54:29.8,71365,2019-07-06 12:54:29.8,2019,"Jul",2019-07-01,12,"Saturday"
"2019/07/06","20:05:52.80","eq","l",2.67,"l",36.16617,-117.871,3.5,"A",37484189,30,2982,2019-07-06 20:05:52.8,71392,2019-07-06 13:05:52.8,2019,"Jul",2019-07-01,13,"Saturday"
"2019/07/06","20:06:10.74","eq","l",2.64,"l",35.77917,-117.59767,8.9,"A",38467527,48,941,2019-07-06 20:06:10.74,71393,2019-07-06 13:06:10.74,2019,"Jul",2019-07-01,13,"Saturday"
"2019/07/06","20:11:04.22","eq","l",2.85,"l",35.8775,-117.68,4.8,"A",37484461,57,3185,2019-07-06 20:11:04.22,71399,2019-07-06 13:11:04.22,2019,"Jul",2019-07-01,13,"Saturday"
"2019/07/06","20:11:12.32","eq","l",2.63,"l",35.64167,-117.55033,7.1,"A",37484469,47,3143,2019-07-06 20:11:12.32,71400,2019-07-06 13:11:12.32,2019,"Jul",2019-07-01,13,"Saturday"
"2019/07/06","20:16:44.73","eq","l",2.89,"l",35.5515,-117.37767,5.6,"A",37483637,54,3230,2019-07-06 20:16:44.73,71416,2019-07-06 13:16:44.73,2019,"Jul",2019-07-01,13,"Saturday"
"2019/07/06","20:17:20.73","eq","l",2.59,"l",35.72567,-117.5515,12.9,"A",37483645,43,3089,2019-07-06 20:17:20.73,71419,2019-07-06 13:17:20.73,2019,"Jul",2019-07-01,13,"Saturday"
"2019/07/06","20:22:20.65","eq","l",2.57,"l",35.8835,-117.70283,4.9,"A",38467663,61,799,2019-07-06 20:22:20.65,71428,2019-07-06 13:22:20.65,2019,"Jul",2019-07-01,13,"Saturday"
"2019/07/06","20:22:34.03","eq","l",3.07,"l",35.81217,-117.63383,8.5,"A",38467671,81,1390,2019-07-06 20:22:34.03,71429,2019-07-06 13:22:34.03,2019,"Jul",2019-07-01,13,"Saturday"
"2019/07/06","20:24:33.33","eq","l",2.68,"l",35.62983,-117.4635,5.9,"A",38467687,60,1154,2019-07-06 20:24:33.33,71433,2019-07-06 13:24:33.33,2019,"Jul",2019-07-01,13,"Saturday"
"2019/07/06","20:30:31.69","eq","l",2.59,"l",35.67867,-117.464,11,"A",38467735,55,1070,2019-07-06 20:30:31.69,71448,2019-07-06 13:30:31.69,2019,"Jul",2019-07-01,13,"Saturday"
"2019/07/06","20:34:12.36","eq","l",2.77,"l",35.92067,-117.72317,3.2,"A",38467759,67,1229,2019-07-06 20:34:12.36,71454,2019-07-06 13:34:12.36,2019,"Jul",2019-07-01,13,"Saturday"
"2019/07/06","20:34:14.78","eq","l",2.78,"l",36.10783,-117.88417,2.4,"A",37483749,40,1136,2019-07-06 20:34:14.78,71455,2019-07-06 13:34:14.78,2019,"Jul",2019-07-01,13,"Saturday"
"2019/07/06","20:36:17.55","eq","l",2.87,"l",35.87367,-117.673,6.4,"A",38467783,75,1299,2019-07-06 20:36:17.55,71459,2019-07-06 13:36:17.55,2019,"Jul",2019-07-01,13,"Saturday"
"2019/07/06","20:41:30.75","eq","l",3.51,"l",35.692,-117.51333,2.7,"A",38467815,108,1997,2019-07-06 20:41:30.75,71470,2019-07-06 13:41:30.75,2019,"Jul",2019-07-01,13,"Saturday"
"2019/07/06","20:46:53.61","eq","l",2.51,"l",35.677,-117.4885,6.5,"A",38467839,57,1070,2019-07-06 20:46:53.61,71483,2019-07-06 13:46:53.61,2019,"Jul",2019-07-01,13,"Saturday"
"2019/07/06","20:48:56.93","eq","l",2.57,"l",35.85667,-117.69133,6.9,"A",38467871,51,845,2019-07-06 20:48:56.93,71488,2019-07-06 13:48:56.93,2019,"Jul",2019-07-01,13,"Saturday"
"2019/07/06","20:57:08.47","eq","l",2.51,"l",35.8885,-117.738,7.5,"A",38467927,57,788,2019-07-06 20:57:08.47,71506,2019-07-06 13:57:08.47,2019,"Jul",2019-07-01,13,"Saturday"
"2019/07/06","21:02:48.48","eq","l",2.89,"l",35.91233,-117.71833,2.1,"A",38467991,72,1220,2019-07-06 21:02:48.48,71526,2019-07-06 14:02:48.48,2019,"Jul",2019-07-01,14,"Saturday"
"2019/07/06","21:05:24.59","eq","l",3.51,"l",35.72067,-117.60267,10.8,"A",38468007,88,1955,2019-07-06 21:05:24.59,71531,2019-07-06 14:05:24.59,2019,"Jul",2019-07-01,14,"Saturday"
"2019/07/06","21:07:44.78","eq","l",3.19,"l",35.961,-117.2755,2.8,"A",38468023,46,974,2019-07-06 21:07:44.78,71538,2019-07-06 14:07:44.78,2019,"Jul",2019-07-01,14,"Saturday"
"2019/07/06","21:13:04.06","eq","l",2.87,"l",35.9115,-117.73117,5.8,"A",37264468,81,3137,2019-07-06 21:13:04.06,71561,2019-07-06 14:13:04.06,2019,"Jul",2019-07-01,14,"Saturday"
"2019/07/06","21:14:35.66","eq","l",2.63,"l",35.5585,-117.33833,3.9,"A",38468055,56,1225,2019-07-06 21:14:35.66,71563,2019-07-06 14:14:35.66,2019,"Jul",2019-07-01,14,"Saturday"
"2019/07/06","21:14:59.79","eq","l",3.17,"l",35.89817,-117.67317,2.7,"A",38468063,78,1246,2019-07-06 21:14:59.79,71564,2019-07-06 14:14:59.79,2019,"Jul",2019-07-01,14,"Saturday"
"2019/07/06","21:28:41.92","eq","l",3.02,"l",35.89517,-117.68033,2.4,"A",38468151,95,1266,2019-07-06 21:28:41.92,71606,2019-07-06 14:28:41.92,2019,"Jul",2019-07-01,14,"Saturday"
"2019/07/06","21:35:00.40","eq","l",2.59,"l",35.96383,-117.29433,5,"A",38468183,44,679,2019-07-06 21:35:00.4,71620,2019-07-06 14:35:00.4,2019,"Jul",2019-07-01,14,"Saturday"
"2019/07/06","21:41:25.35","eq","l",3.24,"l",35.696,-117.48633,10.6,"A",38468247,77,1542,2019-07-06 21:41:25.35,71633,2019-07-06 14:41:25.35,2019,"Jul",2019-07-01,14,"Saturday"
"2019/07/06","21:41:27.38","eq","l",2.88,"l",35.54367,-117.37667,2.8,"A",37264492,28,3218,2019-07-06 21:41:27.38,71634,2019-07-06 14:41:27.38,2019,"Jul",2019-07-01,14,"Saturday"
"2019/07/06","21:54:00.17","eq","l",2.74,"l",35.70817,-117.5285,10.3,"A",38468343,83,1530,2019-07-06 21:54:00.17,71665,2019-07-06 14:54:00.17,2019,"Jul",2019-07-01,14,"Saturday"
"2019/07/06","21:59:40.33","eq","l",2.58,"l",36.11267,-117.87433,6,"A",37502501,42,2947,2019-07-06 21:59:40.33,71684,2019-07-06 14:59:40.33,2019,"Jul",2019-07-01,14,"Saturday"
"2019/07/06","22:01:22.16","eq","l",2.73,"l",35.6235,-117.4585,2.6,"A",38468399,80,1653,2019-07-06 22:01:22.16,71691,2019-07-06 15:01:22.16,2019,"Jul",2019-07-01,15,"Saturday"
"2019/07/06","22:04:09.58","eq","l",3.03,"l",35.6295,-117.46017,2.5,"A",38468407,83,1812,2019-07-06 22:04:09.58,71698,2019-07-06 15:04:09.58,2019,"Jul",2019-07-01,15,"Saturday"
"2019/07/06","22:22:43.76","eq","l",2.9,"l",36.02983,-117.85083,2.4,"A",38468511,65,1063,2019-07-06 22:22:43.76,71746,2019-07-06 15:22:43.76,2019,"Jul",2019-07-01,15,"Saturday"
"2019/07/06","22:23:50.28","eq","l",2.71,"l",35.62083,-117.4365,7.8,"A",38468519,77,1661,2019-07-06 22:23:50.28,71747,2019-07-06 15:23:50.28,2019,"Jul",2019-07-01,15,"Saturday"
"2019/07/06","22:26:59.46","eq","l",2.87,"l",35.7135,-117.49783,2.7,"A",38468551,79,1512,2019-07-06 22:26:59.46,71757,2019-07-06 15:26:59.46,2019,"Jul",2019-07-01,15,"Saturday"
"2019/07/06","22:30:48.16","eq","l",2.74,"l",35.91383,-117.7155,2.2,"A",38468591,84,1229,2019-07-06 22:30:48.16,71777,2019-07-06 15:30:48.16,2019,"Jul",2019-07-01,15,"Saturday"
"2019/07/06","22:41:26.21","eq","l",2.64,"l",35.65367,-117.5245,11.9,"A",38468671,48,1132,2019-07-06 22:41:26.21,71806,2019-07-06 15:41:26.21,2019,"Jul",2019-07-01,15,"Saturday"
"2019/07/06","22:51:35.91","eq","l",3.16,"l",35.63467,-117.45617,6.3,"A",38468767,91,1652,2019-07-06 22:51:35.91,71834,2019-07-06 15:51:35.91,2019,"Jul",2019-07-01,15,"Saturday"
"2019/07/06","22:54:33.88","eq","l",2.53,"l",36.05683,-117.8555,1.6,"A",38468791,48,559,2019-07-06 22:54:33.88,71843,2019-07-06 15:54:33.88,2019,"Jul",2019-07-01,15,"Saturday"
"2019/07/06","22:59:29.81","eq","l",2.67,"l",35.975,-117.28917,5.2,"A",38468855,36,685,2019-07-06 22:59:29.81,71857,2019-07-06 15:59:29.81,2019,"Jul",2019-07-01,15,"Saturday"
"2019/07/06","22:59:45.73","eq","l",2.53,"l",35.89417,-117.70767,8.1,"A",37485141,23,2991,2019-07-06 22:59:45.73,71858,2019-07-06 15:59:45.73,2019,"Jul",2019-07-01,15,"Saturday"
"2019/07/06","23:07:08.33","eq","l",2.62,"l",35.65283,-117.46283,4,"A",38468927,54,1125,2019-07-06 23:07:08.33,71869,2019-07-06 16:07:08.33,2019,"Jul",2019-07-01,16,"Saturday"
"2019/07/06","23:17:35.99","eq","l",2.59,"l",35.90633,-117.70683,2.6,"A",38469031,73,779,2019-07-06 23:17:35.99,71888,2019-07-06 16:17:35.99,2019,"Jul",2019-07-01,16,"Saturday"
"2019/07/06","23:21:34.14","eq","l",3.71,"w",35.70033,-117.50833,9.1,"A",38469079,94,1962,2019-07-06 23:21:34.14,71895,2019-07-06 16:21:34.14,2019,"Jul",2019-07-01,16,"Saturday"
"2019/07/06","23:21:55.94","eq","l",2.87,"l",35.69867,-117.52183,4.3,"A",37425252,18,3200,2019-07-06 23:21:55.94,71896,2019-07-06 16:21:55.94,2019,"Jul",2019-07-01,16,"Saturday"
"2019/07/06","23:22:58.32","eq","l",2.78,"l",35.87583,-117.70467,5,"A",38469095,72,615,2019-07-06 23:22:58.32,71897,2019-07-06 16:22:58.32,2019,"Jul",2019-07-01,16,"Saturday"
"2019/07/06","23:26:22.29","eq","l",3.29,"l",35.7775,-117.5915,3.9,"A",38469119,93,950,2019-07-06 23:26:22.29,71901,2019-07-06 16:26:22.29,2019,"Jul",2019-07-01,16,"Saturday"
"2019/07/06","23:32:33.22","eq","l",2.92,"l",35.8875,-117.72733,4.2,"A",38469183,62,811,2019-07-06 23:32:33.22,71915,2019-07-06 16:32:33.22,2019,"Jul",2019-07-01,16,"Saturday"
"2019/07/06","23:34:09.82","eq","l",3.45,"l",35.87383,-117.66567,6.4,"A",38469215,108,1299,2019-07-06 23:34:09.82,71919,2019-07-06 16:34:09.82,2019,"Jul",2019-07-01,16,"Saturday"
"2019/07/06","23:38:05.90","eq","l",2.53,"l",35.8745,-117.702,8.2,"A",38469255,31,612,2019-07-06 23:38:05.9,71928,2019-07-06 16:38:05.9,2019,"Jul",2019-07-01,16,"Saturday"
"2019/07/06","23:38:32.86","eq","l",3.31,"l",36.02833,-117.84733,2.7,"A",38469271,35,1038,2019-07-06 23:38:32.86,71929,2019-07-06 16:38:32.86,2019,"Jul",2019-07-01,16,"Saturday"
"2019/07/06","23:45:24.31","eq","l",2.54,"l",36.032,-117.7845,1.6,"A",38469311,45,527,2019-07-06 23:45:24.31,71938,2019-07-06 16:45:24.31,2019,"Jul",2019-07-01,16,"Saturday"
"2019/07/06","23:48:53.63","eq","l",2.53,"l",35.61533,-117.42033,5.5,"A",38469359,53,1167,2019-07-06 23:48:53.63,71944,2019-07-06 16:48:53.63,2019,"Jul",2019-07-01,16,"Saturday"
"2019/07/06","23:50:41.99","eq","l",4.5,"w",35.8235,-117.663,6.5,"A",38469375,210,2460,2019-07-06 23:50:41.99,71953,2019-07-06 16:50:41.99,2019,"Jul",2019-07-01,16,"Saturday"
"2019/07/06","23:52:43.16","eq","l",2.55,"l",35.67733,-117.51867,11,"A",38469391,31,1083,2019-07-06 23:52:43.16,71954,2019-07-06 16:52:43.16,2019,"Jul",2019-07-01,16,"Saturday"
"2019/07/06","23:56:34.56","eq","l",3.48,"lr",35.82233,-117.661,6.3,"A",38469415,97,1842,2019-07-06 23:56:34.56,71958,2019-07-06 16:56:34.56,2019,"Jul",2019-07-01,16,"Saturday"
"2019/07/07","00:08:56.71","eq","l",2.96,"l",35.68233,-117.526,8.9,"A",38469511,81,1570,2019-07-07 00:08:56.71,71986,2019-07-06 17:08:56.71,2019,"Jul",2019-07-01,17,"Saturday"
"2019/07/07","00:19:02.30","eq","l",2.56,"l",35.79067,-117.615,6.2,"A",38469599,50,920,2019-07-07 00:19:02.3,71997,2019-07-06 17:19:02.3,2019,"Jul",2019-07-01,17,"Saturday"
"2019/07/07","00:21:48.52","eq","l",2.56,"l",35.718,-117.56833,7.8,"A",38469623,45,1029,2019-07-07 00:21:48.52,72003,2019-07-06 17:21:48.52,2019,"Jul",2019-07-01,17,"Saturday"
"2019/07/07","00:33:30.44","eq","l",2.55,"l",35.892,-117.68483,8,"A",38469687,37,2960,2019-07-07 00:33:30.44,72011,2019-07-06 17:33:30.44,2019,"Jul",2019-07-01,17,"Saturday"
"2019/07/07","00:33:32.82","eq","l",2.72,"l",35.89233,-117.695,7.8,"A",37485205,21,3089,2019-07-07 00:33:32.82,72012,2019-07-06 17:33:32.82,2019,"Jul",2019-07-01,17,"Saturday"
"2019/07/07","00:38:00.31","eq","l",2.72,"l",35.66183,-117.50733,8.7,"A",38469743,61,1131,2019-07-07 00:38:00.31,72019,2019-07-06 17:38:00.31,2019,"Jul",2019-07-01,17,"Saturday"
"2019/07/07","00:41:52.12","eq","l",3.47,"w",35.82833,-117.66867,5,"A",38469775,118,1839,2019-07-07 00:41:52.12,72022,2019-07-06 17:41:52.12,2019,"Jul",2019-07-01,17,"Saturday"
"2019/07/07","00:43:36.66","eq","l",2.6,"l",35.915,-117.72967,2.5,"A",38469799,41,784,2019-07-07 00:43:36.66,72025,2019-07-06 17:43:36.66,2019,"Jul",2019-07-01,17,"Saturday"
"2019/07/07","00:45:59.55","eq","l",2.56,"l",35.84,-117.6715,4.4,"A",38469831,47,863,2019-07-07 00:45:59.55,72028,2019-07-06 17:45:59.55,2019,"Jul",2019-07-01,17,"Saturday"
"2019/07/07","00:52:49.63","eq","l",2.73,"l",35.77367,-117.61533,2.9,"A",38469895,42,1433,2019-07-07 00:52:49.63,72036,2019-07-06 17:52:49.63,2019,"Jul",2019-07-01,17,"Saturday"
"2019/07/07","00:53:51.21","eq","l",3.08,"l",35.6505,-117.45133,10.8,"A",38469903,105,1621,2019-07-07 00:53:51.21,72037,2019-07-06 17:53:51.21,2019,"Jul",2019-07-01,17,"Saturday"
"2019/07/07","01:00:55.26","eq","l",2.61,"l",35.57267,-117.3385,2,"A",37509045,62,3215,2019-07-07 01:00:55.26,72044,2019-07-06 18:00:55.26,2019,"Jul",2019-07-01,18,"Saturday"
"2019/07/07","01:01:11.44","eq","l",2.5,"l",35.6565,-117.45517,3,"A",37509037,38,2993,2019-07-07 01:01:11.44,72045,2019-07-06 18:01:11.44,2019,"Jul",2019-07-01,18,"Saturday"
"2019/07/07","01:05:07.13","eq","l",3.55,"l",35.6695,-117.516,5,"A",38469967,119,2003,2019-07-07 01:05:07.13,72057,2019-07-06 18:05:07.13,2019,"Jul",2019-07-01,18,"Saturday"
"2019/07/07","01:19:18.41","eq","l",2.84,"l",35.89133,-117.72117,4.2,"A",38470087,60,1275,2019-07-07 01:19:18.41,72092,2019-07-06 18:19:18.41,2019,"Jul",2019-07-01,18,"Saturday"
"2019/07/07","01:22:34.97","eq","l",2.7,"l",35.64717,-117.45583,3.1,"A",38470103,43,1621,2019-07-07 01:22:34.97,72097,2019-07-06 18:22:34.97,2019,"Jul",2019-07-01,18,"Saturday"
"2019/07/07","01:23:55.59","eq","l",3.27,"l",35.91283,-117.73433,2.9,"A",38470119,104,1726,2019-07-07 01:23:55.59,72099,2019-07-06 18:23:55.59,2019,"Jul",2019-07-01,18,"Saturday"
"2019/07/07","01:25:10.11","eq","l",2.53,"l",35.653,-117.49667,2.5,"A",37485269,16,3071,2019-07-07 01:25:10.11,72100,2019-07-06 18:25:10.11,2019,"Jul",2019-07-01,18,"Saturday"
"2019/07/07","01:30:52.47","eq","l",3.29,"l",35.689,-117.536,6.9,"A",38470159,98,1985,2019-07-07 01:30:52.47,72107,2019-07-06 18:30:52.47,2019,"Jul",2019-07-01,18,"Saturday"
"2019/07/07","01:32:23.10","eq","l",2.94,"l",35.95,-117.71067,2.9,"A",38470167,92,1152,2019-07-07 01:32:23.1,72110,2019-07-06 18:32:23.1,2019,"Jul",2019-07-01,18,"Saturday"
"2019/07/07","01:48:36.09","eq","l",2.78,"l",35.72467,-117.56533,9.5,"A",38470279,46,1545,2019-07-07 01:48:36.09,72141,2019-07-06 18:48:36.09,2019,"Jul",2019-07-01,18,"Saturday"
"2019/07/07","02:06:04.70","eq","l",3.6,"w",35.76017,-117.56217,10.8,"A",38470415,75,1426,2019-07-07 02:06:04.7,72178,2019-07-06 19:06:04.7,2019,"Jul",2019-07-01,19,"Saturday"
"2019/07/07","02:10:48.82","eq","l",3.48,"l",35.59933,-117.40433,7.3,"A",38470439,104,1201,2019-07-07 02:10:48.82,72187,2019-07-06 19:10:48.82,2019,"Jul",2019-07-01,19,"Saturday"
"2019/07/07","02:11:47.83","eq","l",2.62,"l",35.912,-117.71783,2.4,"A",38470447,43,588,2019-07-07 02:11:47.83,72188,2019-07-06 19:11:47.83,2019,"Jul",2019-07-01,19,"Saturday"
"2019/07/07","02:17:01.71","eq","l",3.64,"w",35.6035,-117.46683,2.8,"A",38470471,95,1693,2019-07-07 02:17:01.71,72190,2019-07-06 19:17:01.71,2019,"Jul",2019-07-01,19,"Saturday"
"2019/07/07","02:17:21.27","eq","l",2.69,"l",35.67683,-117.45783,10.2,"A",38470479,18,1504,2019-07-07 02:17:21.27,72191,2019-07-06 19:17:21.27,2019,"Jul",2019-07-01,19,"Saturday"
"2019/07/07","02:29:28.40","eq","l",2.86,"l",35.97817,-117.28767,3.4,"A",38470575,65,682,2019-07-07 02:29:28.4,72210,2019-07-06 19:29:28.4,2019,"Jul",2019-07-01,19,"Saturday"
"2019/07/07","02:42:17.19","eq","l",2.81,"l",35.654,-117.48317,2.3,"A",38470735,64,1140,2019-07-07 02:42:17.19,72243,2019-07-06 19:42:17.19,2019,"Jul",2019-07-01,19,"Saturday"
"2019/07/07","02:51:47.85","eq","l",2.73,"l",35.6695,-117.50633,2.4,"A",38470847,70,1605,2019-07-07 02:51:47.85,72269,2019-07-06 19:51:47.85,2019,"Jul",2019-07-01,19,"Saturday"
"2019/07/07","02:57:50.73","eq","l",2.6,"l",35.91483,-117.732,4,"A",38470879,50,784,2019-07-07 02:57:50.73,72283,2019-07-06 19:57:50.73,2019,"Jul",2019-07-01,19,"Saturday"
"2019/07/07","02:59:17.55","eq","l",3.37,"l",35.80567,-117.6345,6.1,"A",38470887,112,1864,2019-07-07 02:59:17.55,72286,2019-07-06 19:59:17.55,2019,"Jul",2019-07-01,19,"Saturday"
"2019/07/07","03:09:02.60","eq","l",2.63,"l",35.59267,-117.38567,7.2,"A",37462380,41,1719,2019-07-07 03:09:02.6,72307,2019-07-06 20:09:02.6,2019,"Jul",2019-07-01,20,"Saturday"
"2019/07/07","03:13:12.46","eq","l",3.62,"w",35.749,-117.59567,10.1,"A",38470999,117,2228,2019-07-07 03:13:12.46,72318,2019-07-06 20:13:12.46,2019,"Jul",2019-07-01,20,"Saturday"
"2019/07/07","03:20:46.60","eq","l",2.83,"l",35.888,-117.69267,3.2,"A",38471079,79,1272,2019-07-07 03:20:46.6,72333,2019-07-06 20:20:46.6,2019,"Jul",2019-07-01,20,"Saturday"
"2019/07/07","03:23:26.66","eq","l",3.3,"l",35.87233,-117.7165,7.7,"A",38471103,113,1765,2019-07-07 03:23:26.66,72336,2019-07-06 20:23:26.66,2019,"Jul",2019-07-01,20,"Saturday"
"2019/07/07","03:50:55.98","eq","l",3.12,"l",35.84883,-117.6975,7.3,"A",37264612,67,3205,2019-07-07 03:50:55.98,72385,2019-07-06 20:50:55.98,2019,"Jul",2019-07-01,20,"Saturday"
"2019/07/07","04:26:57.56","eq","l",3.32,"l",35.58167,-117.61517,10.8,"A",38471687,115,2059,2019-07-07 04:26:57.56,72424,2019-07-06 21:26:57.56,2019,"Jul",2019-07-01,21,"Saturday"
"2019/07/07","04:48:17.36","eq","l",2.9,"l",35.784,-117.61,7.8,"A",38471847,76,3146,2019-07-07 04:48:17.36,72439,2019-07-06 21:48:17.36,2019,"Jul",2019-07-01,21,"Saturday"
"2019/07/07","04:56:31.29","eq","l",3.05,"l",35.69417,-117.52717,7.5,"A",38471927,126,3194,2019-07-07 04:56:31.29,72448,2019-07-06 21:56:31.29,2019,"Jul",2019-07-01,21,"Saturday"
"2019/07/07","05:10:48.56","eq","l",2.84,"l",35.91517,-117.73183,3.2,"A",38472039,84,3077,2019-07-07 05:10:48.56,72460,2019-07-06 22:10:48.56,2019,"Jul",2019-07-01,22,"Saturday"
"2019/07/07","05:38:15.48","eq","l",4.53,"w",35.76833,-117.57817,10.4,"A",38472279,211,3272,2019-07-07 05:38:15.48,72487,2019-07-06 22:38:15.48,2019,"Jul",2019-07-01,22,"Saturday"
"2019/07/07","05:41:51.84","eq","l",2.67,"l",36.0485,-117.83983,2.5,"A",38472287,73,697,2019-07-07 05:41:51.84,72489,2019-07-06 22:41:51.84,2019,"Jul",2019-07-01,22,"Saturday"
"2019/07/07","05:42:27.64","eq","l",2.6,"l",36.11333,-117.879,6.7,"A",37485429,12,2930,2019-07-07 05:42:27.64,72490,2019-07-06 22:42:27.64,2019,"Jul",2019-07-01,22,"Saturday"
"2019/07/07","05:42:27.81","eq","l",2.64,"l",35.86817,-117.706,10.4,"A",38472295,33,812,2019-07-07 05:42:27.81,72491,2019-07-06 22:42:27.81,2019,"Jul",2019-07-01,22,"Saturday"
"2019/07/07","05:42:36.86","eq","l",2.75,"l",35.872,-117.70583,11,"A",37485445,37,3086,2019-07-07 05:42:36.86,72492,2019-07-06 22:42:36.86,2019,"Jul",2019-07-01,22,"Saturday"
"2019/07/07","06:07:06.46","eq","l",3.5,"lr",35.66617,-117.524,9,"A",38472463,126,1612,2019-07-07 06:07:06.46,72517,2019-07-06 23:07:06.46,2019,"Jul",2019-07-01,23,"Saturday"
"2019/07/07","06:09:36.79","eq","l",2.64,"l",35.81717,-117.64767,3.9,"A",38472471,65,643,2019-07-07 06:09:36.79,72519,2019-07-06 23:09:36.79,2019,"Jul",2019-07-01,23,"Saturday"
"2019/07/07","06:10:14.66","eq","l",2.66,"l",36.113,-117.91767,5.6,"A",38472479,53,506,2019-07-07 06:10:14.66,72520,2019-07-06 23:10:14.66,2019,"Jul",2019-07-01,23,"Saturday"
"2019/07/07","06:15:08.23","eq","l",2.79,"l",35.69933,-117.5435,4.8,"A",38472543,76,1036,2019-07-07 06:15:08.23,72531,2019-07-06 23:15:08.23,2019,"Jul",2019-07-01,23,"Saturday"
"2019/07/07","06:16:32.78","eq","l",2.94,"l",35.7565,-117.57633,8.4,"A",38472559,60,1014,2019-07-07 06:16:32.78,72533,2019-07-06 23:16:32.78,2019,"Jul",2019-07-01,23,"Saturday"
"2019/07/07","06:20:36.77","eq","l",2.53,"l",35.72367,-117.55667,8.2,"A",38472583,52,676,2019-07-07 06:20:36.77,72537,2019-07-06 23:20:36.77,2019,"Jul",2019-07-01,23,"Saturday"
"2019/07/07","06:23:35.07","eq","l",2.7,"l",36.02383,-117.846,2.9,"A",37485637,21,3017,2019-07-07 06:23:35.07,72544,2019-07-06 23:23:35.07,2019,"Jul",2019-07-01,23,"Saturday"
"2019/07/07","06:23:41.76","eq","l",2.51,"l",35.77983,-117.60333,6,"A",38472607,36,661,2019-07-07 06:23:41.76,72545,2019-07-06 23:23:41.76,2019,"Jul",2019-07-01,23,"Saturday"
"2019/07/07","06:24:27.56","eq","l",2.58,"l",35.63067,-117.42433,3.7,"A",38472623,53,739,2019-07-07 06:24:27.56,72548,2019-07-06 23:24:27.56,2019,"Jul",2019-07-01,23,"Saturday"
"2019/07/07","06:41:13.41","eq","l",2.7,"l",35.819,-117.65883,8.8,"A",38472759,76,889,2019-07-07 06:41:13.41,72588,2019-07-06 23:41:13.41,2019,"Jul",2019-07-01,23,"Saturday"
"2019/07/07","06:44:44.80","eq","l",2.79,"l",35.9145,-117.73333,2.7,"A",38472799,75,1226,2019-07-07 06:44:44.8,72594,2019-07-06 23:44:44.8,2019,"Jul",2019-07-01,23,"Saturday"
"2019/07/07","06:46:24.53","eq","l",2.5,"l",35.95067,-117.69517,2.4,"A",38472815,51,749,2019-07-07 06:46:24.53,72596,2019-07-06 23:46:24.53,2019,"Jul",2019-07-01,23,"Saturday"
"2019/07/07","06:57:27.88","eq","l",3.43,"l",35.645,-117.45467,3,"A",38472895,115,1144,2019-07-07 06:57:27.88,72605,2019-07-06 23:57:27.88,2019,"Jul",2019-07-01,23,"Saturday"
"2019/07/07","06:58:41.74","eq","l",2.67,"l",35.607,-117.413,5,"A",37485693,40,3149,2019-07-07 06:58:41.74,72607,2019-07-06 23:58:41.74,2019,"Jul",2019-07-01,23,"Saturday"
"2019/07/07","07:09:38.84","eq","l",3.6,"lr",35.6165,-117.4385,3.3,"A",38473039,106,2021,2019-07-07 07:09:38.84,72623,2019-07-07 00:09:38.84,2019,"Jul",2019-07-01,0,"Sunday"
"2019/07/07","07:13:02.66","eq","l",3.17,"l",35.91217,-117.706,2.5,"A",38473063,105,1265,2019-07-07 07:13:02.66,72625,2019-07-07 00:13:02.66,2019,"Jul",2019-07-01,0,"Sunday"
"2019/07/07","07:19:14.38","eq","l",3.37,"w",35.78067,-117.64383,9.5,"A",38473119,117,1904,2019-07-07 07:19:14.38,72632,2019-07-07 00:19:14.38,2019,"Jul",2019-07-01,0,"Sunday"
"2019/07/07","07:20:26.12","eq","l",3.45,"l",35.6915,-117.53933,9.6,"A",38473135,106,1977,2019-07-07 07:20:26.12,72633,2019-07-07 00:20:26.12,2019,"Jul",2019-07-01,0,"Sunday"
"2019/07/07","07:22:21.79","eq","l",2.66,"l",35.75517,-117.58583,3.5,"A",38473151,81,1471,2019-07-07 07:22:21.79,72635,2019-07-07 00:22:21.79,2019,"Jul",2019-07-01,0,"Sunday"
"2019/07/07","07:23:49.10","eq","l",2.53,"l",36.00783,-117.67,3.7,"A",38473167,15,630,2019-07-07 07:23:49.1,72637,2019-07-07 00:23:49.1,2019,"Jul",2019-07-01,0,"Sunday"
"2019/07/07","07:25:34.91","eq","l",2.74,"l",35.90867,-117.70183,2.5,"A",38473191,78,1247,2019-07-07 07:25:34.91,72640,2019-07-07 00:25:34.91,2019,"Jul",2019-07-01,0,"Sunday"
"2019/07/07","07:25:49.95","eq","l",2.71,"l",35.91683,-117.73367,3.2,"A",37485237,42,3041,2019-07-07 07:25:49.95,72641,2019-07-07 00:25:49.95,2019,"Jul",2019-07-01,0,"Sunday"
"2019/07/07","07:31:06.53","eq","l",3.11,"l",35.82417,-117.64367,9.2,"A",38473223,69,1355,2019-07-07 07:31:06.53,72645,2019-07-07 00:31:06.53,2019,"Jul",2019-07-01,0,"Sunday"
"2019/07/07","07:37:51.62","eq","l",2.76,"l",36.16817,-117.876,2.4,"A",38473279,73,873,2019-07-07 07:37:51.62,72652,2019-07-07 00:37:51.62,2019,"Jul",2019-07-01,0,"Sunday"
"2019/07/07","07:43:51.54","eq","l",2.59,"l",35.6045,-117.47117,11.4,"A",38473335,57,1208,2019-07-07 07:43:51.54,72659,2019-07-07 00:43:51.54,2019,"Jul",2019-07-01,0,"Sunday"
"2019/07/07","08:02:17.18","eq","l",2.59,"l",35.8585,-117.66767,6.7,"A",38473503,78,829,2019-07-07 08:02:17.18,72682,2019-07-07 01:02:17.18,2019,"Jul",2019-07-01,1,"Sunday"
"2019/07/07","08:03:25.61","eq","l",3.68,"w",36.086,-117.85083,1.2,"A",38473511,105,1474,2019-07-07 08:03:25.61,72683,2019-07-07 01:03:25.61,2019,"Jul",2019-07-01,1,"Sunday"
"2019/07/07","08:13:36.56","eq","l",2.55,"l",35.871,-117.65733,7.1,"A",38473599,72,820,2019-07-07 08:13:36.56,72692,2019-07-07 01:13:36.56,2019,"Jul",2019-07-01,1,"Sunday"
"2019/07/07","08:15:49.04","eq","l",2.65,"l",35.89183,-117.7135,2.6,"A",38473631,70,798,2019-07-07 08:15:49.04,72697,2019-07-07 01:15:49.04,2019,"Jul",2019-07-01,1,"Sunday"
"2019/07/07","08:18:02.27","eq","l",2.74,"l",35.59733,-117.34717,4.7,"A",38473663,70,1667,2019-07-07 08:18:02.27,72701,2019-07-07 01:18:02.27,2019,"Jul",2019-07-01,1,"Sunday"
"2019/07/07","08:28:43.74","eq","l",2.58,"l",35.67183,-117.48233,2,"A",38473743,68,1110,2019-07-07 08:28:43.74,72712,2019-07-07 01:28:43.74,2019,"Jul",2019-07-01,1,"Sunday"
"2019/07/07","08:30:05.35","eq","l",2.51,"l",35.91933,-117.71917,4,"A",38473759,65,784,2019-07-07 08:30:05.35,72714,2019-07-07 01:30:05.35,2019,"Jul",2019-07-01,1,"Sunday"
"2019/07/07","08:38:27.50","eq","l",3.33,"l",35.555,-117.38433,1,"A",38473831,45,1741,2019-07-07 08:38:27.5,72721,2019-07-07 01:38:27.5,2019,"Jul",2019-07-01,1,"Sunday"
"2019/07/07","08:39:05.65","eq","l",2.98,"l",35.67683,-117.5455,1.8,"A",38473839,72,1596,2019-07-07 08:39:05.65,72722,2019-07-07 01:39:05.65,2019,"Jul",2019-07-01,1,"Sunday"
"2019/07/07","08:54:18.63","eq","l",3.1,"l",35.91883,-117.722,3,"A",38473967,100,1244,2019-07-07 08:54:18.63,72735,2019-07-07 01:54:18.63,2019,"Jul",2019-07-01,1,"Sunday"
"2019/07/07","08:56:40.13","eq","l",3.38,"l",35.6805,-117.49317,1.3,"A",38473983,95,1572,2019-07-07 08:56:40.13,72737,2019-07-07 01:56:40.13,2019,"Jul",2019-07-01,1,"Sunday"
"2019/07/07","09:00:01.85","eq","l",2.5,"l",35.98083,-117.73083,1.9,"A",38474007,73,745,2019-07-07 09:00:01.85,72742,2019-07-07 02:00:01.85,2019,"Jul",2019-07-01,2,"Sunday"
"2019/07/07","09:02:11.49","eq","l",2.63,"l",35.6955,-117.54817,10.2,"A",38474023,77,1058,2019-07-07 09:02:11.49,72747,2019-07-07 02:02:11.49,2019,"Jul",2019-07-01,2,"Sunday"
"2019/07/07","09:05:58.27","eq","l",2.88,"l",36.169,-117.87717,1.2,"A",37485461,43,3056,2019-07-07 09:05:58.27,72753,2019-07-07 02:05:58.27,2019,"Jul",2019-07-01,2,"Sunday"
"2019/07/07","09:06:10.96","eq","l",2.7,"l",35.87,-117.697,4.9,"A",38474079,51,825,2019-07-07 09:06:10.96,72754,2019-07-07 02:06:10.96,2019,"Jul",2019-07-01,2,"Sunday"
"2019/07/07","09:09:25.03","eq","l",3.11,"l",35.67183,-117.52217,9.4,"A",38474119,70,1601,2019-07-07 09:09:25.03,72759,2019-07-07 02:09:25.03,2019,"Jul",2019-07-01,2,"Sunday"
"2019/07/07","09:10:01.71","eq","l",3.5,"w",35.93117,-117.70333,2.6,"A",38474127,69,1701,2019-07-07 09:10:01.71,72761,2019-07-07 02:10:01.71,2019,"Jul",2019-07-01,2,"Sunday"
"2019/07/07","09:10:22.29","eq","l",2.72,"l",35.76633,-117.57817,7.2,"A",38474143,25,1462,2019-07-07 09:10:22.29,72762,2019-07-07 02:10:22.29,2019,"Jul",2019-07-01,2,"Sunday"
"2019/07/07","09:11:35.96","eq","l",2.93,"l",35.9345,-117.705,2.9,"A",38474151,74,1172,2019-07-07 09:11:35.96,72763,2019-07-07 02:11:35.96,2019,"Jul",2019-07-01,2,"Sunday"
"2019/07/07","09:41:23.00","eq","l",3.45,"w",35.74933,-117.55,11.1,"A",38474415,146,1915,2019-07-07 09:41:23,72794,2019-07-07 02:41:23,2019,"Jul",2019-07-01,2,"Sunday"
"2019/07/07","09:46:49.80","eq","l",2.99,"l",35.671,-117.515,4.3,"A",38474463,114,1596,2019-07-07 09:46:49.8,72800,2019-07-07 02:46:49.8,2019,"Jul",2019-07-01,2,"Sunday"
"2019/07/07","09:52:52.89","eq","l",2.81,"l",35.91383,-117.73533,3.2,"A",38474535,73,1229,2019-07-07 09:52:52.89,72809,2019-07-07 02:52:52.89,2019,"Jul",2019-07-01,2,"Sunday"
"2019/07/07","10:02:27.59","eq","l",3.32,"l",35.71933,-117.49617,3.7,"A",38474639,58,1589,2019-07-07 10:02:27.59,72821,2019-07-07 03:02:27.59,2019,"Jul",2019-07-01,3,"Sunday"
"2019/07/07","10:06:12.98","eq","l",3.47,"w",35.91417,-117.73667,2.2,"A",38474687,129,1736,2019-07-07 10:06:12.98,72827,2019-07-07 03:06:12.98,2019,"Jul",2019-07-01,3,"Sunday"
"2019/07/07","10:11:31.09","eq","l",2.52,"l",35.85383,-117.68867,4.9,"A",38474751,52,845,2019-07-07 10:11:31.09,72835,2019-07-07 03:11:31.09,2019,"Jul",2019-07-01,3,"Sunday"
"2019/07/07","10:21:27.22","eq","l",3.48,"lr",35.658,-117.46783,7.6,"A",38474855,155,1988,2019-07-07 10:21:27.22,72847,2019-07-07 03:21:27.22,2019,"Jul",2019-07-01,3,"Sunday"
"2019/07/07","10:24:36.53","eq","l",2.82,"l",35.80617,-117.55883,6,"A",38474887,79,1353,2019-07-07 10:24:36.53,72851,2019-07-07 03:24:36.53,2019,"Jul",2019-07-01,3,"Sunday"
"2019/07/07","10:32:54.64","eq","l",3.22,"w",35.79517,-117.622,6.6,"A",38474959,117,1865,2019-07-07 10:32:54.64,72860,2019-07-07 03:32:54.64,2019,"Jul",2019-07-01,3,"Sunday"
"2019/07/07","10:37:45.72","eq","l",3.24,"l",35.75783,-117.59433,3.6,"A",38475007,113,1462,2019-07-07 10:37:45.72,72866,2019-07-07 03:37:45.72,2019,"Jul",2019-07-01,3,"Sunday"
"2019/07/07","10:43:44.14","eq","l",2.55,"l",35.636,-117.60917,9.2,"A",38475071,81,1194,2019-07-07 10:43:44.14,72875,2019-07-07 03:43:44.14,2019,"Jul",2019-07-01,3,"Sunday"
"2019/07/07","10:55:00.02","eq","l",2.52,"l",35.898,-117.7185,5.2,"A",38475223,82,788,2019-07-07 10:55:00.02,72894,2019-07-07 03:55:00.02,2019,"Jul",2019-07-01,3,"Sunday"
"2019/07/07","11:01:57.25","eq","l",2.78,"l",35.60383,-117.39617,4.6,"A",38475295,74,3182,2019-07-07 11:01:57.25,72903,2019-07-07 04:01:57.25,2019,"Jul",2019-07-01,4,"Sunday"
"2019/07/07","11:04:04.78","eq","l",2.77,"l",35.5395,-117.37783,4,"A",37421189,63,4069,2019-07-07 11:04:04.78,72904,2019-07-07 04:04:04.78,2019,"Jul",2019-07-01,4,"Sunday"
"2019/07/07","11:16:11.53","eq","l",2.55,"l",35.98317,-117.93033,4,"A",38475375,85,740,2019-07-07 11:16:11.53,72914,2019-07-07 04:16:11.53,2019,"Jul",2019-07-01,4,"Sunday"
"2019/07/07","11:17:30.23","eq","l",2.65,"l",35.67933,-117.51667,8.6,"A",38475391,82,1589,2019-07-07 11:17:30.23,72916,2019-07-07 04:17:30.23,2019,"Jul",2019-07-01,4,"Sunday"
"2019/07/07","11:22:16.24","eq","l",4.16,"w",35.80567,-117.594,10.1,"A",38475431,97,3263,2019-07-07 11:22:16.24,72921,2019-07-07 04:22:16.24,2019,"Jul",2019-07-01,4,"Sunday"
"2019/07/07","11:29:31.15","eq","l",2.74,"l",35.915,-117.73217,2.9,"A",38475463,75,784,2019-07-07 11:29:31.15,72925,2019-07-07 04:29:31.15,2019,"Jul",2019-07-01,4,"Sunday"
"2019/07/07","11:33:50.22","eq","l",3.49,"w",35.56683,-117.35133,3.1,"A",38475511,125,2047,2019-07-07 11:33:50.22,72931,2019-07-07 04:33:50.22,2019,"Jul",2019-07-01,4,"Sunday"
"2019/07/07","11:41:04.19","eq","l",3.2,"l",35.91667,-117.71083,2,"A",38475551,107,1226,2019-07-07 11:41:04.19,72937,2019-07-07 04:41:04.19,2019,"Jul",2019-07-01,4,"Sunday"
"2019/07/07","11:56:26.26","eq","l",2.73,"l",35.9045,-117.6865,2.2,"A",38475663,64,779,2019-07-07 11:56:26.26,72951,2019-07-07 04:56:26.26,2019,"Jul",2019-07-01,4,"Sunday"
"2019/07/07","12:21:38.41","eq","l",2.6,"l",35.67967,-117.49233,1.3,"A",38475839,71,1074,2019-07-07 12:21:38.41,72973,2019-07-07 05:21:38.41,2019,"Jul",2019-07-01,5,"Sunday"
"2019/07/07","12:35:41.20","eq","l",2.66,"l",35.7,-117.52133,10.7,"A",38475927,81,1036,2019-07-07 12:35:41.2,72982,2019-07-07 05:35:41.2,2019,"Jul",2019-07-01,5,"Sunday"
"2019/07/07","12:39:48.53","eq","l",3.44,"l",35.64483,-117.4835,3.6,"A",38475967,117,2013,2019-07-07 12:39:48.53,72987,2019-07-07 05:39:48.53,2019,"Jul",2019-07-01,5,"Sunday"
"2019/07/07","12:40:10.69","eq","l",2.59,"l",35.64317,-117.4895,3.6,"A",38475975,19,297,2019-07-07 12:40:10.69,72988,2019-07-07 05:40:10.69,2019,"Jul",2019-07-01,5,"Sunday"
"2019/07/07","12:48:03.16","eq","l",2.77,"l",36.17417,-117.978,2.5,"A",38476007,75,885,2019-07-07 12:48:03.16,72992,2019-07-07 05:48:03.16,2019,"Jul",2019-07-01,5,"Sunday"
"2019/07/07","12:57:14.37","eq","l",2.58,"l",35.8345,-117.677,9.3,"A",38476071,58,872,2019-07-07 12:57:14.37,73001,2019-07-07 05:57:14.37,2019,"Jul",2019-07-01,5,"Sunday"
"2019/07/07","13:05:15.68","eq","l",2.56,"l",35.8825,-117.68117,4.1,"A",38476151,52,781,2019-07-07 13:05:15.68,73011,2019-07-07 06:05:15.68,2019,"Jul",2019-07-01,6,"Sunday"
"2019/07/07","13:13:14.07","eq","l",2.73,"l",35.87683,-117.696,4.9,"A",38476199,74,803,2019-07-07 13:13:14.07,73017,2019-07-07 06:13:14.07,2019,"Jul",2019-07-01,6,"Sunday"
"2019/07/07","13:23:52.31","eq","l",3.19,"l",35.895,-117.69267,7,"A",38476279,110,1739,2019-07-07 13:23:52.31,73026,2019-07-07 06:23:52.31,2019,"Jul",2019-07-01,6,"Sunday"
"2019/07/07","13:25:46.31","eq","l",2.73,"l",35.63317,-117.45867,6.4,"A",38476287,75,1640,2019-07-07 13:25:46.31,73027,2019-07-07 06:25:46.31,2019,"Jul",2019-07-01,6,"Sunday"
"2019/07/07","14:14:16.27","eq","l",2.67,"l",35.69267,-117.548,9.9,"A",38476607,65,3129,2019-07-07 14:14:16.27,73059,2019-07-07 07:14:16.27,2019,"Jul",2019-07-01,7,"Sunday"
"2019/07/07","14:21:34.99","eq","l",3.33,"l",35.64567,-117.42117,4.7,"A",38476671,108,2006,2019-07-07 14:21:34.99,73066,2019-07-07 07:21:34.99,2019,"Jul",2019-07-01,7,"Sunday"
"2019/07/07","14:28:18.78","eq","l",3.04,"l",35.65833,-117.58467,9.8,"A",38476711,101,1632,2019-07-07 14:28:18.78,73070,2019-07-07 07:28:18.78,2019,"Jul",2019-07-01,7,"Sunday"
"2019/07/07","14:32:03.30","eq","l",2.71,"l",35.6745,-117.52283,9.4,"A",38476735,76,1586,2019-07-07 14:32:03.3,73073,2019-07-07 07:32:03.3,2019,"Jul",2019-07-01,7,"Sunday"
"2019/07/07","14:32:53.12","eq","l",2.76,"l",35.65783,-117.58233,9.6,"A",37485709,53,3165,2019-07-07 14:32:53.12,73075,2019-07-07 07:32:53.12,2019,"Jul",2019-07-01,7,"Sunday"
"2019/07/07","14:33:33.53","eq","l",2.65,"l",35.8735,-117.72767,7.5,"A",38476751,78,812,2019-07-07 14:33:33.53,73076,2019-07-07 07:33:33.53,2019,"Jul",2019-07-01,7,"Sunday"
"2019/07/07","14:33:46.61","eq","l",2.57,"l",35.88217,-117.6965,3.9,"A",37485685,39,2985,2019-07-07 14:33:46.61,73077,2019-07-07 07:33:46.61,2019,"Jul",2019-07-01,7,"Sunday"
"2019/07/07","14:46:40.57","eq","l",3.6,"w",35.91367,-117.71083,2.4,"A",38476855,100,1726,2019-07-07 14:46:40.57,73087,2019-07-07 07:46:40.57,2019,"Jul",2019-07-01,7,"Sunday"
"2019/07/07","14:54:53.61","eq","l",2.93,"l",35.8955,-117.69383,6.2,"A",38476927,74,1266,2019-07-07 14:54:53.61,73096,2019-07-07 07:54:53.61,2019,"Jul",2019-07-01,7,"Sunday"
"2019/07/07","15:05:04.97","eq","l",2.96,"l",35.5745,-117.41533,7.7,"A",38477007,67,1713,2019-07-07 15:05:04.97,73105,2019-07-07 08:05:04.97,2019,"Jul",2019-07-01,8,"Sunday"
"2019/07/07","15:12:01.61","eq","l",2.59,"l",35.91333,-117.70767,2.6,"A",38477063,50,775,2019-07-07 15:12:01.61,73113,2019-07-07 08:12:01.61,2019,"Jul",2019-07-01,8,"Sunday"
"2019/07/07","15:27:37.87","eq","l",2.52,"l",35.98217,-117.73217,2,"A",38477167,39,736,2019-07-07 15:27:37.87,73125,2019-07-07 08:27:37.87,2019,"Jul",2019-07-01,8,"Sunday"
"2019/07/07","15:30:52.52","eq","l",2.64,"l",35.84,-117.67117,4.5,"A",38477191,51,863,2019-07-07 15:30:52.52,73129,2019-07-07 08:30:52.52,2019,"Jul",2019-07-01,8,"Sunday"
"2019/07/07","15:31:28.69","eq","l",2.5,"l",35.79233,-117.62717,10.9,"A",38477199,42,933,2019-07-07 15:31:28.69,73130,2019-07-07 08:31:28.69,2019,"Jul",2019-07-01,8,"Sunday"
"2019/07/07","15:34:49.79","eq","l",2.62,"l",35.75333,-117.58067,5.2,"A",38477223,75,1008,2019-07-07 15:34:49.79,73134,2019-07-07 08:34:49.79,2019,"Jul",2019-07-01,8,"Sunday"
"2019/07/07","15:48:11.73","eq","l",3.56,"l",35.8225,-117.65833,6.7,"A",38477303,123,1848,2019-07-07 15:48:11.73,73140,2019-07-07 08:48:11.73,2019,"Jul",2019-07-01,8,"Sunday"
"2019/07/07","15:49:15.08","eq","l",3.15,"l",35.87,-117.70217,4.2,"A",38477319,90,1799,2019-07-07 15:49:15.08,73141,2019-07-07 08:49:15.08,2019,"Jul",2019-07-01,8,"Sunday"
"2019/07/07","15:50:49.84","eq","l",2.9,"l",35.68033,-117.51633,9.2,"A",38477335,72,1592,2019-07-07 15:50:49.84,73143,2019-07-07 08:50:49.84,2019,"Jul",2019-07-01,8,"Sunday"
"2019/07/07","16:08:00.63","eq","l",3.05,"l",35.66983,-117.52567,4.8,"A",38477415,104,1599,2019-07-07 16:08:00.63,73152,2019-07-07 09:08:00.63,2019,"Jul",2019-07-01,9,"Sunday"
"2019/07/07","16:31:44.26","eq","l",2.5,"l",35.63467,-117.43117,4.9,"A",38477575,56,1151,2019-07-07 16:31:44.26,73164,2019-07-07 09:31:44.26,2019,"Jul",2019-07-01,9,"Sunday"
"2019/07/07","16:40:41.59","eq","l",3.06,"l",35.8945,-117.69717,6.8,"A",37485653,41,3213,2019-07-07 16:40:41.59,73172,2019-07-07 09:40:41.59,2019,"Jul",2019-07-01,9,"Sunday"
"2019/07/07","17:00:45.94","eq","l",2.64,"l",35.766,-117.57367,10.9,"A",38477751,61,945,2019-07-07 17:00:45.94,73184,2019-07-07 10:00:45.94,2019,"Jul",2019-07-01,10,"Sunday"
"2019/07/07","17:33:04.47","eq","l",2.5,"l",35.85517,-117.69017,6.9,"A",38478039,43,2985,2019-07-07 17:33:04.47,73208,2019-07-07 10:33:04.47,2019,"Jul",2019-07-01,10,"Sunday"
"2019/07/07","17:33:22.87","eq","l",2.83,"l",35.853,-117.69317,6,"A",38478047,44,3123,2019-07-07 17:33:22.87,73209,2019-07-07 10:33:22.87,2019,"Jul",2019-07-01,10,"Sunday"
"2019/07/07","17:44:09.37","eq","l",2.9,"l",35.6415,-117.46867,6,"A",38478143,77,3833,2019-07-07 17:44:09.37,73219,2019-07-07 10:44:09.37,2019,"Jul",2019-07-01,10,"Sunday"
"2019/07/07","17:47:25.09","eq","l",2.86,"l",35.89183,-117.6815,8.6,"A",38478183,81,3141,2019-07-07 17:47:25.09,73224,2019-07-07 10:47:25.09,2019,"Jul",2019-07-01,10,"Sunday"
"2019/07/07","18:05:57.76","eq","l",3.07,"l",35.92917,-117.71583,2.1,"A",38478335,101,3214,2019-07-07 18:05:57.76,73240,2019-07-07 11:05:57.76,2019,"Jul",2019-07-01,11,"Sunday"
"2019/07/07","18:07:36.30","eq","l",2.65,"l",35.8755,-117.6835,3.8,"A",38478343,56,3064,2019-07-07 18:07:36.3,73241,2019-07-07 11:07:36.3,2019,"Jul",2019-07-01,11,"Sunday"
"2019/07/07","18:19:19.94","eq","l",3.1,"l",35.88833,-117.7325,5.2,"A",38478423,121,3232,2019-07-07 18:19:19.94,73249,2019-07-07 11:19:19.94,2019,"Jul",2019-07-01,11,"Sunday"
"2019/07/07","18:27:58.78","eq","l",2.52,"l",35.91517,-117.70833,5,"A",38478503,62,2974,2019-07-07 18:27:58.78,73256,2019-07-07 11:27:58.78,2019,"Jul",2019-07-01,11,"Sunday"
"2019/07/07","18:40:35.88","eq","l",2.75,"l",36.08367,-117.84217,3.7,"A",38478647,52,3040,2019-07-07 18:40:35.88,73274,2019-07-07 11:40:35.88,2019,"Jul",2019-07-01,11,"Sunday"
"2019/07/07","18:50:02.29","eq","l",3.59,"w",35.59767,-117.42833,6.1,"A",38478703,124,3287,2019-07-07 18:50:02.29,73280,2019-07-07 11:50:02.29,2019,"Jul",2019-07-01,11,"Sunday"
"2019/07/07","19:00:51.30","eq","l",3.35,"l",35.65467,-117.47217,3.2,"A",38478823,115,3274,2019-07-07 19:00:51.3,73292,2019-07-07 12:00:51.3,2019,"Jul",2019-07-01,12,"Sunday"
"2019/07/07","19:12:35.66","eq","l",2.54,"l",35.8165,-117.63183,3.1,"A",38478911,63,3024,2019-07-07 19:12:35.66,73302,2019-07-07 12:12:35.66,2019,"Jul",2019-07-01,12,"Sunday"
"2019/07/07","19:24:20.52","eq","l",2.67,"l",35.9185,-117.72833,5.9,"A",38478999,59,3057,2019-07-07 19:24:20.52,73312,2019-07-07 12:24:20.52,2019,"Jul",2019-07-01,12,"Sunday"
"2019/07/07","19:24:54.55","eq","l",2.68,"l",35.87917,-117.70983,5,"A",38479007,62,3069,2019-07-07 19:24:54.55,73313,2019-07-07 12:24:54.55,2019,"Jul",2019-07-01,12,"Sunday"
"2019/07/07","19:28:09.92","eq","l",2.68,"l",35.8335,-117.658,6,"A",38479031,51,3079,2019-07-07 19:28:09.92,73315,2019-07-07 12:28:09.92,2019,"Jul",2019-07-01,12,"Sunday"
"2019/07/07","19:37:10.17","eq","l",3.14,"l",35.656,-117.52433,10.9,"A",38479143,109,3262,2019-07-07 19:37:10.17,73330,2019-07-07 12:37:10.17,2019,"Jul",2019-07-01,12,"Sunday"
"2019/07/07","19:48:36.83","eq","l",3.03,"l",35.93867,-117.6995,2.4,"A",38479239,68,3214,2019-07-07 19:48:36.83,73342,2019-07-07 12:48:36.83,2019,"Jul",2019-07-01,12,"Sunday"
"2019/07/07","19:48:43.03","eq","l",2.89,"l",35.93783,-117.70267,1.8,"A",37366852,17,3169,2019-07-07 19:48:43.03,73343,2019-07-07 12:48:43.03,2019,"Jul",2019-07-01,12,"Sunday"
"2019/07/07","19:51:30.61","eq","l",2.8,"l",35.66683,-117.498,10.2,"A",38479263,70,3193,2019-07-07 19:51:30.61,73346,2019-07-07 12:51:30.61,2019,"Jul",2019-07-01,12,"Sunday"
"2019/07/07","20:09:08.13","eq","l",2.54,"l",35.79583,-117.62717,4,"A",38479439,56,3040,2019-07-07 20:09:08.13,73366,2019-07-07 13:09:08.13,2019,"Jul",2019-07-01,13,"Sunday"
"2019/07/07","20:14:01.24","eq","l",2.52,"l",35.9035,-117.701,2.1,"A",38479511,50,2996,2019-07-07 20:14:01.24,73375,2019-07-07 13:14:01.24,2019,"Jul",2019-07-01,13,"Sunday"
"2019/07/07","20:14:04.24","eq","l",2.52,"l",35.91633,-117.72967,2.5,"A",37485701,12,2990,2019-07-07 20:14:04.24,73376,2019-07-07 13:14:04.24,2019,"Jul",2019-07-01,13,"Sunday"
"2019/07/07","20:30:36.09","eq","l",2.67,"l",35.63733,-117.47117,4.2,"A",38479655,68,3163,2019-07-07 20:30:36.09,73391,2019-07-07 13:30:36.09,2019,"Jul",2019-07-01,13,"Sunday"
"2019/07/07","20:46:41.09","eq","l",3.13,"l",35.81367,-117.59467,9.7,"A",38479783,104,3262,2019-07-07 20:46:41.09,73403,2019-07-07 13:46:41.09,2019,"Jul",2019-07-01,13,"Sunday"
"2019/07/07","20:54:00.98","eq","l",2.5,"l",35.87083,-117.648,10.1,"A",38479855,44,2965,2019-07-07 20:54:00.98,73410,2019-07-07 13:54:00.98,2019,"Jul",2019-07-01,13,"Sunday"
"2019/07/07","21:02:51.73","eq","l",3.47,"l",35.777,-117.60467,9.1,"A",38479903,117,3296,2019-07-07 21:02:51.73,73415,2019-07-07 14:02:51.73,2019,"Jul",2019-07-01,14,"Sunday"
"2019/07/07","21:15:29.66","eq","l",3.79,"w",35.94583,-117.68983,2.4,"A",38479967,104,3309,2019-07-07 21:15:29.66,73420,2019-07-07 14:15:29.66,2019,"Jul",2019-07-01,14,"Sunday"
"2019/07/07","21:20:51.45","eq","l",2.74,"l",35.93917,-117.68967,2.7,"A",38479991,61,3098,2019-07-07 21:20:51.45,73421,2019-07-07 14:20:51.45,2019,"Jul",2019-07-01,14,"Sunday"
"2019/07/07","21:41:11.28","eq","l",2.59,"l",35.94817,-117.72483,2.5,"A",38480119,53,3008,2019-07-07 21:41:11.28,73434,2019-07-07 14:41:11.28,2019,"Jul",2019-07-01,14,"Sunday"
"2019/07/07","21:41:24.63","eq","l",2.73,"l",35.85683,-117.68117,10.3,"A",38480127,47,3110,2019-07-07 21:41:24.63,73435,2019-07-07 14:41:24.63,2019,"Jul",2019-07-01,14,"Sunday"
"2019/07/07","22:00:51.07","eq","l",2.91,"l",35.9395,-117.69033,2.5,"A",38480255,75,3170,2019-07-07 22:00:51.07,73449,2019-07-07 15:00:51.07,2019,"Jul",2019-07-01,15,"Sunday"
"2019/07/07","22:07:48.56","eq","l",2.81,"l",35.64867,-117.44967,3.2,"A",38480287,79,3203,2019-07-07 22:07:48.56,73453,2019-07-07 15:07:48.56,2019,"Jul",2019-07-01,15,"Sunday"
"2019/07/07","22:23:08.51","eq","l",2.67,"l",35.57317,-117.518,10.1,"A",38480391,79,3191,2019-07-07 22:23:08.51,73466,2019-07-07 15:23:08.51,2019,"Jul",2019-07-01,15,"Sunday"
"2019/07/07","22:23:27.60","eq","l",2.51,"l",35.88533,-117.734,7.7,"A",37347644,42,3002,2019-07-07 22:23:27.6,73467,2019-07-07 15:23:27.6,2019,"Jul",2019-07-01,15,"Sunday"
"2019/07/07","22:27:34.48","eq","l",2.84,"l",35.92517,-117.67617,1.9,"A",38480415,75,3142,2019-07-07 22:27:34.48,73470,2019-07-07 15:27:34.48,2019,"Jul",2019-07-01,15,"Sunday"
"2019/07/07","22:33:21.39","eq","l",3.52,"l",35.683,-117.529,1.5,"A",38480447,113,3293,2019-07-07 22:33:21.39,73474,2019-07-07 15:33:21.39,2019,"Jul",2019-07-01,15,"Sunday"
"2019/07/07","22:35:23.44","eq","l",2.9,"l",35.82117,-117.65267,8.1,"A",38480463,90,3218,2019-07-07 22:35:23.44,73475,2019-07-07 15:35:23.44,2019,"Jul",2019-07-01,15,"Sunday"
"2019/07/07","22:42:47.49","eq","l",2.55,"l",35.60833,-117.459,6,"A",38480519,57,3089,2019-07-07 22:42:47.49,73480,2019-07-07 15:42:47.49,2019,"Jul",2019-07-01,15,"Sunday"
"2019/07/07","22:52:52.84","eq","l",3.38,"l",35.6405,-117.55367,7.1,"A",38480559,126,3284,2019-07-07 22:52:52.84,73484,2019-07-07 15:52:52.84,2019,"Jul",2019-07-01,15,"Sunday"
"2019/07/07","23:02:24.49","eq","l",3.13,"l",35.54567,-117.414,4.9,"A",38480631,96,3260,2019-07-07 23:02:24.49,73490,2019-07-07 16:02:24.49,2019,"Jul",2019-07-01,16,"Sunday"
"2019/07/07","23:21:35.61","eq","l",2.75,"l",35.86717,-117.708,7.5,"A",38480775,65,3116,2019-07-07 23:21:35.61,73503,2019-07-07 16:21:35.61,2019,"Jul",2019-07-01,16,"Sunday"
"2019/07/07","23:33:28.31","eq","l",2.58,"l",35.68667,-117.53983,10.6,"A",38480855,68,3101,2019-07-07 23:33:28.31,73513,2019-07-07 16:33:28.31,2019,"Jul",2019-07-01,16,"Sunday"
"2019/07/07","23:36:56.94","eq","l",3.93,"w",35.83033,-117.6685,5,"A",38480919,148,3299,2019-07-07 23:36:56.94,73520,2019-07-07 16:36:56.94,2019,"Jul",2019-07-01,16,"Sunday"
"2019/07/07","23:44:57.55","eq","l",3.45,"lr",35.559,-117.38533,9.9,"A",38480967,127,3284,2019-07-07 23:44:57.55,73526,2019-07-07 16:44:57.55,2019,"Jul",2019-07-01,16,"Sunday"
"2019/07/07","23:45:25.55","eq","l",3.4,"l",35.67617,-117.48883,3,"A",38480975,64,3284,2019-07-07 23:45:25.55,73527,2019-07-07 16:45:25.55,2019,"Jul",2019-07-01,16,"Sunday"
"2019/07/08","00:13:25.81","eq","l",3.12,"l",35.83,-117.66433,5.8,"A",38481167,121,3249,2019-07-08 00:13:25.81,73544,2019-07-07 17:13:25.81,2019,"Jul",2019-07-01,17,"Sunday"
"2019/07/08","00:29:31.82","eq","l",2.77,"l",35.57417,-117.36417,4,"A",38481279,83,3203,2019-07-08 00:29:31.82,73556,2019-07-07 17:29:31.82,2019,"Jul",2019-07-01,17,"Sunday"
"2019/07/08","01:36:58.30","eq","l",3.76,"w",36.1135,-117.88133,5,"A",38481735,109,3296,2019-07-08 01:36:58.3,73606,2019-07-07 18:36:58.3,2019,"Jul",2019-07-01,18,"Sunday"
"2019/07/08","01:37:07.91","eq","l",3.5,"l",35.9045,-117.69783,9.1,"A",37264764,38,3282,2019-07-08 01:37:07.91,73607,2019-07-07 18:37:07.91,2019,"Jul",2019-07-01,18,"Sunday"
"2019/07/08","01:38:21.06","eq","l",2.8,"l",36.10967,-117.87633,5.6,"A",38481743,51,3065,2019-07-08 01:38:21.06,73609,2019-07-07 18:38:21.06,2019,"Jul",2019-07-01,18,"Sunday"
"2019/07/08","01:57:20.34","eq","l",2.66,"l",35.88867,-117.72967,2.8,"A",38481863,83,3077,2019-07-08 01:57:20.34,73624,2019-07-07 18:57:20.34,2019,"Jul",2019-07-01,18,"Sunday"
"2019/07/08","02:24:15.71","eq","l",2.78,"l",35.732,-117.54717,6.9,"A",38482047,98,3227,2019-07-08 02:24:15.71,73644,2019-07-07 19:24:15.71,2019,"Jul",2019-07-01,19,"Sunday"
"2019/07/08","02:24:23.77","eq","l",2.76,"l",35.64267,-117.44983,5.8,"A",37485741,33,3218,2019-07-08 02:24:23.77,73645,2019-07-07 19:24:23.77,2019,"Jul",2019-07-01,19,"Sunday"
"2019/07/08","02:42:28.85","eq","l",2.69,"l",35.6655,-117.482,9.9,"A",38482167,87,3167,2019-07-08 02:42:28.85,73658,2019-07-07 19:42:28.85,2019,"Jul",2019-07-01,19,"Sunday"
"2019/07/08","02:46:22.32","eq","l",2.68,"l",35.88833,-117.73017,4,"A",38482207,84,3098,2019-07-08 02:46:22.32,73664,2019-07-07 19:46:22.32,2019,"Jul",2019-07-01,19,"Sunday"
"2019/07/08","03:12:26.59","eq","l",3.07,"l",35.6655,-117.50433,8.3,"A",38482375,112,3266,2019-07-08 03:12:26.59,73682,2019-07-07 20:12:26.59,2019,"Jul",2019-07-01,20,"Sunday"
"2019/07/08","03:15:15.04","eq","l",2.7,"l",35.3745,-117.84183,3.6,"A",38482383,109,3197,2019-07-08 03:15:15.04,73683,2019-07-07 20:15:15.04,2019,"Jul",2019-07-01,20,"Sunday"
"2019/07/08","03:37:06.56","eq","l",2.62,"l",35.68883,-117.549,10.4,"A",37369252,71,3110,2019-07-08 03:37:06.56,73702,2019-07-07 20:37:06.56,2019,"Jul",2019-07-01,20,"Sunday"
"2019/07/08","03:45:33.64","eq","l",2.54,"l",35.86767,-117.70017,6.6,"A",38482615,93,3005,2019-07-08 03:45:33.64,73710,2019-07-07 20:45:33.64,2019,"Jul",2019-07-01,20,"Sunday"
"2019/07/08","03:51:36.31","eq","l",2.62,"l",35.90267,-117.69767,3.8,"A",38482663,82,3059,2019-07-08 03:51:36.31,73716,2019-07-07 20:51:36.31,2019,"Jul",2019-07-01,20,"Sunday"
"2019/07/08","03:52:01.78","eq","l",2.52,"l",35.65833,-117.522,1.8,"A",38482671,70,3089,2019-07-08 03:52:01.78,73717,2019-07-07 20:52:01.78,2019,"Jul",2019-07-01,20,"Sunday"
"2019/07/08","03:54:14.43","eq","l",2.72,"l",36.11333,-117.8755,5.4,"A",38482695,87,3026,2019-07-08 03:54:14.43,73720,2019-07-07 20:54:14.43,2019,"Jul",2019-07-01,20,"Sunday"
"2019/07/08","04:03:07.84","eq","l",3.15,"l",35.611,-117.38767,3.3,"A",38482775,111,3272,2019-07-08 04:03:07.84,73730,2019-07-07 21:03:07.84,2019,"Jul",2019-07-01,21,"Sunday"
"2019/07/08","04:29:09.62","eq","l",2.79,"l",36.11783,-117.88133,5.7,"A",38482983,84,3026,2019-07-08 04:29:09.62,73754,2019-07-07 21:29:09.62,2019,"Jul",2019-07-01,21,"Sunday"
"2019/07/08","04:39:49.36","eq","l",2.84,"l",36.1225,-117.85667,4.1,"A",38483063,75,3077,2019-07-08 04:39:49.36,73762,2019-07-07 21:39:49.36,2019,"Jul",2019-07-01,21,"Sunday"
"2019/07/08","04:43:16.11","eq","l",2.59,"l",36.02283,-117.846,1.9,"A",38483087,75,2984,2019-07-08 04:43:16.11,73766,2019-07-07 21:43:16.11,2019,"Jul",2019-07-01,21,"Sunday"
"2019/07/08","04:49:48.12","eq","l",2.83,"l",35.6445,-117.42183,4.2,"A",38483119,96,3218,2019-07-08 04:49:48.12,73771,2019-07-07 21:49:48.12,2019,"Jul",2019-07-01,21,"Sunday"
"2019/07/08","04:53:58.89","eq","l",2.51,"l",36.1135,-117.88333,5.4,"A",38483151,94,2933,2019-07-08 04:53:58.89,73775,2019-07-07 21:53:58.89,2019,"Jul",2019-07-01,21,"Sunday"
"2019/07/08","04:59:54.44","eq","l",2.83,"l",35.96033,-117.28083,5.1,"A",38483199,93,3161,2019-07-08 04:59:54.44,73782,2019-07-07 21:59:54.44,2019,"Jul",2019-07-01,21,"Sunday"
"2019/07/08","05:02:10.41","eq","l",3.02,"l",35.87383,-117.72,8.1,"A",38483215,111,3212,2019-07-08 05:02:10.41,73785,2019-07-07 22:02:10.41,2019,"Jul",2019-07-01,22,"Sunday"
"2019/07/08","05:12:46.62","eq","l",2.55,"l",36.11333,-117.8795,6.1,"A",38483295,58,2933,2019-07-08 05:12:46.62,73799,2019-07-07 22:12:46.62,2019,"Jul",2019-07-01,22,"Sunday"
"2019/07/08","05:13:38.22","eq","l",2.57,"l",35.89217,-117.73083,2.1,"A",38483303,81,3008,2019-07-08 05:13:38.22,73801,2019-07-07 22:13:38.22,2019,"Jul",2019-07-01,22,"Sunday"
"2019/07/08","05:13:56.52","eq","l",2.5,"l",35.61683,-117.58683,6.9,"A",37368180,49,3074,2019-07-08 05:13:56.52,73803,2019-07-07 22:13:56.52,2019,"Jul",2019-07-01,22,"Sunday"
"2019/07/08","05:15:02.73","eq","l",3.22,"l",35.677,-117.54417,5,"A",38483327,118,3266,2019-07-08 05:15:02.73,73806,2019-07-07 22:15:02.73,2019,"Jul",2019-07-01,22,"Sunday"
"2019/07/08","05:18:54.50","eq","l",2.8,"l",35.91867,-117.73967,4.2,"A",38483343,84,3110,2019-07-08 05:18:54.5,73808,2019-07-07 22:18:54.5,2019,"Jul",2019-07-01,22,"Sunday"
"2019/07/08","05:24:16.81","eq","l",3.3,"l",35.94767,-117.722,2.8,"A",38483383,106,3251,2019-07-08 05:24:16.81,73813,2019-07-07 22:24:16.81,2019,"Jul",2019-07-01,22,"Sunday"
"2019/07/08","05:43:11.16","eq","l",2.81,"l",35.87067,-117.71017,4.4,"A",38483527,95,3140,2019-07-08 05:43:11.16,73830,2019-07-07 22:43:11.16,2019,"Jul",2019-07-01,22,"Sunday"
"2019/07/08","05:54:05.09","eq","l",3.49,"l",35.87517,-117.7095,8.5,"A",38483591,122,3272,2019-07-08 05:54:05.09,73837,2019-07-07 22:54:05.09,2019,"Jul",2019-07-01,22,"Sunday"
"2019/07/08","06:10:21.01","eq","l",2.51,"l",36.16583,-117.87483,2.3,"A",38483671,67,2887,2019-07-08 06:10:21.01,73847,2019-07-07 23:10:21.01,2019,"Jul",2019-07-01,23,"Sunday"
"2019/07/08","06:18:08.55","eq","l",3.15,"l",35.95967,-117.278,3.4,"A",38483743,121,3248,2019-07-08 06:18:08.55,73855,2019-07-07 23:18:08.55,2019,"Jul",2019-07-01,23,"Sunday"
"2019/07/08","06:45:16.58","eq","l",3.1,"l",35.73,-117.56717,7.4,"A",38483983,111,3248,2019-07-08 06:45:16.58,73883,2019-07-07 23:45:16.58,2019,"Jul",2019-07-01,23,"Sunday"
"2019/07/08","06:47:20.58","eq","l",2.68,"l",35.89333,-117.726,2.7,"A",38483999,95,3086,2019-07-08 06:47:20.58,73885,2019-07-07 23:47:20.58,2019,"Jul",2019-07-01,23,"Sunday"
"2019/07/08","07:18:34.58","eq","l",3.56,"l",35.54983,-117.377,2.6,"A",38484231,124,3296,2019-07-08 07:18:34.58,73914,2019-07-08 00:18:34.58,2019,"Jul",2019-07-01,0,"Monday"
"2019/07/08","07:28:32.25","eq","l",2.54,"l",35.66167,-117.49233,8.3,"A",38484295,63,3167,2019-07-08 07:28:32.25,73922,2019-07-08 00:28:32.25,2019,"Jul",2019-07-01,0,"Monday"
"2019/07/08","07:28:34.81","eq","l",2.62,"l",35.831,-117.64767,7.1,"A",37366860,31,3092,2019-07-08 07:28:34.81,73923,2019-07-08 00:28:34.81,2019,"Jul",2019-07-01,0,"Monday"
"2019/07/08","07:31:58.40","eq","l",3.55,"l",36.15667,-117.87383,2.6,"A",38484311,122,3272,2019-07-08 07:31:58.4,73924,2019-07-08 00:31:58.4,2019,"Jul",2019-07-01,0,"Monday"
"2019/07/08","07:35:49.24","eq","l",2.59,"l",35.8885,-117.6985,4.1,"A",38484327,78,3023,2019-07-08 07:35:49.24,73926,2019-07-08 00:35:49.24,2019,"Jul",2019-07-01,0,"Monday"
"2019/07/08","07:42:20.89","eq","l",2.55,"l",35.63883,-117.44317,6.1,"A",38484367,81,3122,2019-07-08 07:42:20.89,73932,2019-07-08 00:42:20.89,2019,"Jul",2019-07-01,0,"Monday"
"2019/07/08","07:52:28.08","eq","l",2.88,"l",36.05467,-117.8545,1.8,"A",38484479,82,3098,2019-07-08 07:52:28.08,73947,2019-07-08 00:52:28.08,2019,"Jul",2019-07-01,0,"Monday"
"2019/07/08","08:12:33.28","eq","l",2.51,"l",35.569,-117.4035,3.5,"A",38484599,86,3119,2019-07-08 08:12:33.28,73960,2019-07-08 01:12:33.28,2019,"Jul",2019-07-01,1,"Monday"
"2019/07/08","08:18:08.64","eq","l",2.57,"l",36.12333,-117.854,4.1,"A",38484615,92,2972,2019-07-08 08:18:08.64,73963,2019-07-08 01:18:08.64,2019,"Jul",2019-07-01,1,"Monday"
"2019/07/08","08:20:02.41","eq","l",3.9,"w",36.12083,-117.8575,3.7,"A",38484631,131,3293,2019-07-08 08:20:02.41,73966,2019-07-08 01:20:02.41,2019,"Jul",2019-07-01,1,"Monday"
"2019/07/08","09:00:20.93","eq","l",2.69,"l",35.53267,-117.3545,4.6,"A",38484919,93,3218,2019-07-08 09:00:20.93,74000,2019-07-08 02:00:20.93,2019,"Jul",2019-07-01,2,"Monday"
"2019/07/08","09:17:28.07","eq","l",2.72,"l",35.7645,-117.56967,6.9,"A",38485087,93,3146,2019-07-08 09:17:28.07,74020,2019-07-08 02:17:28.07,2019,"Jul",2019-07-01,2,"Monday"
"2019/07/08","09:37:07.34","eq","l",2.66,"l",35.68383,-117.47883,3,"A",38485271,81,3173,2019-07-08 09:37:07.34,74040,2019-07-08 02:37:07.34,2019,"Jul",2019-07-01,2,"Monday"
"2019/07/08","09:57:10.97","eq","l",3.5,"w",35.65417,-117.46183,9.7,"A",38485391,147,3296,2019-07-08 09:57:10.97,74055,2019-07-08 02:57:10.97,2019,"Jul",2019-07-01,2,"Monday"
"2019/07/08","10:11:22.89","eq","l",2.75,"l",36.11917,-117.856,4.8,"A",38485487,72,3032,2019-07-08 10:11:22.89,74067,2019-07-08 03:11:22.89,2019,"Jul",2019-07-01,3,"Monday"
"2019/07/08","10:44:12.70","eq","l",2.8,"l",35.9015,-117.72967,5.6,"A",38485711,115,3116,2019-07-08 10:44:12.7,74094,2019-07-08 03:44:12.7,2019,"Jul",2019-07-01,3,"Monday"
"2019/07/08","11:23:22.59","eq","l",3.16,"l",35.90733,-117.7075,5,"A",38486063,110,3245,2019-07-08 11:23:22.59,74135,2019-07-08 04:23:22.59,2019,"Jul",2019-07-01,4,"Monday"
"2019/07/08","11:25:48.19","eq","l",2.9,"l",36.03067,-117.84667,2.3,"A",38486087,79,3122,2019-07-08 11:25:48.19,74138,2019-07-08 04:25:48.19,2019,"Jul",2019-07-01,4,"Monday"
"2019/07/08","11:34:56.18","eq","l",2.98,"l",35.94783,-117.72417,3.4,"A",38486199,95,3206,2019-07-08 11:34:56.18,74153,2019-07-08 04:34:56.18,2019,"Jul",2019-07-01,4,"Monday"
"2019/07/08","11:45:02.81","eq","l",2.75,"l",35.89733,-117.73467,2.5,"A",38486295,87,3125,2019-07-08 11:45:02.81,74163,2019-07-08 04:45:02.81,2019,"Jul",2019-07-01,4,"Monday"
"2019/07/08","12:07:38.75","eq","l",2.6,"l",35.62317,-117.43383,7.8,"A",38486535,86,3119,2019-07-08 12:07:38.75,74190,2019-07-08 05:07:38.75,2019,"Jul",2019-07-01,5,"Monday"
"2019/07/08","12:14:57.89","eq","l",3.47,"lr",35.626,-117.43733,10,"A",38486591,138,3287,2019-07-08 12:14:57.89,74197,2019-07-08 05:14:57.89,2019,"Jul",2019-07-01,5,"Monday"
"2019/07/08","12:21:28.51","eq","l",3.18,"l",35.66917,-117.525,8.6,"A",38486639,120,3251,2019-07-08 12:21:28.51,74203,2019-07-08 05:21:28.51,2019,"Jul",2019-07-01,5,"Monday"
"2019/07/08","12:38:36.41","eq","l",2.64,"l",36.05633,-117.858,1.6,"A",38486807,87,2996,2019-07-08 12:38:36.41,74225,2019-07-08 05:38:36.41,2019,"Jul",2019-07-01,5,"Monday"
"2019/07/08","12:42:38.17","eq","l",3.1,"l",35.71517,-117.57,6.5,"A",38486831,128,3243,2019-07-08 12:42:38.17,74229,2019-07-08 05:42:38.17,2019,"Jul",2019-07-01,5,"Monday"
"2019/07/08","12:59:28.61","eq","l",2.6,"l",36.03117,-117.8465,2.4,"A",38486959,101,2976,2019-07-08 12:59:28.61,74243,2019-07-08 05:59:28.61,2019,"Jul",2019-07-01,5,"Monday"
"2019/07/08","13:03:48.91","eq","l",2.64,"l",35.92633,-117.68467,3,"A",38487015,87,3039,2019-07-08 13:03:48.91,74250,2019-07-08 06:03:48.91,2019,"Jul",2019-07-01,6,"Monday"
"2019/07/08","13:29:06.72","eq","l",2.7,"l",36.03517,-117.35267,6.9,"A",38487231,48,3045,2019-07-08 13:29:06.72,74273,2019-07-08 06:29:06.72,2019,"Jul",2019-07-01,6,"Monday"
"2019/07/08","13:39:06.98","eq","l",2.6,"l",35.5505,-117.38033,3.6,"A",38487351,65,3171,2019-07-08 13:39:06.98,74288,2019-07-08 06:39:06.98,2019,"Jul",2019-07-01,6,"Monday"
"2019/07/08","13:58:19.18","eq","l",3.15,"l",35.55933,-117.39167,2.4,"A",38487519,89,3249,2019-07-08 13:58:19.18,74309,2019-07-08 06:58:19.18,2019,"Jul",2019-07-01,6,"Monday"
"2019/07/08","14:09:19.66","eq","l",2.82,"l",35.58383,-117.379,3.4,"A",38487615,85,3222,2019-07-08 14:09:19.66,74321,2019-07-08 07:09:19.66,2019,"Jul",2019-07-01,7,"Monday"
"2019/07/08","14:27:20.17","eq","l",2.61,"l",35.77333,-117.60183,8.7,"A",38487807,83,3085,2019-07-08 14:27:20.17,74341,2019-07-08 07:27:20.17,2019,"Jul",2019-07-01,7,"Monday"
"2019/07/08","14:31:01.38","eq","l",3.26,"l",35.65883,-117.48683,5.1,"A",38487839,127,3271,2019-07-08 14:31:01.38,74346,2019-07-08 07:31:01.38,2019,"Jul",2019-07-01,7,"Monday"
"2019/07/08","14:52:54.72","eq","l",2.58,"l",36.03383,-117.35217,5,"A",38488095,80,3021,2019-07-08 14:52:54.72,74373,2019-07-08 07:52:54.72,2019,"Jul",2019-07-01,7,"Monday"
"2019/07/08","15:35:47.97","eq","l",2.61,"l",35.91117,-117.73267,2.7,"A",38488519,95,3042,2019-07-08 15:35:47.97,74423,2019-07-08 08:35:47.97,2019,"Jul",2019-07-01,8,"Monday"
"2019/07/08","16:04:28.28","eq","l",3.83,"w",35.678,-117.51033,4.3,"A",38488719,149,3324,2019-07-08 16:04:28.28,74447,2019-07-08 09:04:28.28,2019,"Jul",2019-07-01,9,"Monday"
"2019/07/08","16:09:15.38","eq","l",2.51,"l",35.85633,-117.69383,6.6,"A",37369300,48,3006,2019-07-08 16:09:15.38,74452,2019-07-08 09:09:15.38,2019,"Jul",2019-07-01,9,"Monday"
"2019/07/08","16:09:57.58","eq","l",3.48,"l",35.62317,-117.43117,2.8,"A",38488767,135,3309,2019-07-08 16:09:57.58,74454,2019-07-08 09:09:57.58,2019,"Jul",2019-07-01,9,"Monday"
"2019/07/08","16:11:32.45","eq","l",2.71,"l",35.87517,-117.68183,9.6,"A",38488783,75,3099,2019-07-08 16:11:32.45,74456,2019-07-08 09:11:32.45,2019,"Jul",2019-07-01,9,"Monday"
"2019/07/08","16:15:12.08","eq","l",2.56,"l",35.93417,-117.69767,2.7,"A",38488815,96,3009,2019-07-08 16:15:12.08,74459,2019-07-08 09:15:12.08,2019,"Jul",2019-07-01,9,"Monday"
"2019/07/08","16:22:36.65","eq","l",2.88,"l",35.89017,-117.72667,3.5,"A",38488879,77,3198,2019-07-08 16:22:36.65,74468,2019-07-08 09:22:36.65,2019,"Jul",2019-07-01,9,"Monday"
"2019/07/08","16:22:53.15","eq","l",2.94,"l",35.89167,-117.72467,4.3,"A",38488887,57,3212,2019-07-08 16:22:53.15,74469,2019-07-08 09:22:53.15,2019,"Jul",2019-07-01,9,"Monday"
"2019/07/08","16:31:08.67","eq","l",3.03,"l",35.74183,-117.56417,9.3,"A",38488975,102,3264,2019-07-08 16:31:08.67,74478,2019-07-08 09:31:08.67,2019,"Jul",2019-07-01,9,"Monday"
"2019/07/08","16:45:26.13","eq","l",2.78,"l",35.86817,-117.67883,3.4,"A",38489103,86,3147,2019-07-08 16:45:26.13,74494,2019-07-08 09:45:26.13,2019,"Jul",2019-07-01,9,"Monday"
"2019/07/08","16:55:10.35","eq","l",2.57,"l",35.6685,-117.5015,2.9,"A",38489183,86,3090,2019-07-08 16:55:10.35,74504,2019-07-08 09:55:10.35,2019,"Jul",2019-07-01,9,"Monday"
"2019/07/08","17:02:34.09","eq","l",2.55,"l",35.6985,-117.54167,6,"A",38489271,65,3069,2019-07-08 17:02:34.09,74514,2019-07-08 10:02:34.09,2019,"Jul",2019-07-01,10,"Monday"
"2019/07/08","17:05:03.38","eq","l",2.56,"l",35.6575,-117.46,3,"A",38489311,68,3105,2019-07-08 17:05:03.38,74518,2019-07-08 10:05:03.38,2019,"Jul",2019-07-01,10,"Monday"
"2019/07/08","17:29:55.45","eq","l",2.53,"l",36.11467,-117.83667,3.4,"A",37486301,16,2950,2019-07-08 17:29:55.45,74541,2019-07-08 10:29:55.45,2019,"Jul",2019-07-01,10,"Monday"
"2019/07/08","17:30:03.45","eq","l",2.55,"l",35.89683,-117.73167,2.8,"A",38489543,48,3006,2019-07-08 17:30:03.45,74542,2019-07-08 10:30:03.45,2019,"Jul",2019-07-01,10,"Monday"
"2019/07/08","17:48:02.60","eq","l",2.78,"l",36.125,-117.85483,4.7,"A",38489711,64,3066,2019-07-08 17:48:02.6,74561,2019-07-08 10:48:02.6,2019,"Jul",2019-07-01,10,"Monday"
"2019/07/08","17:50:01.47","eq","l",3.52,"w",35.66717,-117.50033,2.4,"A",38489727,124,3308,2019-07-08 17:50:01.47,74563,2019-07-08 10:50:01.47,2019,"Jul",2019-07-01,10,"Monday"
"2019/07/08","17:50:48.54","eq","l",2.88,"l",36.05533,-117.85533,1.7,"A",38489735,56,3122,2019-07-08 17:50:48.54,74564,2019-07-08 10:50:48.54,2019,"Jul",2019-07-01,10,"Monday"
"2019/07/08","17:53:47.17","eq","l",3.81,"w",35.555,-117.31233,7.7,"A",38489751,179,3306,2019-07-08 17:53:47.17,74566,2019-07-08 10:53:47.17,2019,"Jul",2019-07-01,10,"Monday"
"2019/07/08","18:03:54.63","eq","l",3.02,"l",35.73983,-117.56417,3.8,"A",38489847,122,3251,2019-07-08 18:03:54.63,74578,2019-07-08 11:03:54.63,2019,"Jul",2019-07-01,11,"Monday"
"2019/07/08","18:10:19.71","eq","l",3.23,"l",35.6715,-117.494,2.6,"A",38489903,116,3284,2019-07-08 18:10:19.71,74583,2019-07-08 11:10:19.71,2019,"Jul",2019-07-01,11,"Monday"
"2019/07/08","18:20:57.73","eq","l",2.96,"l",35.91567,-117.68683,2.8,"A",38490007,75,3203,2019-07-08 18:20:57.73,74596,2019-07-08 11:20:57.73,2019,"Jul",2019-07-01,11,"Monday"
"2019/07/08","18:21:27.18","eq","l",2.91,"l",35.91933,-117.6835,2.5,"A",38490015,66,3191,2019-07-08 18:21:27.18,74597,2019-07-08 11:21:27.18,2019,"Jul",2019-07-01,11,"Monday"
"2019/07/08","19:45:21.87","eq","l",2.96,"l",35.93467,-117.73183,8.8,"A",38490727,103,3206,2019-07-08 19:45:21.87,74682,2019-07-08 12:45:21.87,2019,"Jul",2019-07-01,12,"Monday"
"2019/07/08","19:47:56.56","eq","l",2.77,"l",36.054,-117.85333,2,"A",38490759,42,3086,2019-07-08 19:47:56.56,74686,2019-07-08 12:47:56.56,2019,"Jul",2019-07-01,12,"Monday"
"2019/07/08","20:29:54.77","eq","l",2.72,"l",35.77,-117.589,4.2,"A",38491215,62,3157,2019-07-08 20:29:54.77,74740,2019-07-08 13:29:54.77,2019,"Jul",2019-07-01,13,"Monday"
"2019/07/08","20:42:15.63","eq","l",2.63,"l",35.91183,-117.73483,2.9,"A",38491343,55,3065,2019-07-08 20:42:15.63,74755,2019-07-08 13:42:15.63,2019,"Jul",2019-07-01,13,"Monday"
"2019/07/08","20:49:34.39","eq","l",2.81,"l",35.59917,-117.39817,4.5,"A",38491423,69,3242,2019-07-08 20:49:34.39,74764,2019-07-08 13:49:34.39,2019,"Jul",2019-07-01,13,"Monday"
"2019/07/08","21:05:58.71","eq","l",2.66,"l",35.91133,-117.69633,2.8,"A",38491655,59,3085,2019-07-08 21:05:58.71,74792,2019-07-08 14:05:58.71,2019,"Jul",2019-07-01,14,"Monday"
"2019/07/08","21:33:36.98","eq","l",2.63,"l",35.81383,-117.63783,7,"A",38491879,71,3100,2019-07-08 21:33:36.98,74815,2019-07-08 14:33:36.98,2019,"Jul",2019-07-01,14,"Monday"
"2019/07/08","21:48:53.40","eq","l",2.89,"l",35.64533,-117.45283,3.1,"A",38492015,73,3242,2019-07-08 21:48:53.4,74830,2019-07-08 14:48:53.4,2019,"Jul",2019-07-01,14,"Monday"
"2019/07/08","22:18:49.26","eq","l",3.15,"l",35.92667,-117.312,6.8,"A",38492271,110,3267,2019-07-08 22:18:49.26,74861,2019-07-08 15:18:49.26,2019,"Jul",2019-07-01,15,"Monday"
"2019/07/08","22:25:39.65","eq","l",2.61,"l",35.63083,-117.43283,4.6,"A",38492343,55,3213,2019-07-08 22:25:39.65,74869,2019-07-08 15:25:39.65,2019,"Jul",2019-07-01,15,"Monday"
"2019/07/08","22:25:49.02","eq","l",2.9,"l",35.6325,-117.43217,3.7,"A",37367164,33,3258,2019-07-08 22:25:49.02,74870,2019-07-08 15:25:49.02,2019,"Jul",2019-07-01,15,"Monday"
"2019/07/08","22:36:23.72","eq","l",2.67,"l",35.8905,-117.69233,4.3,"A",38492423,65,3092,2019-07-08 22:36:23.72,74880,2019-07-08 15:36:23.72,2019,"Jul",2019-07-01,15,"Monday"
"2019/07/08","22:57:40.96","eq","l",3.37,"lr",36.04883,-117.84617,1.9,"A",38492599,117,3290,2019-07-08 22:57:40.96,74900,2019-07-08 15:57:40.96,2019,"Jul",2019-07-01,15,"Monday"
"2019/07/08","23:23:41.57","eq","l",3.31,"l",35.62767,-117.42933,4.3,"A",38492831,117,3303,2019-07-08 23:23:41.57,74926,2019-07-08 16:23:41.57,2019,"Jul",2019-07-01,16,"Monday"
"2019/07/08","23:50:58.89","eq","l",2.67,"l",35.85533,-117.69217,7.9,"A",38493071,73,3090,2019-07-08 23:50:58.89,74955,2019-07-08 16:50:58.89,2019,"Jul",2019-07-01,16,"Monday"
"2019/07/09","00:00:01.00","eq","l",3.22,"l",35.67933,-117.51117,5,"A",38493191,115,3291,2019-07-09 00:00:01,74968,2019-07-08 17:00:01,2019,"Jul",2019-07-01,17,"Monday"
"2019/07/09","00:00:07.06","eq","l",3.01,"l",36.13283,-117.84467,5.1,"A",37265084,19,3156,2019-07-09 00:00:07.06,74969,2019-07-08 17:00:07.06,2019,"Jul",2019-07-01,17,"Monday"
"2019/07/09","00:20:18.83","eq","l",2.77,"l",35.662,-117.47333,4.3,"A",38493407,95,3222,2019-07-09 00:20:18.83,74994,2019-07-08 17:20:18.83,2019,"Jul",2019-07-01,17,"Monday"
"2019/07/09","00:57:30.69","eq","l",3.06,"l",35.8635,-117.693,8.5,"A",38493743,120,3264,2019-07-09 00:57:30.69,75034,2019-07-08 17:57:30.69,2019,"Jul",2019-07-01,17,"Monday"
"2019/07/09","01:21:10.51","eq","l",2.53,"l",35.53233,-117.36383,8.2,"A",38494055,98,3159,2019-07-09 01:21:10.51,75071,2019-07-08 18:21:10.51,2019,"Jul",2019-07-01,18,"Monday"
"2019/07/09","01:28:26.32","eq","l",2.73,"l",36.11317,-117.83283,2.8,"A",38494127,71,3024,2019-07-09 01:28:26.32,75080,2019-07-08 18:28:26.32,2019,"Jul",2019-07-01,18,"Monday"
"2019/07/09","01:41:58.15","eq","l",2.58,"l",35.64283,-117.44633,6.2,"A",38494263,88,3123,2019-07-09 01:41:58.15,75097,2019-07-08 18:41:58.15,2019,"Jul",2019-07-01,18,"Monday"
"2019/07/09","04:02:54.02","eq","l",3.56,"w",35.9235,-117.45517,7,"A",38495767,131,3299,2019-07-09 04:02:54.02,75273,2019-07-08 21:02:54.02,2019,"Jul",2019-07-01,21,"Monday"
"2019/07/09","04:32:11.32","eq","l",2.94,"l",35.71217,-117.55,4.5,"A",38496079,71,3251,2019-07-09 04:32:11.32,75309,2019-07-08 21:32:11.32,2019,"Jul",2019-07-01,21,"Monday"
"2019/07/09","05:17:45.79","eq","l",2.58,"l",35.77217,-117.60133,9.5,"A",38496551,90,3080,2019-07-09 05:17:45.79,75361,2019-07-08 22:17:45.79,2019,"Jul",2019-07-01,22,"Monday"
"2019/07/09","05:25:13.85","eq","l",2.74,"l",35.89967,-117.72717,4.3,"A",38496647,82,3092,2019-07-09 05:25:13.85,75372,2019-07-08 22:25:13.85,2019,"Jul",2019-07-01,22,"Monday"
"2019/07/09","05:28:15.76","eq","l",2.98,"l",35.684,-117.534,10.4,"A",38496663,107,3251,2019-07-09 05:28:15.76,75374,2019-07-08 22:28:15.76,2019,"Jul",2019-07-01,22,"Monday"
"2019/07/09","05:45:15.75","eq","l",2.84,"l",35.9285,-117.69367,3.4,"A",38496855,89,3134,2019-07-09 05:45:15.75,75396,2019-07-08 22:45:15.75,2019,"Jul",2019-07-01,22,"Monday"
"2019/07/09","05:54:04.49","eq","l",2.79,"l",36.11383,-117.83483,2.4,"A",38496935,82,3086,2019-07-09 05:54:04.49,75406,2019-07-08 22:54:04.49,2019,"Jul",2019-07-01,22,"Monday"
"2019/07/09","06:05:48.70","eq","l",2.52,"l",35.65133,-117.51167,3.4,"A",38497063,94,3099,2019-07-09 06:05:48.7,75421,2019-07-08 23:05:48.7,2019,"Jul",2019-07-01,23,"Monday"
"2019/07/09","06:24:10.89","eq","l",3.06,"l",35.89517,-117.6845,3,"A",38497239,109,3230,2019-07-09 06:24:10.89,75443,2019-07-08 23:24:10.89,2019,"Jul",2019-07-01,23,"Monday"
"2019/07/09","06:36:26.64","eq","l",2.67,"l",35.7115,-117.5035,3,"A",38497375,90,3167,2019-07-09 06:36:26.64,75461,2019-07-08 23:36:26.64,2019,"Jul",2019-07-01,23,"Monday"
"2019/07/09","06:40:27.60","eq","l",2.54,"l",35.85533,-117.694,5.2,"A",38497431,91,3050,2019-07-09 06:40:27.6,75467,2019-07-08 23:40:27.6,2019,"Jul",2019-07-01,23,"Monday"
"2019/07/09","07:01:00.43","eq","l",2.6,"l",35.87367,-117.6965,2.4,"A",38497687,91,3014,2019-07-09 07:01:00.43,75498,2019-07-09 00:01:00.43,2019,"Jul",2019-07-01,0,"Tuesday"
"2019/07/09","07:04:16.27","eq","l",3.1,"l",35.89883,-117.67233,8.4,"A",38497719,122,3251,2019-07-09 07:04:16.27,75502,2019-07-09 00:04:16.27,2019,"Jul",2019-07-01,0,"Tuesday"
"2019/07/09","07:54:06.30","eq","l",2.79,"l",35.73717,-117.57033,3.4,"A",38498375,98,3203,2019-07-09 07:54:06.3,75582,2019-07-09 00:54:06.3,2019,"Jul",2019-07-01,0,"Tuesday"
"2019/07/09","07:54:44.37","eq","l",2.53,"l",35.8945,-117.68067,4.7,"A",38498383,73,3014,2019-07-09 07:54:44.37,75583,2019-07-09 00:54:44.37,2019,"Jul",2019-07-01,0,"Tuesday"
"2019/07/09","08:17:31.57","eq","l",3.58,"w",35.782,-117.61433,9.2,"A",38498615,141,3301,2019-07-09 08:17:31.57,75610,2019-07-09 01:17:31.57,2019,"Jul",2019-07-01,1,"Tuesday"
"2019/07/09","08:18:08.35","eq","l",2.93,"l",35.84917,-117.67317,4.6,"A",38498623,64,3214,2019-07-09 08:18:08.35,75611,2019-07-09 01:18:08.35,2019,"Jul",2019-07-01,1,"Tuesday"
"2019/07/09","08:19:06.76","eq","l",2.5,"l",35.84083,-117.66067,5.5,"A",38498631,66,2989,2019-07-09 08:19:06.76,75612,2019-07-09 01:19:06.76,2019,"Jul",2019-07-01,1,"Tuesday"
"2019/07/09","08:23:46.92","eq","l",3.21,"l",36.0245,-117.86817,1.7,"A",38498647,114,3248,2019-07-09 08:23:46.92,75614,2019-07-09 01:23:46.92,2019,"Jul",2019-07-01,1,"Tuesday"
"2019/07/09","08:49:58.46","eq","l",2.84,"l",35.6725,-117.522,9.4,"A",38498903,94,3230,2019-07-09 08:49:58.46,75645,2019-07-09 01:49:58.46,2019,"Jul",2019-07-01,1,"Tuesday"
"2019/07/09","09:11:15.40","eq","l",3.21,"l",35.66267,-117.54183,8.7,"A",38499159,141,3287,2019-07-09 09:11:15.4,75676,2019-07-09 02:11:15.4,2019,"Jul",2019-07-01,2,"Tuesday"
"2019/07/09","09:22:32.00","eq","l",3.14,"l",35.88,-117.6865,3.8,"A",38499303,120,3263,2019-07-09 09:22:32,75694,2019-07-09 02:22:32,2019,"Jul",2019-07-01,2,"Tuesday"
"2019/07/09","09:23:16.14","eq","l",2.58,"l",35.685,-117.553,8.6,"A",38499319,82,3110,2019-07-09 09:23:16.14,75695,2019-07-09 02:23:16.14,2019,"Jul",2019-07-01,2,"Tuesday"
"2019/07/09","09:31:02.10","eq","l",2.63,"l",35.66867,-117.503,4.5,"A",38499415,89,3158,2019-07-09 09:31:02.1,75707,2019-07-09 02:31:02.1,2019,"Jul",2019-07-01,2,"Tuesday"
"2019/07/09","10:20:41.51","eq","l",2.7,"l",35.7185,-117.4965,3.2,"A",38500127,78,3158,2019-07-09 10:20:41.51,75795,2019-07-09 03:20:41.51,2019,"Jul",2019-07-01,3,"Tuesday"
"2019/07/09","10:21:52.37","eq","l",3.54,"w",35.95433,-117.67683,2,"A",38500135,125,3278,2019-07-09 10:21:52.37,75796,2019-07-09 03:21:52.37,2019,"Jul",2019-07-01,3,"Tuesday"
"2019/07/09","10:41:31.88","eq","l",3.11,"l",35.68383,-117.54283,5,"A",38500391,126,3263,2019-07-09 10:41:31.88,75824,2019-07-09 03:41:31.88,2019,"Jul",2019-07-01,3,"Tuesday"
"2019/07/09","10:50:46.78","eq","l",2.62,"l",35.75483,-117.56417,9.1,"A",38500511,94,3131,2019-07-09 10:50:46.78,75840,2019-07-09 03:50:46.78,2019,"Jul",2019-07-01,3,"Tuesday"
"2019/07/09","10:54:33.85","eq","l",2.54,"l",35.95783,-117.678,2,"A",38500551,80,2997,2019-07-09 10:54:33.85,75845,2019-07-09 03:54:33.85,2019,"Jul",2019-07-01,3,"Tuesday"
"2019/07/09","11:39:27.99","eq","l",2.51,"l",35.93117,-117.69533,3.9,"A",37486501,48,2987,2019-07-09 11:39:27.99,75904,2019-07-09 04:39:27.99,2019,"Jul",2019-07-01,4,"Tuesday"
"2019/07/09","11:56:42.02","eq","l",2.76,"l",35.81983,-117.64583,4.7,"A",38501199,93,3137,2019-07-09 11:56:42.02,75925,2019-07-09 04:56:42.02,2019,"Jul",2019-07-01,4,"Tuesday"
"2019/07/09","12:17:36.92","eq","l",2.6,"l",35.86517,-117.6955,5.1,"A",38501455,86,3074,2019-07-09 12:17:36.92,75958,2019-07-09 05:17:36.92,2019,"Jul",2019-07-01,5,"Tuesday"
"2019/07/09","12:25:12.00","eq","l",2.51,"l",35.84967,-117.679,7.3,"A",38501535,93,3020,2019-07-09 12:25:12,75968,2019-07-09 05:25:12,2019,"Jul",2019-07-01,5,"Tuesday"
"2019/07/09","12:58:21.68","eq","l",3.47,"w",35.675,-117.48417,2.3,"A",38501895,127,3305,2019-07-09 12:58:21.68,76010,2019-07-09 05:58:21.68,2019,"Jul",2019-07-01,5,"Tuesday"
"2019/07/09","12:58:31.93","eq","l",3.03,"l",35.67967,-117.487,2.6,"A",37265404,26,3269,2019-07-09 12:58:31.93,76011,2019-07-09 05:58:31.93,2019,"Jul",2019-07-01,5,"Tuesday"
"2019/07/09","13:28:48.06","eq","l",3.42,"l",35.54767,-117.38183,3.1,"A",38502215,123,3296,2019-07-09 13:28:48.06,76050,2019-07-09 06:28:48.06,2019,"Jul",2019-07-01,6,"Tuesday"
"2019/07/09","14:18:33.29","eq","l",2.82,"l",35.6945,-117.52417,7.9,"A",38502727,91,3191,2019-07-09 14:18:33.29,76110,2019-07-09 07:18:33.29,2019,"Jul",2019-07-01,7,"Tuesday"
"2019/07/09","14:20:57.20","eq","l",2.62,"l",35.949,-117.70233,3.4,"A",38502751,95,3014,2019-07-09 14:20:57.2,76113,2019-07-09 07:20:57.2,2019,"Jul",2019-07-01,7,"Tuesday"
"2019/07/09","15:09:27.05","eq","l",2.7,"l",35.6595,-117.53783,8.7,"A",38503303,91,3183,2019-07-09 15:09:27.05,76179,2019-07-09 08:09:27.05,2019,"Jul",2019-07-01,8,"Tuesday"
"2019/07/09","15:10:59.05","eq","l",2.92,"l",35.91833,-117.73067,7.7,"A",38503311,84,3204,2019-07-09 15:10:59.05,76180,2019-07-09 08:10:59.05,2019,"Jul",2019-07-01,8,"Tuesday"
"2019/07/09","15:23:20.97","eq","l",2.72,"l",35.9535,-117.68767,3.6,"A",38503423,89,3099,2019-07-09 15:23:20.97,76193,2019-07-09 08:23:20.97,2019,"Jul",2019-07-01,8,"Tuesday"
"2019/07/09","15:40:45.55","eq","l",3.49,"w",35.57483,-117.36333,3.7,"A",38503631,161,3315,2019-07-09 15:40:45.55,76218,2019-07-09 08:40:45.55,2019,"Jul",2019-07-01,8,"Tuesday"
"2019/07/09","16:47:03.12","eq","l",3.33,"lr",35.89167,-117.70767,7.4,"A",38504415,130,3778,2019-07-09 16:47:03.12,76308,2019-07-09 09:47:03.12,2019,"Jul",2019-07-01,9,"Tuesday"
"2019/07/09","17:11:28.66","eq","l",3.55,"w",35.70217,-117.49417,10.6,"A",38504647,147,3312,2019-07-09 17:11:28.66,76335,2019-07-09 10:11:28.66,2019,"Jul",2019-07-01,10,"Tuesday"
"2019/07/09","17:44:07.05","eq","l",2.57,"l",35.65617,-117.479,2.4,"A",38505087,72,3116,2019-07-09 17:44:07.05,76386,2019-07-09 10:44:07.05,2019,"Jul",2019-07-01,10,"Tuesday"
"2019/07/09","18:37:37.34","eq","l",3.43,"l",35.72783,-117.54217,10.4,"A",38505679,127,3303,2019-07-09 18:37:37.34,76454,2019-07-09 11:37:37.34,2019,"Jul",2019-07-01,11,"Tuesday"
"2019/07/09","18:41:16.04","eq","l",2.88,"l",35.92017,-117.68933,7.1,"A",38505687,110,3186,2019-07-09 18:41:16.04,76455,2019-07-09 11:41:16.04,2019,"Jul",2019-07-01,11,"Tuesday"
"2019/07/09","19:44:26.84","eq","l",2.52,"l",35.68133,-117.49433,6,"A",38506303,72,3094,2019-07-09 19:44:26.84,76527,2019-07-09 12:44:26.84,2019,"Jul",2019-07-01,12,"Tuesday"
"2019/07/09","19:49:50.55","eq","l",3.11,"l",35.90183,-117.71917,2.7,"A",38506343,115,3268,2019-07-09 19:49:50.55,76532,2019-07-09 12:49:50.55,2019,"Jul",2019-07-01,12,"Tuesday"
"2019/07/09","19:51:22.78","eq","l",2.56,"l",36.08333,-117.84283,1.9,"A",38506351,54,2988,2019-07-09 19:51:22.78,76533,2019-07-09 12:51:22.78,2019,"Jul",2019-07-01,12,"Tuesday"
"2019/07/09","19:56:51.01","eq","l",2.62,"l",35.6745,-117.55067,7.2,"A",38506391,73,3136,2019-07-09 19:56:51.01,76538,2019-07-09 12:56:51.01,2019,"Jul",2019-07-01,12,"Tuesday"
"2019/07/09","20:04:08.20","eq","l",2.69,"l",35.96033,-117.67717,2.1,"A",38506479,63,3096,2019-07-09 20:04:08.2,76549,2019-07-09 13:04:08.2,2019,"Jul",2019-07-01,13,"Tuesday"
"2019/07/09","20:59:19.31","eq","l",2.51,"l",35.66333,-117.54317,5.4,"A",38507055,64,3101,2019-07-09 20:59:19.31,76622,2019-07-09 13:59:19.31,2019,"Jul",2019-07-01,13,"Tuesday"
"2019/07/09","21:35:07.57","eq","l",2.87,"l",35.81567,-117.637,2,"A",38507415,63,3236,2019-07-09 21:35:07.57,76665,2019-07-09 14:35:07.57,2019,"Jul",2019-07-01,14,"Tuesday"
"2019/07/09","21:47:46.14","eq","l",2.78,"l",36.20983,-117.86483,2.2,"A",38507583,66,3048,2019-07-09 21:47:46.14,76684,2019-07-09 14:47:46.14,2019,"Jul",2019-07-01,14,"Tuesday"
"2019/07/09","21:52:49.31","eq","l",3.28,"l",35.8885,-117.70183,5.2,"A",38507623,120,3302,2019-07-09 21:52:49.31,76689,2019-07-09 14:52:49.31,2019,"Jul",2019-07-01,14,"Tuesday"
"2019/07/09","22:44:59.63","eq","l",2.52,"l",35.92467,-117.733,2.7,"A",38508303,69,2999,2019-07-09 22:44:59.63,76768,2019-07-09 15:44:59.63,2019,"Jul",2019-07-01,15,"Tuesday"
"2019/07/09","22:54:02.88","eq","l",2.68,"l",35.86383,-117.70183,5.3,"A",38508415,71,3108,2019-07-09 22:54:02.88,76782,2019-07-09 15:54:02.88,2019,"Jul",2019-07-01,15,"Tuesday"
"2019/07/09","23:04:57.71","eq","l",2.88,"l",35.887,-117.65333,3.2,"A",38508519,94,3195,2019-07-09 23:04:57.71,76795,2019-07-09 16:04:57.71,2019,"Jul",2019-07-01,16,"Tuesday"
"2019/07/09","23:12:06.14","eq","l",2.54,"l",35.88983,-117.71483,6.2,"A",38508599,69,3027,2019-07-09 23:12:06.14,76805,2019-07-09 16:12:06.14,2019,"Jul",2019-07-01,16,"Tuesday"
"2019/07/09","23:16:01.95","eq","l",2.75,"l",35.89,-117.722,4.6,"A",38508655,66,3132,2019-07-09 23:16:01.95,76813,2019-07-09 16:16:01.95,2019,"Jul",2019-07-01,16,"Tuesday"
"2019/07/09","23:22:16.73","eq","l",2.7,"l",35.91117,-117.71667,2.6,"A",38508743,75,3120,2019-07-09 23:22:16.73,76822,2019-07-09 16:22:16.73,2019,"Jul",2019-07-01,16,"Tuesday"
"2019/07/09","23:44:07.22","eq","l",2.61,"l",36.059,-117.84967,2.1,"A",38508975,58,3024,2019-07-09 23:44:07.22,76846,2019-07-09 16:44:07.22,2019,"Jul",2019-07-01,16,"Tuesday"
"2019/07/09","23:52:13.31","eq","l",2.71,"l",35.721,-117.57317,9.5,"A",38509071,72,3195,2019-07-09 23:52:13.31,76857,2019-07-09 16:52:13.31,2019,"Jul",2019-07-01,16,"Tuesday"
"2019/07/10","00:21:22.45","eq","l",2.66,"l",35.87617,-117.67717,2.8,"A",38509359,103,3114,2019-07-10 00:21:22.45,76891,2019-07-09 17:21:22.45,2019,"Jul",2019-07-01,17,"Tuesday"
"2019/07/10","00:37:51.37","eq","l",2.52,"l",35.683,-117.52067,9.2,"A",38509543,76,3090,2019-07-10 00:37:51.37,76912,2019-07-09 17:37:51.37,2019,"Jul",2019-07-01,17,"Tuesday"
"2019/07/10","00:48:17.58","eq","l",4.07,"w",36.05717,-117.84717,1.7,"A",38509663,107,3351,2019-07-10 00:48:17.58,76925,2019-07-09 17:48:17.58,2019,"Jul",2019-07-01,17,"Tuesday"
"2019/07/10","00:53:25.75","eq","l",2.71,"l",36.0545,-117.85583,1.9,"A",38509695,81,3069,2019-07-10 00:53:25.75,76930,2019-07-09 17:53:25.75,2019,"Jul",2019-07-01,17,"Tuesday"
"2019/07/10","00:58:38.32","eq","l",2.88,"l",36.05917,-117.84683,2,"A",38509775,83,3135,2019-07-10 00:58:38.32,76939,2019-07-09 17:58:38.32,2019,"Jul",2019-07-01,17,"Tuesday"
"2019/07/10","01:43:02.63","eq","l",3.96,"w",35.9015,-117.69017,2.4,"A",38510319,124,3342,2019-07-10 01:43:02.63,77006,2019-07-09 18:43:02.63,2019,"Jul",2019-07-01,18,"Tuesday"
"2019/07/10","01:44:54.89","eq","l",2.56,"l",35.9065,-117.687,2.8,"A",38510335,54,3048,2019-07-10 01:44:54.89,77008,2019-07-09 18:44:54.89,2019,"Jul",2019-07-01,18,"Tuesday"
"2019/07/10","01:47:18.76","eq","l",2.93,"l",35.90717,-117.68933,2.5,"A",38510375,123,3207,2019-07-10 01:47:18.76,77012,2019-07-09 18:47:18.76,2019,"Jul",2019-07-01,18,"Tuesday"
"2019/07/10","01:58:59.18","eq","l",2.88,"l",35.34683,-117.93233,2,"A",38510495,92,3266,2019-07-10 01:58:59.18,77026,2019-07-09 18:58:59.18,2019,"Jul",2019-07-01,18,"Tuesday"
"2019/07/10","02:33:43.79","eq","l",2.59,"l",35.687,-117.52467,9.3,"A",38510943,85,3185,2019-07-10 02:33:43.79,77076,2019-07-09 19:33:43.79,2019,"Jul",2019-07-01,19,"Tuesday"
"2019/07/10","03:42:54.90","eq","l",3.61,"lr",35.64267,-117.44933,10.6,"A",38511719,151,3302,2019-07-10 03:42:54.9,77166,2019-07-09 20:42:54.9,2019,"Jul",2019-07-01,20,"Tuesday"
"2019/07/10","04:14:11.76","eq","l",3.06,"l",35.94333,-117.68183,3.6,"A",38512103,118,3221,2019-07-10 04:14:11.76,77214,2019-07-09 21:14:11.76,2019,"Jul",2019-07-01,21,"Tuesday"
"2019/07/10","06:20:05.78","eq","l",2.85,"l",36.1185,-117.88167,5.2,"A",38513463,76,3098,2019-07-10 06:20:05.78,77376,2019-07-09 23:20:05.78,2019,"Jul",2019-07-01,23,"Tuesday"
"2019/07/10","06:21:45.58","eq","l",2.56,"l",35.90817,-117.70817,2,"A",38513471,95,2999,2019-07-10 06:21:45.58,77380,2019-07-09 23:21:45.58,2019,"Jul",2019-07-01,23,"Tuesday"
"2019/07/10","06:24:16.01","eq","l",2.98,"l",36.05083,-117.85717,1.8,"A",38513511,101,3149,2019-07-10 06:24:16.01,77383,2019-07-09 23:24:16.01,2019,"Jul",2019-07-01,23,"Tuesday"
"2019/07/10","07:05:26.26","eq","l",3.69,"w",36.05617,-117.849,1.9,"A",38513943,125,3293,2019-07-10 07:05:26.26,77433,2019-07-10 00:05:26.26,2019,"Jul",2019-07-01,0,"Wednesday"
"2019/07/10","07:22:42.98","eq","l",3.08,"l",35.9405,-117.72083,2.8,"A",38514151,112,3230,2019-07-10 07:22:42.98,77458,2019-07-10 00:22:42.98,2019,"Jul",2019-07-01,0,"Wednesday"
"2019/07/10","07:23:28.62","eq","l",2.53,"l",35.82717,-117.6265,3.1,"A",38514159,78,3045,2019-07-10 07:23:28.62,77459,2019-07-10 00:23:28.62,2019,"Jul",2019-07-01,0,"Wednesday"
"2019/07/10","08:21:32.68","eq","l",2.89,"l",36.05867,-117.84583,2.1,"A",38514767,72,3116,2019-07-10 08:21:32.68,77531,2019-07-10 01:21:32.68,2019,"Jul",2019-07-01,1,"Wednesday"
"2019/07/10","08:51:33.57","eq","l",2.73,"l",35.6425,-117.5525,7.1,"A",38515111,95,3210,2019-07-10 08:51:33.57,77575,2019-07-10 01:51:33.57,2019,"Jul",2019-07-01,1,"Wednesday"
"2019/07/10","09:08:37.39","eq","l",2.73,"l",35.76633,-117.589,6.7,"A",38515279,105,3180,2019-07-10 09:08:37.39,77596,2019-07-10 02:08:37.39,2019,"Jul",2019-07-01,2,"Wednesday"
"2019/07/10","09:09:51.95","eq","l",2.55,"l",35.61633,-117.45767,8.1,"A",38515287,115,3135,2019-07-10 09:09:51.95,77597,2019-07-10 02:09:51.95,2019,"Jul",2019-07-01,2,"Wednesday"
"2019/07/10","09:13:35.44","eq","l",2.63,"l",35.72333,-117.547,8.5,"A",38515303,97,3135,2019-07-10 09:13:35.44,77599,2019-07-10 02:13:35.44,2019,"Jul",2019-07-01,2,"Wednesday"
"2019/07/10","09:21:18.02","eq","l",2.79,"l",35.78817,-117.6095,7.8,"A",38515407,122,3186,2019-07-10 09:21:18.02,77612,2019-07-10 02:21:18.02,2019,"Jul",2019-07-01,2,"Wednesday"
"2019/07/10","09:32:08.29","eq","l",3.25,"l",35.66267,-117.49733,4.4,"A",38515519,136,3278,2019-07-10 09:32:08.29,77626,2019-07-10 02:32:08.29,2019,"Jul",2019-07-01,2,"Wednesday"
"2019/07/10","09:45:52.74","eq","l",2.68,"l",35.8825,-117.70667,7.6,"A",38515663,89,3080,2019-07-10 09:45:52.74,77643,2019-07-10 02:45:52.74,2019,"Jul",2019-07-01,2,"Wednesday"
"2019/07/10","10:04:20.84","eq","l",3.16,"l",36.03067,-117.76133,3.6,"A",38515863,115,3225,2019-07-10 10:04:20.84,77668,2019-07-10 03:04:20.84,2019,"Jul",2019-07-01,3,"Wednesday"
"2019/07/10","10:13:09.65","eq","l",2.63,"l",35.62383,-117.57,5.9,"A",38515935,100,3083,2019-07-10 10:13:09.65,77676,2019-07-10 03:13:09.65,2019,"Jul",2019-07-01,3,"Wednesday"
"2019/07/10","10:18:29.00","eq","l",2.54,"l",35.77417,-117.5945,6.8,"A",38516007,97,3022,2019-07-10 10:18:29,77684,2019-07-10 03:18:29,2019,"Jul",2019-07-01,3,"Wednesday"
"2019/07/10","10:58:04.97","eq","l",3.45,"l",35.865,-117.6865,3,"A",38516463,130,3281,2019-07-10 10:58:04.97,77737,2019-07-10 03:58:04.97,2019,"Jul",2019-07-01,3,"Wednesday"
"2019/07/10","11:35:57.45","eq","l",2.67,"l",35.88967,-117.727,4,"A",38516879,95,1670,2019-07-10 11:35:57.45,77786,2019-07-10 04:35:57.45,2019,"Jul",2019-07-01,4,"Wednesday"
"2019/07/10","12:00:05.09","eq","l",3.81,"w",35.87583,-117.70767,5,"A",38517119,155,3312,2019-07-10 12:00:05.09,77814,2019-07-10 05:00:05.09,2019,"Jul",2019-07-01,5,"Wednesday"
"2019/07/10","12:00:34.65","eq","l",2.78,"l",35.877,-117.707,5.9,"A",38517127,57,3117,2019-07-10 12:00:34.65,77815,2019-07-10 05:00:34.65,2019,"Jul",2019-07-01,5,"Wednesday"
"2019/07/10","12:28:56.96","eq","l",4.18,"w",36.0495,-117.85667,1.9,"A",38517471,144,3314,2019-07-10 12:28:56.96,77858,2019-07-10 05:28:56.96,2019,"Jul",2019-07-01,5,"Wednesday"
"2019/07/10","12:49:26.81","eq","l",3.05,"l",36.05367,-117.84967,2,"A",38517703,112,3191,2019-07-10 12:49:26.81,77884,2019-07-10 05:49:26.81,2019,"Jul",2019-07-01,5,"Wednesday"
"2019/07/10","13:02:18.69","eq","l",3.2,"l",35.7235,-117.53233,9.3,"A",38517847,126,3275,2019-07-10 13:02:18.69,77902,2019-07-10 06:02:18.69,2019,"Jul",2019-07-01,6,"Wednesday"
"2019/07/10","13:10:02.40","eq","l",2.73,"l",35.89167,-117.70217,8.4,"A",38517919,100,3099,2019-07-10 13:10:02.4,77911,2019-07-10 06:10:02.4,2019,"Jul",2019-07-01,6,"Wednesday"
"2019/07/10","13:23:09.19","eq","l",3.43,"l",35.643,-117.48683,3.9,"A",38518087,119,3293,2019-07-10 13:23:09.19,77932,2019-07-10 06:23:09.19,2019,"Jul",2019-07-01,6,"Wednesday"
"2019/07/10","13:38:57.36","eq","l",3.26,"l",35.76683,-117.55733,9.9,"A",38518287,170,3275,2019-07-10 13:38:57.36,77956,2019-07-10 06:38:57.36,2019,"Jul",2019-07-01,6,"Wednesday"
"2019/07/10","14:03:18.34","eq","l",2.52,"l",35.8285,-117.678,8.4,"A",38518527,74,3024,2019-07-10 14:03:18.34,77982,2019-07-10 07:03:18.34,2019,"Jul",2019-07-01,7,"Wednesday"
"2019/07/10","14:53:06.08","eq","l",3.52,"w",36.046,-117.85983,1.8,"A",38519135,130,3297,2019-07-10 14:53:06.08,78053,2019-07-10 07:53:06.08,2019,"Jul",2019-07-01,7,"Wednesday"
"2019/07/10","14:54:00.38","eq","l",2.96,"l",36.049,-117.86583,1.9,"A",38519143,77,3159,2019-07-10 14:54:00.38,78054,2019-07-10 07:54:00.38,2019,"Jul",2019-07-01,7,"Wednesday"
"2019/07/10","15:01:56.14","eq","l",3.33,"l",35.87967,-117.68067,5,"A",38519223,73,3297,2019-07-10 15:01:56.14,78064,2019-07-10 08:01:56.14,2019,"Jul",2019-07-01,8,"Wednesday"
"2019/07/10","15:02:04.29","eq","l",3.56,"w",35.877,-117.68167,4.9,"A",38519231,77,3324,2019-07-10 15:02:04.29,78065,2019-07-10 08:02:04.29,2019,"Jul",2019-07-01,8,"Wednesday"
"2019/07/10","15:02:16.48","eq","l",2.71,"l",36.0455,-117.85983,0.8,"A",37486837,11,3063,2019-07-10 15:02:16.48,78066,2019-07-10 08:02:16.48,2019,"Jul",2019-07-01,8,"Wednesday"
"2019/07/10","15:09:24.60","eq","l",3.21,"l",35.66983,-117.513,8.8,"A",38519287,128,3318,2019-07-10 15:09:24.6,78072,2019-07-10 08:09:24.6,2019,"Jul",2019-07-01,8,"Wednesday"
"2019/07/10","15:52:32.25","eq","l",2.82,"l",35.563,-117.3605,9,"A",38519839,98,3282,2019-07-10 15:52:32.25,78129,2019-07-10 08:52:32.25,2019,"Jul",2019-07-01,8,"Wednesday"
"2019/07/10","16:01:38.21","eq","l",3.49,"l",35.8265,-117.65167,3.4,"A",38519951,124,3330,2019-07-10 16:01:38.21,78142,2019-07-10 09:01:38.21,2019,"Jul",2019-07-01,9,"Wednesday"
"2019/07/10","16:52:00.66","eq","l",2.8,"l",35.67717,-117.557,7.1,"A",38520447,107,3231,2019-07-10 16:52:00.66,78203,2019-07-10 09:52:00.66,2019,"Jul",2019-07-01,9,"Wednesday"
"2019/07/10","16:55:15.75","eq","l",2.81,"l",36.05117,-117.84883,2.3,"A",38520495,102,3114,2019-07-10 16:55:15.75,78209,2019-07-10 09:55:15.75,2019,"Jul",2019-07-01,9,"Wednesday"
"2019/07/10","16:56:55.18","eq","l",2.59,"l",36.04867,-117.84783,2.6,"A",38520503,91,3036,2019-07-10 16:56:55.18,78211,2019-07-10 09:56:55.18,2019,"Jul",2019-07-01,9,"Wednesday"
"2019/07/10","17:43:21.71","eq","l",2.92,"l",35.97883,-117.77867,5.4,"A",38521039,90,3174,2019-07-10 17:43:21.71,78272,2019-07-10 10:43:21.71,2019,"Jul",2019-07-01,10,"Wednesday"
"2019/07/10","17:46:15.81","eq","l",2.76,"l",35.6385,-117.4425,8.1,"A",38521087,103,3240,2019-07-10 17:46:15.81,78277,2019-07-10 10:46:15.81,2019,"Jul",2019-07-01,10,"Wednesday"
"2019/07/10","18:47:58.06","eq","l",2.53,"l",36.2165,-117.8625,1.5,"A",38521791,52,2948,2019-07-10 18:47:58.06,78359,2019-07-10 11:47:58.06,2019,"Jul",2019-07-01,11,"Wednesday"
"2019/07/10","18:49:01.42","eq","l",4.09,"w",36.16617,-117.8825,1.1,"A",38521799,132,3344,2019-07-10 18:49:01.42,78360,2019-07-10 11:49:01.42,2019,"Jul",2019-07-01,11,"Wednesday"
"2019/07/10","18:51:35.25","eq","l",3.7,"w",36.1695,-117.875,2.3,"A",38521815,118,3313,2019-07-10 18:51:35.25,78362,2019-07-10 11:51:35.25,2019,"Jul",2019-07-01,11,"Wednesday"
"2019/07/10","18:51:43.83","eq","l",3.51,"l",36.05533,-117.85417,7.8,"A",37265572,12,3304,2019-07-10 18:51:43.83,78363,2019-07-10 11:51:43.83,2019,"Jul",2019-07-01,11,"Wednesday"
"2019/07/10","18:53:24.76","eq","l",2.61,"l",36.1535,-117.87467,2.9,"A",38521823,54,2982,2019-07-10 18:53:24.76,78364,2019-07-10 11:53:24.76,2019,"Jul",2019-07-01,11,"Wednesday"
"2019/07/10","19:15:02.53","eq","l",3.25,"l",36.12133,-117.82867,2.6,"A",38522055,75,3249,2019-07-10 19:15:02.53,78392,2019-07-10 12:15:02.53,2019,"Jul",2019-07-01,12,"Wednesday"
"2019/07/10","19:15:14.92","eq","l",3.18,"l",35.34667,-117.9205,4.6,"A",37248948,50,3297,2019-07-10 19:15:14.92,78393,2019-07-10 12:15:14.92,2019,"Jul",2019-07-01,12,"Wednesday"
"2019/07/10","19:44:11.25","eq","l",2.67,"l",36.11817,-117.82683,2.5,"A",38522383,63,3032,2019-07-10 19:44:11.25,78432,2019-07-10 12:44:11.25,2019,"Jul",2019-07-01,12,"Wednesday"
"2019/07/10","20:09:51.95","eq","l",4.17,"w",35.66467,-117.52483,9.2,"A",38522647,167,3344,2019-07-10 20:09:51.95,78463,2019-07-10 13:09:51.95,2019,"Jul",2019-07-01,13,"Wednesday"
"2019/07/10","20:10:41.83","eq","l",2.68,"l",35.64783,-117.50483,3.5,"A",37421061,29,3185,2019-07-10 20:10:41.83,78464,2019-07-10 13:10:41.83,2019,"Jul",2019-07-01,13,"Wednesday"
"2019/07/10","20:39:45.48","eq","l",2.88,"l",35.61467,-117.46617,2.3,"A",38523023,84,3263,2019-07-10 20:39:45.48,78508,2019-07-10 13:39:45.48,2019,"Jul",2019-07-01,13,"Wednesday"
"2019/07/10","21:01:36.74","eq","l",2.79,"l",35.86467,-117.6915,5.7,"A",38523175,107,3164,2019-07-10 21:01:36.74,78528,2019-07-10 14:01:36.74,2019,"Jul",2019-07-01,14,"Wednesday"
"2019/07/10","21:40:58.42","eq","l",3.09,"l",35.57317,-117.52117,10.1,"A",38523567,122,3314,2019-07-10 21:40:58.42,78568,2019-07-10 14:40:58.42,2019,"Jul",2019-07-01,14,"Wednesday"
"2019/07/10","21:52:25.45","eq","l",2.94,"l",35.9115,-117.7075,2.7,"A",38523695,114,3233,2019-07-10 21:52:25.45,78583,2019-07-10 14:52:25.45,2019,"Jul",2019-07-01,14,"Wednesday"
"2019/07/10","22:15:48.26","eq","l",3.87,"w",36.17317,-117.8835,1,"A",38523943,119,3335,2019-07-10 22:15:48.26,78610,2019-07-10 15:15:48.26,2019,"Jul",2019-07-01,15,"Wednesday"
"2019/07/10","22:15:53.25","eq","l",3.66,"lr",36.17133,-117.88567,2,"A",37265580,28,3323,2019-07-10 22:15:53.25,78611,2019-07-10 15:15:53.25,2019,"Jul",2019-07-01,15,"Wednesday"
"2019/07/10","22:20:56.59","eq","l",2.8,"l",36.17517,-117.87383,2.9,"A",37486557,31,3065,2019-07-10 22:20:56.59,78618,2019-07-10 15:20:56.59,2019,"Jul",2019-07-01,15,"Wednesday"
"2019/07/10","22:21:56.12","eq","l",2.59,"l",35.669,-117.416,8.9,"A",38523999,79,3149,2019-07-10 22:21:56.12,78619,2019-07-10 15:21:56.12,2019,"Jul",2019-07-01,15,"Wednesday"
"2019/07/10","23:16:39.46","eq","l",2.66,"l",35.72067,-117.53817,8.3,"A",38524615,62,3171,2019-07-10 23:16:39.46,78692,2019-07-10 16:16:39.46,2019,"Jul",2019-07-01,16,"Wednesday"
"2019/07/10","23:30:55.04","eq","l",2.51,"l",36.07717,-117.83967,2,"A",38524775,75,2991,2019-07-10 23:30:55.04,78708,2019-07-10 16:30:55.04,2019,"Jul",2019-07-01,16,"Wednesday"
"2019/07/10","23:33:43.63","eq","l",2.94,"l",35.35833,-117.90017,1.8,"A",38524815,62,3302,2019-07-10 23:33:43.63,78713,2019-07-10 16:33:43.63,2019,"Jul",2019-07-01,16,"Wednesday"
"2019/07/10","23:34:13.69","eq","l",2.61,"l",35.67383,-117.51967,9.4,"A",38524823,59,3037,2019-07-10 23:34:13.69,78715,2019-07-10 16:34:13.69,2019,"Jul",2019-07-01,16,"Wednesday"
"2019/07/10","23:35:43.53","eq","l",3.01,"l",35.95617,-117.281,4.8,"A",38524831,108,3275,2019-07-10 23:35:43.53,78716,2019-07-10 16:35:43.53,2019,"Jul",2019-07-01,16,"Wednesday"
"2019/07/10","23:48:43.27","eq","l",3.29,"l",35.61817,-117.43983,6.8,"A",38524935,157,3329,2019-07-10 23:48:43.27,78729,2019-07-10 16:48:43.27,2019,"Jul",2019-07-01,16,"Wednesday"
"2019/07/10","23:58:59.20","eq","l",3.62,"w",35.67233,-117.48917,4.4,"A",38525047,169,3344,2019-07-10 23:58:59.2,78742,2019-07-10 16:58:59.2,2019,"Jul",2019-07-01,16,"Wednesday"
"2019/07/11","00:08:54.49","eq","l",3.05,"l",36.175,-117.88117,1.7,"A",38525143,121,3185,2019-07-11 00:08:54.49,78753,2019-07-10 17:08:54.49,2019,"Jul",2019-07-01,17,"Wednesday"
"2019/07/11","00:10:54.85","eq","l",2.54,"l",35.57367,-117.51917,10,"A",38525167,105,3174,2019-07-11 00:10:54.85,78755,2019-07-10 17:10:54.85,2019,"Jul",2019-07-01,17,"Wednesday"
"2019/07/11","00:11:41.62","eq","l",2.68,"l",36.15667,-117.86883,2.6,"A",38525175,90,3045,2019-07-11 00:11:41.62,78756,2019-07-10 17:11:41.62,2019,"Jul",2019-07-01,17,"Wednesday"
"2019/07/11","00:14:37.32","eq","l",4.52,"w",36.17667,-117.884,0.9,"A",38525207,168,3351,2019-07-11 00:14:37.32,78760,2019-07-10 17:14:37.32,2019,"Jul",2019-07-01,17,"Wednesday"
"2019/07/11","00:15:39.22","eq","l",4.37,"w",36.15367,-117.87633,2.1,"A",38525215,140,3357,2019-07-11 00:15:39.22,78762,2019-07-10 17:15:39.22,2019,"Jul",2019-07-01,17,"Wednesday"
"2019/07/11","00:20:19.93","eq","l",3.45,"l",36.179,-117.88517,0.8,"A",38525247,118,3285,2019-07-11 00:20:19.93,78767,2019-07-10 17:20:19.93,2019,"Jul",2019-07-01,17,"Wednesday"
"2019/07/11","00:35:44.32","eq","l",3.01,"l",35.88517,-117.71733,3.6,"A",38525407,120,3261,2019-07-11 00:35:44.32,78786,2019-07-10 17:35:44.32,2019,"Jul",2019-07-01,17,"Wednesday"
"2019/07/11","00:42:53.27","eq","l",3.07,"l",36.17817,-117.87767,2.3,"A",38525479,104,3171,2019-07-11 00:42:53.27,78795,2019-07-10 17:42:53.27,2019,"Jul",2019-07-01,17,"Wednesday"
"2019/07/11","00:46:09.53","eq","l",3.21,"l",36.04567,-117.72433,1.4,"A",38525495,126,3279,2019-07-11 00:46:09.53,78796,2019-07-10 17:46:09.53,2019,"Jul",2019-07-01,17,"Wednesday"
"2019/07/11","01:14:09.99","eq","l",2.75,"l",35.87017,-117.71117,3.5,"A",38525815,92,3162,2019-07-11 01:14:09.99,78830,2019-07-10 18:14:09.99,2019,"Jul",2019-07-01,18,"Wednesday"
"2019/07/11","01:21:50.78","eq","l",3.16,"l",36.03317,-117.85483,2.2,"A",38525895,119,3263,2019-07-11 01:21:50.78,78840,2019-07-10 18:21:50.78,2019,"Jul",2019-07-01,18,"Wednesday"
"2019/07/11","01:25:32.92","eq","l",2.53,"l",35.89383,-117.68317,4.2,"A",38525927,79,3030,2019-07-11 01:25:32.92,78844,2019-07-10 18:25:32.92,2019,"Jul",2019-07-01,18,"Wednesday"
"2019/07/11","02:35:22.45","eq","l",3.51,"w",35.94117,-117.721,2.4,"A",38526799,160,3322,2019-07-11 02:35:22.45,78948,2019-07-10 19:35:22.45,2019,"Jul",2019-07-01,19,"Wednesday"
"2019/07/11","02:57:36.49","eq","l",2.77,"l",35.87167,-117.67333,8.7,"A",38527079,63,368,2019-07-11 02:57:36.49,78981,2019-07-10 19:57:36.49,2019,"Jul",2019-07-01,19,"Wednesday"
"2019/07/11","03:19:24.59","eq","l",2.6,"l",36.1605,-117.871,2.6,"A",38527327,88,2982,2019-07-11 03:19:24.59,79008,2019-07-10 20:19:24.59,2019,"Jul",2019-07-01,20,"Wednesday"
"2019/07/11","03:45:53.45","eq","l",2.75,"l",36.05233,-117.8475,2.5,"A",38527655,98,3068,2019-07-11 03:45:53.45,79044,2019-07-10 20:45:53.45,2019,"Jul",2019-07-01,20,"Wednesday"
"2019/07/11","04:10:01.37","eq","l",4.3,"w",36.05633,-117.84883,2.1,"A",38527863,248,3344,2019-07-11 04:10:01.37,79070,2019-07-10 21:10:01.37,2019,"Jul",2019-07-01,21,"Wednesday"
"2019/07/11","04:15:35.51","eq","l",2.53,"l",35.93917,-117.7235,2.9,"A",38527919,71,3005,2019-07-11 04:15:35.51,79076,2019-07-10 21:15:35.51,2019,"Jul",2019-07-01,21,"Wednesday"
"2019/07/11","04:18:49.39","eq","l",3.45,"w",36.0595,-117.84833,2,"A",38527943,128,3296,2019-07-11 04:18:49.39,79079,2019-07-10 21:18:49.39,2019,"Jul",2019-07-01,21,"Wednesday"
"2019/07/11","04:29:54.39","eq","l",2.93,"l",36.18,-117.8795,2.2,"A",38528039,94,3119,2019-07-11 04:29:54.39,79089,2019-07-10 21:29:54.39,2019,"Jul",2019-07-01,21,"Wednesday"
"2019/07/11","04:32:13.23","eq","l",2.51,"l",35.67717,-117.55433,7.7,"A",38528047,82,3086,2019-07-11 04:32:13.23,79090,2019-07-10 21:32:13.23,2019,"Jul",2019-07-01,21,"Wednesday"
"2019/07/11","04:45:31.01","eq","l",3.57,"w",35.95583,-117.27883,4.7,"A",38528167,139,3314,2019-07-11 04:45:31.01,79105,2019-07-10 21:45:31.01,2019,"Jul",2019-07-01,21,"Wednesday"
"2019/07/11","04:46:25.21","eq","l",2.72,"l",35.955,-117.28133,5.2,"A",38528183,65,3191,2019-07-11 04:46:25.21,79106,2019-07-10 21:46:25.21,2019,"Jul",2019-07-01,21,"Wednesday"
"2019/07/11","04:46:44.52","eq","l",2.6,"l",35.96417,-117.27733,7.8,"A",38528191,65,3145,2019-07-11 04:46:44.52,79107,2019-07-10 21:46:44.52,2019,"Jul",2019-07-01,21,"Wednesday"
"2019/07/11","05:03:46.14","eq","l",3.55,"w",35.95383,-117.28033,4.9,"A",38528383,127,3299,2019-07-11 05:03:46.14,79130,2019-07-10 22:03:46.14,2019,"Jul",2019-07-01,22,"Wednesday"
"2019/07/11","05:42:37.50","eq","l",2.69,"l",35.64317,-117.4865,8.7,"A",38528791,101,3191,2019-07-11 05:42:37.5,79176,2019-07-10 22:42:37.5,2019,"Jul",2019-07-01,22,"Wednesday"
"2019/07/11","05:43:36.19","eq","l",2.8,"l",36.03383,-117.34967,3.1,"A",38528807,108,3134,2019-07-11 05:43:36.19,79178,2019-07-10 22:43:36.19,2019,"Jul",2019-07-01,22,"Wednesday"
"2019/07/11","05:52:32.87","eq","l",2.78,"l",35.88983,-117.696,3.4,"A",38528871,100,3134,2019-07-11 05:52:32.87,79185,2019-07-10 22:52:32.87,2019,"Jul",2019-07-01,22,"Wednesday"
"2019/07/11","07:04:05.96","eq","l",4.02,"w",36.17933,-117.883,1.5,"A",38529591,151,3323,2019-07-11 07:04:05.96,79268,2019-07-11 00:04:05.96,2019,"Jul",2019-07-01,0,"Thursday"
"2019/07/11","07:19:49.98","eq","l",3.53,"w",36.1795,-117.88433,2,"A",38529711,141,3281,2019-07-11 07:19:49.98,79282,2019-07-11 00:19:49.98,2019,"Jul",2019-07-01,0,"Thursday"
"2019/07/11","07:28:07.38","eq","l",2.87,"l",35.6095,-117.46467,9.4,"A",38529815,80,3248,2019-07-11 07:28:07.38,79292,2019-07-11 00:28:07.38,2019,"Jul",2019-07-01,0,"Thursday"
"2019/07/11","07:32:22.40","eq","l",2.58,"l",35.66917,-117.51,6,"A",38529847,109,3122,2019-07-11 07:32:22.4,79296,2019-07-11 00:32:22.4,2019,"Jul",2019-07-01,0,"Thursday"
"2019/07/11","07:55:56.46","eq","l",3.37,"l",35.66033,-117.46667,5.6,"A",38530047,147,3299,2019-07-11 07:55:56.46,79317,2019-07-11 00:55:56.46,2019,"Jul",2019-07-01,0,"Thursday"
"2019/07/11","08:48:02.34","eq","l",3.44,"l",35.895,-117.70517,8.5,"A",38530495,131,3290,2019-07-11 08:48:02.34,79367,2019-07-11 01:48:02.34,2019,"Jul",2019-07-01,1,"Thursday"
"2019/07/11","10:26:29.87","eq","l",3.48,"w",36.0465,-117.71883,1.1,"A",38531487,136,3293,2019-07-11 10:26:29.87,79484,2019-07-11 03:26:29.87,2019,"Jul",2019-07-01,3,"Thursday"
"2019/07/11","10:27:24.39","eq","l",3.13,"l",36.04717,-117.71717,1.4,"A",38531503,108,3236,2019-07-11 10:27:24.39,79485,2019-07-11 03:27:24.39,2019,"Jul",2019-07-01,3,"Thursday"
"2019/07/11","10:43:35.39","eq","l",3.55,"w",36.04417,-117.72317,1.5,"A",38531663,129,3317,2019-07-11 10:43:35.39,79505,2019-07-11 03:43:35.39,2019,"Jul",2019-07-01,3,"Thursday"
"2019/07/11","10:51:59.67","eq","l",2.63,"l",35.82617,-117.626,2.3,"A",38531703,99,3080,2019-07-11 10:51:59.67,79510,2019-07-11 03:51:59.67,2019,"Jul",2019-07-01,3,"Thursday"
"2019/07/11","10:59:45.82","eq","l",3.67,"w",35.94233,-117.37733,1.7,"A",38531775,149,3314,2019-07-11 10:59:45.82,79517,2019-07-11 03:59:45.82,2019,"Jul",2019-07-01,3,"Thursday"
"2019/07/11","11:16:43.24","eq","l",2.77,"l",35.71017,-117.4965,4.9,"A",38531895,115,3215,2019-07-11 11:16:43.24,79531,2019-07-11 04:16:43.24,2019,"Jul",2019-07-01,4,"Thursday"
"2019/07/11","11:17:27.63","eq","l",3.17,"l",36.15533,-117.8805,1.4,"A",38531903,91,3236,2019-07-11 11:17:27.63,79532,2019-07-11 04:17:27.63,2019,"Jul",2019-07-01,4,"Thursday"
"2019/07/11","11:36:16.60","eq","l",3.53,"w",35.618,-117.42067,4.8,"A",38532079,121,3329,2019-07-11 11:36:16.6,79553,2019-07-11 04:36:16.6,2019,"Jul",2019-07-01,4,"Thursday"
"2019/07/11","11:37:33.84","eq","l",2.84,"l",35.62033,-117.42317,4.4,"A",38532095,78,3257,2019-07-11 11:37:33.84,79555,2019-07-11 04:37:33.84,2019,"Jul",2019-07-01,4,"Thursday"
"2019/07/11","11:39:37.95","eq","l",2.71,"l",36.187,-117.89067,0.5,"A",38532119,87,3008,2019-07-11 11:39:37.95,79558,2019-07-11 04:39:37.95,2019,"Jul",2019-07-01,4,"Thursday"
"2019/07/11","12:07:56.16","eq","l",2.59,"l",35.54283,-117.3835,5.2,"A",38532399,100,3170,2019-07-11 12:07:56.16,79591,2019-07-11 05:07:56.16,2019,"Jul",2019-07-01,5,"Thursday"
"2019/07/11","12:20:04.63","eq","l",3,"l",36.08333,-117.87833,1.5,"A",38532479,98,3161,2019-07-11 12:20:04.63,79600,2019-07-11 05:20:04.63,2019,"Jul",2019-07-01,5,"Thursday"
"2019/07/11","12:20:42.28","eq","l",3.52,"w",35.94033,-117.38033,2.2,"A",38532487,136,3299,2019-07-11 12:20:42.28,79601,2019-07-11 05:20:42.28,2019,"Jul",2019-07-01,5,"Thursday"
"2019/07/11","12:21:53.18","eq","l",2.73,"l",35.93933,-117.38267,2,"A",38532503,90,3134,2019-07-11 12:21:53.18,79602,2019-07-11 05:21:53.18,2019,"Jul",2019-07-01,5,"Thursday"
"2019/07/11","12:54:11.37","eq","l",2.72,"l",36.17883,-117.87967,3,"A",38532823,58,3002,2019-07-11 12:54:11.37,79639,2019-07-11 05:54:11.37,2019,"Jul",2019-07-01,5,"Thursday"
"2019/07/11","13:13:13.51","eq","l",3.11,"l",35.81633,-117.64367,6.3,"A",38532975,139,3269,2019-07-11 13:13:13.51,79658,2019-07-11 06:13:13.51,2019,"Jul",2019-07-01,6,"Thursday"
"2019/07/11","14:05:51.98","eq","l",2.56,"l",35.944,-117.3725,3.3,"A",38533423,61,3026,2019-07-11 14:05:51.98,79703,2019-07-11 07:05:51.98,2019,"Jul",2019-07-01,7,"Thursday"
"2019/07/11","14:24:19.13","eq","l",2.52,"l",35.94083,-117.37717,2.8,"A",38533551,55,3014,2019-07-11 14:24:19.13,79716,2019-07-11 07:24:19.13,2019,"Jul",2019-07-01,7,"Thursday"
"2019/07/11","14:47:59.43","eq","l",2.52,"l",35.58583,-117.35583,4.8,"A",38533759,85,3156,2019-07-11 14:47:59.43,79740,2019-07-11 07:47:59.43,2019,"Jul",2019-07-01,7,"Thursday"
"2019/07/11","15:16:12.66","eq","l",2.75,"l",35.932,-117.6785,3.6,"A",38534095,94,3126,2019-07-11 15:16:12.66,79775,2019-07-11 08:16:12.66,2019,"Jul",2019-07-01,8,"Thursday"
"2019/07/11","15:22:51.54","eq","l",2.66,"l",36.153,-117.8745,2.5,"A",38534167,102,3060,2019-07-11 15:22:51.54,79782,2019-07-11 08:22:51.54,2019,"Jul",2019-07-01,8,"Thursday"
"2019/07/11","15:32:52.26","eq","l",3.87,"w",36.1565,-117.87683,2.3,"A",38534255,149,3330,2019-07-11 15:32:52.26,79793,2019-07-11 08:32:52.26,2019,"Jul",2019-07-01,8,"Thursday"
"2019/07/11","15:51:06.40","eq","l",3.31,"l",36.18283,-117.88133,1.6,"A",38534415,122,3285,2019-07-11 15:51:06.4,79807,2019-07-11 08:51:06.4,2019,"Jul",2019-07-01,8,"Thursday"
"2019/07/11","16:19:08.76","eq","l",3.72,"w",36.18233,-117.88417,1,"A",38534591,133,3315,2019-07-11 16:19:08.76,79828,2019-07-11 09:19:08.76,2019,"Jul",2019-07-01,9,"Thursday"
"2019/07/11","16:41:08.50","eq","l",3.53,"w",35.70333,-117.50617,2.5,"A",38534735,164,3336,2019-07-11 16:41:08.5,79845,2019-07-11 09:41:08.5,2019,"Jul",2019-07-01,9,"Thursday"
"2019/07/11","17:23:24.92","eq","l",2.62,"l",35.93683,-117.6895,2.8,"A",38535135,61,3093,2019-07-11 17:23:24.92,79892,2019-07-11 10:23:24.92,2019,"Jul",2019-07-01,10,"Thursday"
"2019/07/11","17:31:04.06","eq","l",3.1,"l",35.95883,-117.48017,1.9,"A",38535183,113,3285,2019-07-11 17:31:04.06,79897,2019-07-11 10:31:04.06,2019,"Jul",2019-07-01,10,"Thursday"
"2019/07/11","17:47:53.48","eq","l",2.6,"l",35.86567,-117.741,8.9,"A",38535359,86,3090,2019-07-11 17:47:53.48,79915,2019-07-11 10:47:53.48,2019,"Jul",2019-07-01,10,"Thursday"
"2019/07/11","18:12:25.80","eq","l",2.53,"l",35.95817,-117.47417,1.5,"A",38535535,76,3017,2019-07-11 18:12:25.8,79936,2019-07-11 11:12:25.8,2019,"Jul",2019-07-01,11,"Thursday"
"2019/07/11","19:07:33.85","eq","l",2.58,"l",36.18733,-117.879,2,"A",38536071,102,3021,2019-07-11 19:07:33.85,80003,2019-07-11 12:07:33.85,2019,"Jul",2019-07-01,12,"Thursday"
"2019/07/11","19:13:33.21","eq","l",2.64,"l",36.04533,-117.71683,1.7,"A",38536159,56,3051,2019-07-11 19:13:33.21,80015,2019-07-11 12:13:33.21,2019,"Jul",2019-07-01,12,"Thursday"
"2019/07/11","19:14:57.41","eq","l",2.7,"l",35.94533,-117.373,3,"A",38536167,83,3141,2019-07-11 19:14:57.41,80016,2019-07-11 12:14:57.41,2019,"Jul",2019-07-01,12,"Thursday"
"2019/07/11","19:50:54.04","eq","l",2.77,"l",35.85267,-117.67217,8.7,"A",38536527,88,3183,2019-07-11 19:50:54.04,80054,2019-07-11 12:50:54.04,2019,"Jul",2019-07-01,12,"Thursday"
"2019/07/11","21:36:39.48","eq","l",2.67,"l",35.72817,-117.54717,8.1,"A",38537591,73,3187,2019-07-11 21:36:39.48,80174,2019-07-11 14:36:39.48,2019,"Jul",2019-07-01,14,"Thursday"
"2019/07/11","21:42:43.38","eq","l",2.54,"l",36.19117,-117.891,1.6,"A",38537679,62,2964,2019-07-11 21:42:43.38,80184,2019-07-11 14:42:43.38,2019,"Jul",2019-07-01,14,"Thursday"
"2019/07/11","22:37:57.21","eq","l",2.65,"l",36.18617,-117.88833,1.4,"A",38538263,59,3021,2019-07-11 22:37:57.21,80251,2019-07-11 15:37:57.21,2019,"Jul",2019-07-01,15,"Thursday"
"2019/07/11","22:50:28.25","eq","l",2.51,"l",35.87467,-117.6985,5.2,"A",38538375,80,1300,2019-07-11 22:50:28.25,80265,2019-07-11 15:50:28.25,2019,"Jul",2019-07-01,15,"Thursday"
"2019/07/11","23:21:12.66","eq","l",2.57,"l",36.18283,-117.89083,1,"A",38538751,59,3004,2019-07-11 23:21:12.66,80309,2019-07-11 16:21:12.66,2019,"Jul",2019-07-01,16,"Thursday"
"2019/07/11","23:37:27.31","eq","l",2.96,"l",35.93533,-117.74467,2.1,"A",38538911,118,3277,2019-07-11 23:37:27.31,80326,2019-07-11 16:37:27.31,2019,"Jul",2019-07-01,16,"Thursday"
"2019/07/11","23:45:18.67","eq","l",4.14,"w",35.95,-117.703,4.3,"A",38538991,164,3405,2019-07-11 23:45:18.67,80335,2019-07-11 16:45:18.67,2019,"Jul",2019-07-01,16,"Thursday"
"2019/07/11","23:47:01.44","eq","l",2.57,"l",35.55267,-117.32833,6.1,"A",38538999,72,3228,2019-07-11 23:47:01.44,80336,2019-07-11 16:47:01.44,2019,"Jul",2019-07-01,16,"Thursday"
"2019/07/11","23:51:08.98","eq","l",3.46,"l",35.53967,-117.38633,5,"A",38539031,147,3372,2019-07-11 23:51:08.98,80340,2019-07-11 16:51:08.98,2019,"Jul",2019-07-01,16,"Thursday"
"2019/07/11","23:52:32.22","eq","l",3.64,"w",35.94633,-117.6985,4.8,"A",38539039,144,3372,2019-07-11 23:52:32.22,80341,2019-07-11 16:52:32.22,2019,"Jul",2019-07-01,16,"Thursday"
"2019/07/12","00:08:06.69","eq","l",3.21,"l",35.94483,-117.37267,2.7,"A",38539215,136,3333,2019-07-12 00:08:06.69,80364,2019-07-11 17:08:06.69,2019,"Jul",2019-07-01,17,"Thursday"
"2019/07/12","01:24:08.76","eq","l",2.89,"l",36.03167,-117.348,3.9,"A",38540023,106,3239,2019-07-12 01:24:08.76,80456,2019-07-11 18:24:08.76,2019,"Jul",2019-07-01,18,"Thursday"
"2019/07/12","02:18:30.09","eq","l",3.65,"w",36.1815,-117.88433,1.5,"A",38540647,137,3342,2019-07-12 02:18:30.09,80528,2019-07-11 19:18:30.09,2019,"Jul",2019-07-01,19,"Thursday"
"2019/07/12","02:24:38.62","eq","l",2.51,"l",35.68533,-117.5475,5.2,"A",38540687,78,3116,2019-07-12 02:24:38.62,80533,2019-07-11 19:24:38.62,2019,"Jul",2019-07-01,19,"Thursday"
"2019/07/12","02:45:22.63","eq","l",2.61,"l",36.189,-117.88133,1.9,"A",38540879,71,3026,2019-07-12 02:45:22.63,80553,2019-07-11 19:45:22.63,2019,"Jul",2019-07-01,19,"Thursday"
"2019/07/12","03:26:23.51","eq","l",3.05,"l",35.86817,-117.70433,5.6,"A",38541351,110,3290,2019-07-12 03:26:23.51,80605,2019-07-11 20:26:23.51,2019,"Jul",2019-07-01,20,"Thursday"
"2019/07/12","03:27:53.69","eq","l",3.94,"w",35.9395,-117.37883,1.9,"A",38541359,154,3359,2019-07-12 03:27:53.69,80606,2019-07-11 20:27:53.69,2019,"Jul",2019-07-01,20,"Thursday"
"2019/07/12","03:32:17.42","eq","l",3.21,"l",35.88817,-117.724,4.9,"A",38541391,146,3308,2019-07-12 03:32:17.42,80611,2019-07-11 20:32:17.42,2019,"Jul",2019-07-01,20,"Thursday"
"2019/07/12","04:11:59.86","eq","l",3.24,"l",36.183,-117.8855,1.9,"A",38541743,134,3275,2019-07-12 04:11:59.86,80653,2019-07-11 21:11:59.86,2019,"Jul",2019-07-01,21,"Thursday"
"2019/07/12","04:30:14.53","eq","l",2.94,"l",35.69617,-117.5245,8.2,"A",38541847,132,3302,2019-07-12 04:30:14.53,80661,2019-07-11 21:30:14.53,2019,"Jul",2019-07-01,21,"Thursday"
"2019/07/12","04:46:24.17","eq","l",2.64,"l",35.94167,-117.3745,1.9,"A",38542039,94,3101,2019-07-12 04:46:24.17,80683,2019-07-11 21:46:24.17,2019,"Jul",2019-07-01,21,"Thursday"
"2019/07/12","05:59:00.43","eq","l",2.54,"l",36.07517,-117.84283,1.8,"A",38542959,70,3009,2019-07-12 05:59:00.43,80789,2019-07-11 22:59:00.43,2019,"Jul",2019-07-01,22,"Thursday"
"2019/07/12","06:49:05.39","eq","l",2.76,"l",35.61883,-117.419,6.5,"A",38543543,81,3269,2019-07-12 06:49:05.39,80858,2019-07-11 23:49:05.39,2019,"Jul",2019-07-01,23,"Thursday"
"2019/07/12","07:37:19.12","eq","l",2.52,"l",35.67583,-117.528,9.5,"A",37344940,89,3125,2019-07-12 07:37:19.12,80930,2019-07-12 00:37:19.12,2019,"Jul",2019-07-01,0,"Friday"
"2019/07/12","07:55:00.18","eq","l",2.69,"l",36.20383,-117.8965,1.9,"A",38544303,53,3047,2019-07-12 07:55:00.18,80952,2019-07-12 00:55:00.18,2019,"Jul",2019-07-01,0,"Friday"
"2019/07/12","07:56:02.97","eq","l",3.03,"l",35.5485,-117.3745,4.8,"A",38544311,137,3332,2019-07-12 07:56:02.97,80953,2019-07-12 00:56:02.97,2019,"Jul",2019-07-01,0,"Friday"
"2019/07/12","07:56:25.62","eq","l",2.74,"l",35.7085,-117.52683,10.4,"A",38544319,65,3263,2019-07-12 07:56:25.62,80954,2019-07-12 00:56:25.62,2019,"Jul",2019-07-01,0,"Friday"
"2019/07/12","09:27:56.98","eq","l",2.77,"l",35.6635,-117.46667,10.3,"A",38545455,97,3257,2019-07-12 09:27:56.98,81088,2019-07-12 02:27:56.98,2019,"Jul",2019-07-01,2,"Friday"
"2019/07/12","11:00:52.82","eq","l",2.51,"l",35.8575,-117.699,6,"A",38546639,89,3017,2019-07-12 11:00:52.82,81230,2019-07-12 04:00:52.82,2019,"Jul",2019-07-01,4,"Friday"
"2019/07/12","11:02:09.01","eq","l",2.91,"l",35.70367,-117.54633,4.5,"A",38546663,91,3275,2019-07-12 11:02:09.01,81232,2019-07-12 04:02:09.01,2019,"Jul",2019-07-01,4,"Friday"
"2019/07/12","12:24:33.72","eq","l",2.53,"l",36.19983,-117.89,1.8,"A",38547759,66,2957,2019-07-12 12:24:33.72,81366,2019-07-12 05:24:33.72,2019,"Jul",2019-07-01,5,"Friday"
"2019/07/12","13:00:15.53","eq","l",2.57,"l",35.941,-117.69967,3.7,"A",38548143,68,3028,2019-07-12 13:00:15.53,81411,2019-07-12 06:00:15.53,2019,"Jul",2019-07-01,6,"Friday"
"2019/07/12","13:11:37.99","eq","l",4.9,"w",35.63683,-117.58617,9.5,"A",38548295,217,3367,2019-07-12 13:11:37.99,81428,2019-07-12 06:11:37.99,2019,"Jul",2019-07-01,6,"Friday"
"2019/07/12","13:12:11.93","eq","l",3.49,"lr",35.629,-117.597,9.4,"A",37266364,38,3346,2019-07-12 13:12:11.93,81429,2019-07-12 06:12:11.93,2019,"Jul",2019-07-01,6,"Friday"
"2019/07/12","13:12:22.02","eq","l",3.22,"l",35.63917,-117.5825,9.8,"A",37266372,30,3319,2019-07-12 13:12:22.02,81430,2019-07-12 06:12:22.02,2019,"Jul",2019-07-01,6,"Friday"
"2019/07/12","13:12:44.26","eq","l",2.96,"l",35.63033,-117.58617,9.3,"A",37266380,33,3304,2019-07-12 13:12:44.26,81431,2019-07-12 06:12:44.26,2019,"Jul",2019-07-01,6,"Friday"
"2019/07/12","13:13:19.22","eq","l",2.86,"l",35.63833,-117.5845,10.4,"A",38548311,69,3277,2019-07-12 13:13:19.22,81432,2019-07-12 06:13:19.22,2019,"Jul",2019-07-01,6,"Friday"
"2019/07/12","13:13:33.96","eq","l",2.69,"l",35.62983,-117.5965,9.3,"A",38548319,28,3271,2019-07-12 13:13:33.96,81433,2019-07-12 06:13:33.96,2019,"Jul",2019-07-01,6,"Friday"
"2019/07/12","16:17:22.85","eq","l",2.75,"l",35.52783,-117.4875,7.1,"A",38550119,80,3288,2019-07-12 16:17:22.85,81632,2019-07-12 09:17:22.85,2019,"Jul",2019-07-01,9,"Friday"
"2019/07/12","16:42:41.65","eq","l",2.71,"l",35.71617,-117.55967,6.6,"A",38550319,83,3225,2019-07-12 16:42:41.65,81655,2019-07-12 09:42:41.65,2019,"Jul",2019-07-01,9,"Friday"
"2019/07/12","18:02:01.97","eq","l",2.6,"l",35.57283,-117.35633,3.3,"A",38551111,93,3227,2019-07-12 18:02:01.97,81751,2019-07-12 11:02:01.97,2019,"Jul",2019-07-01,11,"Friday"
"2019/07/12","19:15:30.56","eq","l",2.81,"l",35.927,-117.70717,3.8,"A",38551727,91,3207,2019-07-12 19:15:30.56,81823,2019-07-12 12:15:30.56,2019,"Jul",2019-07-01,12,"Friday"
"2019/07/12","19:57:59.66","eq","l",2.85,"l",35.95783,-117.74567,1.8,"A",38552039,77,3194,2019-07-12 19:57:59.66,81861,2019-07-12 12:57:59.66,2019,"Jul",2019-07-01,12,"Friday"
"2019/07/12","20:33:26.05","eq","l",2.53,"l",35.82317,-117.64517,2.1,"A",38552239,84,3092,2019-07-12 20:33:26.05,81882,2019-07-12 13:33:26.05,2019,"Jul",2019-07-01,13,"Friday"
"2019/07/12","20:47:32.06","eq","l",2.65,"l",36.10367,-117.82317,2.2,"A",38552295,90,3062,2019-07-12 20:47:32.06,81889,2019-07-12 13:47:32.06,2019,"Jul",2019-07-01,13,"Friday"
"2019/07/12","23:23:38.83","eq","l",3.18,"l",35.6855,-117.52183,8,"A",38553255,146,3341,2019-07-12 23:23:38.83,81996,2019-07-12 16:23:38.83,2019,"Jul",2019-07-01,16,"Friday"
"2019/07/12","23:33:09.45","eq","l",2.5,"l",35.63283,-117.54833,6,"A",38553303,92,3136,2019-07-12 23:33:09.45,82002,2019-07-12 16:33:09.45,2019,"Jul",2019-07-01,16,"Friday"
"2019/07/13","00:36:16.70","eq","l",2.66,"l",35.76033,-117.58867,4.2,"A",37471037,76,3180,2019-07-13 00:36:16.7,82078,2019-07-12 17:36:16.7,2019,"Jul",2019-07-01,17,"Friday"
"2019/07/13","01:10:11.80","eq","l",2.59,"l",35.9145,-117.72067,8.7,"A",38553895,77,3106,2019-07-13 01:10:11.8,82119,2019-07-12 18:10:11.8,2019,"Jul",2019-07-01,18,"Friday"
"2019/07/13","01:16:52.48","eq","l",3.28,"l",35.75183,-117.56733,8.8,"A",38553919,159,3351,2019-07-13 01:16:52.48,82123,2019-07-12 18:16:52.48,2019,"Jul",2019-07-01,18,"Friday"
"2019/07/13","02:06:22.66","eq","l",2.52,"l",35.72183,-117.56017,10.7,"A",38554295,93,3119,2019-07-13 02:06:22.66,82167,2019-07-12 19:06:22.66,2019,"Jul",2019-07-01,19,"Friday"
"2019/07/13","02:47:44.24","eq","l",2.8,"l",35.66267,-117.54,9.2,"A",38554623,91,3269,2019-07-13 02:47:44.24,82205,2019-07-12 19:47:44.24,2019,"Jul",2019-07-01,19,"Friday"
"2019/07/13","03:39:41.17","eq","l",2.52,"l",35.93183,-117.70317,4.2,"A",38554943,74,3021,2019-07-13 03:39:41.17,82236,2019-07-12 20:39:41.17,2019,"Jul",2019-07-01,20,"Friday"
"2019/07/13","04:03:09.60","eq","l",2.72,"l",35.6925,-117.53083,9.7,"A",38555079,97,3228,2019-07-13 04:03:09.6,82248,2019-07-12 21:03:09.6,2019,"Jul",2019-07-01,21,"Friday"
"2019/07/13","06:12:17.34","eq","l",2.94,"l",35.668,-117.4785,8.3,"A",38555951,138,3309,2019-07-13 06:12:17.34,82341,2019-07-12 23:12:17.34,2019,"Jul",2019-07-01,23,"Friday"
"2019/07/13","06:24:44.71","eq","l",2.9,"l",35.7835,-117.56967,10.8,"A",38556047,92,3276,2019-07-13 06:24:44.71,82353,2019-07-12 23:24:44.71,2019,"Jul",2019-07-01,23,"Friday"
"2019/07/13","07:10:30.51","eq","l",2.55,"l",35.86717,-117.68383,8.2,"A",38556391,92,3063,2019-07-13 07:10:30.51,82394,2019-07-13 00:10:30.51,2019,"Jul",2019-07-01,0,"Saturday"
"2019/07/13","07:40:04.07","eq","l",2.55,"l",35.65317,-117.54433,7.4,"A",38556607,93,3171,2019-07-13 07:40:04.07,82418,2019-07-13 00:40:04.07,2019,"Jul",2019-07-01,0,"Saturday"
"2019/07/13","08:19:31.01","eq","l",2.65,"l",35.86067,-117.68683,9.7,"A",38556887,92,3126,2019-07-13 08:19:31.01,82452,2019-07-13 01:19:31.01,2019,"Jul",2019-07-01,1,"Saturday"
"2019/07/13","10:25:19.03","eq","l",3.83,"w",35.94217,-117.37367,3.1,"A",38557895,150,3357,2019-07-13 10:25:19.03,82570,2019-07-13 03:25:19.03,2019,"Jul",2019-07-01,3,"Saturday"
"2019/07/13","10:26:12.97","eq","l",2.6,"l",35.59983,-117.40833,8.6,"A",38557903,72,3273,2019-07-13 10:26:12.97,82571,2019-07-13 03:26:12.97,2019,"Jul",2019-07-01,3,"Saturday"
"2019/07/13","11:15:22.68","eq","l",2.92,"l",35.87383,-117.67867,5.6,"A",38558135,111,3264,2019-07-13 11:15:22.68,82595,2019-07-13 04:15:22.68,2019,"Jul",2019-07-01,4,"Saturday"
"2019/07/13","11:22:38.59","eq","l",2.92,"l",35.86367,-117.6865,8.6,"A",38558175,109,3252,2019-07-13 11:22:38.59,82600,2019-07-13 04:22:38.59,2019,"Jul",2019-07-01,4,"Saturday"
"2019/07/13","11:42:27.49","eq","l",2.57,"l",36.08483,-117.82167,2.9,"A",38558271,89,2988,2019-07-13 11:42:27.49,82608,2019-07-13 04:42:27.49,2019,"Jul",2019-07-01,4,"Saturday"
"2019/07/13","11:45:20.98","eq","l",3.16,"l",35.63483,-117.429,4.7,"A",38558295,148,3333,2019-07-13 11:45:20.98,82611,2019-07-13 04:45:20.98,2019,"Jul",2019-07-01,4,"Saturday"
"2019/07/13","12:44:25.81","eq","l",3.08,"l",35.9275,-117.694,4.5,"A",38558607,121,3279,2019-07-13 12:44:25.81,82645,2019-07-13 05:44:25.81,2019,"Jul",2019-07-01,5,"Saturday"
"2019/07/13","14:21:54.35","eq","l",2.53,"l",35.66383,-117.47483,2.9,"A",38559191,88,3123,2019-07-13 14:21:54.35,82698,2019-07-13 07:21:54.35,2019,"Jul",2019-07-01,7,"Saturday"
"2019/07/13","14:34:41.54","eq","l",3.17,"l",35.917,-117.6705,3.5,"A",38559263,116,3319,2019-07-13 14:34:41.54,82704,2019-07-13 07:34:41.54,2019,"Jul",2019-07-01,7,"Saturday"
"2019/07/13","14:54:30.43","eq","l",3.2,"l",35.60833,-117.41667,8.7,"A",38559367,141,3358,2019-07-13 14:54:30.43,82715,2019-07-13 07:54:30.43,2019,"Jul",2019-07-01,7,"Saturday"
"2019/07/13","15:35:32.18","eq","l",2.83,"l",35.5985,-117.43167,7.6,"A",38559615,98,3304,2019-07-13 15:35:32.18,82739,2019-07-13 08:35:32.18,2019,"Jul",2019-07-01,8,"Saturday"
"2019/07/13","18:14:34.49","eq","l",2.74,"l",36.20567,-117.8815,0.9,"A",38560551,69,3060,2019-07-13 18:14:34.49,82834,2019-07-13 11:14:34.49,2019,"Jul",2019-07-01,11,"Saturday"
"2019/07/13","18:24:47.68","eq","l",2.55,"l",36.11217,-117.83967,2.6,"A",38560631,50,2995,2019-07-13 18:24:47.68,82843,2019-07-13 11:24:47.68,2019,"Jul",2019-07-01,11,"Saturday"
"2019/07/13","18:25:08.41","eq","l",2.79,"l",35.7095,-117.59117,7.5,"A",38560639,89,3249,2019-07-13 18:25:08.41,82844,2019-07-13 11:25:08.41,2019,"Jul",2019-07-01,11,"Saturday"
"2019/07/13","19:06:15.51","eq","l",3.34,"l",35.69417,-117.535,9.2,"A",38560831,175,3373,2019-07-13 19:06:15.51,82860,2019-07-13 12:06:15.51,2019,"Jul",2019-07-01,12,"Saturday"
"2019/07/13","20:41:00.26","eq","l",2.55,"l",35.67333,-117.56467,7.2,"A",38561247,87,3156,2019-07-13 20:41:00.26,82903,2019-07-13 13:41:00.26,2019,"Jul",2019-07-01,13,"Saturday"
"2019/07/13","22:05:12.40","eq","l",3.08,"l",35.52433,-117.38,8.4,"A",38561631,133,3348,2019-07-13 22:05:12.4,82935,2019-07-13 15:05:12.4,2019,"Jul",2019-07-01,15,"Saturday"
"2019/07/13","22:58:40.48","eq","l",3.49,"lr",35.6865,-117.5435,5.4,"A",38561839,155,3372,2019-07-13 22:58:40.48,82950,2019-07-13 15:58:40.48,2019,"Jul",2019-07-01,15,"Saturday"
"2019/07/13","23:03:35.85","eq","l",3.24,"l",35.93633,-117.69633,3.5,"A",38561855,142,3339,2019-07-13 23:03:35.85,82952,2019-07-13 16:03:35.85,2019,"Jul",2019-07-01,16,"Saturday"
"2019/07/13","23:11:51.28","eq","l",2.79,"l",35.5855,-117.358,4.7,"A",38561879,103,3306,2019-07-13 23:11:51.28,82955,2019-07-13 16:11:51.28,2019,"Jul",2019-07-01,16,"Saturday"
"2019/07/14","00:43:06.12","eq","l",2.55,"l",36.18733,-117.88983,2.4,"A",38562239,61,3003,2019-07-14 00:43:06.12,82987,2019-07-13 17:43:06.12,2019,"Jul",2019-07-01,17,"Saturday"
"2019/07/14","02:28:17.65","eq","l",2.68,"l",35.7885,-117.61383,5.2,"A",38562719,85,3185,2019-07-14 02:28:17.65,83030,2019-07-13 19:28:17.65,2019,"Jul",2019-07-01,19,"Saturday"
"2019/07/14","03:40:35.70","eq","l",2.5,"l",35.8785,-117.6885,8.8,"A",38563167,79,3027,2019-07-14 03:40:35.7,83081,2019-07-13 20:40:35.7,2019,"Jul",2019-07-01,20,"Saturday"
"2019/07/14","03:48:50.42","eq","l",2.73,"l",35.6005,-117.432,2.6,"A",38563263,84,3243,2019-07-14 03:48:50.42,83092,2019-07-13 20:48:50.42,2019,"Jul",2019-07-01,20,"Saturday"
"2019/07/14","05:26:24.30","eq","l",3.09,"l",35.97517,-117.669,3,"A",38563839,127,3285,2019-07-14 05:26:24.3,83155,2019-07-13 22:26:24.3,2019,"Jul",2019-07-01,22,"Saturday"
"2019/07/14","05:35:33.14","eq","l",2.7,"l",35.62567,-117.43467,3.9,"A",38563879,80,3249,2019-07-14 05:35:33.14,83159,2019-07-13 22:35:33.14,2019,"Jul",2019-07-01,22,"Saturday"
"2019/07/14","05:35:40.06","eq","l",2.63,"l",35.62817,-117.434,3.5,"A",37479469,31,3216,2019-07-14 05:35:40.06,83160,2019-07-13 22:35:40.06,2019,"Jul",2019-07-01,22,"Saturday"
"2019/07/14","06:03:17.28","eq","l",3.4,"l",35.97817,-117.668,3,"A",38564023,154,3323,2019-07-14 06:03:17.28,83177,2019-07-13 23:03:17.28,2019,"Jul",2019-07-01,23,"Saturday"
"2019/07/14","06:06:39.28","eq","l",3.36,"l",35.8865,-117.72033,4.6,"A",38564031,141,3314,2019-07-14 06:06:39.28,83178,2019-07-13 23:06:39.28,2019,"Jul",2019-07-01,23,"Saturday"
"2019/07/14","06:34:15.37","eq","l",2.62,"l",35.90717,-117.6555,3.2,"A",38564143,70,3084,2019-07-14 06:34:15.37,83190,2019-07-13 23:34:15.37,2019,"Jul",2019-07-01,23,"Saturday"
"2019/07/14","07:07:52.68","eq","l",2.69,"l",35.9135,-117.66433,9.4,"A",38564247,85,3114,2019-07-14 07:07:52.68,83198,2019-07-14 00:07:52.68,2019,"Jul",2019-07-01,0,"Sunday"
"2019/07/14","07:46:23.46","eq","l",2.52,"l",35.97667,-117.67117,2.9,"A",38564423,71,3039,2019-07-14 07:46:23.46,83218,2019-07-14 00:46:23.46,2019,"Jul",2019-07-01,0,"Sunday"
"2019/07/14","08:13:58.96","eq","l",2.69,"l",35.68317,-117.51367,9.1,"A",38564551,88,3219,2019-07-14 08:13:58.96,83234,2019-07-14 01:13:58.96,2019,"Jul",2019-07-01,1,"Sunday"
"2019/07/14","11:00:08.69","eq","l",3.26,"l",36.19517,-117.89367,1.4,"A",38565431,134,3261,2019-07-14 11:00:08.69,83321,2019-07-14 04:00:08.69,2019,"Jul",2019-07-01,4,"Sunday"
"2019/07/14","11:13:23.91","eq","l",2.56,"l",35.65367,-117.49317,8.5,"A",38565471,90,3153,2019-07-14 11:13:23.91,83325,2019-07-14 04:13:23.91,2019,"Jul",2019-07-01,4,"Sunday"
"2019/07/14","11:46:10.93","eq","l",2.78,"l",35.78233,-117.61767,6.8,"A",38565567,95,3225,2019-07-14 11:46:10.93,83334,2019-07-14 04:46:10.93,2019,"Jul",2019-07-01,4,"Sunday"
"2019/07/14","12:27:03.88","eq","l",3.1,"l",35.66033,-117.49033,2.7,"A",38565791,133,3321,2019-07-14 12:27:03.88,83357,2019-07-14 05:27:03.88,2019,"Jul",2019-07-01,5,"Sunday"
"2019/07/14","12:29:33.71","eq","l",3.1,"l",35.33633,-117.91333,6.9,"A",38565815,147,3318,2019-07-14 12:29:33.71,83360,2019-07-14 05:29:33.71,2019,"Jul",2019-07-01,5,"Sunday"
"2019/07/14","12:54:26.41","eq","l",2.86,"l",35.92717,-117.667,3.1,"A",38565935,96,3210,2019-07-14 12:54:26.41,83375,2019-07-14 05:54:26.41,2019,"Jul",2019-07-01,5,"Sunday"
"2019/07/14","14:00:17.24","eq","l",3.05,"l",35.5935,-117.3865,6.6,"A",38566311,148,3315,2019-07-14 14:00:17.24,83418,2019-07-14 07:00:17.24,2019,"Jul",2019-07-01,7,"Sunday"
"2019/07/14","16:51:13.68","eq","l",2.58,"l",36.18333,-117.88633,1.9,"A",38567391,66,3001,2019-07-14 16:51:13.68,83538,2019-07-14 09:51:13.68,2019,"Jul",2019-07-01,9,"Sunday"
"2019/07/14","19:01:51.44","eq","l",2.51,"l",36.165,-117.86667,1.2,"A",37421669,66,2944,2019-07-14 19:01:51.44,83612,2019-07-14 12:01:51.44,2019,"Jul",2019-07-01,12,"Sunday"
"2019/07/14","20:37:06.64","eq","l",3.14,"l",35.76417,-117.579,6.3,"A",38568471,119,3318,2019-07-14 20:37:06.64,83653,2019-07-14 13:37:06.64,2019,"Jul",2019-07-01,13,"Sunday"
"2019/07/14","20:40:15.74","eq","l",3.36,"l",36.10467,-117.881,1,"A",38568511,123,3297,2019-07-14 20:40:15.74,83657,2019-07-14 13:40:15.74,2019,"Jul",2019-07-01,13,"Sunday"
"2019/07/14","22:01:46.13","eq","l",2.55,"l",35.621,-117.438,7.3,"C",38568903,67,3162,2019-07-14 22:01:46.13,83697,2019-07-14 15:01:46.13,2019,"Jul",2019-07-01,15,"Sunday"
"2019/07/14","22:01:49.00","eq","l",2.59,"l",35.62433,-117.43333,2.1,"A",37479421,25,3201,2019-07-14 22:01:49,83698,2019-07-14 15:01:49,2019,"Jul",2019-07-01,15,"Sunday"
"2019/07/14","22:22:28.83","eq","l",2.93,"l",35.6145,-117.46467,2.9,"A",38568991,94,3306,2019-07-14 22:22:28.83,83708,2019-07-14 15:22:28.83,2019,"Jul",2019-07-01,15,"Sunday"
"2019/07/14","22:38:05.78","eq","l",3.4,"l",35.59417,-117.38117,6.1,"A",38569055,105,3345,2019-07-14 22:38:05.78,83712,2019-07-14 15:38:05.78,2019,"Jul",2019-07-01,15,"Sunday"
"2019/07/14","23:15:55.07","eq","l",2.96,"l",36.0915,-117.86183,5.3,"A",38569191,128,3180,2019-07-14 23:15:55.07,83725,2019-07-14 16:15:55.07,2019,"Jul",2019-07-01,16,"Sunday"
"2019/07/15","00:16:18.06","eq","l",2.55,"l",35.69283,-117.55017,4,"A",38569463,86,3123,2019-07-15 00:16:18.06,83750,2019-07-14 17:16:18.06,2019,"Jul",2019-07-01,17,"Sunday"
"2019/07/15","00:35:36.92","eq","l",2.67,"l",36.07883,-117.87883,2.5,"A",38569583,73,3045,2019-07-15 00:35:36.92,83763,2019-07-14 17:35:36.92,2019,"Jul",2019-07-01,17,"Sunday"
"2019/07/15","02:54:39.63","eq","l",3.64,"w",35.66433,-117.5035,9.2,"A",38570271,144,3351,2019-07-15 02:54:39.63,83836,2019-07-14 19:54:39.63,2019,"Jul",2019-07-01,19,"Sunday"
"2019/07/15","03:12:42.28","eq","l",2.5,"l",35.6305,-117.434,4.4,"A",38570351,76,3119,2019-07-15 03:12:42.28,83844,2019-07-14 20:12:42.28,2019,"Jul",2019-07-01,20,"Sunday"
"2019/07/15","04:14:38.89","eq","l",2.66,"l",35.7245,-117.528,10,"A",38570711,83,3167,2019-07-15 04:14:38.89,83885,2019-07-14 21:14:38.89,2019,"Jul",2019-07-01,21,"Sunday"
"2019/07/15","04:55:56.37","eq","l",3.07,"l",35.61767,-117.60017,8.8,"A",38570919,136,3293,2019-07-15 04:55:56.37,83910,2019-07-14 21:55:56.37,2019,"Jul",2019-07-01,21,"Sunday"
"2019/07/15","06:39:55.78","eq","l",3.33,"l",35.371,-117.84217,4,"A",38571423,156,3312,2019-07-15 06:39:55.78,83959,2019-07-14 23:39:55.78,2019,"Jul",2019-07-01,23,"Sunday"
"2019/07/15","07:14:01.24","eq","l",2.93,"l",35.91517,-117.68017,2.7,"A",38571639,97,3225,2019-07-15 07:14:01.24,83985,2019-07-15 00:14:01.24,2019,"Jul",2019-07-01,0,"Monday"
"2019/07/15","08:10:58.51","eq","l",2.67,"l",35.67167,-117.50783,9.9,"A",38571887,98,3201,2019-07-15 08:10:58.51,84016,2019-07-15 01:10:58.51,2019,"Jul",2019-07-01,1,"Monday"
"2019/07/15","08:38:45.24","eq","l",4.21,"w",36.056,-117.85067,2.3,"A",38572055,169,3362,2019-07-15 08:38:45.24,84035,2019-07-15 01:38:45.24,2019,"Jul",2019-07-01,1,"Monday"
"2019/07/15","08:42:10.02","eq","l",2.74,"l",36.054,-117.85467,2.1,"A",38572063,90,3077,2019-07-15 08:42:10.02,84036,2019-07-15 01:42:10.02,2019,"Jul",2019-07-01,1,"Monday"
"2019/07/15","10:18:36.61","eq","l",2.88,"l",35.926,-117.71917,2.7,"A",38572695,91,3204,2019-07-15 10:18:36.61,84111,2019-07-15 03:18:36.61,2019,"Jul",2019-07-01,3,"Monday"
"2019/07/15","10:29:10.39","eq","l",2.87,"l",35.68483,-117.47983,8.2,"A",38572735,96,3255,2019-07-15 10:29:10.39,84116,2019-07-15 03:29:10.39,2019,"Jul",2019-07-01,3,"Monday"
"2019/07/15","10:39:32.77","eq","l",2.62,"l",35.92917,-117.71283,2.7,"A",38572791,85,3068,2019-07-15 10:39:32.77,84123,2019-07-15 03:39:32.77,2019,"Jul",2019-07-01,3,"Monday"
"2019/07/15","11:58:14.33","eq","l",2.66,"l",36.06733,-117.84717,2.4,"A",38573175,78,3038,2019-07-15 11:58:14.33,84164,2019-07-15 04:58:14.33,2019,"Jul",2019-07-01,4,"Monday"
"2019/07/15","12:25:45.00","eq","l",2.88,"l",36.10483,-117.90633,3.2,"A",38573335,114,3120,2019-07-15 12:25:45,84180,2019-07-15 05:25:45,2019,"Jul",2019-07-01,5,"Monday"
"2019/07/15","12:38:14.23","eq","l",2.58,"l",35.92933,-117.702,3.6,"A",38573423,86,3021,2019-07-15 12:38:14.23,84191,2019-07-15 05:38:14.23,2019,"Jul",2019-07-01,5,"Monday"
"2019/07/15","13:29:35.27","eq","l",2.78,"l",36.06483,-117.8455,2.3,"A",38573671,89,3093,2019-07-15 13:29:35.27,84212,2019-07-15 06:29:35.27,2019,"Jul",2019-07-01,6,"Monday"
"2019/07/15","14:13:57.24","eq","l",2.68,"l",36.108,-117.84517,4.6,"A",38573879,81,3021,2019-07-15 14:13:57.24,84232,2019-07-15 07:13:57.24,2019,"Jul",2019-07-01,7,"Monday"
"2019/07/15","14:54:20.01","eq","l",2.65,"l",36.08,-117.8865,1.2,"A",38574143,67,3031,2019-07-15 14:54:20.01,84254,2019-07-15 07:54:20.01,2019,"Jul",2019-07-01,7,"Monday"
"2019/07/15","15:43:36.55","eq","l",3.61,"w",35.67017,-117.41417,8.4,"A",38574407,148,3361,2019-07-15 15:43:36.55,84280,2019-07-15 08:43:36.55,2019,"Jul",2019-07-01,8,"Monday"
"2019/07/15","16:06:10.41","eq","l",2.88,"l",35.7425,-117.50917,3.6,"A",38574551,88,3283,2019-07-15 16:06:10.41,84296,2019-07-15 09:06:10.41,2019,"Jul",2019-07-01,9,"Monday"
"2019/07/15","18:34:00.06","eq","l",2.71,"l",36.05917,-117.84783,2.8,"A",38575431,57,3066,2019-07-15 18:34:00.06,84396,2019-07-15 11:34:00.06,2019,"Jul",2019-07-01,11,"Monday"
"2019/07/15","18:34:49.13","eq","l",3.05,"l",35.90567,-117.692,2.8,"A",38575455,120,3291,2019-07-15 18:34:49.13,84398,2019-07-15 11:34:49.13,2019,"Jul",2019-07-01,11,"Monday"
"2019/07/15","18:35:18.09","eq","l",2.62,"l",36.10717,-117.84633,5.2,"A",38575447,34,3066,2019-07-15 18:35:18.09,84399,2019-07-15 11:35:18.09,2019,"Jul",2019-07-01,11,"Monday"
"2019/07/15","19:14:51.56","eq","l",2.56,"l",35.95,-117.4845,2.2,"A",38575655,85,3064,2019-07-15 19:14:51.56,84423,2019-07-15 12:14:51.56,2019,"Jul",2019-07-01,12,"Monday"
"2019/07/15","20:21:19.25","eq","l",2.73,"l",36.06217,-117.85517,1.8,"A",38575967,82,3093,2019-07-15 20:21:19.25,84455,2019-07-15 13:21:19.25,2019,"Jul",2019-07-01,13,"Monday"
"2019/07/15","20:30:45.88","eq","l",2.62,"l",36.12667,-117.82917,2.6,"A",38576015,70,3034,2019-07-15 20:30:45.88,84461,2019-07-15 13:30:45.88,2019,"Jul",2019-07-01,13,"Monday"
"2019/07/15","21:13:55.75","eq","l",3.22,"l",35.67233,-117.52333,8.2,"A",38576223,140,3345,2019-07-15 21:13:55.75,84485,2019-07-15 14:13:55.75,2019,"Jul",2019-07-01,14,"Monday"
"2019/07/15","21:29:53.01","eq","l",3.69,"w",35.6785,-117.506,9.2,"A",38576311,158,3387,2019-07-15 21:29:53.01,84491,2019-07-15 14:29:53.01,2019,"Jul",2019-07-01,14,"Monday"
"2019/07/15","21:50:40.93","eq","l",2.72,"l",35.96367,-117.28033,3.2,"A",38576447,86,3156,2019-07-15 21:50:40.93,84506,2019-07-15 14:50:40.93,2019,"Jul",2019-07-01,14,"Monday"
"2019/07/16","00:26:09.51","eq","l",2.86,"l",36.023,-117.32383,1.9,"A",38577167,96,3210,2019-07-16 00:26:09.51,84567,2019-07-15 17:26:09.51,2019,"Jul",2019-07-01,17,"Monday"
"2019/07/16","00:50:22.04","eq","l",3.12,"l",35.94467,-117.70067,3,"A",38577303,130,3301,2019-07-16 00:50:22.04,84578,2019-07-15 17:50:22.04,2019,"Jul",2019-07-01,17,"Monday"
"2019/07/16","01:05:07.53","eq","l",2.68,"l",35.94683,-117.70367,2.6,"A",38577391,84,3111,2019-07-16 01:05:07.53,84589,2019-07-15 18:05:07.53,2019,"Jul",2019-07-01,18,"Monday"
"2019/07/16","02:35:52.60","eq","l",3.05,"l",35.86833,-117.70067,7.7,"A",38577799,129,3282,2019-07-16 02:35:52.6,84620,2019-07-15 19:35:52.6,2019,"Jul",2019-07-01,19,"Monday"
"2019/07/16","02:47:05.04","eq","l",3.8,"w",35.63233,-117.432,5,"A",38577831,156,3378,2019-07-16 02:47:05.04,84625,2019-07-15 19:47:05.04,2019,"Jul",2019-07-01,19,"Monday"
"2019/07/16","02:56:07.08","eq","l",2.5,"l",36.09083,-117.83517,1.8,"A",38577871,63,2983,2019-07-16 02:56:07.08,84629,2019-07-15 19:56:07.08,2019,"Jul",2019-07-01,19,"Monday"
"2019/07/16","03:12:09.98","eq","l",2.86,"l",36.199,-117.895,1.4,"A",38577951,81,3116,2019-07-16 03:12:09.98,84636,2019-07-15 20:12:09.98,2019,"Jul",2019-07-01,20,"Monday"
"2019/07/16","03:32:11.62","eq","l",3.21,"l",35.8515,-117.6755,8.1,"A",38578055,122,3321,2019-07-16 03:32:11.62,84648,2019-07-15 20:32:11.62,2019,"Jul",2019-07-01,20,"Monday"
"2019/07/16","03:35:48.79","eq","l",2.8,"l",35.66267,-117.45167,10.3,"A",38578079,96,3276,2019-07-16 03:35:48.79,84651,2019-07-15 20:35:48.79,2019,"Jul",2019-07-01,20,"Monday"
"2019/07/16","04:15:45.15","eq","l",2.51,"l",35.80233,-117.62333,6,"A",38578255,98,3066,2019-07-16 04:15:45.15,84669,2019-07-15 21:15:45.15,2019,"Jul",2019-07-01,21,"Monday"
"2019/07/16","04:27:34.82","eq","l",2.59,"l",35.94633,-117.70067,3.8,"A",38578311,88,3027,2019-07-16 04:27:34.82,84675,2019-07-15 21:27:34.82,2019,"Jul",2019-07-01,21,"Monday"
"2019/07/16","04:52:28.24","eq","l",2.96,"l",35.87517,-117.6795,4.7,"A",38578439,113,3258,2019-07-16 04:52:28.24,84690,2019-07-15 21:52:28.24,2019,"Jul",2019-07-01,21,"Monday"
"2019/07/16","05:26:52.66","eq","l",3.55,"l",35.79233,-117.6235,3,"A",38578567,135,3357,2019-07-16 05:26:52.66,84699,2019-07-15 22:26:52.66,2019,"Jul",2019-07-01,22,"Monday"
"2019/07/16","07:51:09.78","eq","l",2.89,"l",35.67683,-117.537,9.8,"A",38579271,113,3272,2019-07-16 07:51:09.78,84772,2019-07-16 00:51:09.78,2019,"Jul",2019-07-01,0,"Tuesday"
"2019/07/16","08:39:46.97","eq","l",2.62,"l",35.58583,-117.6145,7.9,"A",38579511,90,3186,2019-07-16 08:39:46.97,84798,2019-07-16 01:39:46.97,2019,"Jul",2019-07-01,1,"Tuesday"
"2019/07/16","08:42:27.97","eq","l",2.66,"l",35.54633,-117.38367,5.1,"A",38579535,93,3213,2019-07-16 08:42:27.97,84800,2019-07-16 01:42:27.97,2019,"Jul",2019-07-01,1,"Tuesday"
"2019/07/16","09:42:12.78","eq","l",2.53,"l",35.94417,-117.67383,3.3,"A",38579807,81,3027,2019-07-16 09:42:12.78,84830,2019-07-16 02:42:12.78,2019,"Jul",2019-07-01,2,"Tuesday"
"2019/07/16","09:42:34.54","eq","l",2.76,"l",35.79217,-117.6225,3.1,"A",38579815,94,3204,2019-07-16 09:42:34.54,84831,2019-07-16 02:42:34.54,2019,"Jul",2019-07-01,2,"Tuesday"
"2019/07/16","10:52:32.65","eq","l",3.48,"lr",35.599,-117.37183,5.5,"A",38580111,133,3354,2019-07-16 10:52:32.65,84864,2019-07-16 03:52:32.65,2019,"Jul",2019-07-01,3,"Tuesday"
"2019/07/16","10:57:49.91","eq","l",2.6,"l",35.57283,-117.44283,4.1,"A",38580143,88,3192,2019-07-16 10:57:49.91,84868,2019-07-16 03:57:49.91,2019,"Jul",2019-07-01,3,"Tuesday"
"2019/07/16","13:16:17.40","eq","l",2.61,"l",35.63433,-117.42933,4.4,"A",38580903,82,3198,2019-07-16 13:16:17.4,84956,2019-07-16 06:16:17.4,2019,"Jul",2019-07-01,6,"Tuesday"
"2019/07/16","13:16:50.20","eq","l",3.2,"l",35.65867,-117.47317,4.6,"A",38580911,125,3336,2019-07-16 13:16:50.2,84957,2019-07-16 06:16:50.2,2019,"Jul",2019-07-01,6,"Tuesday"
"2019/07/16","14:02:10.75","eq","l",2.64,"l",36.12183,-117.828,3.5,"A",38581239,85,3022,2019-07-16 14:02:10.75,84993,2019-07-16 07:02:10.75,2019,"Jul",2019-07-01,7,"Tuesday"
"2019/07/16","14:38:46.05","eq","l",3.46,"l",35.98583,-117.412,1.3,"A",38581455,126,3355,2019-07-16 14:38:46.05,85016,2019-07-16 07:38:46.05,2019,"Jul",2019-07-01,7,"Tuesday"
"2019/07/16","15:57:04.41","eq","l",2.96,"l",36.10183,-117.824,2.3,"A",38581959,108,3199,2019-07-16 15:57:04.41,85069,2019-07-16 08:57:04.41,2019,"Jul",2019-07-01,8,"Tuesday"
"2019/07/16","15:59:52.02","eq","l",2.94,"l",35.8055,-117.6255,5.6,"A",38581967,115,3301,2019-07-16 15:59:52.02,85071,2019-07-16 08:59:52.02,2019,"Jul",2019-07-01,8,"Tuesday"
"2019/07/16","17:05:44.95","eq","l",2.9,"l",36.20217,-117.89817,0.3,"A",38582311,86,3157,2019-07-16 17:05:44.95,85107,2019-07-16 10:05:44.95,2019,"Jul",2019-07-01,10,"Tuesday"
"2019/07/16","18:36:26.71","eq","l",2.71,"l",35.73833,-117.55867,8.7,"A",38582815,97,3240,2019-07-16 18:36:26.71,85154,2019-07-16 11:36:26.71,2019,"Jul",2019-07-01,11,"Tuesday"
"2019/07/16","19:01:00.81","eq","l",2.51,"l",35.68017,-117.53917,5.7,"A",38582951,88,3123,2019-07-16 19:01:00.81,85164,2019-07-16 12:01:00.81,2019,"Jul",2019-07-01,12,"Tuesday"
"2019/07/16","19:11:48.97","eq","l",2.54,"l",36.02333,-117.8695,2.3,"A",38583015,86,3023,2019-07-16 19:11:48.97,85170,2019-07-16 12:11:48.97,2019,"Jul",2019-07-01,12,"Tuesday"
"2019/07/16","19:23:50.12","eq","l",2.72,"l",36.18933,-117.89133,1.6,"A",38583095,86,3045,2019-07-16 19:23:50.12,85178,2019-07-16 12:23:50.12,2019,"Jul",2019-07-01,12,"Tuesday"
"2019/07/16","20:15:36.78","eq","l",4.47,"w",35.78367,-117.61433,3.6,"A",38583335,188,3411,2019-07-16 20:15:36.78,85202,2019-07-16 13:15:36.78,2019,"Jul",2019-07-01,13,"Tuesday"
"2019/07/16","20:15:59.02","eq","l",3.54,"lr",35.67767,-117.5155,7.6,"A",37421757,59,3375,2019-07-16 20:15:59.02,85203,2019-07-16 13:15:59.02,2019,"Jul",2019-07-01,13,"Tuesday"
"2019/07/16","20:17:51.59","eq","l",2.57,"l",35.5505,-117.429,3.1,"A",37421765,66,3294,2019-07-16 20:17:51.59,85204,2019-07-16 13:17:51.59,2019,"Jul",2019-07-01,13,"Tuesday"
"2019/07/16","21:06:21.42","eq","l",3.05,"l",35.87783,-117.69067,7.5,"A",38583551,114,3307,2019-07-16 21:06:21.42,85221,2019-07-16 14:06:21.42,2019,"Jul",2019-07-01,14,"Tuesday"
"2019/07/16","22:38:43.16","eq","l",2.66,"l",35.77467,-117.58617,3.3,"A",38583991,103,3192,2019-07-16 22:38:43.16,85251,2019-07-16 15:38:43.16,2019,"Jul",2019-07-01,15,"Tuesday"
"2019/07/16","22:50:40.77","eq","l",2.6,"l",36.0655,-117.837,1.9,"A",38584079,75,3045,2019-07-16 22:50:40.77,85258,2019-07-16 15:50:40.77,2019,"Jul",2019-07-01,15,"Tuesday"
"2019/07/17","00:53:16.16","eq","l",3.32,"l",35.621,-117.435,7.6,"A",38584607,128,3365,2019-07-17 00:53:16.16,85297,2019-07-16 17:53:16.16,2019,"Jul",2019-07-01,17,"Tuesday"
"2019/07/17","01:06:11.61","eq","l",2.62,"l",35.86167,-117.68833,6.6,"A",38584663,95,3114,2019-07-17 01:06:11.61,85300,2019-07-16 18:06:11.61,2019,"Jul",2019-07-01,18,"Tuesday"
"2019/07/17","01:47:24.79","eq","l",3.11,"l",35.62383,-117.47533,8.2,"A",38584855,107,3346,2019-07-17 01:47:24.79,85314,2019-07-16 18:47:24.79,2019,"Jul",2019-07-01,18,"Tuesday"
"2019/07/17","02:29:07.38","eq","l",4.37,"w",36.116,-117.884,5.3,"A",38585023,173,3393,2019-07-17 02:29:07.38,85326,2019-07-16 19:29:07.38,2019,"Jul",2019-07-01,19,"Tuesday"
"2019/07/17","02:29:32.47","eq","l",3.3,"l",36.11717,-117.89183,7,"A",37267164,18,3306,2019-07-17 02:29:32.47,85327,2019-07-16 19:29:32.47,2019,"Jul",2019-07-01,19,"Tuesday"
"2019/07/17","02:30:50.65","eq","l",2.73,"l",36.1155,-117.88633,5.8,"A",38585039,40,3098,2019-07-17 02:30:50.65,85328,2019-07-16 19:30:50.65,2019,"Jul",2019-07-01,19,"Tuesday"
"2019/07/17","02:35:27.43","eq","l",3.07,"l",36.11933,-117.887,4.7,"A",38585055,109,3212,2019-07-17 02:35:27.43,85331,2019-07-16 19:35:27.43,2019,"Jul",2019-07-01,19,"Tuesday"
"2019/07/17","02:36:29.91","eq","l",3.22,"l",36.1145,-117.88467,4.8,"A",38585063,112,3275,2019-07-17 02:36:29.91,85333,2019-07-16 19:36:29.91,2019,"Jul",2019-07-01,19,"Tuesday"
"2019/07/17","03:08:29.01","eq","l",2.66,"l",35.68483,-117.53317,8.8,"A",38585215,94,3222,2019-07-17 03:08:29.01,85350,2019-07-16 20:08:29.01,2019,"Jul",2019-07-01,20,"Tuesday"
"2019/07/17","03:22:49.53","eq","l",3.1,"l",36.118,-117.88483,4.9,"A",38585303,117,3249,2019-07-17 03:22:49.53,85360,2019-07-16 20:22:49.53,2019,"Jul",2019-07-01,20,"Tuesday"
"2019/07/17","03:23:27.93","eq","l",3.48,"lr",36.11867,-117.89,4.2,"A",38585311,138,3336,2019-07-17 03:23:27.93,85361,2019-07-16 20:23:27.93,2019,"Jul",2019-07-01,20,"Tuesday"
"2019/07/17","03:45:58.85","eq","l",2.91,"l",36.12083,-117.8865,5.3,"A",38585423,116,3159,2019-07-17 03:45:58.85,85372,2019-07-16 20:45:58.85,2019,"Jul",2019-07-01,20,"Tuesday"
"2019/07/17","05:16:02.39","eq","l",2.74,"l",35.61667,-117.41933,3.9,"A",37349724,35,3264,2019-07-17 05:16:02.39,85417,2019-07-16 22:16:02.39,2019,"Jul",2019-07-01,22,"Tuesday"
"2019/07/17","05:49:52.20","eq","l",3.11,"l",35.85583,-117.684,4.1,"A",38586063,139,3293,2019-07-17 05:49:52.2,85429,2019-07-16 22:49:52.2,2019,"Jul",2019-07-01,22,"Tuesday"
"2019/07/17","09:46:06.54","eq","l",2.57,"l",35.64783,-117.45467,2.6,"A",38587239,92,3162,2019-07-17 09:46:06.54,85544,2019-07-17 02:46:06.54,2019,"Jul",2019-07-01,2,"Wednesday"
"2019/07/17","12:11:09.95","eq","l",2.67,"l",35.67067,-117.41517,8.5,"A",38588111,94,3230,2019-07-17 12:11:09.95,85634,2019-07-17 05:11:09.95,2019,"Jul",2019-07-01,5,"Wednesday"
"2019/07/17","12:57:33.45","eq","l",3.03,"l",35.9235,-117.68167,2.5,"A",38588455,99,3266,2019-07-17 12:57:33.45,85674,2019-07-17 05:57:33.45,2019,"Jul",2019-07-01,5,"Wednesday"
"2019/07/17","13:24:40.75","eq","l",2.69,"l",35.923,-117.68383,2.6,"A",38588591,88,3123,2019-07-17 13:24:40.75,85690,2019-07-17 06:24:40.75,2019,"Jul",2019-07-01,6,"Wednesday"
"2019/07/17","14:48:46.94","eq","l",3.08,"l",35.6825,-117.4725,5.9,"A",38589175,113,3348,2019-07-17 14:48:46.94,85754,2019-07-17 07:48:46.94,2019,"Jul",2019-07-01,7,"Wednesday"
"2019/07/17","15:07:20.92","eq","l",3,"l",35.89483,-117.71667,8.2,"A",38589287,113,3288,2019-07-17 15:07:20.92,85767,2019-07-17 08:07:20.92,2019,"Jul",2019-07-01,8,"Wednesday"
"2019/07/17","15:07:26.20","eq","l",2.65,"l",35.72283,-117.48883,4,"A",37267324,27,3183,2019-07-17 15:07:26.2,85768,2019-07-17 08:07:26.2,2019,"Jul",2019-07-01,8,"Wednesday"
"2019/07/17","15:11:50.88","eq","l",3.31,"l",35.894,-117.72,7.8,"A",38589319,129,3345,2019-07-17 15:11:50.88,85772,2019-07-17 08:11:50.88,2019,"Jul",2019-07-01,8,"Wednesday"
"2019/07/17","15:12:00.08","eq","l",3.07,"l",35.8975,-117.71867,7.8,"A",37421821,68,3306,2019-07-17 15:12:00.08,85773,2019-07-17 08:12:00.08,2019,"Jul",2019-07-01,8,"Wednesday"
"2019/07/17","16:46:39.53","eq","l",2.82,"l",35.875,-117.6795,5.4,"A",38589903,90,3217,2019-07-17 16:46:39.53,85829,2019-07-17 09:46:39.53,2019,"Jul",2019-07-01,9,"Wednesday"
"2019/07/17","19:02:03.81","eq","l",2.63,"l",35.58733,-117.4175,6.1,"A",38590679,85,3213,2019-07-17 19:02:03.81,85910,2019-07-17 12:02:03.81,2019,"Jul",2019-07-01,12,"Wednesday"
"2019/07/17","19:42:15.13","eq","l",3.61,"w",35.64983,-117.461,2.7,"A",38590903,141,3368,2019-07-17 19:42:15.13,85930,2019-07-17 12:42:15.13,2019,"Jul",2019-07-01,12,"Wednesday"
"2019/07/17","19:42:31.60","eq","l",2.74,"l",35.6525,-117.46083,3,"A",37421845,37,3249,2019-07-17 19:42:31.6,85931,2019-07-17 12:42:31.6,2019,"Jul",2019-07-01,12,"Wednesday"
"2019/07/17","19:54:03.75","eq","l",3.36,"l",35.9025,-117.694,2.5,"A",38590983,122,3338,2019-07-17 19:54:03.75,85941,2019-07-17 12:54:03.75,2019,"Jul",2019-07-01,12,"Wednesday"
"2019/07/17","21:49:19.15","eq","l",3.87,"w",36.11567,-117.8385,2.4,"A",38591583,148,3370,2019-07-17 21:49:19.15,86004,2019-07-17 14:49:19.15,2019,"Jul",2019-07-01,14,"Wednesday"
"2019/07/17","22:01:35.67","eq","l",3.35,"l",35.64583,-117.44767,5,"A",38591663,120,3372,2019-07-17 22:01:35.67,86012,2019-07-17 15:01:35.67,2019,"Jul",2019-07-01,15,"Wednesday"
"2019/07/17","22:29:15.72","eq","l",2.58,"l",36.1145,-117.836,2.7,"A",38591847,81,3018,2019-07-17 22:29:15.72,86030,2019-07-17 15:29:15.72,2019,"Jul",2019-07-01,15,"Wednesday"
"2019/07/17","22:41:15.31","eq","l",3.24,"l",35.37183,-117.8415,2.9,"A",38591911,147,3348,2019-07-17 22:41:15.31,86037,2019-07-17 15:41:15.31,2019,"Jul",2019-07-01,15,"Wednesday"
"2019/07/17","23:18:51.84","eq","l",2.52,"l",35.64183,-117.47217,6.4,"A",38592095,94,3144,2019-07-17 23:18:51.84,86048,2019-07-17 16:18:51.84,2019,"Jul",2019-07-01,16,"Wednesday"
"2019/07/18","00:46:45.98","eq","l",2.66,"l",35.8055,-117.639,1.9,"A",38592551,54,3060,2019-07-18 00:46:45.98,86092,2019-07-17 17:46:45.98,2019,"Jul",2019-07-01,17,"Wednesday"
"2019/07/18","02:33:43.57","eq","l",3.34,"l",35.75267,-117.5775,6.8,"A",38593087,128,3336,2019-07-18 02:33:43.57,86131,2019-07-17 19:33:43.57,2019,"Jul",2019-07-01,19,"Wednesday"
"2019/07/18","02:34:59.10","eq","l",2.59,"l",35.61983,-117.4255,4.5,"A",38593095,80,3192,2019-07-18 02:34:59.1,86132,2019-07-17 19:34:59.1,2019,"Jul",2019-07-01,19,"Wednesday"
"2019/07/18","02:36:31.35","eq","l",2.81,"l",35.63417,-117.433,6.7,"A",38593111,95,3267,2019-07-18 02:36:31.35,86135,2019-07-17 19:36:31.35,2019,"Jul",2019-07-01,19,"Wednesday"
"2019/07/18","03:02:37.86","eq","l",3.24,"l",35.61617,-117.45633,10.3,"A",38593247,125,3327,2019-07-18 03:02:37.86,86144,2019-07-17 20:02:37.86,2019,"Jul",2019-07-01,20,"Wednesday"
"2019/07/18","03:05:39.34","eq","l",2.69,"l",35.63017,-117.4305,4.9,"A",38593255,91,3222,2019-07-18 03:05:39.34,86145,2019-07-17 20:05:39.34,2019,"Jul",2019-07-01,20,"Wednesday"
"2019/07/18","03:59:14.72","eq","l",4.64,"w",36.113,-117.8875,1.6,"A",38593535,180,3372,2019-07-18 03:59:14.72,86176,2019-07-17 20:59:14.72,2019,"Jul",2019-07-01,20,"Wednesday"
"2019/07/18","04:00:50.99","eq","l",2.85,"l",36.1175,-117.881,5.7,"A",38593551,31,3132,2019-07-18 04:00:50.99,86177,2019-07-17 21:00:50.99,2019,"Jul",2019-07-01,21,"Wednesday"
"2019/07/18","04:01:32.26","eq","l",3.42,"l",36.11367,-117.88483,2.7,"A",38593559,101,3417,2019-07-18 04:01:32.26,86178,2019-07-17 21:01:32.26,2019,"Jul",2019-07-01,21,"Wednesday"
"2019/07/18","04:02:08.23","eq","l",3.26,"l",36.10917,-117.883,5.1,"A",38593567,106,3285,2019-07-18 04:02:08.23,86179,2019-07-17 21:02:08.23,2019,"Jul",2019-07-01,21,"Wednesday"
"2019/07/18","04:06:28.90","eq","l",2.69,"l",36.1115,-117.88483,7,"A",37481685,23,3036,2019-07-18 04:06:28.9,86181,2019-07-17 21:06:28.9,2019,"Jul",2019-07-01,21,"Wednesday"
"2019/07/18","04:06:30.12","eq","l",2.72,"l",36.111,-117.87267,5.8,"A",38593583,56,3036,2019-07-18 04:06:30.12,86182,2019-07-17 21:06:30.12,2019,"Jul",2019-07-01,21,"Wednesday"
"2019/07/18","04:15:37.92","eq","l",2.85,"l",36.10683,-117.89083,4.9,"A",38593655,84,3120,2019-07-18 04:15:37.92,86191,2019-07-17 21:15:37.92,2019,"Jul",2019-07-01,21,"Wednesday"
"2019/07/18","05:18:11.56","eq","l",3.36,"l",36.114,-117.88183,5.4,"A",38594055,120,3279,2019-07-18 05:18:11.56,86232,2019-07-17 22:18:11.56,2019,"Jul",2019-07-01,22,"Wednesday"
"2019/07/18","05:26:41.62","eq","l",2.54,"l",36.11433,-117.88067,5.8,"A",38594095,85,2988,2019-07-18 05:26:41.62,86237,2019-07-17 22:26:41.62,2019,"Jul",2019-07-01,22,"Wednesday"
"2019/07/18","06:14:29.40","eq","l",3.31,"l",36.11483,-117.88933,3.9,"A",38594383,104,3282,2019-07-18 06:14:29.4,86262,2019-07-17 23:14:29.4,2019,"Jul",2019-07-01,23,"Wednesday"
"2019/07/18","07:44:58.41","eq","l",2.8,"l",36.07967,-117.87033,4.6,"A",38594839,78,3086,2019-07-18 07:44:58.41,86307,2019-07-18 00:44:58.41,2019,"Jul",2019-07-01,0,"Thursday"
"2019/07/18","08:22:02.61","eq","l",3.05,"l",36.10633,-117.8925,4.1,"A",38595071,107,3206,2019-07-18 08:22:02.61,86332,2019-07-18 01:22:02.61,2019,"Jul",2019-07-01,1,"Thursday"
"2019/07/18","08:48:28.06","eq","l",2.68,"l",35.8935,-117.722,2.6,"A",38595231,84,3117,2019-07-18 08:48:28.06,86346,2019-07-18 01:48:28.06,2019,"Jul",2019-07-01,1,"Thursday"
"2019/07/18","09:57:16.76","eq","l",2.59,"l",35.56117,-117.39167,2.8,"A",38595599,92,3201,2019-07-18 09:57:16.76,86382,2019-07-18 02:57:16.76,2019,"Jul",2019-07-01,2,"Thursday"
"2019/07/18","11:17:47.90","eq","l",2.7,"l",35.987,-117.32667,4.8,"A",38596007,89,3101,2019-07-18 11:17:47.9,86425,2019-07-18 04:17:47.9,2019,"Jul",2019-07-01,4,"Thursday"
"2019/07/18","14:20:58.67","eq","l",2.73,"l",35.66217,-117.48217,5.1,"A",38597047,90,3243,2019-07-18 14:20:58.67,86522,2019-07-18 07:20:58.67,2019,"Jul",2019-07-01,7,"Thursday"
"2019/07/18","15:49:04.48","eq","l",2.64,"l",35.70533,-117.521,9.7,"A",38597535,91,3199,2019-07-18 15:49:04.48,86573,2019-07-18 08:49:04.48,2019,"Jul",2019-07-01,8,"Thursday"
"2019/07/18","16:43:37.04","eq","l",2.6,"l",35.92567,-117.68417,2.9,"A",38597815,77,3074,2019-07-18 16:43:37.04,86597,2019-07-18 09:43:37.04,2019,"Jul",2019-07-01,9,"Thursday"
"2019/07/18","19:27:48.77","eq","l",2.65,"l",35.80767,-117.63733,2,"A",38598623,68,3067,2019-07-18 19:27:48.77,86675,2019-07-18 12:27:48.77,2019,"Jul",2019-07-01,12,"Thursday"
"2019/07/18","20:16:54.96","eq","l",2.82,"l",36.10883,-117.88417,4.3,"A",38598855,46,3142,2019-07-18 20:16:54.96,86699,2019-07-18 13:16:54.96,2019,"Jul",2019-07-01,13,"Thursday"
"2019/07/18","21:46:37.63","eq","l",3.65,"lr",35.78417,-117.62433,5.8,"A",38599327,130,3382,2019-07-18 21:46:37.63,86735,2019-07-18 14:46:37.63,2019,"Jul",2019-07-01,14,"Thursday"
"2019/07/18","23:54:32.44","eq","l",2.73,"l",36.11283,-117.83583,2.4,"A",38599911,73,3082,2019-07-18 23:54:32.44,86778,2019-07-18 16:54:32.44,2019,"Jul",2019-07-01,16,"Thursday"
"2019/07/19","00:01:10.33","eq","l",3.16,"l",35.64967,-117.466,2.2,"A",38599935,144,3346,2019-07-19 00:01:10.33,86781,2019-07-18 17:01:10.33,2019,"Jul",2019-07-01,17,"Thursday"
"2019/07/19","00:19:25.09","eq","l",3.12,"l",35.91233,-117.43733,1,"A",38600023,108,3323,2019-07-19 00:19:25.09,86791,2019-07-18 17:19:25.09,2019,"Jul",2019-07-01,17,"Thursday"
"2019/07/19","00:22:34.65","eq","l",2.67,"l",35.83633,-117.66433,3.3,"A",37481605,107,3149,2019-07-19 00:22:34.65,86793,2019-07-18 17:22:34.65,2019,"Jul",2019-07-01,17,"Thursday"
"2019/07/19","02:05:12.48","eq","l",2.56,"l",35.77967,-117.625,9.1,"A",38600551,56,3058,2019-07-19 02:05:12.48,86836,2019-07-18 19:05:12.48,2019,"Jul",2019-07-01,19,"Thursday"
"2019/07/19","02:36:47.97","eq","l",2.61,"l",35.87367,-117.69633,7.5,"A",38600727,96,3097,2019-07-19 02:36:47.97,86853,2019-07-18 19:36:47.97,2019,"Jul",2019-07-01,19,"Thursday"
"2019/07/19","02:52:13.52","eq","l",3.34,"l",36.12233,-117.826,2.5,"A",38600815,105,3304,2019-07-19 02:52:13.52,86861,2019-07-18 19:52:13.52,2019,"Jul",2019-07-01,19,"Thursday"
"2019/07/19","04:11:06.92","eq","l",2.53,"l",35.89517,-117.684,3.1,"A",38601175,58,3028,2019-07-19 04:11:06.92,86890,2019-07-18 21:11:06.92,2019,"Jul",2019-07-01,21,"Thursday"
"2019/07/19","06:58:36.20","eq","l",2.61,"l",36.11867,-117.8245,2.6,"A",38602007,92,2965,2019-07-19 06:58:36.2,86969,2019-07-18 23:58:36.2,2019,"Jul",2019-07-01,23,"Thursday"
"2019/07/19","07:48:49.03","eq","l",2.51,"l",35.92533,-117.6835,2.5,"A",38602271,94,3019,2019-07-19 07:48:49.03,86997,2019-07-19 00:48:49.03,2019,"Jul",2019-07-01,0,"Friday"
"2019/07/19","08:50:25.00","eq","l",2.68,"l",35.64533,-117.46167,3.2,"A",38602647,112,3217,2019-07-19 08:50:25,87032,2019-07-19 01:50:25,2019,"Jul",2019-07-01,1,"Friday"
"2019/07/19","09:26:43.88","eq","l",3.06,"l",36.07417,-117.8485,2.2,"A",38602799,104,3229,2019-07-19 09:26:43.88,87045,2019-07-19 02:26:43.88,2019,"Jul",2019-07-01,2,"Friday"
"2019/07/19","09:28:26.76","eq","l",2.59,"l",36.0745,-117.8465,1.7,"A",38602807,86,3022,2019-07-19 09:28:26.76,87046,2019-07-19 02:28:26.76,2019,"Jul",2019-07-01,2,"Friday"
"2019/07/19","09:43:44.63","eq","l",2.53,"l",36.0745,-117.847,1.9,"A",38602911,85,2964,2019-07-19 09:43:44.63,87057,2019-07-19 02:43:44.63,2019,"Jul",2019-07-01,2,"Friday"
"2019/07/19","10:20:04.39","eq","l",2.74,"l",36.19367,-117.89017,1.5,"A",38603063,73,3031,2019-07-19 10:20:04.39,87072,2019-07-19 03:20:04.39,2019,"Jul",2019-07-01,3,"Friday"
"2019/07/19","10:47:05.41","eq","l",3.65,"w",35.585,-117.35767,4.6,"A",38603223,153,3361,2019-07-19 10:47:05.41,87086,2019-07-19 03:47:05.41,2019,"Jul",2019-07-01,3,"Friday"
"2019/07/19","12:03:18.79","eq","l",2.6,"l",35.65617,-117.44983,7,"A",38603639,128,3202,2019-07-19 12:03:18.79,87128,2019-07-19 05:03:18.79,2019,"Jul",2019-07-01,5,"Friday"
"2019/07/19","12:58:58.27","eq","l",3.23,"l",35.62367,-117.57483,7.9,"A",38603871,127,3334,2019-07-19 12:58:58.27,87151,2019-07-19 05:58:58.27,2019,"Jul",2019-07-01,5,"Friday"
"2019/07/19","13:06:36.50","eq","l",2.51,"l",35.8355,-117.633,8.5,"A",38603943,108,3001,2019-07-19 13:06:36.5,87158,2019-07-19 06:06:36.5,2019,"Jul",2019-07-01,6,"Friday"
"2019/07/19","13:14:26.65","eq","l",3.47,"w",35.89367,-117.68633,2.6,"A",38603967,124,3334,2019-07-19 13:14:26.65,87160,2019-07-19 06:14:26.65,2019,"Jul",2019-07-01,6,"Friday"
"2019/07/19","13:52:22.02","eq","l",3.43,"w",36.10917,-117.84183,2.6,"A",38604199,98,3307,2019-07-19 13:52:22.02,87184,2019-07-19 06:52:22.02,2019,"Jul",2019-07-01,6,"Friday"
"2019/07/19","16:16:58.42","eq","l",3.51,"lr",35.71517,-117.49483,4.6,"A",38605023,147,3368,2019-07-19 16:16:58.42,87268,2019-07-19 09:16:58.42,2019,"Jul",2019-07-01,9,"Friday"
"2019/07/19","16:50:51.15","eq","l",2.82,"l",36.19433,-117.89317,1.1,"A",38605175,85,3085,2019-07-19 16:50:51.15,87276,2019-07-19 09:50:51.15,2019,"Jul",2019-07-01,9,"Friday"
"2019/07/19","17:11:33.56","eq","l",2.57,"l",35.37833,-117.82683,3.6,"A",38605263,128,3214,2019-07-19 17:11:33.56,87285,2019-07-19 10:11:33.56,2019,"Jul",2019-07-01,10,"Friday"
"2019/07/19","17:47:11.12","eq","l",2.69,"l",36.06817,-117.84567,2,"A",38605423,89,3011,2019-07-19 17:47:11.12,87299,2019-07-19 10:47:11.12,2019,"Jul",2019-07-01,10,"Friday"
"2019/07/19","17:55:18.30","eq","l",2.61,"l",35.83017,-117.66133,5.1,"A",38605447,116,3112,2019-07-19 17:55:18.3,87301,2019-07-19 10:55:18.3,2019,"Jul",2019-07-01,10,"Friday"
"2019/07/19","19:01:16.29","eq","l",2.54,"l",36.11183,-117.8875,3.7,"A",38605751,85,2978,2019-07-19 19:01:16.29,87328,2019-07-19 12:01:16.29,2019,"Jul",2019-07-01,12,"Friday"
"2019/07/19","19:54:49.92","eq","l",2.55,"l",35.83033,-117.65767,5.7,"A",38606015,97,3088,2019-07-19 19:54:49.92,87350,2019-07-19 12:54:49.92,2019,"Jul",2019-07-01,12,"Friday"
"2019/07/19","23:24:11.47","eq","l",2.96,"l",35.54267,-117.4275,3,"A",37481597,106,3340,2019-07-19 23:24:11.47,87406,2019-07-19 16:24:11.47,2019,"Jul",2019-07-01,16,"Friday"
"2019/07/19","23:33:45.39","eq","l",3.47,"l",35.65117,-117.491,8.8,"A",38606951,120,3394,2019-07-19 23:33:45.39,87409,2019-07-19 16:33:45.39,2019,"Jul",2019-07-01,16,"Friday"
"2019/07/20","01:21:02.88","eq","l",2.5,"l",35.836,-117.67,6.4,"A",38607375,107,3024,2019-07-20 01:21:02.88,87441,2019-07-19 18:21:02.88,2019,"Jul",2019-07-01,18,"Friday"
"2019/07/20","02:35:59.99","eq","l",2.53,"l",35.909,-117.71917,7.4,"A",38607663,105,3015,2019-07-20 02:35:59.99,87464,2019-07-19 19:35:59.99,2019,"Jul",2019-07-01,19,"Friday"
"2019/07/20","02:36:15.44","eq","l",2.93,"l",35.9115,-117.7225,7.5,"A",38607671,89,3234,2019-07-20 02:36:15.44,87465,2019-07-19 19:36:15.44,2019,"Jul",2019-07-01,19,"Friday"
"2019/07/20","02:38:43.36","eq","l",3.67,"w",35.88283,-117.68433,5.2,"A",38607695,140,3351,2019-07-20 02:38:43.36,87467,2019-07-19 19:38:43.36,2019,"Jul",2019-07-01,19,"Friday"
"2019/07/20","02:43:17.13","eq","l",2.72,"l",35.78417,-117.6205,6.7,"A",38607719,109,3192,2019-07-20 02:43:17.13,87469,2019-07-19 19:43:17.13,2019,"Jul",2019-07-01,19,"Friday"
"2019/07/20","08:03:12.68","eq","l",2.84,"l",35.68717,-117.52817,7.5,"A",38609239,108,3274,2019-07-20 08:03:12.68,87613,2019-07-20 01:03:12.68,2019,"Jul",2019-07-01,1,"Saturday"
"2019/07/20","10:48:19.81","eq","l",2.53,"l",35.67117,-117.484,1.7,"A",38610031,91,3130,2019-07-20 10:48:19.81,87687,2019-07-20 03:48:19.81,2019,"Jul",2019-07-01,3,"Saturday"
"2019/07/20","13:43:46.15","eq","l",2.66,"l",35.67517,-117.46483,9.3,"A",38610879,108,3214,2019-07-20 13:43:46.15,87765,2019-07-20 06:43:46.15,2019,"Jul",2019-07-01,6,"Saturday"
"2019/07/20","15:35:35.56","eq","l",2.9,"l",36.08283,-117.824,4,"A",38611367,101,3187,2019-07-20 15:35:35.56,87814,2019-07-20 08:35:35.56,2019,"Jul",2019-07-01,8,"Saturday"
"2019/07/20","17:54:18.20","eq","l",3.38,"l",35.95017,-117.70233,4.2,"A",38612055,121,3373,2019-07-20 17:54:18.2,87875,2019-07-20 10:54:18.2,2019,"Jul",2019-07-01,10,"Saturday"
"2019/07/20","18:18:06.69","eq","l",2.54,"l",35.88983,-117.73183,4.7,"A",38612151,108,3073,2019-07-20 18:18:06.69,87885,2019-07-20 11:18:06.69,2019,"Jul",2019-07-01,11,"Saturday"
"2019/07/20","18:49:58.45","eq","l",3.54,"lr",35.874,-117.70717,9.2,"A",38612295,144,3391,2019-07-20 18:49:58.45,87900,2019-07-20 11:49:58.45,2019,"Jul",2019-07-01,11,"Saturday"
"2019/07/20","18:50:09.10","eq","l",2.96,"l",35.8735,-117.70617,11.1,"A",37482197,21,3301,2019-07-20 18:50:09.1,87901,2019-07-20 11:50:09.1,2019,"Jul",2019-07-01,11,"Saturday"
"2019/07/20","20:54:41.48","eq","l",2.72,"l",35.88433,-117.7295,7.9,"A",38612967,117,3187,2019-07-20 20:54:41.48,87963,2019-07-20 13:54:41.48,2019,"Jul",2019-07-01,13,"Saturday"
"2019/07/20","21:12:16.53","eq","l",3.08,"l",35.60267,-117.40667,7.4,"A",38613055,155,3379,2019-07-20 21:12:16.53,87970,2019-07-20 14:12:16.53,2019,"Jul",2019-07-01,14,"Saturday"
"2019/07/20","21:44:40.89","eq","l",3.31,"l",35.766,-117.58767,5.7,"A",38613175,124,3378,2019-07-20 21:44:40.89,87978,2019-07-20 14:44:40.89,2019,"Jul",2019-07-01,14,"Saturday"
"2019/07/20","22:26:51.41","eq","l",2.72,"l",35.68133,-117.55017,8.2,"A",38613343,111,3277,2019-07-20 22:26:51.41,87997,2019-07-20 15:26:51.41,2019,"Jul",2019-07-01,15,"Saturday"
"2019/07/21","00:08:38.00","eq","l",2.53,"l",35.67333,-117.544,8,"A",38613871,116,3169,2019-07-21 00:08:38,88050,2019-07-20 17:08:38,2019,"Jul",2019-07-01,17,"Saturday"
"2019/07/21","00:52:53.63","eq","l",2.53,"l",35.96367,-117.66567,3,"A",38614039,98,3073,2019-07-21 00:52:53.63,88069,2019-07-20 17:52:53.63,2019,"Jul",2019-07-01,17,"Saturday"
"2019/07/21","02:08:56.21","eq","l",2.55,"l",35.85683,-117.68683,7.5,"A",38614359,114,3041,2019-07-21 02:08:56.21,88094,2019-07-20 19:08:56.21,2019,"Jul",2019-07-01,19,"Saturday"
"2019/07/21","02:23:33.73","eq","l",3.36,"l",35.91417,-117.7345,4.2,"A",38614407,127,3351,2019-07-21 02:23:33.73,88100,2019-07-20 19:23:33.73,2019,"Jul",2019-07-01,19,"Saturday"
"2019/07/21","02:24:04.95","eq","l",2.67,"l",35.86083,-117.68633,8.2,"A",37422229,86,3189,2019-07-21 02:24:04.95,88101,2019-07-20 19:24:04.95,2019,"Jul",2019-07-01,19,"Saturday"
"2019/07/21","02:41:17.32","eq","l",3.1,"l",35.67233,-117.46517,8.8,"A",38614479,123,3360,2019-07-21 02:41:17.32,88109,2019-07-20 19:41:17.32,2019,"Jul",2019-07-01,19,"Saturday"
"2019/07/21","03:16:34.63","eq","l",2.57,"l",35.91533,-117.736,3.7,"A",38614599,100,3037,2019-07-21 03:16:34.63,88121,2019-07-20 20:16:34.63,2019,"Jul",2019-07-01,20,"Saturday"
"2019/07/21","03:34:59.29","eq","l",2.54,"l",35.917,-117.73733,3.9,"A",38614671,102,3037,2019-07-21 03:34:59.29,88130,2019-07-20 20:34:59.29,2019,"Jul",2019-07-01,20,"Saturday"
"2019/07/21","05:30:38.60","eq","l",3.35,"l",35.6445,-117.50317,5,"A",38615255,123,3374,2019-07-21 05:30:38.6,88180,2019-07-20 22:30:38.6,2019,"Jul",2019-07-01,22,"Saturday"
"2019/07/21","07:36:57.72","eq","l",2.99,"l",35.7805,-117.614,9.7,"A",38615791,96,3319,2019-07-21 07:36:57.72,88224,2019-07-21 00:36:57.72,2019,"Jul",2019-07-01,0,"Sunday"
"2019/07/21","10:33:47.69","eq","l",2.85,"l",35.67633,-117.50733,5,"A",38616575,104,3301,2019-07-21 10:33:47.69,88305,2019-07-21 03:33:47.69,2019,"Jul",2019-07-01,3,"Sunday"
"2019/07/21","10:41:37.85","eq","l",3.19,"l",35.60717,-117.47533,8.4,"A",38616607,120,3364,2019-07-21 10:41:37.85,88309,2019-07-21 03:41:37.85,2019,"Jul",2019-07-01,3,"Sunday"
"2019/07/21","11:56:11.49","eq","l",3.14,"l",35.6555,-117.51283,10.2,"A",38616919,137,3355,2019-07-21 11:56:11.49,88341,2019-07-21 04:56:11.49,2019,"Jul",2019-07-01,4,"Sunday"
"2019/07/21","14:53:23.84","eq","l",2.57,"l",35.81283,-117.63633,7.1,"A",38617775,132,3157,2019-07-21 14:53:23.84,88424,2019-07-21 07:53:23.84,2019,"Jul",2019-07-01,7,"Sunday"
"2019/07/21","15:50:55.94","eq","l",2.55,"l",35.60917,-117.355,3.2,"A",38618095,126,3241,2019-07-21 15:50:55.94,88455,2019-07-21 08:50:55.94,2019,"Jul",2019-07-01,8,"Sunday"
"2019/07/21","16:33:36.13","eq","l",2.59,"l",35.3425,-117.919,6.7,"A",38618271,135,3268,2019-07-21 16:33:36.13,88471,2019-07-21 09:33:36.13,2019,"Jul",2019-07-01,9,"Sunday"
"2019/07/21","17:09:22.37","eq","l",3.03,"l",35.69733,-117.542,10.3,"A",38618447,136,3358,2019-07-21 17:09:22.37,88489,2019-07-21 10:09:22.37,2019,"Jul",2019-07-01,10,"Sunday"
"2019/07/21","17:32:24.28","eq","l",2.51,"l",35.65,-117.50133,5,"A",38618543,119,3178,2019-07-21 17:32:24.28,88500,2019-07-21 10:32:24.28,2019,"Jul",2019-07-01,10,"Sunday"
"2019/07/22","00:19:35.53","eq","l",2.65,"l",35.7395,-117.519,5,"A",38620287,114,3247,2019-07-22 00:19:35.53,88643,2019-07-21 17:19:35.53,2019,"Jul",2019-07-01,17,"Sunday"
"2019/07/22","00:39:47.72","eq","l",2.97,"l",35.87633,-117.712,5.6,"A",38620383,125,3304,2019-07-22 00:39:47.72,88650,2019-07-21 17:39:47.72,2019,"Jul",2019-07-01,17,"Sunday"
"2019/07/22","09:45:10.01","eq","l",3.14,"l",35.9575,-117.713,3.9,"A",38622679,122,3297,2019-07-22 09:45:10.01,88870,2019-07-22 02:45:10.01,2019,"Jul",2019-07-01,2,"Monday"
"2019/07/22","10:13:44.80","eq","l",2.76,"l",35.80983,-117.6355,6.1,"A",38622775,125,3189,2019-07-22 10:13:44.8,88879,2019-07-22 03:13:44.8,2019,"Jul",2019-07-01,3,"Monday"
"2019/07/22","12:42:48.45","eq","l",2.5,"l",36.11033,-117.883,4,"A",38623439,86,2920,2019-07-22 12:42:48.45,88944,2019-07-22 05:42:48.45,2019,"Jul",2019-07-01,5,"Monday"
"2019/07/22","13:29:20.87","eq","l",2.87,"l",36.08117,-117.85183,2.2,"A",38623663,120,3147,2019-07-22 13:29:20.87,88961,2019-07-22 06:29:20.87,2019,"Jul",2019-07-01,6,"Monday"
"2019/07/22","16:31:06.87","eq","l",2.72,"l",35.5335,-117.358,9.1,"A",38624647,104,3310,2019-07-22 16:31:06.87,89062,2019-07-22 09:31:06.87,2019,"Jul",2019-07-01,9,"Monday"
"2019/07/22","18:31:20.94","eq","l",3,"l",35.8515,-117.66067,5.7,"A",38625223,163,3337,2019-07-22 18:31:20.94,89113,2019-07-22 11:31:20.94,2019,"Jul",2019-07-01,11,"Monday"
"2019/07/22","20:12:27.51","eq","l",2.96,"l",35.64183,-117.44283,3.7,"A",38625775,151,3362,2019-07-22 20:12:27.51,89164,2019-07-22 13:12:27.51,2019,"Jul",2019-07-01,13,"Monday"
"2019/07/23","01:36:17.36","eq","l",3.28,"l",35.74417,-117.55683,5.6,"A",37480781,54,3391,2019-07-23 01:36:17.36,89272,2019-07-22 18:36:17.36,2019,"Jul",2019-07-01,18,"Monday"
"2019/07/23","01:36:18.45","eq","l",3.88,"w",35.7455,-117.5565,6.1,"A",38627095,132,3418,2019-07-23 01:36:18.45,89273,2019-07-22 18:36:18.45,2019,"Jul",2019-07-01,18,"Monday"
"2019/07/23","07:45:02.53","eq","l",4.15,"w",35.625,-117.42667,5.5,"A",38628799,241,3406,2019-07-23 07:45:02.53,89429,2019-07-23 00:45:02.53,2019,"Jul",2019-07-01,0,"Tuesday"
"2019/07/23","10:56:19.65","eq","l",2.67,"l",35.7805,-117.6045,7.5,"A",38629599,123,3214,2019-07-23 10:56:19.65,89508,2019-07-23 03:56:19.65,2019,"Jul",2019-07-01,3,"Tuesday"
"2019/07/23","12:03:42.78","eq","l",2.82,"l",35.38133,-117.24267,2.5,"A",38629847,82,3313,2019-07-23 12:03:42.78,89530,2019-07-23 05:03:42.78,2019,"Jul",2019-07-01,5,"Tuesday"
"2019/07/23","12:08:22.51","eq","l",2.58,"l",35.68017,-117.52633,9.9,"A",38629871,116,3154,2019-07-23 12:08:22.51,89532,2019-07-23 05:08:22.51,2019,"Jul",2019-07-01,5,"Tuesday"
"2019/07/23","13:01:00.57","eq","l",2.7,"l",35.66433,-117.4935,2.2,"A",38630103,111,3247,2019-07-23 13:01:00.57,89557,2019-07-23 06:01:00.57,2019,"Jul",2019-07-01,6,"Tuesday"
"2019/07/23","16:15:00.89","eq","l",2.51,"l",35.916,-117.71383,7.2,"A",38630863,108,3055,2019-07-23 16:15:00.89,89617,2019-07-23 09:15:00.89,2019,"Jul",2019-07-01,9,"Tuesday"
"2019/07/23","17:27:18.52","eq","l",2.61,"l",35.79833,-117.62633,10.9,"A",38631239,122,3139,2019-07-23 17:27:18.52,89647,2019-07-23 10:27:18.52,2019,"Jul",2019-07-01,10,"Tuesday"
"2019/07/23","22:31:50.68","eq","l",2.57,"l",36.18567,-117.88883,0.9,"A",38632479,108,3013,2019-07-23 22:31:50.68,89746,2019-07-23 15:31:50.68,2019,"Jul",2019-07-01,15,"Tuesday"
"2019/07/23","23:45:48.16","eq","l",3.65,"w",35.88933,-117.71267,9.1,"A",38632759,164,3391,2019-07-23 23:45:48.16,89763,2019-07-23 16:45:48.16,2019,"Jul",2019-07-01,16,"Tuesday"
"2019/07/24","04:14:27.61","eq","l",2.53,"l",35.8685,-117.66883,7.4,"A",38633943,113,3048,2019-07-24 04:14:27.61,89868,2019-07-23 21:14:27.61,2019,"Jul",2019-07-01,21,"Tuesday"
"2019/07/24","06:39:25.82","eq","l",2.54,"l",35.64233,-117.44717,3.1,"A",38634599,109,3180,2019-07-24 06:39:25.82,89927,2019-07-23 23:39:25.82,2019,"Jul",2019-07-01,23,"Tuesday"
"2019/07/24","08:29:22.32","eq","l",2.69,"l",35.91717,-117.71417,4.6,"A",38634959,114,3158,2019-07-24 08:29:22.32,89967,2019-07-24 01:29:22.32,2019,"Jul",2019-07-01,1,"Wednesday"
"2019/07/24","09:06:04.62","eq","l",2.79,"l",35.8235,-117.668,6.5,"A",38635151,136,3180,2019-07-24 09:06:04.62,89987,2019-07-24 02:06:04.62,2019,"Jul",2019-07-01,2,"Wednesday"
"2019/07/24","09:37:56.84","eq","l",2.73,"l",35.66217,-117.45583,10.5,"A",38635255,121,3181,2019-07-24 09:37:56.84,89999,2019-07-24 02:37:56.84,2019,"Jul",2019-07-01,2,"Wednesday"
"2019/07/24","14:35:18.55","eq","l",3.75,"w",35.607,-117.6045,3.1,"A",38636511,154,3337,2019-07-24 14:35:18.55,90126,2019-07-24 07:35:18.55,2019,"Jul",2019-07-01,7,"Wednesday"
"2019/07/24","14:38:41.24","eq","l",2.77,"l",35.943,-117.6625,3.2,"A",38636535,115,2905,2019-07-24 14:38:41.24,90128,2019-07-24 07:38:41.24,2019,"Jul",2019-07-01,7,"Wednesday"
"2019/07/24","20:25:23.53","eq","l",2.74,"l",35.66317,-117.52133,9.6,"A",38638023,119,3326,2019-07-24 20:25:23.53,90237,2019-07-24 13:25:23.53,2019,"Jul",2019-07-01,13,"Wednesday"
"2019/07/24","20:45:14.32","eq","l",2.65,"l",35.772,-117.58033,2.6,"A",38638095,124,3221,2019-07-24 20:45:14.32,90245,2019-07-24 13:45:14.32,2019,"Jul",2019-07-01,13,"Wednesday"
"2019/07/24","21:44:43.52","eq","l",2.58,"l",35.5195,-117.41017,8.5,"A",38638335,119,3278,2019-07-24 21:44:43.52,90260,2019-07-24 14:44:43.52,2019,"Jul",2019-07-01,14,"Wednesday"
"2019/07/24","22:24:18.22","eq","l",3.47,"l",36.19483,-117.88767,1.2,"A",38638455,119,3353,2019-07-24 22:24:18.22,90268,2019-07-24 15:24:18.22,2019,"Jul",2019-07-01,15,"Wednesday"
"2019/07/24","23:19:47.27","eq","l",2.52,"l",35.64183,-117.583,8.2,"A",38638647,116,3164,2019-07-24 23:19:47.27,90281,2019-07-24 16:19:47.27,2019,"Jul",2019-07-01,16,"Wednesday"
"2019/07/25","06:03:59.07","eq","l",3.23,"l",35.9635,-117.68883,4.5,"A",38640343,126,3324,2019-07-25 06:03:59.07,90427,2019-07-24 23:03:59.07,2019,"Jul",2019-07-01,23,"Wednesday"
"2019/07/25","08:19:38.26","eq","l",2.7,"l",35.96517,-117.68967,4.7,"A",38640887,97,3111,2019-07-25 08:19:38.26,90475,2019-07-25 01:19:38.26,2019,"Jul",2019-07-01,1,"Thursday"
"2019/07/25","10:43:57.78","eq","l",2.66,"l",35.68067,-117.53583,5.8,"A",38641391,128,3222,2019-07-25 10:43:57.78,90532,2019-07-25 03:43:57.78,2019,"Jul",2019-07-01,3,"Thursday"
"2019/07/25","17:19:23.84","eq","l",2.62,"l",35.71367,-117.55017,6.9,"A",38643143,108,3184,2019-07-25 17:19:23.84,90673,2019-07-25 10:19:23.84,2019,"Jul",2019-07-01,10,"Thursday"
"2019/07/25","19:29:09.50","eq","l",2.52,"l",35.6545,-117.49683,3.3,"A",38643719,109,3137,2019-07-25 19:29:09.5,90723,2019-07-25 12:29:09.5,2019,"Jul",2019-07-01,12,"Thursday"
"2019/07/25","21:54:42.37","eq","l",2.94,"l",35.95833,-117.70083,7.1,"A",38644343,93,3125,2019-07-25 21:54:42.37,90756,2019-07-25 14:54:42.37,2019,"Jul",2019-07-01,14,"Thursday"
"2019/07/25","22:40:17.21","eq","l",2.66,"l",35.60217,-117.431,5.6,"A",38644551,100,3178,2019-07-25 22:40:17.21,90772,2019-07-25 15:40:17.21,2019,"Jul",2019-07-01,15,"Thursday"
"2019/07/26","00:42:47.77","eq","l",4.74,"w",35.92583,-117.70667,3.8,"A",38644943,185,3398,2019-07-26 00:42:47.77,90800,2019-07-25 17:42:47.77,2019,"Jul",2019-07-01,17,"Thursday"
"2019/07/26","00:44:24.85","eq","l",2.75,"l",35.92533,-117.70683,3.6,"A",38644975,74,3175,2019-07-26 00:44:24.85,90802,2019-07-25 17:44:24.85,2019,"Jul",2019-07-01,17,"Thursday"
"2019/07/26","00:45:34.04","eq","l",3.52,"l",35.93517,-117.6955,2.8,"A",38644983,118,3353,2019-07-26 00:45:34.04,90803,2019-07-25 17:45:34.04,2019,"Jul",2019-07-01,17,"Thursday"
"2019/07/26","00:45:54.95","eq","l",2.99,"l",35.93867,-117.69483,4,"A",38644991,67,3271,2019-07-26 00:45:54.95,90804,2019-07-25 17:45:54.95,2019,"Jul",2019-07-01,17,"Thursday"
"2019/07/26","00:47:08.67","eq","l",2.73,"l",35.938,-117.70067,3.6,"A",38645007,65,3110,2019-07-26 00:47:08.67,90806,2019-07-25 17:47:08.67,2019,"Jul",2019-07-01,17,"Thursday"
"2019/07/26","00:51:36.86","eq","l",2.65,"l",35.93367,-117.69733,2.7,"A",38645039,112,3110,2019-07-26 00:51:36.86,90810,2019-07-25 17:51:36.86,2019,"Jul",2019-07-01,17,"Thursday"
"2019/07/26","00:57:40.12","eq","l",3.23,"l",35.91983,-117.7085,2.1,"A",38645087,103,3241,2019-07-26 00:57:40.12,90816,2019-07-25 17:57:40.12,2019,"Jul",2019-07-01,17,"Thursday"
"2019/07/26","01:18:03.34","eq","l",2.63,"l",35.54817,-117.37883,4.7,"A",38645287,99,3147,2019-07-26 01:18:03.34,90841,2019-07-25 18:18:03.34,2019,"Jul",2019-07-01,18,"Thursday"
"2019/07/26","01:20:16.53","eq","l",2.78,"l",35.64867,-117.44067,10.2,"A",38645295,106,3201,2019-07-26 01:20:16.53,90843,2019-07-25 18:20:16.53,2019,"Jul",2019-07-01,18,"Thursday"
"2019/07/26","01:42:09.17","eq","l",3.06,"l",35.6455,-117.45267,10,"A",38645471,116,3328,2019-07-26 01:42:09.17,90867,2019-07-25 18:42:09.17,2019,"Jul",2019-07-01,18,"Thursday"
"2019/07/26","02:08:05.41","eq","l",2.68,"l",35.91333,-117.71467,2.2,"A",38645591,97,3066,2019-07-26 02:08:05.41,90880,2019-07-25 19:08:05.41,2019,"Jul",2019-07-01,19,"Thursday"
"2019/07/26","05:03:59.06","eq","l",3.18,"l",35.92083,-117.70567,2,"A",38646639,104,3289,2019-07-26 05:03:59.06,90980,2019-07-25 22:03:59.06,2019,"Jul",2019-07-01,22,"Thursday"
"2019/07/26","08:28:55.96","eq","l",3.21,"l",35.93483,-117.6995,2.5,"A",38647543,111,3233,2019-07-26 08:28:55.96,91080,2019-07-26 01:28:55.96,2019,"Jul",2019-07-01,1,"Friday"
"2019/07/26","10:51:11.30","eq","l",2.66,"l",35.56433,-117.40083,3.9,"A",38648223,107,3175,2019-07-26 10:51:11.3,91151,2019-07-26 03:51:11.3,2019,"Jul",2019-07-01,3,"Friday"
"2019/07/26","11:32:03.79","eq","l",2.8,"l",36.0805,-117.8445,1.7,"A",38648423,98,3064,2019-07-26 11:32:03.79,91175,2019-07-26 04:32:03.79,2019,"Jul",2019-07-01,4,"Friday"
"2019/07/26","12:13:20.09","eq","l",2.97,"l",35.605,-117.60067,5,"A",38648599,162,3235,2019-07-26 12:13:20.09,91196,2019-07-26 05:13:20.09,2019,"Jul",2019-07-01,5,"Friday"
"2019/07/26","14:57:55.66","eq","l",2.72,"l",36.11867,-117.86367,1.8,"A",38649311,89,3016,2019-07-26 14:57:55.66,91262,2019-07-26 07:57:55.66,2019,"Jul",2019-07-01,7,"Friday"
"2019/07/26","15:38:15.75","eq","l",2.96,"l",35.80767,-117.63183,8.1,"A",38649551,107,3310,2019-07-26 15:38:15.75,91284,2019-07-26 08:38:15.75,2019,"Jul",2019-07-01,8,"Friday"
"2019/07/26","21:11:48.58","eq","l",2.55,"l",35.637,-117.50133,9.9,"A",38651039,98,3210,2019-07-26 21:11:48.58,91415,2019-07-26 14:11:48.58,2019,"Jul",2019-07-01,14,"Friday"
"2019/07/27","01:35:37.53","eq","l",3.56,"l",35.53383,-117.36667,9.1,"A",38652167,135,3294,2019-07-27 01:35:37.53,91507,2019-07-26 18:35:37.53,2019,"Jul",2019-07-01,18,"Friday"
"2019/07/27","05:35:09.47","eq","l",2.59,"l",35.93567,-117.6965,3.7,"A",38652991,96,2988,2019-07-27 05:35:09.47,91568,2019-07-26 22:35:09.47,2019,"Jul",2019-07-01,22,"Friday"
"2019/07/27","05:49:48.38","eq","l",2.66,"l",36.094,-117.85667,2,"A",38653055,91,3041,2019-07-27 05:49:48.38,91575,2019-07-26 22:49:48.38,2019,"Jul",2019-07-01,22,"Friday"
"2019/07/27","10:30:54.41","eq","l",3.91,"w",35.637,-117.474,1.9,"A",38653975,138,3483,2019-07-27 10:30:54.41,91651,2019-07-27 03:30:54.41,2019,"Jul",2019-07-01,3,"Saturday"
"2019/07/27","13:08:16.97","eq","l",2.53,"l",36.10417,-117.90967,3.9,"A",38654527,99,2994,2019-07-27 13:08:16.97,91703,2019-07-27 06:08:16.97,2019,"Jul",2019-07-01,6,"Saturday"
"2019/07/27","14:14:59.45","eq","l",2.96,"l",35.93983,-117.69817,3.9,"A",38654743,123,3239,2019-07-27 14:14:59.45,91718,2019-07-27 07:14:59.45,2019,"Jul",2019-07-01,7,"Saturday"
"2019/07/27","19:15:18.88","eq","l",2.6,"l",35.67433,-117.52317,8.3,"A",38656095,112,3212,2019-07-27 19:15:18.88,91838,2019-07-27 12:15:18.88,2019,"Jul",2019-07-01,12,"Saturday"
"2019/07/27","21:41:40.71","eq","l",3.27,"l",36.21317,-118.07883,2.7,"A",38656719,112,3281,2019-07-27 21:41:40.71,91889,2019-07-27 14:41:40.71,2019,"Jul",2019-07-01,14,"Saturday"
"2019/07/27","22:22:23.61","eq","l",2.59,"l",36.1175,-117.86783,1.7,"A",38656911,88,3022,2019-07-27 22:22:23.61,91907,2019-07-27 15:22:23.61,2019,"Jul",2019-07-01,15,"Saturday"
"2019/07/27","23:40:13.23","eq","l",2.52,"l",35.69333,-117.53033,8.3,"A",38657311,102,3127,2019-07-27 23:40:13.23,91950,2019-07-27 16:40:13.23,2019,"Jul",2019-07-01,16,"Saturday"
"2019/07/28","03:37:30.79","eq","l",2.71,"l",36.101,-117.90867,4,"A",38658351,87,2985,2019-07-28 03:37:30.79,92048,2019-07-27 20:37:30.79,2019,"Jul",2019-07-01,20,"Saturday"
"2019/07/28","07:54:06.38","eq","l",2.72,"l",35.33717,-117.9155,6.3,"A",38659495,118,3217,2019-07-28 07:54:06.38,92170,2019-07-28 00:54:06.38,2019,"Jul",2019-07-01,0,"Sunday"
"2019/07/28","08:23:00.04","eq","l",2.93,"l",35.68417,-117.5245,9.3,"A",38659655,150,3295,2019-07-28 08:23:00.04,92188,2019-07-28 01:23:00.04,2019,"Jul",2019-07-01,1,"Sunday"
"2019/07/28","09:59:43.25","eq","l",2.5,"l",36.11517,-117.8425,2.5,"A",38660063,89,2963,2019-07-28 09:59:43.25,92237,2019-07-28 02:59:43.25,2019,"Jul",2019-07-01,2,"Sunday"
"2019/07/28","15:02:20.27","eq","l",3.47,"l",35.99567,-117.408,-0.2,"A",38661399,112,3343,2019-07-28 15:02:20.27,92383,2019-07-28 08:02:20.27,2019,"Jul",2019-07-01,8,"Sunday"
"2019/07/28","15:51:10.99","eq","l",2.53,"l",36.10133,-117.907,4.1,"A",38661623,85,2994,2019-07-28 15:51:10.99,92404,2019-07-28 08:51:10.99,2019,"Jul",2019-07-01,8,"Sunday"
"2019/07/28","21:18:27.44","eq","l",2.6,"l",35.7565,-117.57183,3.6,"A",38662935,92,3124,2019-07-28 21:18:27.44,92531,2019-07-28 14:18:27.44,2019,"Jul",2019-07-01,14,"Sunday"
"2019/07/28","22:25:04.15","eq","l",2.75,"l",35.67283,-117.52733,7.9,"A",38663143,96,3261,2019-07-28 22:25:04.15,92545,2019-07-28 15:25:04.15,2019,"Jul",2019-07-01,15,"Sunday"
"2019/07/29","02:09:58.35","eq","l",2.93,"l",35.76617,-117.5795,6.8,"A",38663807,109,3267,2019-07-29 02:09:58.35,92585,2019-07-28 19:09:58.35,2019,"Jul",2019-07-01,19,"Sunday"
"2019/07/29","02:40:04.40","eq","l",2.84,"l",35.86767,-117.69567,7.5,"A",38663903,102,3174,2019-07-29 02:40:04.4,92593,2019-07-28 19:40:04.4,2019,"Jul",2019-07-01,19,"Sunday"
"2019/07/29","04:46:42.68","eq","l",2.73,"l",35.87383,-117.7185,8.1,"A",38664383,109,3139,2019-07-29 04:46:42.68,92634,2019-07-28 21:46:42.68,2019,"Jul",2019-07-01,21,"Sunday"
"2019/07/29","05:01:40.89","eq","l",2.67,"l",35.9345,-117.69983,3,"A",38664447,96,3082,2019-07-29 05:01:40.89,92639,2019-07-28 22:01:40.89,2019,"Jul",2019-07-01,22,"Sunday"
"2019/07/29","05:56:13.80","eq","l",2.63,"l",35.61917,-117.43,9.7,"A",38664575,60,3196,2019-07-29 05:56:13.8,92651,2019-07-28 22:56:13.8,2019,"Jul",2019-07-01,22,"Sunday"
"2019/07/29","06:46:51.14","eq","l",2.72,"l",35.90533,-117.7465,7.3,"A",38664767,99,3058,2019-07-29 06:46:51.14,92664,2019-07-28 23:46:51.14,2019,"Jul",2019-07-01,23,"Sunday"
"2019/07/29","06:47:35.73","eq","l",2.51,"l",35.90467,-117.74467,7.4,"A",38664775,93,2906,2019-07-29 06:47:35.73,92665,2019-07-28 23:47:35.73,2019,"Jul",2019-07-01,23,"Sunday"
"2019/07/29","07:02:58.30","eq","l",2.94,"l",35.736,-117.58033,9.5,"A",38664839,117,3268,2019-07-29 07:02:58.3,92673,2019-07-29 00:02:58.3,2019,"Jul",2019-07-01,0,"Monday"
"2019/07/29","14:22:15.91","eq","l",2.5,"l",35.66033,-117.50667,9.8,"A",38666295,105,3115,2019-07-29 14:22:15.91,92812,2019-07-29 07:22:15.91,2019,"Jul",2019-07-01,7,"Monday"
"2019/07/29","15:40:20.60","eq","l",2.79,"l",35.99617,-117.41,1.1,"A",38666647,94,3178,2019-07-29 15:40:20.6,92845,2019-07-29 08:40:20.6,2019,"Jul",2019-07-01,8,"Monday"
"2019/07/29","16:51:57.23","eq","l",2.96,"l",35.68733,-117.54617,4.4,"A",38666991,159,3320,2019-07-29 16:51:57.23,92869,2019-07-29 09:51:57.23,2019,"Jul",2019-07-01,9,"Monday"
"2019/07/29","17:55:29.72","eq","l",2.7,"l",35.93883,-117.6595,2.8,"A",38667279,89,3114,2019-07-29 17:55:29.72,92884,2019-07-29 10:55:29.72,2019,"Jul",2019-07-01,10,"Monday"
"2019/07/29","19:33:43.60","eq","l",2.78,"l",35.6445,-117.501,4.1,"A",38667735,98,3243,2019-07-29 19:33:43.6,92923,2019-07-29 12:33:43.6,2019,"Jul",2019-07-01,12,"Monday"
"2019/07/29","21:22:56.94","eq","l",2.71,"l",35.95117,-117.34267,3.1,"A",38668111,92,3184,2019-07-29 21:22:56.94,92949,2019-07-29 14:22:56.94,2019,"Jul",2019-07-01,14,"Monday"
"2019/07/29","21:39:58.11","eq","l",2.59,"l",35.7025,-117.53017,8.3,"A",38668159,90,3142,2019-07-29 21:39:58.11,92954,2019-07-29 14:39:58.11,2019,"Jul",2019-07-01,14,"Monday"
"2019/07/29","23:09:33.42","eq","l",3.32,"l",35.8425,-117.735,4.8,"A",38668479,131,3336,2019-07-29 23:09:33.42,92975,2019-07-29 16:09:33.42,2019,"Jul",2019-07-01,16,"Monday"
"2019/07/29","23:19:14.16","eq","l",3.53,"l",35.82283,-117.63467,5.8,"A",38668511,134,3433,2019-07-29 23:19:14.16,92979,2019-07-29 16:19:14.16,2019,"Jul",2019-07-01,16,"Monday"
"2019/07/30","03:10:46.88","eq","l",3.15,"l",35.9265,-117.6925,4.2,"A",38669279,114,3289,2019-07-30 03:10:46.88,93031,2019-07-29 20:10:46.88,2019,"Jul",2019-07-01,20,"Monday"
"2019/07/30","04:06:48.56","eq","l",2.58,"l",35.95033,-117.34383,2.7,"A",38669487,100,3094,2019-07-30 04:06:48.56,93052,2019-07-29 21:06:48.56,2019,"Jul",2019-07-01,21,"Monday"
"2019/07/30","07:47:09.12","eq","l",2.69,"l",36.074,-117.85483,2.4,"A",38670367,95,3034,2019-07-30 07:47:09.12,93135,2019-07-30 00:47:09.12,2019,"Jul",2019-07-01,0,"Tuesday"
"2019/07/30","07:51:20.79","eq","l",2.64,"l",35.93833,-117.6615,2.6,"A",38670391,94,3082,2019-07-30 07:51:20.79,93138,2019-07-30 00:51:20.79,2019,"Jul",2019-07-01,0,"Tuesday"
"2019/07/30","10:30:55.58","eq","l",2.58,"l",36.01433,-117.36,3.6,"A",38670903,104,3031,2019-07-30 10:30:55.58,93191,2019-07-30 03:30:55.58,2019,"Jul",2019-07-01,3,"Tuesday"
"2019/07/30","11:38:05.89","eq","l",2.69,"l",35.6375,-117.4975,10.4,"A",38671143,110,3238,2019-07-30 11:38:05.89,93215,2019-07-30 04:38:05.89,2019,"Jul",2019-07-01,4,"Tuesday"
"2019/07/30","16:30:56.35","eq","l",3.5,"lr",35.66667,-117.50633,10.2,"A",38672303,131,3371,2019-07-30 16:30:56.35,93310,2019-07-30 09:30:56.35,2019,"Jul",2019-07-01,9,"Tuesday"
"2019/07/31","12:37:57.91","eq","l",2.7,"l",35.7335,-117.53683,1.5,"A",38676031,114,3158,2019-07-31 12:37:57.91,93584,2019-07-31 05:37:57.91,2019,"Jul",2019-07-01,5,"Wednesday"
"2019/07/31","13:03:35.22","eq","l",2.81,"l",35.665,-117.5385,9.3,"A",38676103,87,3251,2019-07-31 13:03:35.22,93588,2019-07-31 06:03:35.22,2019,"Jul",2019-07-01,6,"Wednesday"
"2019/07/31","17:06:28.40","eq","l",2.6,"l",35.70733,-117.53017,9.5,"A",38676663,113,3154,2019-07-31 17:06:28.4,93616,2019-07-31 10:06:28.4,2019,"Jul",2019-07-01,10,"Wednesday"
"2019/07/31","21:52:58.15","eq","l",2.75,"l",36.15783,-117.882,1.4,"A",38677791,72,3052,2019-07-31 21:52:58.15,93680,2019-07-31 14:52:58.15,2019,"Jul",2019-07-01,14,"Wednesday"
"2019/07/31","23:30:22.74","eq","l",2.75,"l",35.66117,-117.53383,9.5,"A",38678031,109,3258,2019-07-31 23:30:22.74,93693,2019-07-31 16:30:22.74,2019,"Jul",2019-07-01,16,"Wednesday"
"2019/08/01","00:36:25.54","eq","l",2.57,"l",35.64717,-117.46383,2.6,"A",38678223,97,3151,2019-08-01 00:36:25.54,93711,2019-07-31 17:36:25.54,2019,"Aug",2019-08-01,17,"Wednesday"
"2019/08/01","10:31:24.72","eq","l",3.17,"l",35.955,-117.71183,2.7,"A",38679775,118,3276,2019-08-01 10:31:24.72,93836,2019-08-01 03:31:24.72,2019,"Aug",2019-08-01,3,"Thursday"
"2019/08/01","11:04:15.46","eq","l",2.78,"l",35.728,-117.47683,7.2,"A",38679847,107,4030,2019-08-01 11:04:15.46,93839,2019-08-01 04:04:15.46,2019,"Aug",2019-08-01,4,"Thursday"
"2019/08/01","11:27:29.77","eq","l",2.83,"l",36.08867,-117.87117,2.8,"A",38679887,91,3078,2019-08-01 11:27:29.77,93842,2019-08-01 04:27:29.77,2019,"Aug",2019-08-01,4,"Thursday"
"2019/08/01","13:19:34.85","eq","l",2.52,"l",35.90217,-117.66933,2.5,"A",38680271,88,3036,2019-08-01 13:19:34.85,93861,2019-08-01 06:19:34.85,2019,"Aug",2019-08-01,6,"Thursday"
"2019/08/01","16:48:25.89","eq","l",2.58,"l",36.09617,-117.89733,4.7,"A",38680927,82,2998,2019-08-01 16:48:25.89,93894,2019-08-01 09:48:25.89,2019,"Aug",2019-08-01,9,"Thursday"
"2019/08/01","17:43:03.19","eq","l",2.75,"l",35.9255,-117.69783,2.5,"A",38681151,96,3162,2019-08-01 17:43:03.19,93902,2019-08-01 10:43:03.19,2019,"Aug",2019-08-01,10,"Thursday"
"2019/08/01","18:30:28.81","eq","l",2.5,"l",35.71267,-117.49917,6.5,"A",38681263,97,3117,2019-08-01 18:30:28.81,93906,2019-08-01 11:30:28.81,2019,"Aug",2019-08-01,11,"Thursday"
"2019/08/01","21:11:37.44","eq","l",3.14,"l",36.19433,-117.89167,0.8,"A",38681687,118,3273,2019-08-01 21:11:37.44,93929,2019-08-01 14:11:37.44,2019,"Aug",2019-08-01,14,"Thursday"
"2019/08/01","21:59:05.40","eq","l",2.52,"l",36.08283,-117.303,1.8,"A",38681847,83,3019,2019-08-01 21:59:05.4,93936,2019-08-01 14:59:05.4,2019,"Aug",2019-08-01,14,"Thursday"
"2019/08/01","23:37:25.14","eq","l",2.62,"l",35.6745,-117.51983,9.2,"A",38682079,100,3203,2019-08-01 23:37:25.14,93944,2019-08-01 16:37:25.14,2019,"Aug",2019-08-01,16,"Thursday"
"2019/08/02","12:18:42.58","eq","l",3.47,"lr",35.78217,-117.616,7.7,"A",38683903,135,3336,2019-08-02 12:18:42.58,94050,2019-08-02 05:18:42.58,2019,"Aug",2019-08-01,5,"Friday"
"2019/08/02","13:20:26.26","eq","l",2.79,"l",35.71117,-117.50733,8,"A",38684079,107,3246,2019-08-02 13:20:26.26,94062,2019-08-02 06:20:26.26,2019,"Aug",2019-08-01,6,"Friday"
"2019/08/02","14:45:56.27","eq","l",2.71,"l",35.923,-117.70167,1.9,"A",38684327,86,3135,2019-08-02 14:45:56.27,94080,2019-08-02 07:45:56.27,2019,"Aug",2019-08-01,7,"Friday"
"2019/08/02","15:19:16.43","eq","l",3.34,"l",35.61917,-117.44967,3.3,"A",38684415,127,3342,2019-08-02 15:19:16.43,94083,2019-08-02 08:19:16.43,2019,"Aug",2019-08-01,8,"Friday"
"2019/08/02","19:54:24.61","eq","l",2.55,"l",35.71183,-117.507,4.7,"A",38685351,91,3111,2019-08-02 19:54:24.61,94134,2019-08-02 12:54:24.61,2019,"Aug",2019-08-01,12,"Friday"
"2019/08/03","00:34:48.62","eq","l",2.55,"l",35.77633,-117.56717,2.4,"A",38686215,103,3102,2019-08-03 00:34:48.62,94183,2019-08-02 17:34:48.62,2019,"Aug",2019-08-01,17,"Friday"
"2019/08/03","01:01:23.26","eq","l",2.66,"l",35.63467,-117.43967,3,"A",38686287,82,3187,2019-08-03 01:01:23.26,94189,2019-08-02 18:01:23.26,2019,"Aug",2019-08-01,18,"Friday"
"2019/08/03","11:27:29.19","eq","l",2.83,"l",35.874,-117.69433,4.8,"A",38687623,96,3179,2019-08-03 11:27:29.19,94287,2019-08-03 04:27:29.19,2019,"Aug",2019-08-01,4,"Saturday"
"2019/08/03","18:47:58.57","eq","l",2.7,"l",35.661,-117.48833,4.4,"A",38688807,104,3227,2019-08-03 18:47:58.57,94369,2019-08-03 11:47:58.57,2019,"Aug",2019-08-01,11,"Saturday"
"2019/08/03","19:18:02.40","eq","l",2.57,"l",35.6675,-117.4965,4.2,"A",38688943,101,3158,2019-08-03 19:18:02.4,94381,2019-08-03 12:18:02.4,2019,"Aug",2019-08-01,12,"Saturday"
"2019/08/04","05:29:40.91","eq","l",3.15,"l",36.04933,-117.364,2.4,"A",38690607,74,3293,2019-08-04 05:29:40.91,94494,2019-08-03 22:29:40.91,2019,"Aug",2019-08-01,22,"Saturday"
"2019/08/04","05:45:10.24","eq","l",2.51,"l",35.5735,-117.3545,2.6,"A",38690663,106,3173,2019-08-04 05:45:10.24,94500,2019-08-03 22:45:10.24,2019,"Aug",2019-08-01,22,"Saturday"
"2019/08/04","08:17:38.27","eq","l",2.67,"l",35.725,-117.47817,6.4,"A",38691047,111,3185,2019-08-04 08:17:38.27,94541,2019-08-04 01:17:38.27,2019,"Aug",2019-08-01,1,"Sunday"
"2019/08/04","13:18:46.06","eq","l",2.62,"l",35.53383,-117.35617,8.5,"A",38691703,104,3212,2019-08-04 13:18:46.06,94609,2019-08-04 06:18:46.06,2019,"Aug",2019-08-01,6,"Sunday"
"2019/08/04","20:09:14.45","eq","l",3.3,"l",35.84667,-117.6745,5,"A",38692783,122,3338,2019-08-04 20:09:14.45,94686,2019-08-04 13:09:14.45,2019,"Aug",2019-08-01,13,"Sunday"
"2019/08/04","21:38:30.74","eq","l",2.68,"l",35.63283,-117.4335,3.2,"A",38693087,101,3224,2019-08-04 21:38:30.74,94709,2019-08-04 14:38:30.74,2019,"Aug",2019-08-01,14,"Sunday"
"2019/08/04","22:45:11.74","eq","l",2.6,"l",35.63217,-117.4355,3.6,"A",38693263,102,3182,2019-08-04 22:45:11.74,94724,2019-08-04 15:45:11.74,2019,"Aug",2019-08-01,15,"Sunday"
"2019/08/05","00:28:21.51","eq","l",2.51,"l",35.87267,-117.69417,4.6,"A",38693503,100,3074,2019-08-05 00:28:21.51,94739,2019-08-04 17:28:21.51,2019,"Aug",2019-08-01,17,"Sunday"
"2019/08/05","05:53:54.33","eq","l",2.67,"l",35.62817,-117.4335,3.8,"A",38694271,94,3221,2019-08-05 05:53:54.33,94801,2019-08-04 22:53:54.33,2019,"Aug",2019-08-01,22,"Sunday"
"2019/08/05","17:49:53.21","eq","l",2.56,"l",35.67433,-117.55233,8.1,"A",38696255,95,3145,2019-08-05 17:49:53.21,94983,2019-08-05 10:49:53.21,2019,"Aug",2019-08-01,10,"Monday"
"2019/08/05","20:19:08.86","eq","l",2.58,"l",35.72517,-117.53933,2.6,"A",38696735,102,3165,2019-08-05 20:19:08.86,95014,2019-08-05 13:19:08.86,2019,"Aug",2019-08-01,13,"Monday"
"2019/08/06","10:42:12.08","eq","l",2.79,"l",35.55133,-117.35367,9.4,"A",38698999,112,3041,2019-08-06 10:42:12.08,95173,2019-08-06 03:42:12.08,2019,"Aug",2019-08-01,3,"Tuesday"
"2019/08/06","17:33:32.69","eq","l",2.77,"l",35.67667,-117.53833,8.4,"A",38700151,89,3268,2019-08-06 17:33:32.69,95239,2019-08-06 10:33:32.69,2019,"Aug",2019-08-01,10,"Tuesday"
"2019/08/06","19:47:07.28","eq","l",2.6,"l",35.804,-117.6295,0.7,"A",38700639,66,3313,2019-08-06 19:47:07.28,95261,2019-08-06 12:47:07.28,2019,"Aug",2019-08-01,12,"Tuesday"
"2019/08/06","21:32:22.85","eq","l",2.59,"l",35.60117,-117.4085,7.5,"A",38700919,105,3227,2019-08-06 21:32:22.85,95273,2019-08-06 14:32:22.85,2019,"Aug",2019-08-01,14,"Tuesday"
"2019/08/07","03:10:15.55","eq","l",2.7,"l",35.89283,-117.7125,7.7,"A",38701879,98,3136,2019-08-07 03:10:15.55,95332,2019-08-06 20:10:15.55,2019,"Aug",2019-08-01,20,"Tuesday"
"2019/08/07","04:51:39.39","eq","l",3.27,"l",35.65133,-117.49933,10.4,"A",38702143,137,3328,2019-08-07 04:51:39.39,95357,2019-08-06 21:51:39.39,2019,"Aug",2019-08-01,21,"Tuesday"
"2019/08/07","16:39:26.19","eq","l",2.63,"l",35.83983,-117.628,2.2,"A",38703743,84,3127,2019-08-07 16:39:26.19,95482,2019-08-07 09:39:26.19,2019,"Aug",2019-08-01,9,"Wednesday"
"2019/08/08","01:11:05.86","eq","l",2.74,"l",35.66267,-117.45417,8.2,"A",38941448,93,3263,2019-08-08 01:11:05.86,95565,2019-08-07 18:11:05.86,2019,"Aug",2019-08-01,18,"Wednesday"
"2019/08/08","05:22:47.94","eq","l",2.89,"l",35.9525,-117.34283,2.9,"A",38942264,122,3318,2019-08-08 05:22:47.94,95615,2019-08-07 22:22:47.94,2019,"Aug",2019-08-01,22,"Wednesday"
"2019/08/09","00:09:57.91","eq","l",2.98,"l",35.89467,-117.679,4.3,"A",38945752,117,3302,2019-08-09 00:09:57.91,95860,2019-08-08 17:09:57.91,2019,"Aug",2019-08-01,17,"Thursday"
"2019/08/09","01:51:24.02","eq","l",2.72,"l",36.19683,-118.16783,-0.5,"C",38946064,85,3037,2019-08-09 01:51:24.02,95877,2019-08-08 18:51:24.02,2019,"Aug",2019-08-01,18,"Thursday"
"2019/08/09","02:32:42.14","eq","l",2.69,"l",36.0805,-117.3035,0.9,"A",38946152,91,3214,2019-08-09 02:32:42.14,95883,2019-08-08 19:32:42.14,2019,"Aug",2019-08-01,19,"Thursday"
"2019/08/09","04:13:51.33","eq","l",2.57,"l",36.20133,-118.16583,2,"A",38946392,85,2969,2019-08-09 04:13:51.33,95903,2019-08-08 21:13:51.33,2019,"Aug",2019-08-01,21,"Thursday"
"2019/08/09","04:39:07.97","eq","l",3.16,"l",36.1995,-118.16233,2.1,"A",38946464,111,3259,2019-08-09 04:39:07.97,95911,2019-08-08 21:39:07.97,2019,"Aug",2019-08-01,21,"Thursday"
"2019/08/09","14:27:07.57","eq","l",2.52,"l",35.68267,-117.53967,9.9,"A",38948120,104,3118,2019-08-09 14:27:07.57,96066,2019-08-09 07:27:07.57,2019,"Aug",2019-08-01,7,"Friday"
"2019/08/09","15:23:04.15","eq","l",2.84,"l",35.68233,-117.539,7.4,"A",38948320,133,3342,2019-08-09 15:23:04.15,96080,2019-08-09 08:23:04.15,2019,"Aug",2019-08-01,8,"Friday"
"2019/08/09","19:07:10.85","eq","l",2.54,"l",35.59817,-117.43017,6.2,"A",38949064,97,3176,2019-08-09 19:07:10.85,96134,2019-08-09 12:07:10.85,2019,"Aug",2019-08-01,12,"Friday"
"2019/08/10","19:02:35.05","eq","l",2.72,"l",36.1505,-117.9165,2.6,"A",38953000,93,3077,2019-08-10 19:02:35.05,96428,2019-08-10 12:02:35.05,2019,"Aug",2019-08-01,12,"Saturday"
"2019/08/11","01:21:08.26","eq","l",3.15,"l",35.6215,-117.47333,2.4,"A",38953824,102,3372,2019-08-11 01:21:08.26,96473,2019-08-10 18:21:08.26,2019,"Aug",2019-08-01,18,"Saturday"
"2019/08/11","14:43:37.74","eq","l",2.63,"l",35.9255,-117.71267,2.6,"A",38955872,106,3124,2019-08-11 14:43:37.74,96661,2019-08-11 07:43:37.74,2019,"Aug",2019-08-01,7,"Sunday"
"2019/08/11","18:01:38.40","eq","l",3.22,"l",35.64517,-117.45217,4,"A",38956352,141,3390,2019-08-11 18:01:38.4,96705,2019-08-11 11:01:38.4,2019,"Aug",2019-08-01,11,"Sunday"
"2019/08/12","19:20:25.93","eq","l",2.73,"l",36.09467,-117.91683,2.7,"A",38960608,101,3113,2019-08-12 19:20:25.93,97065,2019-08-12 12:20:25.93,2019,"Aug",2019-08-01,12,"Monday"
"2019/08/12","23:12:05.31","eq","l",2.79,"l",35.696,-117.5955,8,"A",38961432,126,3328,2019-08-12 23:12:05.31,97122,2019-08-12 16:12:05.31,2019,"Aug",2019-08-01,16,"Monday"
"2019/08/12","23:41:27.90","eq","l",2.84,"l",35.871,-117.70917,5.7,"A",38961520,122,3264,2019-08-12 23:41:27.9,97132,2019-08-12 16:41:27.9,2019,"Aug",2019-08-01,16,"Monday"
"2019/08/13","22:18:12.91","eq","l",2.52,"l",35.69017,-117.46133,2.5,"A",38965056,107,3162,2019-08-13 22:18:12.91,97415,2019-08-13 15:18:12.91,2019,"Aug",2019-08-01,15,"Tuesday"
"2019/08/13","22:53:38.57","eq","l",2.76,"l",36.102,-117.91067,4.1,"A",38965120,102,3149,2019-08-13 22:53:38.57,97416,2019-08-13 15:53:38.57,2019,"Aug",2019-08-01,15,"Tuesday"
"2019/08/13","23:30:01.77","eq","l",2.76,"l",36.13617,-117.86083,4,"A",38965256,111,3140,2019-08-13 23:30:01.77,97428,2019-08-13 16:30:01.77,2019,"Aug",2019-08-01,16,"Tuesday"
"2019/08/14","09:34:19.96","eq","l",3.57,"w",35.89417,-117.6755,4.5,"A",38966824,146,3433,2019-08-14 09:34:19.96,97569,2019-08-14 02:34:19.96,2019,"Aug",2019-08-01,2,"Wednesday"
"2019/08/14","09:38:51.00","eq","l",2.66,"l",35.89783,-117.67483,4.7,"A",38966840,122,3189,2019-08-14 09:38:51,97570,2019-08-14 02:38:51,2019,"Aug",2019-08-01,2,"Wednesday"
"2019/08/14","10:36:06.02","eq","l",2.55,"l",35.89667,-117.67233,3.8,"A",38967032,108,3121,2019-08-14 10:36:06.02,97587,2019-08-14 03:36:06.02,2019,"Aug",2019-08-01,3,"Wednesday"
"2019/08/14","21:04:11.03","eq","l",3.75,"w",35.89333,-117.6755,3.9,"A",38969080,141,3417,2019-08-14 21:04:11.03,97723,2019-08-14 14:04:11.03,2019,"Aug",2019-08-01,14,"Wednesday"
"2019/08/14","22:01:11.47","eq","l",2.57,"l",36.08067,-117.865,2.1,"A",38969224,100,3029,2019-08-14 22:01:11.47,97734,2019-08-14 15:01:11.47,2019,"Aug",2019-08-01,15,"Wednesday"
"2019/08/14","22:41:26.17","eq","l",2.74,"l",36.081,-117.866,2.2,"A",38969320,101,3120,2019-08-14 22:41:26.17,97745,2019-08-14 15:41:26.17,2019,"Aug",2019-08-01,15,"Wednesday"
"2019/08/14","22:52:26.65","eq","l",3.51,"l",36.0805,-117.86283,2.3,"A",38969336,142,3385,2019-08-14 22:52:26.65,97747,2019-08-14 15:52:26.65,2019,"Aug",2019-08-01,15,"Wednesday"
"2019/08/14","23:32:45.83","eq","l",3.21,"l",35.95917,-117.39917,1.6,"A",38969456,167,3355,2019-08-14 23:32:45.83,97751,2019-08-14 16:32:45.83,2019,"Aug",2019-08-01,16,"Wednesday"
"2019/08/15","00:12:50.03","eq","l",2.93,"l",35.76383,-117.58883,4,"A",38969584,108,3340,2019-08-15 00:12:50.03,97765,2019-08-14 17:12:50.03,2019,"Aug",2019-08-01,17,"Wednesday"
"2019/08/15","06:26:23.75","eq","l",2.64,"l",35.63933,-117.44483,4.9,"A",38970424,120,3283,2019-08-15 06:26:23.75,97821,2019-08-14 23:26:23.75,2019,"Aug",2019-08-01,23,"Wednesday"
"2019/08/15","11:50:24.98","eq","l",3.92,"w",36.077,-117.86067,2.4,"A",38971232,135,3404,2019-08-15 11:50:24.98,97909,2019-08-15 04:50:24.98,2019,"Aug",2019-08-01,4,"Thursday"
"2019/08/15","11:50:40.55","eq","l",2.82,"l",36.07833,-117.85067,4.4,"A",37423501,7,3176,2019-08-15 11:50:40.55,97910,2019-08-15 04:50:40.55,2019,"Aug",2019-08-01,4,"Thursday"
"2019/08/15","11:50:55.71","eq","l",2.85,"l",36.07817,-117.84783,2.4,"A",37423493,22,3191,2019-08-15 11:50:55.71,97911,2019-08-15 04:50:55.71,2019,"Aug",2019-08-01,4,"Thursday"
"2019/08/15","11:52:31.74","eq","l",2.97,"l",36.0825,-117.85833,2.4,"A",38971248,91,3229,2019-08-15 11:52:31.74,97912,2019-08-15 04:52:31.74,2019,"Aug",2019-08-01,4,"Thursday"
"2019/08/15","12:32:40.50","eq","l",2.79,"l",36.08317,-117.85783,2.5,"A",38971400,105,3146,2019-08-15 12:32:40.5,97925,2019-08-15 05:32:40.5,2019,"Aug",2019-08-01,5,"Thursday"
"2019/08/15","17:06:37.96","eq","l",2.61,"l",35.66833,-117.504,10.1,"A",38972328,120,3265,2019-08-15 17:06:37.96,97976,2019-08-15 10:06:37.96,2019,"Aug",2019-08-01,10,"Thursday"
"2019/08/15","18:49:24.23","eq","l",2.64,"l",35.66083,-117.484,8.3,"A",38972664,122,3262,2019-08-15 18:49:24.23,97995,2019-08-15 11:49:24.23,2019,"Aug",2019-08-01,11,"Thursday"
"2019/08/15","19:22:03.27","eq","l",2.64,"l",36.083,-117.855,2.5,"A",38972760,102,3096,2019-08-15 19:22:03.27,98002,2019-08-15 12:22:03.27,2019,"Aug",2019-08-01,12,"Thursday"
"2019/08/15","20:44:59.98","eq","l",2.95,"l",35.56833,-117.393,4.4,"A",38973064,116,3375,2019-08-15 20:44:59.98,98017,2019-08-15 13:44:59.98,2019,"Aug",2019-08-01,13,"Thursday"
"2019/08/16","00:47:34.88","eq","l",2.55,"l",35.9195,-117.745,7.8,"A",38973720,112,3068,2019-08-16 00:47:34.88,98042,2019-08-15 17:47:34.88,2019,"Aug",2019-08-01,17,"Thursday"
"2019/08/16","00:56:14.05","eq","l",3.29,"l",35.63517,-117.4295,8.1,"A",38973744,123,3390,2019-08-16 00:56:14.05,98045,2019-08-15 17:56:14.05,2019,"Aug",2019-08-01,17,"Thursday"
"2019/08/16","04:01:27.73","eq","l",3.12,"l",36.08383,-117.86333,2.3,"A",38974200,128,3319,2019-08-16 04:01:27.73,98084,2019-08-15 21:01:27.73,2019,"Aug",2019-08-01,21,"Thursday"
"2019/08/16","11:27:27.38","eq","l",2.54,"l",36.17567,-117.88383,2.6,"A",38975152,113,3015,2019-08-16 11:27:27.38,98183,2019-08-16 04:27:27.38,2019,"Aug",2019-08-01,4,"Friday"
"2019/08/16","12:00:27.65","eq","l",2.64,"l",35.35183,-117.90067,7.3,"A",38975232,80,3298,2019-08-16 12:00:27.65,98190,2019-08-16 05:00:27.65,2019,"Aug",2019-08-01,5,"Friday"
"2019/08/16","12:00:28.82","eq","l",2.91,"l",35.35483,-117.90133,2.6,"A",37346556,76,3331,2019-08-16 12:00:28.82,98191,2019-08-16 05:00:28.82,2019,"Aug",2019-08-01,5,"Friday"
"2019/08/16","15:43:32.29","eq","l",2.54,"l",35.66433,-117.501,10.4,"A",38975800,116,3208,2019-08-16 15:43:32.29,98224,2019-08-16 08:43:32.29,2019,"Aug",2019-08-01,8,"Friday"
"2019/08/16","16:35:53.82","eq","l",2.52,"l",36.08117,-117.86783,2.7,"A",38975928,95,3025,2019-08-16 16:35:53.82,98232,2019-08-16 09:35:53.82,2019,"Aug",2019-08-01,9,"Friday"
"2019/08/16","18:14:25.51","eq","l",2.82,"l",35.64483,-117.4515,4,"A",38976240,109,3321,2019-08-16 18:14:25.51,98247,2019-08-16 11:14:25.51,2019,"Aug",2019-08-01,11,"Friday"
"2019/08/17","02:10:23.35","eq","l",2.57,"l",36.0855,-117.85967,2.3,"A",38977304,99,3026,2019-08-17 02:10:23.35,98320,2019-08-16 19:10:23.35,2019,"Aug",2019-08-01,19,"Friday"
"2019/08/17","11:55:31.15","eq","l",3.04,"l",35.92,-117.7085,4.5,"A",38978512,159,3334,2019-08-17 11:55:31.15,98438,2019-08-17 04:55:31.15,2019,"Aug",2019-08-01,4,"Saturday"
"2019/08/17","13:37:49.44","eq","l",2.62,"l",36.08733,-117.86567,1.9,"A",38978768,96,3066,2019-08-17 13:37:49.44,98467,2019-08-17 06:37:49.44,2019,"Aug",2019-08-01,6,"Saturday"
"2019/08/17","17:24:09.09","eq","l",2.61,"l",36.08567,-117.86333,2.4,"A",38979296,99,3057,2019-08-17 17:24:09.09,98513,2019-08-17 10:24:09.09,2019,"Aug",2019-08-01,10,"Saturday"
"2019/08/18","05:02:42.89","eq","l",2.76,"l",36.08567,-117.86833,1.6,"A",38980736,108,3069,2019-08-18 05:02:42.89,98640,2019-08-17 22:02:42.89,2019,"Aug",2019-08-01,22,"Saturday"
"2019/08/18","05:05:47.54","eq","l",2.57,"l",36.086,-117.86817,1.8,"A",38980744,111,3037,2019-08-18 05:05:47.54,98641,2019-08-17 22:05:47.54,2019,"Aug",2019-08-01,22,"Saturday"
"2019/08/18","06:45:48.40","eq","l",2.63,"l",35.68683,-117.47967,7.4,"A",38981000,121,3218,2019-08-18 06:45:48.4,98668,2019-08-17 23:45:48.4,2019,"Aug",2019-08-01,23,"Saturday"
"2019/08/18","07:42:25.20","eq","l",3.25,"l",36.09,-117.8635,2.1,"A",38981040,141,3300,2019-08-18 07:42:25.2,98673,2019-08-18 00:42:25.2,2019,"Aug",2019-08-01,0,"Sunday"
"2019/08/18","08:23:59.42","eq","l",2.64,"l",35.91367,-117.691,3,"A",38981112,118,3129,2019-08-18 08:23:59.42,98680,2019-08-18 01:23:59.42,2019,"Aug",2019-08-01,1,"Sunday"
"2019/08/18","16:08:34.23","eq","l",2.52,"l",36.09283,-117.86633,2,"A",38982040,100,3030,2019-08-18 16:08:34.23,98772,2019-08-18 09:08:34.23,2019,"Aug",2019-08-01,9,"Sunday"
"2019/08/18","16:20:49.97","eq","l",2.74,"l",36.08883,-117.8685,1.8,"A",38982056,94,3156,2019-08-18 16:20:49.97,98774,2019-08-18 09:20:49.97,2019,"Aug",2019-08-01,9,"Sunday"
"2019/08/18","18:27:42.08","eq","l",3.13,"l",36.07783,-117.8655,2.6,"A",38982296,136,3290,2019-08-18 18:27:42.08,98797,2019-08-18 11:27:42.08,2019,"Aug",2019-08-01,11,"Sunday"
"2019/08/18","18:56:43.49","eq","l",3.47,"l",35.67,-117.47367,4.3,"A",38982368,143,3404,2019-08-18 18:56:43.49,98805,2019-08-18 11:56:43.49,2019,"Aug",2019-08-01,11,"Sunday"
"2019/08/18","22:02:28.66","eq","l",2.62,"l",35.68083,-117.48883,10.2,"A",38982760,120,3227,2019-08-18 22:02:28.66,98838,2019-08-18 15:02:28.66,2019,"Aug",2019-08-01,15,"Sunday"
"2019/08/19","00:09:12.94","eq","l",3.54,"lr",35.67033,-117.46767,9.5,"A",38983016,161,3394,2019-08-19 00:09:12.94,98872,2019-08-18 17:09:12.94,2019,"Aug",2019-08-01,17,"Sunday"
"2019/08/19","11:45:20.68","eq","l",3.02,"l",35.603,-117.60067,4.1,"A",38984576,157,3288,2019-08-19 11:45:20.68,99036,2019-08-19 04:45:20.68,2019,"Aug",2019-08-01,4,"Monday"
"2019/08/19","12:17:41.74","eq","l",2.51,"l",35.547,-117.35167,6.3,"A",38984640,112,3225,2019-08-19 12:17:41.74,99041,2019-08-19 05:17:41.74,2019,"Aug",2019-08-01,5,"Monday"
"2019/08/19","18:32:19.22","eq","l",2.66,"l",36.0895,-117.86867,1.7,"A",38985592,108,3057,2019-08-19 18:32:19.22,99109,2019-08-19 11:32:19.22,2019,"Aug",2019-08-01,11,"Monday"
"2019/08/20","09:26:58.01","eq","l",2.5,"l",35.67017,-117.5345,10.1,"A",38987840,101,3111,2019-08-20 09:26:58.01,99301,2019-08-20 02:26:58.01,2019,"Aug",2019-08-01,2,"Tuesday"
"2019/08/20","13:41:46.33","eq","l",2.71,"l",36.07633,-117.87567,2.4,"A",38988480,93,3078,2019-08-20 13:41:46.33,99360,2019-08-20 06:41:46.33,2019,"Aug",2019-08-01,6,"Tuesday"
"2019/08/20","14:24:35.76","eq","l",2.62,"l",36.221,-117.90333,-0.5,"A",38988592,84,3018,2019-08-20 14:24:35.76,99369,2019-08-20 07:24:35.76,2019,"Aug",2019-08-01,7,"Tuesday"
"2019/08/20","23:46:56.80","eq","l",3.18,"l",35.51733,-117.41267,8.4,"A",38990112,153,3384,2019-08-20 23:46:56.8,99466,2019-08-20 16:46:56.8,2019,"Aug",2019-08-01,16,"Tuesday"
"2019/08/20","23:48:36.16","eq","l",2.55,"l",35.51583,-117.41133,8.7,"A",38990120,117,3243,2019-08-20 23:48:36.16,99467,2019-08-20 16:48:36.16,2019,"Aug",2019-08-01,16,"Tuesday"
"2019/08/21","00:30:10.27","eq","l",3.41,"l",35.71517,-117.575,4.9,"A",38990176,184,3395,2019-08-21 00:30:10.27,99471,2019-08-20 17:30:10.27,2019,"Aug",2019-08-01,17,"Tuesday"
"2019/08/21","09:57:59.75","eq","l",2.83,"l",35.88783,-117.729,5.6,"A",38991400,157,3236,2019-08-21 09:57:59.75,99580,2019-08-21 02:57:59.75,2019,"Aug",2019-08-01,2,"Wednesday"
"2019/08/21","12:43:37.14","eq","l",2.73,"l",35.6665,-117.47583,2.1,"A",38991896,104,3270,2019-08-21 12:43:37.14,99635,2019-08-21 05:43:37.14,2019,"Aug",2019-08-01,5,"Wednesday"
"2019/08/21","14:20:22.77","eq","l",3.23,"l",35.53167,-117.36983,8.4,"A",38992192,191,3367,2019-08-21 14:20:22.77,99662,2019-08-21 07:20:22.77,2019,"Aug",2019-08-01,7,"Wednesday"
"2019/08/21","15:02:49.27","eq","l",2.55,"l",35.89067,-117.72783,6.6,"A",38992304,110,3085,2019-08-21 15:02:49.27,99673,2019-08-21 08:02:49.27,2019,"Aug",2019-08-01,8,"Wednesday"
"2019/08/22","02:10:09.94","eq","l",2.62,"l",35.65133,-117.463,2.8,"A",38993992,104,3248,2019-08-22 02:10:09.94,99805,2019-08-21 19:10:09.94,2019,"Aug",2019-08-01,19,"Wednesday"
"2019/08/22","04:21:07.96","eq","l",2.76,"l",35.53117,-117.37233,8.1,"A",38994272,120,3287,2019-08-22 04:21:07.96,99835,2019-08-21 21:21:07.96,2019,"Aug",2019-08-01,21,"Wednesday"
"2019/08/22","13:16:39.94","eq","l",2.59,"l",35.905,-117.72583,5.3,"A",38995432,102,3114,2019-08-22 13:16:39.94,99941,2019-08-22 06:16:39.94,2019,"Aug",2019-08-01,6,"Thursday"
"2019/08/22","14:57:41.54","eq","l",2.91,"l",35.32267,-117.927,6.4,"A",38995688,139,880,2019-08-22 14:57:41.54,99961,2019-08-22 07:57:41.54,2019,"Aug",2019-08-01,7,"Thursday"
"2019/08/22","16:04:28.76","eq","l",3,"l",35.68333,-117.48867,6.8,"A",38995952,97,3350,2019-08-22 16:04:28.76,99976,2019-08-22 09:04:28.76,2019,"Aug",2019-08-01,9,"Thursday"
"2019/08/22","20:49:50.18","eq","l",4.89,"w",35.90767,-117.709,4.9,"A",38996632,174,3417,2019-08-22 20:49:50.18,100025,2019-08-22 13:49:50.18,2019,"Aug",2019-08-01,13,"Thursday"
"2019/08/22","20:54:23.26","eq","l",2.62,"l",35.878,-117.69367,7.5,"A",38996664,84,3116,2019-08-22 20:54:23.26,100028,2019-08-22 13:54:23.26,2019,"Aug",2019-08-01,13,"Thursday"
"2019/08/22","20:58:46.88","eq","l",2.64,"l",35.88633,-117.69783,8.1,"A",38996712,105,3094,2019-08-22 20:58:46.88,100034,2019-08-22 13:58:46.88,2019,"Aug",2019-08-01,13,"Thursday"
"2019/08/22","21:03:25.35","eq","l",2.69,"l",35.874,-117.692,8.7,"A",38996776,101,3191,2019-08-22 21:03:25.35,100041,2019-08-22 14:03:25.35,2019,"Aug",2019-08-01,14,"Thursday"
"2019/08/22","21:09:17.09","eq","l",3.07,"l",35.90533,-117.70633,5.4,"A",38996816,164,3356,2019-08-22 21:09:17.09,100046,2019-08-22 14:09:17.09,2019,"Aug",2019-08-01,14,"Thursday"
"2019/08/22","21:11:07.53","eq","l",3.57,"l",35.88817,-117.7005,8.1,"A",38996840,142,3398,2019-08-22 21:11:07.53,100049,2019-08-22 14:11:07.53,2019,"Aug",2019-08-01,14,"Thursday"
"2019/08/22","21:21:40.90","eq","l",3.45,"l",35.90017,-117.70367,6.7,"A",38996976,186,3310,2019-08-22 21:21:40.9,100067,2019-08-22 14:21:40.9,2019,"Aug",2019-08-01,14,"Thursday"
"2019/08/22","21:22:35.75","eq","l",2.88,"l",35.88883,-117.70633,7.5,"A",38996984,96,3223,2019-08-22 21:22:35.75,100068,2019-08-22 14:22:35.75,2019,"Aug",2019-08-01,14,"Thursday"
"2019/08/22","22:18:55.13","eq","l",2.52,"l",35.91417,-117.70483,7.7,"A",38997448,107,3052,2019-08-22 22:18:55.13,100131,2019-08-22 15:18:55.13,2019,"Aug",2019-08-01,15,"Thursday"
"2019/08/23","02:43:41.57","eq","l",2.51,"l",35.8915,-117.70067,7,"A",38998680,107,3055,2019-08-23 02:43:41.57,100252,2019-08-22 19:43:41.57,2019,"Aug",2019-08-01,19,"Thursday"
"2019/08/23","05:34:09.74","eq","l",4.33,"w",35.90783,-117.70467,7.1,"A",38999296,209,3396,2019-08-23 05:34:09.74,100315,2019-08-22 22:34:09.74,2019,"Aug",2019-08-01,22,"Thursday"
"2019/08/23","05:34:57.24","eq","l",3.11,"l",35.91133,-117.70567,7.5,"A",38999312,55,3306,2019-08-23 05:34:57.24,100316,2019-08-22 22:34:57.24,2019,"Aug",2019-08-01,22,"Thursday"
"2019/08/23","05:37:25.77","eq","l",3.2,"l",35.9155,-117.685,8.3,"A",38999328,111,3324,2019-08-23 05:37:25.77,100318,2019-08-22 22:37:25.77,2019,"Aug",2019-08-01,22,"Thursday"
"2019/08/23","07:05:11.15","eq","l",2.65,"l",35.894,-117.701,7,"A",38999760,81,3112,2019-08-23 07:05:11.15,100369,2019-08-23 00:05:11.15,2019,"Aug",2019-08-01,0,"Friday"
"2019/08/23","07:05:13.68","eq","l",2.7,"l",35.893,-117.711,8.8,"A",37347220,62,3151,2019-08-23 07:05:13.68,100370,2019-08-23 00:05:13.68,2019,"Aug",2019-08-01,0,"Friday"
"2019/08/23","09:29:20.40","eq","l",2.53,"l",35.87783,-117.69583,8.7,"A",39000328,105,3064,2019-08-23 09:29:20.4,100432,2019-08-23 02:29:20.4,2019,"Aug",2019-08-01,2,"Friday"
"2019/08/23","10:22:22.77","eq","l",3.02,"l",35.66,-117.535,9.2,"A",39000512,161,3334,2019-08-23 10:22:22.77,100447,2019-08-23 03:22:22.77,2019,"Aug",2019-08-01,3,"Friday"
"2019/08/23","19:19:42.70","eq","l",3.31,"l",35.83,-117.65083,4.2,"A",39002264,190,3385,2019-08-23 19:19:42.7,100604,2019-08-23 12:19:42.7,2019,"Aug",2019-08-01,12,"Friday"
"2019/08/23","20:23:32.28","eq","l",3.01,"l",35.91417,-117.257,4.6,"A",39002432,162,3359,2019-08-23 20:23:32.28,100614,2019-08-23 13:23:32.28,2019,"Aug",2019-08-01,13,"Friday"
"2019/08/23","23:14:22.73","eq","l",2.55,"l",35.70167,-117.57333,3.9,"A",39002848,110,3221,2019-08-23 23:14:22.73,100651,2019-08-23 16:14:22.73,2019,"Aug",2019-08-01,16,"Friday"
"2019/08/23","23:52:22.96","eq","l",2.53,"l",35.64267,-117.454,2.4,"A",39002928,99,3187,2019-08-23 23:52:22.96,100657,2019-08-23 16:52:22.96,2019,"Aug",2019-08-01,16,"Friday"
"2019/08/24","11:02:20.68","eq","l",3.45,"l",35.59717,-117.42467,5.5,"A",39004464,126,3393,2019-08-24 11:02:20.68,100819,2019-08-24 04:02:20.68,2019,"Aug",2019-08-01,4,"Saturday"
"2019/08/24","15:18:30.94","eq","l",3.06,"l",35.872,-117.581,9,"A",39005120,92,3344,2019-08-24 15:18:30.94,100887,2019-08-24 08:18:30.94,2019,"Aug",2019-08-01,8,"Saturday"
"2019/08/24","21:08:16.49","eq","l",2.61,"l",35.634,-117.588,10,"A",39005840,113,3225,2019-08-24 21:08:16.49,100954,2019-08-24 14:08:16.49,2019,"Aug",2019-08-01,14,"Saturday"
"2019/08/25","02:05:32.77","eq","l",2.92,"l",35.714,-117.55167,4.3,"A",39006440,106,3332,2019-08-25 02:05:32.77,101009,2019-08-24 19:05:32.77,2019,"Aug",2019-08-01,19,"Saturday"
"2019/08/25","08:15:12.96","eq","l",3.13,"l",36.11883,-117.847,1.7,"A",39007152,202,3288,2019-08-25 08:15:12.96,101087,2019-08-25 01:15:12.96,2019,"Aug",2019-08-01,1,"Sunday"
"2019/08/25","10:36:27.05","eq","l",2.64,"l",35.7035,-117.5145,9.5,"A",39007504,116,3209,2019-08-25 10:36:27.05,101126,2019-08-25 03:36:27.05,2019,"Aug",2019-08-01,3,"Sunday"
"2019/08/26","03:53:46.36","eq","l",2.89,"l",36.139,-118.073,-0.6,"A",39009592,114,3184,2019-08-26 03:53:46.36,101336,2019-08-25 20:53:46.36,2019,"Aug",2019-08-01,20,"Sunday"
"2019/08/26","10:33:21.24","eq","l",2.72,"l",35.88767,-117.69867,7.9,"A",39010600,114,3167,2019-08-26 10:33:21.24,101449,2019-08-26 03:33:21.24,2019,"Aug",2019-08-01,3,"Monday"
"2019/08/26","12:06:37.81","eq","l",2.78,"l",35.89633,-117.67783,4.7,"A",39010824,112,3230,2019-08-26 12:06:37.81,101473,2019-08-26 05:06:37.81,2019,"Aug",2019-08-01,5,"Monday"
"2019/08/26","16:07:50.32","eq","l",2.53,"l",35.86083,-117.69233,9,"A",39011360,106,3065,2019-08-26 16:07:50.32,101511,2019-08-26 09:07:50.32,2019,"Aug",2019-08-01,9,"Monday"
"2019/08/26","16:23:20.20","eq","l",2.6,"l",35.68,-117.5385,7.1,"A",39011408,101,3221,2019-08-26 16:23:20.2,101512,2019-08-26 09:23:20.2,2019,"Aug",2019-08-01,9,"Monday"
"2019/08/26","21:31:26.77","eq","l",2.65,"l",35.74433,-117.554,3.2,"A",39012312,102,3221,2019-08-26 21:31:26.77,101581,2019-08-26 14:31:26.77,2019,"Aug",2019-08-01,14,"Monday"
"2019/08/27","14:39:37.26","eq","l",2.62,"l",35.66917,-117.52883,10.2,"A",39014664,113,3242,2019-08-27 14:39:37.26,101783,2019-08-27 07:39:37.26,2019,"Aug",2019-08-01,7,"Tuesday"
"2019/08/28","02:23:14.40","eq","l",3.29,"l",36.13667,-117.97517,5.4,"A",39016592,149,3303,2019-08-28 02:23:14.4,101932,2019-08-27 19:23:14.4,2019,"Aug",2019-08-01,19,"Tuesday"
"2019/08/29","03:23:49.31","eq","l",2.9,"l",35.76167,-117.59,3.4,"A",39020296,121,3333,2019-08-29 03:23:49.31,102214,2019-08-28 20:23:49.31,2019,"Aug",2019-08-01,20,"Wednesday"
"2019/08/30","08:55:41.38","eq","l",2.5,"l",35.61217,-117.41217,5.3,"A",39024928,110,3231,2019-08-30 08:55:41.38,102556,2019-08-30 01:55:41.38,2019,"Aug",2019-08-01,1,"Friday"
"2019/08/30","11:58:32.89","eq","l",2.72,"l",35.70817,-117.5435,9.3,"A",39025416,112,3259,2019-08-30 11:58:32.89,102608,2019-08-30 04:58:32.89,2019,"Aug",2019-08-01,4,"Friday"
"2019/08/30","19:54:43.37","eq","l",2.52,"l",36.20733,-117.85883,2.9,"A",39026808,96,2989,2019-08-30 19:54:43.37,102693,2019-08-30 12:54:43.37,2019,"Aug",2019-08-01,12,"Friday"
"2019/08/31","00:18:19.01","eq","l",2.62,"l",36.08767,-117.8645,1.8,"A",39027496,102,3059,2019-08-31 00:18:19.01,102737,2019-08-30 17:18:19.01,2019,"Aug",2019-08-01,17,"Friday"
"2019/08/31","02:26:23.83","eq","l",2.52,"l",35.87567,-117.69617,8.5,"A",39027808,118,3074,2019-08-31 02:26:23.83,102765,2019-08-30 19:26:23.83,2019,"Aug",2019-08-01,19,"Friday"
"2019/08/31","07:26:56.91","eq","l",2.72,"l",35.8305,-117.67617,9.3,"A",39028608,119,3234,2019-08-31 07:26:56.91,102835,2019-08-31 00:26:56.91,2019,"Aug",2019-08-01,0,"Saturday"
"2019/09/01","23:35:06.80","eq","l",2.82,"l",35.6555,-117.463,2.4,"A",39034088,98,4023,2019-09-01 23:35:06.8,103326,2019-09-01 16:35:06.8,2019,"Sep",2019-09-01,16,"Sunday"
"2019/09/02","08:03:26.33","eq","l",2.51,"l",35.664,-117.52433,6.8,"A",39035224,102,3192,2019-09-02 08:03:26.33,103450,2019-09-02 01:03:26.33,2019,"Sep",2019-09-01,1,"Monday"
"2019/09/03","02:23:09.47","eq","l",3.18,"l",35.51617,-117.41417,8.1,"A",39037448,202,3376,2019-09-03 02:23:09.47,103666,2019-09-02 19:23:09.47,2019,"Sep",2019-09-01,19,"Monday"
"2019/09/03","02:29:20.27","eq","l",2.76,"l",35.66983,-117.5235,10.3,"A",39037480,119,3295,2019-09-03 02:29:20.27,103669,2019-09-02 19:29:20.27,2019,"Sep",2019-09-01,19,"Monday"
"2019/09/03","02:32:14.85","eq","l",3.22,"l",35.67083,-117.52217,10.3,"A",39037488,194,3364,2019-09-03 02:32:14.85,103670,2019-09-02 19:32:14.85,2019,"Sep",2019-09-01,19,"Monday"
"2019/09/03","03:28:37.36","eq","l",2.69,"l",35.62967,-117.43217,3.7,"A",39037640,101,3269,2019-09-03 03:28:37.36,103684,2019-09-02 20:28:37.36,2019,"Sep",2019-09-01,20,"Monday"
"2019/09/03","03:41:29.16","eq","l",3.47,"w",35.70233,-117.58783,7.8,"A",39037688,110,3395,2019-09-03 03:41:29.16,103690,2019-09-02 20:41:29.16,2019,"Sep",2019-09-01,20,"Monday"
"2019/09/03","08:23:33.18","eq","l",2.59,"l",36.201,-117.88333,2.6,"A",39038160,103,3008,2019-09-03 08:23:33.18,103738,2019-09-03 01:23:33.18,2019,"Sep",2019-09-01,1,"Tuesday"
"2019/09/03","12:41:59.30","eq","l",2.61,"l",35.6475,-117.49717,6,"A",39038800,101,3243,2019-09-03 12:41:59.3,103805,2019-09-03 05:41:59.3,2019,"Sep",2019-09-01,5,"Tuesday"
"2019/09/04","12:37:12.99","eq","l",2.54,"l",35.66817,-117.51283,4.7,"A",39041872,103,3193,2019-09-04 12:37:12.99,104041,2019-09-04 05:37:12.99,2019,"Sep",2019-09-01,5,"Wednesday"
"2019/09/06","06:49:35.01","eq","l",2.72,"l",35.91817,-117.68683,3,"A",38813871,109,3575,2019-09-06 06:49:35.01,104386,2019-09-05 23:49:35.01,2019,"Sep",2019-09-01,23,"Thursday"
"2019/09/06","14:06:15.50","eq","l",2.77,"l",35.67617,-117.51383,10.1,"A",38814519,108,3316,2019-09-06 14:06:15.5,104453,2019-09-06 07:06:15.5,2019,"Sep",2019-09-01,7,"Friday"
"2019/09/07","20:37:19.61","eq","l",2.95,"l",35.65917,-117.53667,8.8,"A",38817607,164,3390,2019-09-07 20:37:19.61,104692,2019-09-07 13:37:19.61,2019,"Sep",2019-09-01,13,"Saturday"
"2019/09/08","01:02:46.02","eq","l",2.54,"l",35.6935,-117.52667,8.6,"A",38817999,108,3194,2019-09-08 01:02:46.02,104726,2019-09-07 18:02:46.02,2019,"Sep",2019-09-01,18,"Saturday"
"2019/09/08","02:05:02.22","eq","l",3.48,"l",36.11217,-117.85167,3.5,"A",38818071,128,3385,2019-09-08 02:05:02.22,104731,2019-09-07 19:05:02.22,2019,"Sep",2019-09-01,19,"Saturday"
"2019/09/08","07:41:45.81","eq","l",2.86,"l",35.87433,-117.69317,3.1,"A",38818519,102,3295,2019-09-08 07:41:45.81,104776,2019-09-08 00:41:45.81,2019,"Sep",2019-09-01,0,"Sunday"
"2019/09/08","08:06:58.90","eq","l",2.56,"l",35.87517,-117.6895,3.6,"A",38818591,109,3106,2019-09-08 08:06:58.9,104784,2019-09-08 01:06:58.9,2019,"Sep",2019-09-01,1,"Sunday"
"2019/09/08","14:07:23.35","eq","l",3.59,"w",35.58067,-117.41483,5.2,"A",38819223,152,3436,2019-09-08 14:07:23.35,104856,2019-09-08 07:07:23.35,2019,"Sep",2019-09-01,7,"Sunday"
"2019/09/08","14:08:34.76","eq","l",2.54,"l",35.8765,-117.7105,9.7,"A",38819231,81,3127,2019-09-08 14:08:34.76,104857,2019-09-08 07:08:34.76,2019,"Sep",2019-09-01,7,"Sunday"
"2019/09/09","08:50:43.72","eq","l",2.54,"l",36.07233,-117.8595,2.2,"A",38821015,94,3074,2019-09-09 08:50:43.72,105028,2019-09-09 01:50:43.72,2019,"Sep",2019-09-01,1,"Monday"
"2019/09/10","02:56:26.24","eq","l",2.55,"l",35.73817,-117.55017,8.2,"A",38823023,115,3161,2019-09-10 02:56:26.24,105162,2019-09-09 19:56:26.24,2019,"Sep",2019-09-01,19,"Monday"
"2019/09/10","11:43:41.10","eq","l",2.67,"l",35.73733,-117.59417,10.3,"A",38823935,112,3242,2019-09-10 11:43:41.1,105246,2019-09-10 04:43:41.1,2019,"Sep",2019-09-01,4,"Tuesday"
"2019/09/10","12:34:00.78","eq","l",2.96,"l",35.92117,-117.68633,3.7,"A",38824047,113,3323,2019-09-10 12:34:00.78,105262,2019-09-10 05:34:00.78,2019,"Sep",2019-09-01,5,"Tuesday"
"2019/09/10","12:36:25.36","eq","l",2.5,"l",35.92367,-117.68483,3.7,"A",38824055,105,3082,2019-09-10 12:36:25.36,105263,2019-09-10 05:36:25.36,2019,"Sep",2019-09-01,5,"Tuesday"
"2019/09/10","15:45:39.58","eq","l",2.73,"l",35.92583,-117.68617,3.7,"A",38824471,95,3223,2019-09-10 15:45:39.58,105290,2019-09-10 08:45:39.58,2019,"Sep",2019-09-01,8,"Tuesday"
"2019/09/11","22:57:43.92","eq","l",2.54,"l",35.34583,-117.88183,2.5,"A",38828127,110,3176,2019-09-11 22:57:43.92,105517,2019-09-11 15:57:43.92,2019,"Sep",2019-09-01,15,"Wednesday"
"2019/09/13","15:56:38.59","eq","l",2.52,"l",35.96767,-117.50217,3.8,"A",38833263,98,3099,2019-09-13 15:56:38.59,105891,2019-09-13 08:56:38.59,2019,"Sep",2019-09-01,8,"Friday"
"2019/09/17","14:35:13.13","eq","l",2.65,"l",35.642,-117.43217,9.6,"A",38842039,97,3278,2019-09-17 14:35:13.13,106485,2019-09-17 07:35:13.13,2019,"Sep",2019-09-01,7,"Tuesday"
"2019/09/17","19:40:53.38","eq","l",2.72,"l",35.883,-117.6795,4.7,"A",38842551,104,3211,2019-09-17 19:40:53.38,106518,2019-09-17 12:40:53.38,2019,"Sep",2019-09-01,12,"Tuesday"
"2019/09/18","01:23:22.85","eq","l",2.5,"l",35.6015,-117.35817,2.5,"A",38843255,94,3199,2019-09-18 01:23:22.85,106550,2019-09-17 18:23:22.85,2019,"Sep",2019-09-01,18,"Tuesday"
"2019/09/19","06:46:22.31","eq","l",2.58,"l",35.6155,-117.44117,6.5,"A",38845751,113,3224,2019-09-19 06:46:22.31,106695,2019-09-18 23:46:22.31,2019,"Sep",2019-09-01,23,"Wednesday"
"2019/09/20","06:49:52.05","eq","l",2.7,"l",35.68733,-117.5095,10.5,"A",38847583,102,3280,2019-09-20 06:49:52.05,106811,2019-09-19 23:49:52.05,2019,"Sep",2019-09-01,23,"Thursday"
"2019/09/20","10:11:09.55","eq","l",2.69,"l",35.65833,-117.54233,8.1,"A",38847783,115,3277,2019-09-20 10:11:09.55,106831,2019-09-20 03:11:09.55,2019,"Sep",2019-09-01,3,"Friday"
"2019/09/20","20:33:34.16","eq","l",2.9,"l",35.757,-117.57533,9.1,"A",38848871,113,3337,2019-09-20 20:33:34.16,106900,2019-09-20 13:33:34.16,2019,"Sep",2019-09-01,13,"Friday"
"2019/09/21","02:47:31.46","eq","l",2.54,"l",36.01667,-117.3585,4.6,"A",38849487,94,3058,2019-09-21 02:47:31.46,106937,2019-09-20 19:47:31.46,2019,"Sep",2019-09-01,19,"Friday"
"2019/09/21","15:19:22.87","eq","l",3.44,"l",35.54167,-117.45033,5.2,"A",38850247,115,3423,2019-09-21 15:19:22.87,107005,2019-09-21 08:19:22.87,2019,"Sep",2019-09-01,8,"Saturday"
"2019/09/23","05:02:35.95","eq","l",3.32,"l",36.09233,-117.86217,4.7,"A",38852871,107,3331,2019-09-23 05:02:35.95,107215,2019-09-22 22:02:35.95,2019,"Sep",2019-09-01,22,"Sunday"
"2019/09/24","15:43:22.69","eq","l",2.66,"l",35.81367,-117.64183,1,"A",38855927,79,3196,2019-09-24 15:43:22.69,107401,2019-09-24 08:43:22.69,2019,"Sep",2019-09-01,8,"Tuesday"
"2019/09/24","16:08:13.48","eq","l",3.55,"lr",36.08983,-117.86083,4.7,"A",38855983,142,3388,2019-09-24 16:08:13.48,107404,2019-09-24 09:08:13.48,2019,"Sep",2019-09-01,9,"Tuesday"
"2019/09/25","07:41:06.19","eq","l",2.7,"l",35.95117,-117.49633,4.8,"A",38857415,96,3152,2019-09-25 07:41:06.19,107490,2019-09-25 00:41:06.19,2019,"Sep",2019-09-01,0,"Wednesday"
"2019/09/26","03:21:41.92","eq","l",2.83,"l",35.96467,-117.66533,3.4,"A",39094144,108,3224,2019-09-26 03:21:41.92,107587,2019-09-25 20:21:41.92,2019,"Sep",2019-09-01,20,"Wednesday"
"2019/09/26","08:55:24.25","eq","l",3.04,"l",35.66567,-117.44633,9.4,"A",39094760,113,3386,2019-09-26 08:55:24.25,107633,2019-09-26 01:55:24.25,2019,"Sep",2019-09-01,1,"Thursday"
"2019/09/26","16:12:00.28","eq","l",3.27,"l",35.93617,-117.31817,3.2,"A",39095240,112,3410,2019-09-26 16:12:00.28,107671,2019-09-26 09:12:00.28,2019,"Sep",2019-09-01,9,"Thursday"
"2019/09/26","23:28:59.16","eq","l",2.52,"l",35.94967,-117.70133,4.3,"A",39095976,124,3063,2019-09-26 23:28:59.16,107711,2019-09-26 16:28:59.16,2019,"Sep",2019-09-01,16,"Thursday"
"2019/09/27","15:34:32.98","eq","l",3.23,"l",35.83,-117.65767,5.7,"A",39096944,113,3398,2019-09-27 15:34:32.98,107806,2019-09-27 08:34:32.98,2019,"Sep",2019-09-01,8,"Friday"
"2019/09/28","02:03:37.69","eq","l",2.58,"l",35.70033,-117.53083,1.7,"A",39097800,97,3272,2019-09-28 02:03:37.69,107868,2019-09-27 19:03:37.69,2019,"Sep",2019-09-01,19,"Friday"
"2019/09/28","09:09:24.04","eq","l",2.99,"l",35.723,-117.55333,3.9,"A",39098264,106,3368,2019-09-28 09:09:24.04,107906,2019-09-28 02:09:24.04,2019,"Sep",2019-09-01,2,"Saturday"
"2019/09/29","06:40:29.93","eq","l",3.44,"l",35.84117,-117.73667,4.8,"A",39099712,105,3392,2019-09-29 06:40:29.93,108023,2019-09-28 23:40:29.93,2019,"Sep",2019-09-01,23,"Saturday"
"2019/09/29","12:08:19.56","eq","l",2.77,"l",35.67333,-117.5275,8.7,"A",39099992,110,3307,2019-09-29 12:08:19.56,108050,2019-09-29 05:08:19.56,2019,"Sep",2019-09-01,5,"Sunday"
"2019/09/29","13:54:32.00","eq","l",3.06,"l",35.74633,-117.55483,8.2,"A",39100080,129,3352,2019-09-29 13:54:32,108058,2019-09-29 06:54:32,2019,"Sep",2019-09-01,6,"Sunday"
"2019/09/30","17:33:00.70","eq","l",2.88,"l",35.63767,-117.43333,5.2,"A",39101912,103,3380,2019-09-30 17:33:00.7,108232,2019-09-30 10:33:00.7,2019,"Sep",2019-09-01,10,"Monday"
"2019/10/01","05:53:32.50","eq","l",2.71,"l",35.6485,-117.44017,2.5,"A",39103120,87,3253,2019-10-01 05:53:32.5,108311,2019-09-30 22:53:32.5,2019,"Oct",2019-10-01,22,"Monday"
"2019/10/01","13:11:08.62","eq","l",3.59,"w",35.74367,-117.59283,5.9,"A",39103680,145,3364,2019-10-01 13:11:08.62,108372,2019-10-01 06:11:08.62,2019,"Oct",2019-10-01,6,"Tuesday"
"2019/10/02","06:42:55.34","eq","l",2.59,"l",36.11483,-117.8495,1.6,"A",39105384,95,3057,2019-10-02 06:42:55.34,108486,2019-10-01 23:42:55.34,2019,"Oct",2019-10-01,23,"Tuesday"
"2019/10/05","12:41:13.67","eq","l",2.77,"l",35.706,-117.509,9.5,"A",39112864,118,3307,2019-10-05 12:41:13.67,109001,2019-10-05 05:41:13.67,2019,"Oct",2019-10-01,5,"Saturday"
"2019/10/05","15:22:38.11","eq","l",2.6,"l",35.78467,-117.609,9.3,"A",39113072,116,3193,2019-10-05 15:22:38.11,109019,2019-10-05 08:22:38.11,2019,"Oct",2019-10-01,8,"Saturday"
"2019/10/07","20:14:04.58","eq","l",2.53,"l",35.85167,-117.67933,4.9,"A",39117528,107,3178,2019-10-07 20:14:04.58,109407,2019-10-07 13:14:04.58,2019,"Oct",2019-10-01,13,"Monday"
"2019/10/08","20:18:13.18","eq","l",2.74,"l",35.67367,-117.5455,4.6,"A",39120144,110,3241,2019-10-08 20:18:13.18,109572,2019-10-08 13:18:13.18,2019,"Oct",2019-10-01,13,"Tuesday"
"2019/10/08","22:31:23.52","eq","l",2.55,"l",35.966,-117.68517,2.7,"A",39120480,98,3126,2019-10-08 22:31:23.52,109585,2019-10-08 15:31:23.52,2019,"Oct",2019-10-01,15,"Tuesday"
"2019/10/09","20:09:06.51","eq","l",2.63,"l",35.65533,-117.554,7,"A",39122472,112,3253,2019-10-09 20:09:06.51,109717,2019-10-09 13:09:06.51,2019,"Oct",2019-10-01,13,"Wednesday"
"2019/10/11","19:07:39.64","eq","l",2.79,"l",35.5785,-117.404,7.8,"A",39125680,90,3273,2019-10-11 19:07:39.64,109918,2019-10-11 12:07:39.64,2019,"Oct",2019-10-01,12,"Friday"
"2019/10/13","02:12:37.81","eq","l",2.55,"l",35.61033,-117.5895,5.8,"A",39128520,107,3199,2019-10-13 02:12:37.81,110131,2019-10-12 19:12:37.81,2019,"Oct",2019-10-01,19,"Saturday"
"2019/10/13","15:48:38.89","eq","l",3.07,"l",35.6055,-117.4105,4.2,"A",39129768,106,3401,2019-10-13 15:48:38.89,110247,2019-10-13 08:48:38.89,2019,"Oct",2019-10-01,8,"Sunday"
"2019/10/14","04:57:27.29","eq","l",2.88,"l",35.5575,-117.341,3.5,"A",39130896,105,3352,2019-10-14 04:57:27.29,110335,2019-10-13 21:57:27.29,2019,"Oct",2019-10-01,21,"Sunday"
"2019/10/14","22:01:31.92","eq","l",2.52,"l",35.788,-117.6015,4.5,"A",39132368,95,3139,2019-10-14 22:01:31.92,110460,2019-10-14 15:01:31.92,2019,"Oct",2019-10-01,15,"Monday"
"2019/10/15","10:15:15.07","eq","l",2.72,"l",35.56,-117.43117,4.6,"A",39133256,99,3323,2019-10-15 10:15:15.07,110524,2019-10-15 03:15:15.07,2019,"Oct",2019-10-01,3,"Tuesday"
"2019/10/16","22:21:06.25","eq","l",2.62,"l",35.56083,-117.43317,4.5,"A",39136384,104,3316,2019-10-16 22:21:06.25,110746,2019-10-16 15:21:06.25,2019,"Oct",2019-10-01,15,"Wednesday"
"2019/10/16","22:27:49.55","eq","l",2.7,"l",35.63717,-117.44983,3.1,"A",39136416,105,3340,2019-10-16 22:27:49.55,110748,2019-10-16 15:27:49.55,2019,"Oct",2019-10-01,15,"Wednesday"
"2019/10/16","23:29:28.01","eq","l",2.82,"l",35.68317,-117.57133,8.8,"A",39136592,113,3351,2019-10-16 23:29:28.01,110762,2019-10-16 16:29:28.01,2019,"Oct",2019-10-01,16,"Wednesday"
"2019/10/17","04:34:21.40","eq","l",3.02,"l",35.9775,-117.328,3.2,"A",39136912,100,3354,2019-10-17 04:34:21.4,110789,2019-10-16 21:34:21.4,2019,"Oct",2019-10-01,21,"Wednesday"
"2019/10/17","05:29:41.10","eq","l",2.79,"l",35.84333,-117.47233,1.5,"A",39136984,113,3306,2019-10-17 05:29:41.1,110797,2019-10-16 22:29:41.1,2019,"Oct",2019-10-01,22,"Wednesday"
"2019/10/18","05:34:54.01","eq","l",3.76,"lr",35.7775,-117.58783,10.2,"A",38905359,134,3438,2019-10-18 05:34:54.01,110877,2019-10-17 22:34:54.01,2019,"Oct",2019-10-01,22,"Thursday"
"2019/10/18","10:11:39.81","eq","l",2.57,"l",35.56917,-117.394,6.4,"A",38905479,104,3288,2019-10-18 10:11:39.81,110893,2019-10-18 03:11:39.81,2019,"Oct",2019-10-01,3,"Friday"
"2019/10/20","11:32:02.72","eq","l",2.72,"l",35.70333,-117.57367,2.6,"A",38908095,96,3268,2019-10-20 11:32:02.72,111110,2019-10-20 04:32:02.72,2019,"Oct",2019-10-01,4,"Sunday"
"2019/10/21","10:13:53.23","eq","l",3.58,"l",35.56083,-117.434,4.3,"A",38909287,139,3446,2019-10-21 10:13:53.23,111227,2019-10-21 03:13:53.23,2019,"Oct",2019-10-01,3,"Monday"
"2019/10/22","22:11:44.40","eq","l",2.71,"l",35.90783,-117.442,2.4,"A",38911919,107,3251,2019-10-22 22:11:44.4,111405,2019-10-22 15:11:44.4,2019,"Oct",2019-10-01,15,"Tuesday"
"2019/10/23","05:58:36.17","eq","l",3.02,"l",35.89733,-117.6995,5.2,"A",38912351,115,3340,2019-10-23 05:58:36.17,111439,2019-10-22 22:58:36.17,2019,"Oct",2019-10-01,22,"Tuesday"
"2019/10/26","10:55:45.04","eq","l",3.06,"l",35.3485,-117.8635,3.9,"A",38917943,116,3387,2019-10-26 10:55:45.04,111760,2019-10-26 03:55:45.04,2019,"Oct",2019-10-01,3,"Saturday"
"2019/10/27","07:33:27.81","eq","l",2.66,"l",35.6655,-117.48067,6,"A",38919663,99,3247,2019-10-27 07:33:27.81,111888,2019-10-27 00:33:27.81,2019,"Oct",2019-10-01,0,"Sunday"
"2019/10/27","07:39:56.69","eq","l",2.93,"l",35.3455,-117.86383,3.7,"A",38919679,124,3346,2019-10-27 07:39:56.69,111889,2019-10-27 00:39:56.69,2019,"Oct",2019-10-01,0,"Sunday"
"2019/10/27","14:09:12.14","eq","l",2.95,"l",35.90317,-117.72033,5.6,"A",38919871,101,3290,2019-10-27 14:09:12.14,111912,2019-10-27 07:09:12.14,2019,"Oct",2019-10-01,7,"Sunday"
"2019/10/29","01:50:07.09","eq","l",2.91,"l",35.68267,-117.571,10.5,"A",38921343,107,3348,2019-10-29 01:50:07.09,112006,2019-10-28 18:50:07.09,2019,"Oct",2019-10-01,18,"Monday"
"2019/10/30","12:38:16.48","eq","l",2.82,"l",35.95667,-117.36883,2.5,"A",38923247,115,3295,2019-10-30 12:38:16.48,112144,2019-10-30 05:38:16.48,2019,"Oct",2019-10-01,5,"Wednesday"
"2019/10/30","22:57:26.65","eq","l",3.58,"l",35.54667,-117.53033,4.2,"A",38923807,152,3436,2019-10-30 22:57:26.65,112160,2019-10-30 15:57:26.65,2019,"Oct",2019-10-01,15,"Wednesday"
"2019/10/31","08:46:13.49","eq","l",2.67,"l",35.68683,-117.518,6.7,"A",38924439,121,3253,2019-10-31 08:46:13.49,112212,2019-10-31 01:46:13.49,2019,"Oct",2019-10-01,1,"Thursday"
"2019/10/31","08:49:14.02","eq","l",2.9,"l",35.66733,-117.50767,8.8,"A",38924447,81,6542,2019-10-31 08:49:14.02,112213,2019-10-31 01:49:14.02,2019,"Oct",2019-10-01,1,"Thursday"
"2019/11/03","13:07:36.00","eq","l",2.73,"l",35.89133,-117.73383,8.8,"A",38929959,111,3220,2019-11-03 13:07:36,112743,2019-11-03 05:07:36,2019,"Nov",2019-11-01,5,"Sunday"
"2019/11/03","15:18:33.07","eq","l",2.78,"l",35.62083,-117.43617,3.5,"A",38930111,119,3361,2019-11-03 15:18:33.07,112760,2019-11-03 07:18:33.07,2019,"Nov",2019-11-01,7,"Sunday"
"2019/11/03","15:45:55.63","eq","l",3.53,"l",35.63267,-117.43567,5.3,"A",38930143,161,3430,2019-11-03 15:45:55.63,112762,2019-11-03 07:45:55.63,2019,"Nov",2019-11-01,7,"Sunday"
"2019/11/05","02:13:21.76","eq","l",2.54,"l",35.95617,-117.71633,6.8,"A",38932711,109,3099,2019-11-05 02:13:21.76,112996,2019-11-04 18:13:21.76,2019,"Nov",2019-11-01,18,"Monday"
"2019/11/05","08:26:31.46","eq","l",3.12,"l",35.615,-117.44533,7.1,"A",38933079,154,3392,2019-11-05 08:26:31.46,113037,2019-11-05 00:26:31.46,2019,"Nov",2019-11-01,0,"Tuesday"
"2019/11/05","19:52:01.33","eq","l",2.92,"l",35.60833,-117.54733,9.4,"A",38934103,106,3355,2019-11-05 19:52:01.33,113111,2019-11-05 11:52:01.33,2019,"Nov",2019-11-01,11,"Tuesday"
"2019/11/07","10:46:42.95","eq","l",2.89,"l",35.70433,-117.53183,10,"A",38228890,108,3324,2019-11-07 10:46:42.95,113417,2019-11-07 02:46:42.95,2019,"Nov",2019-11-01,2,"Thursday"
"2019/11/07","12:38:59.63","eq","l",3.47,"l",35.74733,-117.59183,9.2,"A",38229138,120,3420,2019-11-07 12:38:59.63,113427,2019-11-07 04:38:59.63,2019,"Nov",2019-11-01,4,"Thursday"
"2019/11/07","19:54:14.85","eq","l",2.59,"l",35.709,-117.5575,7.4,"A",38230146,118,3227,2019-11-07 19:54:14.85,113493,2019-11-07 11:54:14.85,2019,"Nov",2019-11-01,11,"Thursday"
"2019/11/07","20:24:36.27","eq","l",2.88,"l",35.82833,-117.66133,5.1,"A",38230242,138,3302,2019-11-07 20:24:36.27,113498,2019-11-07 12:24:36.27,2019,"Nov",2019-11-01,12,"Thursday"
"2019/11/08","08:55:39.67","eq","l",2.5,"l",35.96667,-117.662,4.1,"A",38231322,94,3011,2019-11-08 08:55:39.67,113609,2019-11-08 00:55:39.67,2019,"Nov",2019-11-01,0,"Friday"
"2019/11/08","20:08:36.77","eq","l",2.51,"l",35.95467,-117.69233,2.5,"A",38232690,95,3105,2019-11-08 20:08:36.77,113737,2019-11-08 12:08:36.77,2019,"Nov",2019-11-01,12,"Friday"
"2019/11/09","02:02:19.28","eq","l",2.73,"l",35.74867,-117.5935,9.7,"A",38233258,113,3251,2019-11-09 02:02:19.28,113791,2019-11-08 18:02:19.28,2019,"Nov",2019-11-01,18,"Friday"
"2019/11/10","01:46:54.14","eq","l",2.82,"l",35.962,-117.32783,3.6,"A",38235370,97,3292,2019-11-10 01:46:54.14,113977,2019-11-09 17:46:54.14,2019,"Nov",2019-11-01,17,"Saturday"
"2019/11/13","05:28:27.04","eq","l",2.73,"l",35.68033,-117.5495,7.8,"A",38241730,96,3298,2019-11-13 05:28:27.04,114609,2019-11-12 21:28:27.04,2019,"Nov",2019-11-01,21,"Tuesday"
"2019/11/13","19:26:53.25","eq","l",3.92,"w",35.60433,-117.4065,8.8,"A",38242914,110,3446,2019-11-13 19:26:53.25,114719,2019-11-13 11:26:53.25,2019,"Nov",2019-11-01,11,"Wednesday"
"2019/11/13","19:28:18.21","eq","l",2.56,"l",35.6065,-117.40783,8.9,"A",38242930,89,3326,2019-11-13 19:28:18.21,114720,2019-11-13 11:28:18.21,2019,"Nov",2019-11-01,11,"Wednesday"
"2019/11/16","09:25:04.66","eq","l",2.74,"l",36.1865,-117.86467,1.8,"A",38246946,94,3941,2019-11-16 09:25:04.66,115079,2019-11-16 01:25:04.66,2019,"Nov",2019-11-01,1,"Saturday"
"2019/11/16","22:11:21.34","eq","l",3.53,"l",36.187,-117.86167,2.5,"A",38247706,88,3394,2019-11-16 22:11:21.34,115145,2019-11-16 14:11:21.34,2019,"Nov",2019-11-01,14,"Saturday"
"2019/11/16","22:29:26.11","eq","l",3.41,"l",36.186,-117.86633,2.1,"A",38247754,96,3362,2019-11-16 22:29:26.11,115152,2019-11-16 14:29:26.11,2019,"Nov",2019-11-01,14,"Saturday"
"2019/11/16","23:52:24.75","eq","l",2.63,"l",36.19117,-117.87667,2.6,"A",38247962,77,3037,2019-11-16 23:52:24.75,115177,2019-11-16 15:52:24.75,2019,"Nov",2019-11-01,15,"Saturday"
"2019/11/17","08:02:35.98","eq","l",3.62,"w",36.1835,-117.86683,2.1,"A",38248602,92,3376,2019-11-17 08:02:35.98,115239,2019-11-17 00:02:35.98,2019,"Nov",2019-11-01,0,"Sunday"
"2019/11/18","22:22:21.07","eq","l",2.74,"l",36.07133,-117.8535,1.8,"A",38251610,95,3156,2019-11-18 22:22:21.07,115486,2019-11-18 14:22:21.07,2019,"Nov",2019-11-01,14,"Monday"
"2019/11/19","02:40:43.34","eq","l",3.13,"l",35.6445,-117.47633,8.5,"A",38251970,112,3356,2019-11-19 02:40:43.34,115510,2019-11-18 18:40:43.34,2019,"Nov",2019-11-01,18,"Monday"
"2019/11/20","22:51:10.39","eq","l",3.34,"l",35.681,-117.51383,8.9,"A",38254674,186,3381,2019-11-20 22:51:10.39,115646,2019-11-20 14:51:10.39,2019,"Nov",2019-11-01,14,"Wednesday"
"2019/11/20","22:56:22.73","eq","l",2.69,"l",35.681,-117.51333,9.1,"A",38254682,109,3261,2019-11-20 22:56:22.73,115647,2019-11-20 14:56:22.73,2019,"Nov",2019-11-01,14,"Wednesday"
"2019/11/21","08:14:36.60","eq","l",2.71,"l",35.68067,-117.55067,7.3,"A",38255018,100,3251,2019-11-21 08:14:36.6,115678,2019-11-21 00:14:36.6,2019,"Nov",2019-11-01,0,"Thursday"
"2019/11/23","00:14:05.44","eq","l",2.59,"l",35.91317,-117.715,7.5,"A",39202360,100,3135,2019-11-23 00:14:05.44,115831,2019-11-22 16:14:05.44,2019,"Nov",2019-11-01,16,"Friday"
"2019/11/23","04:15:56.22","eq","l",2.66,"l",35.71633,-117.55417,8.8,"A",39202632,110,3204,2019-11-23 04:15:56.22,115841,2019-11-22 20:15:56.22,2019,"Nov",2019-11-01,20,"Friday"
"2019/11/23","16:28:19.67","eq","l",2.5,"l",35.82683,-117.64217,8.6,"A",39203464,108,3068,2019-11-23 16:28:19.67,115890,2019-11-23 08:28:19.67,2019,"Nov",2019-11-01,8,"Saturday"
"2019/11/24","16:43:34.21","eq","l",2.73,"l",35.94817,-117.4635,4.6,"A",39204784,98,3233,2019-11-24 16:43:34.21,116000,2019-11-24 08:43:34.21,2019,"Nov",2019-11-01,8,"Sunday"
"2019/11/24","18:31:04.84","eq","l",2.62,"l",35.69417,-117.60733,8,"A",39204952,115,3216,2019-11-24 18:31:04.84,116012,2019-11-24 10:31:04.84,2019,"Nov",2019-11-01,10,"Sunday"
"2019/11/24","19:31:54.88","eq","l",2.63,"l",35.652,-117.45067,8.3,"A",39205016,98,3243,2019-11-24 19:31:54.88,116014,2019-11-24 11:31:54.88,2019,"Nov",2019-11-01,11,"Sunday"
"2019/11/25","18:54:44.72","eq","l",3.06,"l",35.61067,-117.58517,6.2,"A",39206144,105,3350,2019-11-25 18:54:44.72,116096,2019-11-25 10:54:44.72,2019,"Nov",2019-11-01,10,"Monday"
"2019/11/26","00:06:03.16","eq","l",3.59,"w",35.5665,-117.35317,2.6,"A",39206448,181,3411,2019-11-26 00:06:03.16,116110,2019-11-25 16:06:03.16,2019,"Nov",2019-11-01,16,"Monday"
"2019/11/26","00:09:07.24","eq","l",2.5,"l",35.5695,-117.357,3.3,"A",39206464,77,3219,2019-11-26 00:09:07.24,116112,2019-11-25 16:09:07.24,2019,"Nov",2019-11-01,16,"Monday"
"2019/11/28","05:21:48.63","eq","l",2.56,"l",35.80733,-117.634,0.4,"C",39209328,97,3144,2019-11-28 05:21:48.63,116285,2019-11-27 21:21:48.63,2019,"Nov",2019-11-01,21,"Wednesday"
"2019/11/28","06:00:17.33","eq","l",3.05,"l",36.09767,-117.86067,2.8,"A",39209360,90,3222,2019-11-28 06:00:17.33,116289,2019-11-27 22:00:17.33,2019,"Nov",2019-11-01,22,"Wednesday"
"2019/11/28","22:30:03.70","eq","l",2.71,"l",35.59283,-117.398,6.1,"A",39209992,108,3223,2019-11-28 22:30:03.7,116359,2019-11-28 14:30:03.7,2019,"Nov",2019-11-01,14,"Thursday"
"2019/11/29","00:49:42.87","eq","l",3.72,"w",35.7125,-117.56783,8.6,"A",39210096,98,3328,2019-11-29 00:49:42.87,116369,2019-11-28 16:49:42.87,2019,"Nov",2019-11-01,16,"Thursday"
"2019/11/30","05:11:00.08","eq","l",2.71,"l",36.10617,-117.85667,2.9,"A",39211288,89,3045,2019-11-30 05:11:00.08,116476,2019-11-29 21:11:00.08,2019,"Nov",2019-11-01,21,"Friday"
"2019/11/30","22:31:46.82","eq","l",2.74,"l",36.10633,-117.85433,3.6,"A",39212304,67,2934,2019-11-30 22:31:46.82,116558,2019-11-30 14:31:46.82,2019,"Nov",2019-11-01,14,"Saturday"
"2019/12/01","09:53:43.42","eq","l",2.75,"l",35.65117,-117.43933,8.8,"A",39212864,118,3202,2019-12-01 09:53:43.42,116617,2019-12-01 01:53:43.42,2019,"Dec",2019-12-01,1,"Sunday"
"2019/12/02","12:01:33.88","eq","l",2.54,"l",35.79567,-117.6265,6.3,"A",39213960,102,3043,2019-12-02 12:01:33.88,116743,2019-12-02 04:01:33.88,2019,"Dec",2019-12-01,4,"Monday"
"2019/12/02","16:29:37.91","eq","l",2.54,"l",35.78367,-117.60283,10.9,"A",39214096,96,3064,2019-12-02 16:29:37.91,116756,2019-12-02 08:29:37.91,2019,"Dec",2019-12-01,8,"Monday"
"2019/12/05","03:13:07.14","eq","l",2.52,"l",35.64,-117.46717,4.3,"A",39217488,87,3103,2019-12-05 03:13:07.14,117095,2019-12-04 19:13:07.14,2019,"Dec",2019-12-01,19,"Wednesday"
"2019/12/05","08:55:31.65","eq","l",3.79,"w",35.69467,-117.60983,8,"A",39217768,125,3325,2019-12-05 08:55:31.65,117121,2019-12-05 00:55:31.65,2019,"Dec",2019-12-01,0,"Thursday"
"2019/12/05","10:49:02.02","eq","l",3.13,"l",35.55833,-117.43433,4.8,"A",39217824,76,3266,2019-12-05 10:49:02.02,117128,2019-12-05 02:49:02.02,2019,"Dec",2019-12-01,2,"Thursday"
"2019/12/05","11:57:41.76","eq","l",2.71,"l",35.6925,-117.60733,7.5,"A",39217856,110,3169,2019-12-05 11:57:41.76,117132,2019-12-05 03:57:41.76,2019,"Dec",2019-12-01,3,"Thursday"
"2019/12/06","05:33:20.72","eq","l",3.31,"l",36.10567,-117.85567,2.6,"A",39219160,100,3304,2019-12-06 05:33:20.72,117232,2019-12-05 21:33:20.72,2019,"Dec",2019-12-01,21,"Thursday"
"2019/12/08","00:19:08.44","eq","l",2.82,"l",35.786,-117.60817,4.2,"A",39221464,111,3270,2019-12-08 00:19:08.44,117464,2019-12-07 16:19:08.44,2019,"Dec",2019-12-01,16,"Saturday"
"2019/12/08","00:19:18.01","eq","l",2.63,"l",35.78717,-117.62817,5,"A",37344924,42,3159,2019-12-08 00:19:18.01,117465,2019-12-07 16:19:18.01,2019,"Dec",2019-12-01,16,"Saturday"
"2019/12/09","20:47:33.86","eq","l",2.92,"l",35.882,-117.68367,6.4,"A",39223768,113,3279,2019-12-09 20:47:33.86,117691,2019-12-09 12:47:33.86,2019,"Dec",2019-12-01,12,"Monday"
"2019/12/10","18:57:12.54","eq","l",2.99,"l",35.8265,-117.66733,7.7,"A",39225152,88,3276,2019-12-10 18:57:12.54,117857,2019-12-10 10:57:12.54,2019,"Dec",2019-12-01,10,"Tuesday"
"2019/12/11","23:28:09.01","eq","l",2.7,"h",35.6665,-117.48683,5.6,"A",39227264,17,3119,2019-12-11 23:28:09.01,118025,2019-12-11 15:28:09.01,2019,"Dec",2019-12-01,15,"Wednesday"
"2019/12/12","11:13:40.81","eq","l",3.51,"w",35.675,-117.5225,9.6,"A",39228040,114,3293,2019-12-12 11:13:40.81,118102,2019-12-12 03:13:40.81,2019,"Dec",2019-12-01,3,"Thursday"
"2019/12/14","19:31:47.15","eq","l",2.87,"l",35.80383,-117.62583,4.6,"A",39230816,114,3230,2019-12-14 19:31:47.15,118353,2019-12-14 11:31:47.15,2019,"Dec",2019-12-01,11,"Saturday"
"2019/12/16","07:16:43.49","eq","l",2.74,"l",36.11267,-117.855,3.1,"A",39231920,100,3092,2019-12-16 07:16:43.49,118494,2019-12-15 23:16:43.49,2019,"Dec",2019-12-01,23,"Sunday"
"2019/12/16","08:13:14.42","eq","l",2.66,"l",36.111,-117.85617,2.5,"A",39231968,84,3027,2019-12-16 08:13:14.42,118499,2019-12-16 00:13:14.42,2019,"Dec",2019-12-01,0,"Monday"
"2019/12/16","14:06:50.11","eq","l",3.47,"l",35.61617,-117.47133,6.8,"A",39232240,136,3311,2019-12-16 14:06:50.11,118534,2019-12-16 06:06:50.11,2019,"Dec",2019-12-01,6,"Monday"
"2019/12/16","22:15:58.55","eq","l",3.56,"l",35.6705,-117.52717,9.3,"A",39232664,209,3381,2019-12-16 22:15:58.55,118574,2019-12-16 14:15:58.55,2019,"Dec",2019-12-01,14,"Monday"
"2019/12/17","06:57:45.22","eq","l",3.6,"l",35.71533,-117.57183,7.1,"A",39232936,118,3321,2019-12-17 06:57:45.22,118600,2019-12-16 22:57:45.22,2019,"Dec",2019-12-01,22,"Monday"
"2019/12/17","15:28:32.43","eq","l",2.65,"l",35.67133,-117.52567,10.1,"A",39233216,96,3158,2019-12-17 15:28:32.43,118629,2019-12-17 07:28:32.43,2019,"Dec",2019-12-01,7,"Tuesday"
"2019/12/17","17:02:19.90","eq","l",2.61,"l",36.11,-117.85833,2.6,"A",39233368,82,3010,2019-12-17 17:02:19.9,118643,2019-12-17 09:02:19.9,2019,"Dec",2019-12-01,9,"Tuesday"
"2019/12/17","22:01:41.62","eq","l",2.61,"l",35.61867,-117.44067,6.6,"A",39233728,102,3208,2019-12-17 22:01:41.62,118675,2019-12-17 14:01:41.62,2019,"Dec",2019-12-01,14,"Tuesday"
"2019/12/18","11:48:45.77","eq","l",2.57,"l",35.60183,-117.4815,7.8,"A",39234568,106,3156,2019-12-18 11:48:45.77,118754,2019-12-18 03:48:45.77,2019,"Dec",2019-12-01,3,"Wednesday"
"2019/12/19","20:05:26.81","eq","l",3.05,"l",35.91333,-117.709,4.4,"A",39005887,113,3286,2019-12-19 20:05:26.81,118914,2019-12-19 12:05:26.81,2019,"Dec",2019-12-01,12,"Thursday"
"2019/12/20","06:09:11.09","eq","l",2.54,"l",36.13167,-117.8665,2.5,"A",39006567,100,2979,2019-12-20 06:09:11.09,118972,2019-12-19 22:09:11.09,2019,"Dec",2019-12-01,22,"Thursday"
"2019/12/20","08:00:34.43","eq","l",3.11,"l",35.909,-117.70517,4.8,"A",39006607,102,3287,2019-12-20 08:00:34.43,118977,2019-12-20 00:00:34.43,2019,"Dec",2019-12-01,0,"Friday"
"2019/12/20","08:05:50.15","eq","l",2.54,"l",35.9065,-117.7065,3.5,"A",39006639,103,3047,2019-12-20 08:05:50.15,118981,2019-12-20 00:05:50.15,2019,"Dec",2019-12-01,0,"Friday"
"2019/12/20","08:28:57.24","eq","l",2.6,"l",35.717,-117.52933,7.6,"A",39006711,91,3158,2019-12-20 08:28:57.24,118991,2019-12-20 00:28:57.24,2019,"Dec",2019-12-01,0,"Friday"
"2019/12/20","19:30:47.22","eq","l",3.17,"l",35.6635,-117.56533,6.5,"A",39007423,128,3342,2019-12-20 19:30:47.22,119080,2019-12-20 11:30:47.22,2019,"Dec",2019-12-01,11,"Friday"
"2019/12/21","00:22:47.79","eq","l",3.84,"l",35.65117,-117.44917,3.5,"A",39007775,142,3410,2019-12-21 00:22:47.79,119118,2019-12-20 16:22:47.79,2019,"Dec",2019-12-01,16,"Friday"
"2019/12/21","06:32:05.30","eq","l",2.54,"l",35.70683,-117.5035,9.9,"A",39008175,104,3133,2019-12-21 06:32:05.3,119160,2019-12-20 22:32:05.3,2019,"Dec",2019-12-01,22,"Friday"
"2019/12/21","08:05:55.36","eq","l",2.7,"l",35.8655,-117.6765,5.1,"A",39008279,104,3133,2019-12-21 08:05:55.36,119172,2019-12-21 00:05:55.36,2019,"Dec",2019-12-01,0,"Saturday"
"2019/12/21","08:24:32.62","eq","l",3.91,"w",35.64667,-117.458,4.3,"A",39008311,125,3384,2019-12-21 08:24:32.62,119178,2019-12-21 00:24:32.62,2019,"Dec",2019-12-01,0,"Saturday"
"2019/12/21","22:39:45.02","eq","l",2.58,"l",35.867,-117.67817,5.3,"A",39009119,105,3086,2019-12-21 22:39:45.02,119288,2019-12-21 14:39:45.02,2019,"Dec",2019-12-01,14,"Saturday"
"2019/12/24","09:10:02.77","eq","l",2.82,"l",35.85167,-117.68683,6.4,"A",39011687,104,3144,2019-12-24 09:10:02.77,119571,2019-12-24 01:10:02.77,2019,"Dec",2019-12-01,1,"Tuesday"
"2019/12/25","05:54:54.57","eq","l",2.52,"l",35.94283,-117.723,3,"A",39012767,91,3022,2019-12-25 05:54:54.57,119699,2019-12-24 21:54:54.57,2019,"Dec",2019-12-01,21,"Tuesday"
"2019/12/25","09:32:45.93","eq","l",2.84,"l",35.98167,-117.40783,1.5,"A",39012911,93,3202,2019-12-25 09:32:45.93,119718,2019-12-25 01:32:45.93,2019,"Dec",2019-12-01,1,"Wednesday"
"2019/12/26","04:12:00.18","eq","l",3.32,"l",35.94983,-117.368,2.5,"A",39013663,93,3246,2019-12-26 04:12:00.18,119824,2019-12-25 20:12:00.18,2019,"Dec",2019-12-01,20,"Wednesday"
"2019/12/27","02:21:47.90","eq","l",3.95,"l",35.76867,-117.5935,8,"A",39014215,109,3285,2019-12-27 02:21:47.9,119878,2019-12-26 18:21:47.9,2019,"Dec",2019-12-01,18,"Thursday"
"2019/12/28","07:35:17.66","eq","l",2.51,"l",35.82367,-117.64567,3.8,"A",39015311,74,2999,2019-12-28 07:35:17.66,119992,2019-12-27 23:35:17.66,2019,"Dec",2019-12-01,23,"Friday"
"2019/12/28","08:43:29.51","eq","l",3.15,"l",35.615,-117.41967,9.2,"A",39015367,122,3288,2019-12-28 08:43:29.51,119999,2019-12-28 00:43:29.51,2019,"Dec",2019-12-01,0,"Saturday"
"2019/12/30","10:41:05.64","eq","l",2.92,"l",35.86667,-117.7015,8.1,"A",39017359,103,3169,2019-12-30 10:41:05.64,120220,2019-12-30 02:41:05.64,2019,"Dec",2019-12-01,2,"Monday"
"2019/12/30","22:01:13.94","eq","l",2.54,"l",35.76567,-117.5735,6.2,"A",39017999,75,3020,2019-12-30 22:01:13.94,120278,2019-12-30 14:01:13.94,2019,"Dec",2019-12-01,14,"Monday"
"2020/01/01","13:57:05.76","eq","l",2.71,"l",35.98333,-117.3155,2.7,"A",39019863,92,3083,2020-01-01 13:57:05.76,120459,2020-01-01 05:57:05.76,2020,"Jan",2020-01-01,5,"Wednesday"
"2020/01/03","05:48:05.43","eq","l",3.14,"l",35.79283,-117.61633,5.4,"A",39021735,93,3308,2020-01-03 05:48:05.43,120651,2020-01-02 21:48:05.43,2020,"Jan",2020-01-01,21,"Thursday"
"2020/01/04","04:48:51.24","eq","l",2.78,"l",35.60033,-117.40633,8.2,"A",39023047,133,3278,2020-01-04 04:48:51.24,120785,2020-01-03 20:48:51.24,2020,"Jan",2020-01-01,20,"Friday"
"2020/01/05","00:55:52.09","eq","l",2.63,"l",35.97717,-117.3975,2.8,"A",39023815,116,3101,2020-01-05 00:55:52.09,120871,2020-01-04 16:55:52.09,2020,"Jan",2020-01-01,16,"Saturday"
"2020/01/05","22:34:51.03","eq","l",2.89,"l",35.65767,-117.526,2.1,"A",39024647,118,3313,2020-01-05 22:34:51.03,120971,2020-01-05 14:34:51.03,2020,"Jan",2020-01-01,14,"Sunday"
"2020/01/06","07:03:13.59","eq","l",2.77,"l",35.74033,-117.56633,3.4,"A",39025199,118,3245,2020-01-06 07:03:13.59,121038,2020-01-05 23:03:13.59,2020,"Jan",2020-01-01,23,"Sunday"
"2020/01/08","16:11:18.17","eq","l",3.48,"l",35.6765,-117.54783,6.6,"A",39028647,108,3364,2020-01-08 16:11:18.17,121317,2020-01-08 08:11:18.17,2020,"Jan",2020-01-01,8,"Wednesday"
"2020/01/11","05:45:28.26","eq","l",2.8,"l",35.90967,-117.6935,3.4,"A",39032247,93,3219,2020-01-11 05:45:28.26,121716,2020-01-10 21:45:28.26,2020,"Jan",2020-01-01,21,"Friday"
"2020/01/14","14:39:57.99","eq","l",2.59,"l",35.86267,-117.68767,4.2,"A",39035887,87,3069,2020-01-14 14:39:57.99,122080,2020-01-14 06:39:57.99,2020,"Jan",2020-01-01,6,"Tuesday"
"2020/01/15","05:02:41.61","eq","l",2.5,"l",35.58017,-117.41417,6,"A",39036639,98,3122,2020-01-15 05:02:41.61,122149,2020-01-14 21:02:41.61,2020,"Jan",2020-01-01,21,"Tuesday"
"2020/01/17","11:50:13.03","eq","l",2.52,"l",35.59783,-117.59833,4.4,"A",39273664,101,3119,2020-01-17 11:50:13.03,122408,2020-01-17 03:50:13.03,2020,"Jan",2020-01-01,3,"Friday"
"2020/01/17","13:06:21.47","eq","l",3.01,"l",35.64533,-117.48267,9.1,"A",39273704,100,3302,2020-01-17 13:06:21.47,122416,2020-01-17 05:06:21.47,2020,"Jan",2020-01-01,5,"Friday"
"2020/01/20","09:27:14.77","eq","l",2.53,"l",35.58933,-117.39733,8.3,"A",39276056,109,2953,2020-01-20 09:27:14.77,122641,2020-01-20 01:27:14.77,2020,"Jan",2020-01-01,1,"Monday"
"2020/01/21","02:08:19.12","eq","l",3.07,"l",35.61733,-117.432,10.2,"A",39276560,187,3135,2020-01-21 02:08:19.12,122690,2020-01-20 18:08:19.12,2020,"Jan",2020-01-01,18,"Monday"
"2020/01/21","03:00:10.65","eq","l",2.79,"l",35.61667,-117.4305,10.3,"A",39276616,87,3081,2020-01-21 03:00:10.65,122697,2020-01-20 19:00:10.65,2020,"Jan",2020-01-01,19,"Monday"
"2020/01/21","20:08:03.28","eq","l",2.68,"l",35.80017,-117.60617,11,"A",39277104,100,3178,2020-01-21 20:08:03.28,122747,2020-01-21 12:08:03.28,2020,"Jan",2020-01-01,12,"Tuesday"
"2020/01/28","14:22:51.12","eq","l",2.57,"l",35.90667,-117.73217,7.7,"A",39284936,97,3012,2020-01-28 14:22:51.12,123449,2020-01-28 06:22:51.12,2020,"Jan",2020-01-01,6,"Tuesday"
"2020/01/31","10:29:12.39","eq","l",2.75,"l",35.51967,-117.40467,7.4,"A",39287752,100,3241,2020-01-31 10:29:12.39,123667,2020-01-31 02:29:12.39,2020,"Jan",2020-01-01,2,"Friday"
"2020/02/02","10:09:33.69","eq","l",2.7,"l",35.758,-117.57017,6.2,"A",39290016,94,3161,2020-02-02 10:09:33.69,123885,2020-02-02 02:09:33.69,2020,"Feb",2020-02-01,2,"Sunday"
"2020/02/03","21:41:21.67","eq","l",2.84,"l",35.54667,-117.52417,4.3,"A",39291168,102,3301,2020-02-03 21:41:21.67,123992,2020-02-03 13:41:21.67,2020,"Feb",2020-02-01,13,"Monday"
"2020/02/04","23:21:21.12","eq","l",2.67,"l",35.801,-117.62317,6.7,"A",39292256,98,3066,2020-02-04 23:21:21.12,124070,2020-02-04 15:21:21.12,2020,"Feb",2020-02-01,15,"Tuesday"
"2020/02/06","13:20:43.71","eq","l",2.95,"l",35.68117,-117.40467,7.1,"A",39293816,107,3199,2020-02-06 13:20:43.71,124216,2020-02-06 05:20:43.71,2020,"Feb",2020-02-01,5,"Thursday"
"2020/02/08","10:11:26.89","eq","l",2.91,"l",35.9555,-117.3665,1,"A",39296232,87,3139,2020-02-08 10:11:26.89,124411,2020-02-08 02:11:26.89,2020,"Feb",2020-02-01,2,"Saturday"
"2020/02/08","18:57:27.28","eq","l",2.94,"l",35.5285,-117.37967,8,"A",39296600,109,3221,2020-02-08 18:57:27.28,124449,2020-02-08 10:57:27.28,2020,"Feb",2020-02-01,10,"Saturday"
"2020/02/09","05:08:13.69","eq","l",2.81,"l",35.7165,-117.5515,5.6,"A",39296968,107,3137,2020-02-09 05:08:13.69,124490,2020-02-08 21:08:13.69,2020,"Feb",2020-02-01,21,"Saturday"
"2020/02/09","11:56:00.66","eq","l",2.78,"l",35.7135,-117.5655,4.4,"A",39297136,104,3128,2020-02-09 11:56:00.66,124512,2020-02-09 03:56:00.66,2020,"Feb",2020-02-01,3,"Sunday"
"2020/02/09","13:12:43.02","eq","l",2.71,"l",35.73483,-117.53733,6.7,"A",39297176,96,3088,2020-02-09 13:12:43.02,124518,2020-02-09 05:12:43.02,2020,"Feb",2020-02-01,5,"Sunday"
"2020/02/09","18:19:27.00","eq","l",2.53,"l",35.53,-117.3775,8,"A",39297288,103,3091,2020-02-09 18:19:27,124526,2020-02-09 10:19:27,2020,"Feb",2020-02-01,10,"Sunday"
"2020/02/18","19:04:19.78","eq","l",3.15,"l",36.20833,-118.12783,2,"A",39075799,139,3111,2020-02-18 19:04:19.78,125384,2020-02-18 11:04:19.78,2020,"Feb",2020-02-01,11,"Tuesday"
"2020/02/19","01:41:50.09","eq","l",2.53,"l",36.21117,-118.1295,2.2,"A",39076271,81,2817,2020-02-19 01:41:50.09,125415,2020-02-18 17:41:50.09,2020,"Feb",2020-02-01,17,"Tuesday"
"2020/02/20","07:12:30.96","eq","l",2.78,"l",35.92933,-117.70483,4.2,"A",39077847,100,3080,2020-02-20 07:12:30.96,125535,2020-02-19 23:12:30.96,2020,"Feb",2020-02-01,23,"Wednesday"
"2020/02/20","08:53:20.27","eq","l",3.18,"l",35.6265,-117.47317,8.8,"A",39077911,109,3255,2020-02-20 08:53:20.27,125543,2020-02-20 00:53:20.27,2020,"Feb",2020-02-01,0,"Thursday"
"2020/02/21","18:39:39.62","eq","l",3.11,"l",35.67033,-117.53,8.8,"A",39079791,133,3294,2020-02-21 18:39:39.62,125694,2020-02-21 10:39:39.62,2020,"Feb",2020-02-01,10,"Friday"
"2020/02/22","07:22:49.67","eq","l",2.61,"l",35.776,-117.61833,9.8,"A",39080439,104,3087,2020-02-22 07:22:49.67,125763,2020-02-21 23:22:49.67,2020,"Feb",2020-02-01,23,"Friday"
"2020/02/24","18:50:25.67","eq","l",2.53,"l",35.91367,-117.67517,3.3,"A",39082327,83,3015,2020-02-24 18:50:25.67,125966,2020-02-24 10:50:25.67,2020,"Feb",2020-02-01,10,"Monday"
"2020/02/25","17:16:03.90","eq","l",3.24,"l",35.67883,-117.4625,5.2,"A",39083119,120,3308,2020-02-25 17:16:03.9,126032,2020-02-25 09:16:03.9,2020,"Feb",2020-02-01,9,"Tuesday"
"2020/02/25","22:35:19.32","eq","l",3.32,"l",35.35467,-117.81583,4.3,"A",39083439,126,3289,2020-02-25 22:35:19.32,126054,2020-02-25 14:35:19.32,2020,"Feb",2020-02-01,14,"Tuesday"
"2020/02/29","12:35:37.93","eq","l",3.1,"l",35.84733,-117.677,4.6,"A",39087367,152,3207,2020-02-29 12:35:37.93,126382,2020-02-29 04:35:37.93,2020,"Feb",2020-02-01,4,"Saturday"
"2020/03/01","12:21:47.45","eq","l",2.63,"l",35.655,-117.46617,8.4,"A",39088143,72,2839,2020-03-01 12:21:47.45,126470,2020-03-01 04:21:47.45,2020,"Mar",2020-03-01,4,"Sunday"
"2020/03/03","00:32:50.88","eq","l",3.25,"l",35.89633,-117.69983,4.5,"A",39089007,76,3066,2020-03-03 00:32:50.88,126572,2020-03-02 16:32:50.88,2020,"Mar",2020-03-01,16,"Monday"
"2020/03/03","14:46:04.80","eq","l",2.61,"l",35.8095,-117.6405,8.2,"A",39089391,73,2902,2020-03-03 14:46:04.8,126620,2020-03-03 06:46:04.8,2020,"Mar",2020-03-01,6,"Tuesday"
"2020/03/04","07:49:56.70","eq","l",2.59,"l",35.703,-117.48367,7.1,"A",39090015,81,2875,2020-03-04 07:49:56.7,126685,2020-03-03 23:49:56.7,2020,"Mar",2020-03-01,23,"Tuesday"
"2020/03/04","10:01:31.66","eq","l",2.97,"l",35.794,-117.62267,3.1,"A",39090087,79,3034,2020-03-04 10:01:31.66,126697,2020-03-04 02:01:31.66,2020,"Mar",2020-03-01,2,"Wednesday"
"2020/03/07","01:40:51.63","eq","l",2.52,"l",35.8065,-117.64817,9.3,"A",38385850,89,3032,2020-03-07 01:40:51.63,127035,2020-03-06 17:40:51.63,2020,"Mar",2020-03-01,17,"Friday"
"2020/03/07","08:49:13.25","eq","l",3.44,"l",36.1115,-117.86417,2.6,"A",38386162,73,3332,2020-03-07 08:49:13.25,127070,2020-03-07 00:49:13.25,2020,"Mar",2020-03-01,0,"Saturday"
"2020/03/07","12:51:16.87","eq","l",3.66,"w",36.1145,-117.86217,2.1,"A",38386410,75,3332,2020-03-07 12:51:16.87,127103,2020-03-07 04:51:16.87,2020,"Mar",2020-03-01,4,"Saturday"
"2020/03/08","00:33:32.00","eq","l",3.81,"w",36.11083,-117.86233,2.2,"A",38387018,82,3364,2020-03-08 00:33:32,127145,2020-03-07 16:33:32,2020,"Mar",2020-03-01,16,"Saturday"
"2020/03/11","04:55:52.99","eq","l",2.76,"l",35.60133,-117.398,7.8,"A",38390530,72,3202,2020-03-11 04:55:52.99,127442,2020-03-10 21:55:52.99,2020,"Mar",2020-03-01,21,"Tuesday"
"2020/03/11","21:02:17.96","eq","l",2.72,"l",36.2495,-117.25283,3,"A",38391418,65,3064,2020-03-11 21:02:17.96,127504,2020-03-11 14:02:17.96,2020,"Mar",2020-03-01,14,"Wednesday"
"2020/03/16","15:28:13.59","eq","l",2.55,"l",35.874,-117.68567,4.9,"A",38395578,90,2883,2020-03-16 15:28:13.59,127897,2020-03-16 08:28:13.59,2020,"Mar",2020-03-01,8,"Monday"
"2020/03/17","01:57:03.72","eq","l",3.45,"l",35.95533,-117.36433,2.3,"A",38395986,74,3122,2020-03-17 01:57:03.72,127921,2020-03-16 18:57:03.72,2020,"Mar",2020-03-01,18,"Monday"
"2020/03/18","12:49:36.91","eq","l",2.75,"l",35.71417,-117.56783,5.5,"A",39106375,80,3019,2020-03-18 12:49:36.91,128020,2020-03-18 05:49:36.91,2020,"Mar",2020-03-01,5,"Wednesday"
"2020/03/20","11:52:54.03","eq","l",3.59,"l",35.66317,-117.523,9.8,"A",39108583,78,3244,2020-03-20 11:52:54.03,128181,2020-03-20 04:52:54.03,2020,"Mar",2020-03-01,4,"Friday"
"2020/03/20","12:17:28.33","eq","l",2.53,"l",35.664,-117.521,10.2,"A",39108623,86,2987,2020-03-20 12:17:28.33,128185,2020-03-20 05:17:28.33,2020,"Mar",2020-03-01,5,"Friday"
"2020/03/22","21:08:21.40","eq","l",2.51,"l",35.5965,-117.43083,7.3,"A",39111743,88,2997,2020-03-22 21:08:21.4,128410,2020-03-22 14:08:21.4,2020,"Mar",2020-03-01,14,"Sunday"
"2020/03/23","05:53:57.26","eq","l",4.32,"w",35.9555,-117.363,0.9,"A",39111991,78,3303,2020-03-23 05:53:57.26,128434,2020-03-22 22:53:57.26,2020,"Mar",2020-03-01,22,"Sunday"
"2020/03/24","17:01:09.66","eq","l",2.98,"l",36.102,-117.86567,2.5,"A",39114071,67,3003,2020-03-24 17:01:09.66,128613,2020-03-24 10:01:09.66,2020,"Mar",2020-03-01,10,"Tuesday"
"2020/03/25","04:29:51.75","eq","l",2.89,"l",36.09917,-117.86617,2.2,"A",39114751,65,2965,2020-03-25 04:29:51.75,128653,2020-03-24 21:29:51.75,2020,"Mar",2020-03-01,21,"Tuesday"
"2020/03/26","08:13:42.55","eq","l",3.04,"l",35.5955,-117.3935,6.7,"A",39116263,80,3080,2020-03-26 08:13:42.55,128744,2020-03-26 01:13:42.55,2020,"Mar",2020-03-01,1,"Thursday"
"2020/03/26","13:22:26.54","eq","l",2.62,"l",35.85683,-117.69133,4.9,"A",39116415,76,2880,2020-03-26 13:22:26.54,128758,2020-03-26 06:22:26.54,2020,"Mar",2020-03-01,6,"Thursday"
"2020/03/26","16:30:27.02","eq","l",2.64,"l",35.91467,-117.73683,4,"A",39116647,74,2856,2020-03-26 16:30:27.02,128776,2020-03-26 09:30:27.02,2020,"Mar",2020-03-01,9,"Thursday"
"2020/04/02","04:01:53.14","eq","l",2.59,"l",35.807,-117.62433,6.7,"A",39124391,65,2877,2020-04-02 04:01:53.14,129323,2020-04-01 21:01:53.14,2020,"Apr",2020-04-01,21,"Wednesday"
"2020/04/03","12:44:59.29","eq","l",2.72,"l",36.14733,-117.92267,3.3,"A",39125343,60,2881,2020-04-03 12:44:59.29,129405,2020-04-03 05:44:59.29,2020,"Apr",2020-04-01,5,"Friday"
"2020/04/05","10:23:43.83","eq","l",2.73,"l",35.36967,-118.0905,1.4,"A",39133167,102,3047,2020-04-05 10:23:43.83,130418,2020-04-05 03:23:43.83,2020,"Apr",2020-04-01,3,"Sunday"
"2020/04/06","18:10:02.97","eq","l",3.03,"l",35.67683,-117.51883,9.1,"A",39138391,81,3196,2020-04-06 18:10:02.97,131155,2020-04-06 11:10:02.97,2020,"Apr",2020-04-01,11,"Monday"
"2020/04/07","08:27:20.17","eq","l",2.68,"l",35.673,-117.52383,9.4,"A",39139775,71,3088,2020-04-07 08:27:20.17,131328,2020-04-07 01:27:20.17,2020,"Apr",2020-04-01,1,"Tuesday"
"2020/04/07","20:16:46.75","eq","l",2.96,"l",35.9585,-117.36717,2.3,"A",39141103,66,3066,2020-04-07 20:16:46.75,131477,2020-04-07 13:16:46.75,2020,"Apr",2020-04-01,13,"Tuesday"
"2020/04/13","11:58:54.53","eq","l",2.63,"l",35.90617,-117.74217,7.8,"A",39385752,71,3000,2020-04-13 11:58:54.53,132685,2020-04-13 04:58:54.53,2020,"Apr",2020-04-01,4,"Monday"
"2020/04/13","23:36:22.93","eq","l",3.19,"l",35.67417,-117.4265,6,"A",39386896,77,3189,2020-04-13 23:36:22.93,132763,2020-04-13 16:36:22.93,2020,"Apr",2020-04-01,16,"Monday"
"2020/04/14","06:14:28.42","eq","l",3.26,"l",36.11067,-117.847,3.8,"A",39387336,74,3140,2020-04-14 06:14:28.42,132806,2020-04-13 23:14:28.42,2020,"Apr",2020-04-01,23,"Monday"
"2020/04/15","07:14:46.61","eq","l",2.55,"l",35.78183,-117.59433,7.1,"A",39389104,77,2860,2020-04-15 07:14:46.61,132914,2020-04-15 00:14:46.61,2020,"Apr",2020-04-01,0,"Wednesday"
"2020/04/18","12:50:14.78","eq","l",3.44,"w",36,-117.36067,2.2,"A",39395080,79,3239,2020-04-18 12:50:14.78,133306,2020-04-18 05:50:14.78,2020,"Apr",2020-04-01,5,"Saturday"
"2020/04/18","13:03:01.49","eq","l",3.39,"l",35.99983,-117.36183,2.4,"A",39395096,76,3161,2020-04-18 13:03:01.49,133308,2020-04-18 06:03:01.49,2020,"Apr",2020-04-01,6,"Saturday"
"2020/04/20","23:27:58.26","eq","l",2.74,"l",35.61767,-117.4225,10.1,"A",39398768,80,3072,2020-04-20 23:27:58.26,133610,2020-04-20 16:27:58.26,2020,"Apr",2020-04-01,16,"Monday"
"2020/04/27","03:46:00.41","eq","l",4,"w",35.67383,-117.49633,8.8,"A",39406880,195,3322,2020-04-27 03:46:00.41,134223,2020-04-26 20:46:00.41,2020,"Apr",2020-04-01,20,"Sunday"
"2020/04/28","18:40:21.24","eq","l",2.54,"l",35.86583,-117.66683,7.2,"A",39408848,92,2970,2020-04-28 18:40:21.24,134374,2020-04-28 11:40:21.24,2020,"Apr",2020-04-01,11,"Tuesday"
"2020/04/28","21:15:12.58","eq","l",2.57,"l",35.81617,-117.6485,2,"A",39409056,51,2994,2020-04-28 21:15:12.58,134385,2020-04-28 14:15:12.58,2020,"Apr",2020-04-01,14,"Tuesday"
"2020/04/29","13:11:02.40","eq","l",2.77,"l",35.7915,-117.61583,6.5,"A",39409760,101,3084,2020-04-29 13:11:02.4,134436,2020-04-29 06:11:02.4,2020,"Apr",2020-04-01,6,"Wednesday"
"2020/05/04","13:35:36.37","eq","l",2.56,"l",36.0875,-117.89217,5.1,"A",38478986,62,2884,2020-05-04 13:35:36.37,134896,2020-05-04 06:35:36.37,2020,"May",2020-05-01,6,"Monday"
"2020/05/04","14:43:16.43","eq","l",2.62,"l",36.087,-117.8935,5.2,"A",38479090,70,2976,2020-05-04 14:43:16.43,134899,2020-05-04 07:43:16.43,2020,"May",2020-05-01,7,"Monday"
"2020/05/07","05:03:08.32","eq","l",2.77,"l",36.10417,-117.58817,1.3,"A",38483562,90,2958,2020-05-07 05:03:08.32,135248,2020-05-06 22:03:08.32,2020,"May",2020-05-01,22,"Wednesday"
"2020/05/08","20:35:33.27","eq","l",2.62,"l",35.55983,-117.4305,4.1,"A",38485930,85,3095,2020-05-08 20:35:33.27,135449,2020-05-08 13:35:33.27,2020,"May",2020-05-01,13,"Friday"
"2020/05/09","09:59:14.44","eq","l",2.93,"l",35.95667,-117.33583,3.2,"A",38486594,84,3061,2020-05-09 09:59:14.44,135513,2020-05-09 02:59:14.44,2020,"May",2020-05-01,2,"Saturday"
"2020/05/11","22:59:16.70","eq","l",2.58,"l",35.71367,-117.55217,4.6,"A",38490210,72,2964,2020-05-11 22:59:16.7,135872,2020-05-11 15:59:16.7,2020,"May",2020-05-01,15,"Monday"
"2020/05/13","05:29:42.50","eq","l",2.52,"l",35.66083,-117.506,2.8,"A",38491842,76,2964,2020-05-13 05:29:42.5,135990,2020-05-12 22:29:42.5,2020,"May",2020-05-01,22,"Tuesday"
"2020/05/14","23:37:40.04","eq","l",3.26,"l",35.596,-117.41883,6.1,"A",39200671,134,3117,2020-05-14 23:37:40.04,136119,2020-05-14 16:37:40.04,2020,"May",2020-05-01,16,"Thursday"
"2020/05/16","01:46:57.03","eq","l",3.4,"l",36.1515,-117.92333,2.2,"A",39202447,163,3188,2020-05-16 01:46:57.03,136231,2020-05-15 18:46:57.03,2020,"May",2020-05-01,18,"Friday"
"2020/05/16","03:31:06.58","eq","l",3.06,"l",35.9555,-117.3355,3.3,"A",39202567,67,3027,2020-05-16 03:31:06.58,136239,2020-05-15 20:31:06.58,2020,"May",2020-05-01,20,"Friday"
"2020/05/17","13:49:30.61","eq","l",3.11,"l",35.87833,-117.6825,3.9,"A",39204695,142,3061,2020-05-17 13:49:30.61,136374,2020-05-17 06:49:30.61,2020,"May",2020-05-01,6,"Sunday"
"2020/05/20","16:40:56.40","eq","l",3.58,"w",35.70317,-117.497,9,"A",39208391,118,3241,2020-05-20 16:40:56.4,136635,2020-05-20 09:40:56.4,2020,"May",2020-05-01,9,"Wednesday"
"2020/05/24","11:30:37.12","eq","l",3.53,"l",35.871,-117.71667,7,"A",39214127,194,3181,2020-05-24 11:30:37.12,137083,2020-05-24 04:30:37.12,2020,"May",2020-05-01,4,"Sunday"
"2020/05/24","12:55:09.24","eq","l",3.78,"w",35.87083,-117.71633,7.1,"A",39214247,206,3216,2020-05-24 12:55:09.24,137099,2020-05-24 05:55:09.24,2020,"May",2020-05-01,5,"Sunday"
"2020/06/02","15:14:47.76","eq","l",2.64,"l",35.89483,-117.72583,7.1,"A",39227191,70,2939,2020-06-02 15:14:47.76,138148,2020-06-02 08:14:47.76,2020,"Jun",2020-06-01,8,"Tuesday"
"2020/06/03","04:36:23.39","eq","l",3.9,"w",35.23017,-117.18433,1.5,"A",39227895,225,3270,2020-06-03 04:36:23.39,138198,2020-06-02 21:36:23.39,2020,"Jun",2020-06-01,21,"Tuesday"
"2020/06/03","15:33:36.84","eq","l",3.11,"l",36.14467,-117.98417,2,"A",39228631,153,3104,2020-06-03 15:33:36.84,138268,2020-06-03 08:33:36.84,2020,"Jun",2020-06-01,8,"Wednesday"
"2020/06/03","15:34:37.64","eq","l",2.54,"l",36.14567,-117.98417,2.7,"A",39228639,80,2859,2020-06-03 15:34:37.64,138269,2020-06-03 08:34:37.64,2020,"Jun",2020-06-01,8,"Wednesday"
"2020/06/03","23:13:45.07","eq","l",3.44,"l",36.14683,-117.98267,1.8,"A",39462368,148,3190,2020-06-03 23:13:45.07,138322,2020-06-03 16:13:45.07,2020,"Jun",2020-06-01,16,"Wednesday"
"2020/06/04","01:32:11.14","eq","l",5.51,"w",35.61483,-117.42817,8.4,"A",39462536,230,3295,2020-06-04 01:32:11.14,138337,2020-06-03 18:32:11.14,2020,"Jun",2020-06-01,18,"Wednesday"
"2020/06/04","01:35:57.64","eq","l",2.67,"l",35.59983,-117.4005,10.2,"A",39462552,40,3099,2020-06-04 01:35:57.64,138338,2020-06-03 18:35:57.64,2020,"Jun",2020-06-01,18,"Wednesday"
"2020/06/04","01:42:17.35","eq","l",2.71,"l",35.61217,-117.415,9,"A",39462592,90,3123,2020-06-04 01:42:17.35,138350,2020-06-03 18:42:17.35,2020,"Jun",2020-06-01,18,"Wednesday"
"2020/06/04","01:42:35.76","eq","l",2.56,"l",35.63967,-117.41233,9.3,"A",39462600,70,3111,2020-06-04 01:42:35.76,138351,2020-06-03 18:42:35.76,2020,"Jun",2020-06-01,18,"Wednesday"
"2020/06/04","01:52:45.90","eq","l",3.28,"l",35.6245,-117.42433,10.1,"A",39462672,83,3181,2020-06-04 01:52:45.9,138364,2020-06-03 18:52:45.9,2020,"Jun",2020-06-01,18,"Wednesday"
"2020/06/04","02:04:00.09","eq","l",3.01,"l",35.625,-117.4205,9.6,"A",39462744,89,3147,2020-06-04 02:04:00.09,138375,2020-06-03 19:04:00.09,2020,"Jun",2020-06-01,19,"Wednesday"
"2020/06/04","02:07:26.60","eq","l",3.22,"l",35.60683,-117.40983,8.2,"A",39462768,86,3165,2020-06-04 02:07:26.6,138378,2020-06-03 19:07:26.6,2020,"Jun",2020-06-01,19,"Wednesday"
"2020/06/04","02:15:27.91","eq","l",2.57,"l",35.61083,-117.40933,9.1,"A",39462832,76,3024,2020-06-04 02:15:27.91,138394,2020-06-03 19:15:27.91,2020,"Jun",2020-06-01,19,"Wednesday"
"2020/06/04","02:27:54.61","eq","l",4.16,"w",36.14983,-117.97967,2,"A",39462920,78,3268,2020-06-04 02:27:54.61,138409,2020-06-03 19:27:54.61,2020,"Jun",2020-06-01,19,"Wednesday"
"2020/06/04","02:43:57.79","eq","l",3.26,"l",35.62167,-117.41183,9.3,"A",39463040,85,3159,2020-06-04 02:43:57.79,138439,2020-06-03 19:43:57.79,2020,"Jun",2020-06-01,19,"Wednesday"
"2020/06/04","03:32:45.75","eq","l",2.53,"l",35.65067,-117.45017,2.8,"A",39463272,69,2914,2020-06-04 03:32:45.75,138472,2020-06-03 20:32:45.75,2020,"Jun",2020-06-01,20,"Wednesday"
"2020/06/04","03:39:11.44","eq","l",2.95,"l",35.59667,-117.40167,8.8,"A",39463304,84,3115,2020-06-04 03:39:11.44,138477,2020-06-03 20:39:11.44,2020,"Jun",2020-06-01,20,"Wednesday"
"2020/06/04","03:47:35.70","eq","l",3.1,"l",35.63133,-117.421,8.8,"A",39463336,171,3146,2020-06-04 03:47:35.7,138482,2020-06-03 20:47:35.7,2020,"Jun",2020-06-01,20,"Wednesday"
"2020/06/04","04:37:46.51","eq","l",3.54,"l",35.60617,-117.40833,6.3,"A",39463528,85,3242,2020-06-04 04:37:46.51,138507,2020-06-03 21:37:46.51,2020,"Jun",2020-06-01,21,"Wednesday"
"2020/06/04","08:47:16.44","eq","l",2.68,"l",35.61483,-117.42067,9.9,"A",39464208,81,3020,2020-06-04 08:47:16.44,138628,2020-06-04 01:47:16.44,2020,"Jun",2020-06-01,1,"Thursday"
"2020/06/04","10:27:28.65","eq","l",3.64,"l",35.64583,-117.42333,6,"A",39464360,94,3243,2020-06-04 10:27:28.65,138652,2020-06-04 03:27:28.65,2020,"Jun",2020-06-01,3,"Thursday"
"2020/06/05","11:07:58.59","eq","l",2.5,"l",36.14583,-117.98733,2.3,"A",39466504,77,2761,2020-06-05 11:07:58.59,138874,2020-06-05 04:07:58.59,2020,"Jun",2020-06-01,4,"Friday"
"2020/06/05","22:20:02.69","eq","l",2.71,"l",36.15133,-117.98283,2.7,"A",39467392,71,2925,2020-06-05 22:20:02.69,138958,2020-06-05 15:20:02.69,2020,"Jun",2020-06-01,15,"Friday"
"2020/06/07","03:42:04.12","eq","l",3.49,"w",36.14783,-117.98433,2.7,"A",39468648,169,3223,2020-06-07 03:42:04.12,139088,2020-06-06 20:42:04.12,2020,"Jun",2020-06-01,20,"Saturday"
"2020/06/08","04:15:05.77","eq","l",4.29,"w",35.63767,-117.4175,3.6,"A",39469848,90,3289,2020-06-08 04:15:05.77,139232,2020-06-07 21:15:05.77,2020,"Jun",2020-06-01,21,"Sunday"
"2020/06/11","04:14:12.59","eq","l",3.62,"l",35.83533,-117.68183,7.8,"A",39473968,200,3282,2020-06-11 04:14:12.59,139522,2020-06-10 21:14:12.59,2020,"Jun",2020-06-01,21,"Wednesday"
"2020/06/13","06:45:06.93","eq","l",3.14,"l",35.90267,-117.705,2.7,"A",39477608,79,3156,2020-06-13 06:45:06.93,139775,2020-06-12 23:45:06.93,2020,"Jun",2020-06-01,23,"Friday"
"2020/06/16","05:58:22.78","eq","l",3.8,"w",36.04333,-117.80733,1.3,"A",39481424,83,3285,2020-06-16 05:58:22.78,140106,2020-06-15 22:58:22.78,2020,"Jun",2020-06-01,22,"Monday"
"2020/06/18","18:14:25.20","eq","l",2.9,"l",35.64583,-117.43767,2.9,"A",39484352,78,3103,2020-06-18 18:14:25.2,140316,2020-06-18 11:14:25.2,2020,"Jun",2020-06-01,11,"Thursday"
"2020/06/18","21:37:17.64","eq","l",2.76,"l",35.82933,-117.65433,7.1,"A",39484672,85,3059,2020-06-18 21:37:17.64,140332,2020-06-18 14:37:17.64,2020,"Jun",2020-06-01,14,"Thursday"
"2020/06/19","12:54:16.57","eq","l",2.54,"l",35.64667,-117.43783,2.7,"A",39485616,78,2990,2020-06-19 12:54:16.57,140391,2020-06-19 05:54:16.57,2020,"Jun",2020-06-01,5,"Friday"
"2020/06/24","00:56:48.02","eq","l",2.95,"l",35.73533,-117.54367,2.5,"A",39492720,135,3148,2020-06-24 00:56:48.02,140955,2020-06-23 17:56:48.02,2020,"Jun",2020-06-01,17,"Tuesday"
"2020/06/27","02:05:28.46","eq","l",2.88,"l",35.91333,-117.70633,9,"A",39268871,84,3105,2020-06-27 02:05:28.46,141983,2020-06-26 19:05:28.46,2020,"Jun",2020-06-01,19,"Friday"
"2020/07/05","03:16:27.83","eq","l",2.57,"l",35.65117,-117.4855,9.5,"A",39279935,75,3068,2020-07-05 03:16:27.83,142867,2020-07-04 20:16:27.83,2020,"Jul",2020-07-01,20,"Saturday"
"2020/07/14","18:51:44.89","eq","l",2.53,"l",35.6855,-117.49167,4.9,"A",38590066,86,3054,2020-07-14 18:51:44.89,143790,2020-07-14 11:51:44.89,2020,"Jul",2020-07-01,11,"Tuesday"
"2020/07/15","02:41:32.49","eq","l",2.73,"l",35.8885,-117.70567,5.6,"A",38590570,93,3038,2020-07-15 02:41:32.49,143819,2020-07-14 19:41:32.49,2020,"Jul",2020-07-01,19,"Tuesday"
"2020/07/17","22:13:39.62","eq","l",2.93,"l",35.703,-117.58417,3.4,"A",38595986,99,3174,2020-07-17 22:13:39.62,144153,2020-07-17 15:13:39.62,2020,"Jul",2020-07-01,15,"Friday"
"2020/08/04","11:54:39.75","eq","l",2.53,"l",35.64167,-118.1895,7.6,"A",39329719,86,2995,2020-08-04 11:54:39.75,145915,2020-08-04 04:54:39.75,2020,"Aug",2020-08-01,4,"Tuesday"
"2020/08/08","13:26:51.96","eq","l",2.63,"l",35.87267,-117.715,8.2,"A",39336295,72,2966,2020-08-08 13:26:51.96,146292,2020-08-08 06:26:51.96,2020,"Aug",2020-08-01,6,"Saturday"
"2020/08/16","08:33:54.95","eq","l",2.86,"l",35.62467,-117.42183,8.8,"A",39346495,87,3186,2020-08-16 08:33:54.95,147271,2020-08-16 01:33:54.95,2020,"Aug",2020-08-01,1,"Sunday"
"2020/08/16","12:08:31.08","eq","l",3.13,"l",35.9585,-117.025,2.1,"A",39346591,67,3178,2020-08-16 12:08:31.08,147281,2020-08-16 05:08:31.08,2020,"Aug",2020-08-01,5,"Sunday"
"2020/08/16","15:13:28.10","eq","l",2.86,"l",36.2185,-117.875,3.4,"A",39346743,78,3031,2020-08-16 15:13:28.1,147297,2020-08-16 08:13:28.1,2020,"Aug",2020-08-01,8,"Sunday"
"2020/08/16","17:00:53.24","eq","l",2.6,"l",35.9575,-117.0245,2.3,"A",39346799,85,3146,2020-08-16 17:00:53.24,147301,2020-08-16 10:00:53.24,2020,"Aug",2020-08-01,10,"Sunday"
"2020/08/21","08:20:08.36","eq","l",3.6,"w",35.64417,-117.45983,6.2,"A",39587168,91,3335,2020-08-21 08:20:08.36,147776,2020-08-21 01:20:08.36,2020,"Aug",2020-08-01,1,"Friday"
"2020/08/22","14:30:10.22","eq","l",2.83,"l",35.87167,-117.70017,9.1,"A",39355943,76,3173,2020-08-22 14:30:10.22,147892,2020-08-22 07:30:10.22,2020,"Aug",2020-08-01,7,"Saturday"
"2020/08/27","15:04:06.49","eq","l",3.16,"l",35.82133,-117.6415,0.8,"A",39362087,60,3168,2020-08-27 15:04:06.49,148365,2020-08-27 08:04:06.49,2020,"Aug",2020-08-01,8,"Thursday"
"2020/08/29","08:06:06.41","eq","l",2.93,"l",36.03483,-117.775,1.9,"A",39364319,91,3096,2020-08-29 08:06:06.41,148492,2020-08-29 01:06:06.41,2020,"Aug",2020-08-01,1,"Saturday"
"2020/09/02","16:18:31.66","eq","l",3.45,"w",36.03783,-117.77317,1.9,"A",39368535,79,3332,2020-09-02 16:18:31.66,148814,2020-09-02 09:18:31.66,2020,"Sep",2020-09-01,9,"Wednesday"
"2020/09/05","03:14:58.25","eq","l",3.04,"l",35.67333,-117.46467,8.8,"A",38676562,129,3202,2020-09-05 03:14:58.25,149049,2020-09-04 20:14:58.25,2020,"Sep",2020-09-01,20,"Friday"
"2020/09/06","11:59:43.57","eq","l",2.54,"l",35.95067,-117.358,3,"A",38678586,75,2908,2020-09-06 11:59:43.57,149169,2020-09-06 04:59:43.57,2020,"Sep",2020-09-01,4,"Sunday"
"2020/09/08","09:34:39.57","eq","l",2.7,"l",35.63817,-117.42967,4.7,"A",38680154,81,3060,2020-09-08 09:34:39.57,149300,2020-09-08 02:34:39.57,2020,"Sep",2020-09-01,2,"Tuesday"
"2020/09/23","14:17:44.69","eq","l",3.2,"l",35.65283,-117.487,7.3,"A",38701098,83,3164,2020-09-23 14:17:44.69,150709,2020-09-23 07:17:44.69,2020,"Sep",2020-09-01,7,"Wednesday"
"2020/09/24","17:23:18.13","eq","l",2.52,"l",35.85567,-117.68983,5,"A",38702858,87,2987,2020-09-24 17:23:18.13,150802,2020-09-24 10:23:18.13,2020,"Sep",2020-09-01,10,"Thursday"
"2020/10/02","12:32:47.24","eq","l",3.4,"l",35.643,-117.54817,6.1,"A",39649656,91,3219,2020-10-02 12:32:47.24,152811,2020-10-02 05:32:47.24,2020,"Oct",2020-10-01,5,"Friday"
"2020/10/03","20:16:27.15","eq","l",3.35,"l",35.66,-117.4285,7,"A",39651712,125,3228,2020-10-03 20:16:27.15,153074,2020-10-03 13:16:27.15,2020,"Oct",2020-10-01,13,"Saturday"
"2020/10/11","16:55:38.09","eq","l",2.52,"l",35.71833,-117.5215,6.3,"A",39659992,75,3007,2020-10-11 16:55:38.09,153757,2020-10-11 09:55:38.09,2020,"Oct",2020-10-01,9,"Sunday"
"2020/10/12","11:52:01.73","eq","l",2.59,"l",35.66367,-117.54467,3.2,"A",39660472,108,3101,2020-10-12 11:52:01.73,153805,2020-10-12 04:52:01.73,2020,"Oct",2020-10-01,4,"Monday"
"2020/10/14","21:11:50.70","eq","l",2.62,"l",35.66883,-117.56433,5.8,"A",39663320,78,3070,2020-10-14 21:11:50.7,153957,2020-10-14 14:11:50.7,2020,"Oct",2020-10-01,14,"Wednesday"
"2020/10/19","09:45:33.55","eq","l",2.64,"l",35.97333,-117.39433,2.6,"A",39667864,87,3037,2020-10-19 09:45:33.55,154294,2020-10-19 02:45:33.55,2020,"Oct",2020-10-01,2,"Monday"
"2020/10/25","00:32:20.62","eq","l",2.71,"l",35.62167,-117.5735,8.6,"A",39444167,80,3138,2020-10-25 00:32:20.62,154791,2020-10-24 17:32:20.62,2020,"Oct",2020-10-01,17,"Saturday"
"2020/10/29","06:45:43.31","eq","l",2.58,"l",35.59183,-117.59967,4.4,"A",39448471,79,3048,2020-10-29 06:45:43.31,155086,2020-10-28 23:45:43.31,2020,"Oct",2020-10-01,23,"Wednesday"
"2020/11/05","11:53:44.76","eq","l",2.61,"l",36.02917,-117.77733,1.6,"A",39457519,86,3040,2020-11-05 11:53:44.76,155685,2020-11-05 03:53:44.76,2020,"Nov",2020-11-01,3,"Thursday"
"2020/11/05","16:11:34.54","eq","l",2.57,"l",35.63767,-117.45067,8,"A",39457871,69,3044,2020-11-05 16:11:34.54,155706,2020-11-05 08:11:34.54,2020,"Nov",2020-11-01,8,"Thursday"
"2020/11/05","18:14:30.97","eq","l",2.7,"l",35.73383,-117.72633,6.8,"A",39458103,112,3139,2020-11-05 18:14:30.97,155719,2020-11-05 10:14:30.97,2020,"Nov",2020-11-01,10,"Thursday"
"2020/11/09","15:22:10.35","eq","l",3.1,"l",35.97933,-117.682,1.8,"A",39460703,87,3150,2020-11-09 15:22:10.35,155882,2020-11-09 07:22:10.35,2020,"Nov",2020-11-01,7,"Monday"
"2020/11/09","15:25:42.20","eq","l",2.81,"l",35.97883,-117.6835,2,"A",39460711,75,3065,2020-11-09 15:25:42.2,155883,2020-11-09 07:25:42.2,2020,"Nov",2020-11-01,7,"Monday"
"2020/11/16","10:56:22.32","eq","l",3.59,"w",35.88817,-117.72367,7.7,"A",39466903,90,3329,2020-11-16 10:56:22.32,156301,2020-11-16 02:56:22.32,2020,"Nov",2020-11-01,2,"Monday"
"2020/11/29","22:29:48.32","eq","l",3.09,"l",35.71283,-117.55333,7.2,"A",39480223,124,3204,2020-11-29 22:29:48.32,157180,2020-11-29 14:29:48.32,2020,"Nov",2020-11-01,14,"Sunday"
"2020/12/01","01:54:49.48","eq","l",3.2,"l",35.65083,-117.46767,8.6,"A",39481463,86,3220,2020-12-01 01:54:49.48,157264,2020-11-30 17:54:49.48,2020,"Dec",2020-12-01,17,"Monday"
"2020/12/07","00:24:47.20","eq","l",3.07,"l",35.8835,-117.70083,2.6,"A",39487087,76,3164,2020-12-07 00:24:47.2,157684,2020-12-06 16:24:47.2,2020,"Dec",2020-12-01,16,"Sunday"
"2020/12/17","05:41:02.51","eq","l",2.75,"l",36.20683,-117.89333,2.1,"A",39495743,82,2966,2020-12-17 05:41:02.51,158252,2020-12-16 21:41:02.51,2020,"Dec",2020-12-01,21,"Wednesday"
"2020/12/17","16:34:59.38","eq","l",2.57,"l",36.20583,-117.89583,2.2,"A",39496207,62,2905,2020-12-17 16:34:59.38,158275,2020-12-17 08:34:59.38,2020,"Dec",2020-12-01,8,"Thursday"
"2020/12/18","18:57:12.62","eq","l",2.85,"l",36.20817,-117.89283,1.9,"A",39497079,64,3013,2020-12-18 18:57:12.62,158324,2020-12-18 10:57:12.62,2020,"Dec",2020-12-01,10,"Friday"
"2020/12/23","12:52:49.48","eq","l",2.73,"l",35.607,-117.464,6.5,"A",39501911,70,3101,2020-12-23 12:52:49.48,158662,2020-12-23 04:52:49.48,2020,"Dec",2020-12-01,4,"Wednesday"
"2021/01/01","15:58:03.26","eq","l",2.71,"l",36.1305,-117.84317,2.6,"A",39508687,72,2942,2021-01-01 15:58:03.26,159246,2021-01-01 07:58:03.26,2021,"Jan",2021-01-01,7,"Friday"
"2021/01/03","03:58:47.38","eq","l",2.78,"l",35.679,-117.606,4.5,"A",39509719,78,3104,2021-01-03 03:58:47.38,159328,2021-01-02 19:58:47.38,2021,"Jan",2021-01-01,19,"Saturday"
"2021/01/03","03:59:28.13","eq","l",2.63,"l",35.67767,-117.607,4.2,"A",39509727,94,3058,2021-01-03 03:59:28.13,159329,2021-01-02 19:59:28.13,2021,"Jan",2021-01-01,19,"Saturday"
"2021/01/04","17:30:23.69","eq","l",2.8,"l",35.66833,-117.47217,7.7,"A",39510663,80,3150,2021-01-04 17:30:23.69,159411,2021-01-04 09:30:23.69,2021,"Jan",2021-01-01,9,"Monday"
"2021/01/05","17:19:40.53","eq","l",2.68,"l",35.78717,-117.61267,6.2,"A",39511567,77,2915,2021-01-05 17:19:40.53,159496,2021-01-05 09:19:40.53,2021,"Jan",2021-01-01,9,"Tuesday"
"2021/01/06","10:35:54.77","eq","l",2.81,"l",35.3645,-117.89383,6.6,"A",39512023,107,3013,2021-01-06 10:35:54.77,159524,2021-01-06 02:35:54.77,2021,"Jan",2021-01-01,2,"Wednesday"
"2021/01/13","08:21:30.83","eq","l",2.54,"l",35.65883,-117.476,6.5,"A",39755760,72,2990,2021-01-13 08:21:30.83,159911,2021-01-13 00:21:30.83,2021,"Jan",2021-01-01,0,"Wednesday"
"2021/01/17","02:49:08.80","eq","l",4.02,"w",36.18767,-118.09383,1.1,"A",39759376,89,3302,2021-01-17 02:49:08.8,160132,2021-01-16 18:49:08.8,2021,"Jan",2021-01-01,18,"Saturday"
"2021/01/17","03:14:49.72","eq","l",3.75,"w",36.1875,-118.09233,1.5,"A",39759432,89,3293,2021-01-17 03:14:49.72,160138,2021-01-16 19:14:49.72,2021,"Jan",2021-01-01,19,"Saturday"
"2021/01/17","03:30:32.42","eq","l",3.36,"l",36.19117,-118.09083,1,"A",39759456,85,3143,2021-01-17 03:30:32.42,160141,2021-01-16 19:30:32.42,2021,"Jan",2021-01-01,19,"Saturday"
"2021/01/18","07:29:46.52","eq","l",3.27,"l",35.9515,-117.46633,2.8,"A",39760416,89,3196,2021-01-18 07:29:46.52,160241,2021-01-17 23:29:46.52,2021,"Jan",2021-01-01,23,"Sunday"
"2021/01/20","00:18:51.36","eq","l",2.63,"l",35.79983,-117.62417,6.7,"A",39762272,82,2984,2021-01-20 00:18:51.36,160307,2021-01-19 16:18:51.36,2021,"Jan",2021-01-01,16,"Tuesday"
"2021/01/21","01:22:24.92","eq","l",3.54,"l",35.96583,-117.91233,3,"A",39763472,176,3250,2021-01-21 01:22:24.92,160346,2021-01-20 17:22:24.92,2021,"Jan",2021-01-01,17,"Wednesday"
"2021/01/21","01:23:55.13","eq","l",3.29,"l",35.96683,-117.91217,3.2,"A",39763488,142,3241,2021-01-21 01:23:55.13,160347,2021-01-20 17:23:55.13,2021,"Jan",2021-01-01,17,"Wednesday"
"2021/01/23","04:13:13.95","eq","l",2.69,"l",35.70967,-117.57617,7.6,"A",39766168,72,2990,2021-01-23 04:13:13.95,160501,2021-01-22 20:13:13.95,2021,"Jan",2021-01-01,20,"Friday"
"2021/01/29","02:25:04.31","eq","l",3.2,"l",35.67167,-117.54267,8.2,"A",39534943,89,3133,2021-01-29 02:25:04.31,160851,2021-01-28 18:25:04.31,2021,"Jan",2021-01-01,18,"Thursday"
"2021/01/29","23:46:29.46","eq","l",2.51,"l",35.89733,-117.6955,2.5,"A",39535487,60,2824,2021-01-29 23:46:29.46,160889,2021-01-29 15:46:29.46,2021,"Jan",2021-01-01,15,"Friday"
"2021/02/07","18:57:51.03","eq","l",3.41,"l",35.97717,-117.32417,2.6,"A",39543967,82,3165,2021-02-07 18:57:51.03,161557,2021-02-07 10:57:51.03,2021,"Feb",2021-02-01,10,"Sunday"
"2021/02/12","23:57:13.50","eq","l",4.03,"w",36.21833,-117.92667,3.1,"A",39550567,74,3301,2021-02-12 23:57:13.5,162054,2021-02-12 15:57:13.5,2021,"Feb",2021-02-01,15,"Friday"
"2021/02/13","00:11:51.87","eq","l",2.84,"l",36.218,-117.93067,3.1,"A",39550583,122,3010,2021-02-13 00:11:51.87,162056,2021-02-12 16:11:51.87,2021,"Feb",2021-02-01,16,"Friday"
"2021/02/13","00:23:35.84","eq","l",2.52,"l",35.57417,-117.35083,5.5,"A",39550623,76,3055,2021-02-13 00:23:35.84,162062,2021-02-12 16:23:35.84,2021,"Feb",2021-02-01,16,"Friday"
"2021/02/13","03:55:22.90","eq","l",2.64,"l",36.2145,-117.933,2.3,"A",39550831,28,2847,2021-02-13 03:55:22.9,162077,2021-02-12 19:55:22.9,2021,"Feb",2021-02-01,19,"Friday"
"2021/02/14","23:42:34.47","eq","l",3.6,"l",35.9725,-117.32017,3.1,"A",39552143,83,3237,2021-02-14 23:42:34.47,162174,2021-02-14 15:42:34.47,2021,"Feb",2021-02-01,15,"Sunday"
"2021/02/19","08:52:39.16","eq","l",3.03,"l",35.97467,-117.32083,2.6,"A",39794648,63,3098,2021-02-19 08:52:39.16,162417,2021-02-19 00:52:39.16,2021,"Feb",2021-02-01,0,"Friday"
"2021/02/20","02:33:52.01","eq","l",2.78,"l",35.7105,-117.54883,2.9,"A",39795640,106,3115,2021-02-20 02:33:52.01,162464,2021-02-19 18:33:52.01,2021,"Feb",2021-02-01,18,"Friday"
"2021/02/21","01:19:59.74","eq","l",3.47,"l",36.1575,-118.071,1.7,"A",39796240,72,3117,2021-02-21 01:19:59.74,162513,2021-02-20 17:19:59.74,2021,"Feb",2021-02-01,17,"Saturday"
"2021/02/21","01:24:49.21","eq","l",2.5,"l",36.15883,-118.06983,2.4,"A",39796248,54,2799,2021-02-21 01:24:49.21,162514,2021-02-20 17:24:49.21,2021,"Feb",2021-02-01,17,"Saturday"
"2021/02/21","13:44:40.59","eq","l",2.54,"l",35.96983,-117.32067,3,"A",39796672,69,2891,2021-02-21 13:44:40.59,162550,2021-02-21 05:44:40.59,2021,"Feb",2021-02-01,5,"Sunday"
"2021/02/25","01:28:46.83","eq","l",2.85,"l",36.15667,-118.06567,2,"A",39801096,63,3019,2021-02-25 01:28:46.83,162780,2021-02-24 17:28:46.83,2021,"Feb",2021-02-01,17,"Wednesday"
"2021/02/26","01:58:14.71","eq","l",2.52,"l",35.97217,-117.32883,3.7,"A",39802112,65,2931,2021-02-26 01:58:14.71,162826,2021-02-25 17:58:14.71,2021,"Feb",2021-02-01,17,"Thursday"
"2021/02/27","08:17:26.86","eq","l",3.1,"l",35.6845,-117.47767,7.7,"A",39803680,86,3195,2021-02-27 08:17:26.86,162927,2021-02-27 00:17:26.86,2021,"Feb",2021-02-01,0,"Saturday"
"2021/02/28","02:56:22.49","eq","l",2.66,"l",35.906,-117.69233,2.6,"A",39804392,85,2993,2021-02-28 02:56:22.49,162973,2021-02-27 18:56:22.49,2021,"Feb",2021-02-01,18,"Saturday"
"2021/03/01","22:13:48.39","eq","l",2.69,"l",35.94783,-117.36017,3.1,"A",39806272,71,3078,2021-03-01 22:13:48.39,163055,2021-03-01 14:13:48.39,2021,"Mar",2021-03-01,14,"Monday"
"2021/03/05","05:32:46.04","eq","l",2.98,"l",36.16283,-118.06933,1.7,"A",39572231,64,2999,2021-03-05 05:32:46.04,163247,2021-03-04 21:32:46.04,2021,"Mar",2021-03-01,21,"Thursday"
"2021/03/05","13:22:02.08","eq","l",2.86,"l",35.77033,-118.01767,2.6,"A",39572543,78,3145,2021-03-05 13:22:02.08,163259,2021-03-05 05:22:02.08,2021,"Mar",2021-03-01,5,"Friday"
"2021/03/05","18:33:11.71","eq","l",3.26,"l",35.91233,-117.70233,6.8,"A",39572823,84,3237,2021-03-05 18:33:11.71,163271,2021-03-05 10:33:11.71,2021,"Mar",2021-03-01,10,"Friday"
"2021/03/21","12:03:02.68","eq","l",2.8,"l",35.76667,-117.59117,6.7,"A",39586383,89,3166,2021-03-21 12:03:02.68,164080,2021-03-21 05:03:02.68,2021,"Mar",2021-03-01,5,"Sunday"
"2021/03/24","00:08:38.01","eq","l",3.09,"l",35.65117,-117.4485,2.8,"A",39588623,105,3142,2021-03-24 00:08:38.01,164181,2021-03-23 17:08:38.01,2021,"Mar",2021-03-01,17,"Tuesday"
"2021/03/25","09:15:16.54","eq","l",2.66,"l",36.1715,-117.61283,2.1,"A",39589855,82,2934,2021-03-25 09:15:16.54,164246,2021-03-25 02:15:16.54,2021,"Mar",2021-03-01,2,"Thursday"
"2021/03/25","19:35:19.91","eq","l",2.8,"l",35.72117,-117.53583,7.2,"A",39590215,70,3153,2021-03-25 19:35:19.91,164265,2021-03-25 12:35:19.91,2021,"Mar",2021-03-01,12,"Thursday"
"2021/04/07","13:42:05.87","eq","l",3.64,"l",35.60967,-117.4105,9,"A",39841832,86,3367,2021-04-07 13:42:05.87,165167,2021-04-07 06:42:05.87,2021,"Apr",2021-04-01,6,"Wednesday"
"2021/04/08","20:51:15.14","eq","l",3.62,"l",35.65383,-117.54967,8.3,"A",39843952,81,3370,2021-04-08 20:51:15.14,165276,2021-04-08 13:51:15.14,2021,"Apr",2021-04-01,13,"Thursday"
"2021/04/11","09:45:36.99","eq","l",3.13,"l",35.78467,-117.603,6.6,"A",39846664,83,3216,2021-04-11 09:45:36.99,165454,2021-04-11 02:45:36.99,2021,"Apr",2021-04-01,2,"Sunday"
"2021/04/15","18:05:03.52","eq","l",3.06,"l",35.67867,-117.53683,6.8,"A",39851144,98,3176,2021-04-15 18:05:03.52,165710,2021-04-15 11:05:03.52,2021,"Apr",2021-04-01,11,"Thursday"
"2021/04/26","08:20:09.01","eq","l",2.53,"l",35.66083,-117.46917,10.8,"A",39629223,78,3025,2021-04-26 08:20:09.01,166380,2021-04-26 01:20:09.01,2021,"Apr",2021-04-01,1,"Monday"
"2021/04/29","17:12:19.48","eq","l",3.14,"l",35.653,-117.43933,6.7,"A",39634983,90,3242,2021-04-29 17:12:19.48,166655,2021-04-29 10:12:19.48,2021,"Apr",2021-04-01,10,"Thursday"
"2021/05/06","17:32:59.06","eq","l",2.74,"l",35.64283,-117.45433,6.9,"A",39643023,77,3190,2021-05-06 17:32:59.06,167081,2021-05-06 10:32:59.06,2021,"May",2021-05-01,10,"Thursday"
"2021/05/06","20:04:47.01","eq","l",2.51,"l",35.8765,-117.6955,8,"A",39643303,81,2994,2021-05-06 20:04:47.01,167092,2021-05-06 13:04:47.01,2021,"May",2021-05-01,13,"Thursday"
"2021/05/15","23:04:10.60","eq","l",2.52,"l",35.5865,-117.41333,7.7,"A",39654679,65,3032,2021-05-15 23:04:10.6,167686,2021-05-15 16:04:10.6,2021,"May",2021-05-01,16,"Saturday"
"2021/05/18","12:51:47.37","eq","l",2.56,"l",36.07283,-117.52067,2.7,"A",39656903,61,2948,2021-05-18 12:51:47.37,167817,2021-05-18 05:51:47.37,2021,"May",2021-05-01,5,"Tuesday"
"2021/05/20","01:37:22.69","eq","l",3.59,"w",35.97483,-117.3245,3,"A",39659271,69,3366,2021-05-20 01:37:22.69,167902,2021-05-19 18:37:22.69,2021,"May",2021-05-01,18,"Wednesday"
"2021/05/21","10:25:46.41","eq","l",2.78,"l",35.98267,-117.3225,2.8,"A",39898776,64,3045,2021-05-21 10:25:46.41,167959,2021-05-21 03:25:46.41,2021,"May",2021-05-01,3,"Friday"
"2021/05/22","16:14:23.06","eq","l",2.55,"l",35.99267,-117.68433,2.1,"A",39899896,71,2999,2021-05-22 16:14:23.06,168028,2021-05-22 09:14:23.06,2021,"May",2021-05-01,9,"Saturday"
"2021/05/27","15:18:26.37","eq","l",2.98,"l",35.63183,-117.41183,6.5,"A",39906384,62,3203,2021-05-27 15:18:26.37,168299,2021-05-27 08:18:26.37,2021,"May",2021-05-01,8,"Thursday"
"2021/06/05","22:25:11.96","eq","l",2.63,"l",35.981,-117.3225,3,"A",39921336,75,3028,2021-06-05 22:25:11.96,169478,2021-06-05 15:25:11.96,2021,"Jun",2021-06-01,15,"Saturday"
"2021/06/09","13:51:36.26","eq","l",2.72,"l",35.87183,-117.14,2.8,"A",39931192,75,3124,2021-06-09 13:51:36.26,170838,2021-06-09 06:51:36.26,2021,"Jun",2021-06-01,6,"Wednesday"
"2021/06/12","23:15:33.35","eq","l",2.58,"l",35.994,-117.358,2.5,"A",39702311,74,3005,2021-06-12 23:15:33.35,171438,2021-06-12 16:15:33.35,2021,"Jun",2021-06-01,16,"Saturday"
"2021/06/16","17:51:59.48","eq","l",2.65,"l",36.036,-117.77483,1.5,"A",39709007,69,3027,2021-06-16 17:51:59.48,171971,2021-06-16 10:51:59.48,2021,"Jun",2021-06-01,10,"Wednesday"
"2021/06/18","18:11:45.36","eq","l",2.55,"l",36.1405,-117.92233,7.1,"A",39711711,58,2937,2021-06-18 18:11:45.36,172152,2021-06-18 11:11:45.36,2021,"Jun",2021-06-01,11,"Friday"
"2021/06/18","18:13:45.82","eq","l",2.91,"l",36.13783,-117.92283,5.8,"A",39711719,82,3126,2021-06-18 18:13:45.82,172153,2021-06-18 11:13:45.82,2021,"Jun",2021-06-01,11,"Friday"
"2021/06/18","18:16:41.43","eq","l",3.09,"l",36.138,-117.9215,5.6,"A",39711727,86,3195,2021-06-18 18:16:41.43,172154,2021-06-18 11:16:41.43,2021,"Jun",2021-06-01,11,"Friday"
"2021/06/28","14:57:24.35","eq","l",2.9,"l",36.20983,-117.90683,2.5,"A",39721919,70,3020,2021-06-28 14:57:24.35,172813,2021-06-28 07:57:24.35,2021,"Jun",2021-06-01,7,"Monday"
"2021/06/30","22:15:56.12","eq","l",3.23,"l",35.77917,-117.587,6.7,"A",39725271,86,3179,2021-06-30 22:15:56.12,172975,2021-06-30 15:15:56.12,2021,"Jun",2021-06-01,15,"Wednesday"
"2021/07/01","22:25:16.45","eq","l",2.5,"l",36.105,-117.864,2.7,"A",39726439,56,2897,2021-07-01 22:25:16.45,173035,2021-07-01 15:25:16.45,2021,"Jul",2021-07-01,15,"Thursday"
"2021/07/06","02:38:01.00","eq","l",3.53,"l",35.6815,-117.5335,6.1,"A",39730287,94,3182,2021-07-06 02:38:01,173306,2021-07-05 19:38:01,2021,"Jul",2021-07-01,19,"Monday"
"2021/07/06","03:39:50.38","eq","l",2.79,"l",35.67517,-117.52067,7.3,"A",39730303,73,3001,2021-07-06 03:39:50.38,173309,2021-07-05 20:39:50.38,2021,"Jul",2021-07-01,20,"Monday"
"2021/07/11","22:43:47.87","eq","l",2.75,"l",35.67633,-117.52983,9.3,"A",39736951,71,3026,2021-07-11 22:43:47.87,173647,2021-07-11 15:43:47.87,2021,"Jul",2021-07-01,15,"Sunday"
"2021/07/14","09:30:02.10","eq","l",2.89,"l",35.66183,-117.5275,1.8,"A",39974224,70,3077,2021-07-14 09:30:02.1,173774,2021-07-14 02:30:02.1,2021,"Jul",2021-07-01,2,"Wednesday"
"2021/07/16","19:35:17.79","eq","l",2.59,"l",36.10933,-117.36317,1.8,"A",39743287,30,2956,2021-07-16 19:35:17.79,173925,2021-07-16 12:35:17.79,2021,"Jul",2021-07-01,12,"Friday"
"2021/07/20","17:01:23.94","eq","l",2.67,"l",36.22033,-117.87217,5,"A",39747359,63,2922,2021-07-20 17:01:23.94,174160,2021-07-20 10:01:23.94,2021,"Jul",2021-07-01,10,"Tuesday"
"2021/08/10","17:48:09.34","eq","l",2.9,"l",36.1365,-117.83567,2.3,"A",39769839,66,3050,2021-08-10 17:48:09.34,175504,2021-08-10 10:48:09.34,2021,"Aug",2021-08-01,10,"Tuesday"
"2021/08/20","06:03:53.17","eq","l",2.67,"l",35.88533,-117.721,2.6,"A",40016064,78,3007,2021-08-20 06:03:53.17,176065,2021-08-19 23:03:53.17,2021,"Aug",2021-08-01,23,"Thursday"
"2021/09/05","23:39:22.32","eq","l",3.31,"l",36.15,-118.06533,2.6,"A",40034008,86,3176,2021-09-05 23:39:22.32,177194,2021-09-05 16:39:22.32,2021,"Sep",2021-09-01,16,"Sunday"
"2021/09/06","00:01:43.86","eq","l",2.85,"l",36.15017,-118.06367,2.6,"A",40034056,60,3008,2021-09-06 00:01:43.86,177199,2021-09-05 17:01:43.86,2021,"Sep",2021-09-01,17,"Sunday"
"2021/09/06","02:01:51.96","eq","l",2.61,"l",35.94983,-117.33317,3,"A",40034128,63,3018,2021-09-06 02:01:51.96,177207,2021-09-05 19:01:51.96,2021,"Sep",2021-09-01,19,"Sunday"
"2021/09/08","20:01:24.81","eq","l",2.51,"l",36.13767,-117.83583,2.6,"A",40037184,54,2932,2021-09-08 20:01:24.81,177404,2021-09-08 13:01:24.81,2021,"Sep",2021-09-01,13,"Wednesday"
"2021/09/21","02:45:19.49","eq","l",2.76,"l",35.6395,-117.455,7.1,"A",39814495,77,3078,2021-09-21 02:45:19.49,178107,2021-09-20 19:45:19.49,2021,"Sep",2021-09-01,19,"Monday"
"2021/09/24","19:28:15.22","eq","l",3.44,"l",35.60533,-117.4695,3.8,"A",39818327,77,3242,2021-09-24 19:28:15.22,178454,2021-09-24 12:28:15.22,2021,"Sep",2021-09-01,12,"Friday"
"2021/10/02","19:04:44.03","eq","l",2.93,"l",35.58817,-117.49467,7.3,"A",40061528,69,3240,2021-10-02 19:04:44.03,178847,2021-10-02 12:04:44.03,2021,"Oct",2021-10-01,12,"Saturday"
"2021/10/11","23:14:47.14","eq","l",3.08,"l",35.658,-117.53567,7.7,"A",40068112,83,3132,2021-10-11 23:14:47.14,179249,2021-10-11 16:14:47.14,2021,"Oct",2021-10-01,16,"Monday"
"2021/10/17","13:19:00.72","eq","l",3.98,"w",36.21317,-117.86,4.2,"A",39835791,86,3236,2021-10-17 13:19:00.72,179463,2021-10-17 06:19:00.72,2021,"Oct",2021-10-01,6,"Sunday"
"2021/10/17","21:41:06.92","eq","l",2.69,"l",36.213,-117.86133,4.1,"A",39836215,65,2890,2021-10-17 21:41:06.92,179501,2021-10-17 14:41:06.92,2021,"Oct",2021-10-01,14,"Sunday"
"2021/10/18","00:41:49.10","eq","l",2.51,"l",36.20983,-117.856,4.6,"A",39836263,78,2833,2021-10-18 00:41:49.1,179507,2021-10-17 17:41:49.1,2021,"Oct",2021-10-01,17,"Sunday"
"2021/10/20","01:15:34.83","eq","l",2.89,"l",36.21583,-117.86017,4.9,"A",39837919,72,2980,2021-10-20 01:15:34.83,179584,2021-10-19 18:15:34.83,2021,"Oct",2021-10-01,18,"Tuesday"
"2021/10/26","04:38:49.06","eq","l",2.68,"l",36.021,-117.777,1.8,"A",39842031,65,3000,2021-10-26 04:38:49.06,179880,2021-10-25 21:38:49.06,2021,"Oct",2021-10-01,21,"Monday"
"2021/10/26","19:47:08.38","eq","l",2.67,"l",35.941,-117.3195,1.6,"A",39842247,55,2985,2021-10-26 19:47:08.38,179900,2021-10-26 12:47:08.38,2021,"Oct",2021-10-01,12,"Tuesday"
"2021/10/29","15:24:10.25","eq","l",3.01,"l",36.221,-117.87817,1.9,"A",39843975,80,3040,2021-10-29 15:24:10.25,180011,2021-10-29 08:24:10.25,2021,"Oct",2021-10-01,8,"Friday"
"2021/11/05","12:03:13.55","eq","l",3.36,"l",35.66483,-117.48567,10.7,"A",39849663,130,3301,2021-11-05 12:03:13.55,180342,2021-11-05 05:03:13.55,2021,"Nov",2021-11-01,5,"Friday"
"2021/11/09","12:18:32.35","eq","l",2.76,"l",35.83783,-117.666,5,"A",39852735,72,3069,2021-11-09 12:18:32.35,180522,2021-11-09 04:18:32.35,2021,"Nov",2021-11-01,4,"Tuesday"
"2021/11/09","16:15:09.55","eq","l",2.54,"l",35.87,-117.69833,8.8,"A",39852935,59,2979,2021-11-09 16:15:09.55,180525,2021-11-09 08:15:09.55,2021,"Nov",2021-11-01,8,"Tuesday"
"2021/11/13","16:31:56.25","eq","l",2.52,"l",36.1755,-118.029,3.2,"A",40095672,45,2874,2021-11-13 16:31:56.25,180687,2021-11-13 08:31:56.25,2021,"Nov",2021-11-01,8,"Saturday"
"2021/11/30","10:11:11.90","eq","l",2.78,"l",36.04533,-117.87133,3.5,"A",39874375,59,3039,2021-11-30 10:11:11.9,181580,2021-11-30 02:11:11.9,2021,"Nov",2021-11-01,2,"Tuesday"
"2021/12/01","01:23:41.21","eq","l",3.19,"l",35.67633,-117.5245,9.1,"A",39875135,84,3213,2021-12-01 01:23:41.21,181615,2021-11-30 17:23:41.21,2021,"Dec",2021-12-01,17,"Tuesday"
"2021/12/01","01:39:48.58","eq","l",2.78,"l",35.6755,-117.52417,9.5,"A",39875151,67,3170,2021-12-01 01:39:48.58,181617,2021-11-30 17:39:48.58,2021,"Dec",2021-12-01,17,"Tuesday"
"2021/12/06","17:45:04.80","eq","l",2.55,"l",35.718,-117.572,8.1,"A",39880583,59,3061,2021-12-06 17:45:04.8,181914,2021-12-06 09:45:04.8,2021,"Dec",2021-12-01,9,"Monday"
"2021/12/19","07:44:45.20","eq","l",3.08,"l",36.11317,-117.853,3.3,"A",40130936,79,3242,2021-12-19 07:44:45.2,182419,2021-12-18 23:44:45.2,2021,"Dec",2021-12-01,23,"Saturday"
"2021/12/22","12:37:16.93","eq","l",2.54,"l",36.09117,-117.86033,3.5,"A",39893383,86,2908,2021-12-22 12:37:16.93,182608,2021-12-22 04:37:16.93,2021,"Dec",2021-12-01,4,"Wednesday"
"2021/12/25","04:08:43.14","eq","l",2.68,"l",36.09917,-117.8495,2,"A",39896143,76,2970,2021-12-25 04:08:43.14,182814,2021-12-24 20:08:43.14,2021,"Dec",2021-12-01,20,"Friday"
"2021/12/27","09:10:46.92","eq","l",2.55,"l",36.11183,-117.85133,3.8,"A",39897055,80,2842,2021-12-27 09:10:46.92,182897,2021-12-27 01:10:46.92,2021,"Dec",2021-12-01,1,"Monday"
"2022/01/20","09:52:30.40","eq","l",2.53,"l",35.52433,-117.40533,8.7,"A",39917967,72,2939,2022-01-20 09:52:30.4,184284,2022-01-20 01:52:30.4,2022,"Jan",2022-01-01,1,"Thursday"
"2022/01/26","05:00:01.62","eq","l",2.85,"l",36.02517,-117.78117,1.6,"A",39923447,75,3011,2022-01-26 05:00:01.62,184567,2022-01-25 21:00:01.62,2022,"Jan",2022-01-01,21,"Tuesday"
"2022/01/26","05:05:55.33","eq","l",2.57,"l",36.02633,-117.781,1.7,"A",39923479,38,2912,2022-01-26 05:05:55.33,184572,2022-01-25 21:05:55.33,2022,"Jan",2022-01-01,21,"Tuesday"
"2022/01/26","09:59:05.01","eq","l",3.03,"l",36.02567,-117.77917,1.7,"A",39923623,72,3007,2022-01-26 09:59:05.01,184589,2022-01-26 01:59:05.01,2022,"Jan",2022-01-01,1,"Wednesday"
"2022/01/26","09:59:17.04","eq","l",3.02,"l",36.023,-117.77633,1.6,"A",39923631,51,3016,2022-01-26 09:59:17.04,184590,2022-01-26 01:59:17.04,2022,"Jan",2022-01-01,1,"Wednesday"
"2022/01/26","10:38:30.02","eq","l",3.12,"l",36.0235,-117.7755,1.8,"A",39923679,80,3046,2022-01-26 10:38:30.02,184596,2022-01-26 02:38:30.02,2022,"Jan",2022-01-01,2,"Wednesday"
"2022/02/09","01:47:42.47","eq","l",2.64,"l",35.98617,-117.675,2.1,"A",40180552,66,2950,2022-02-09 01:47:42.47,185373,2022-02-08 17:47:42.47,2022,"Feb",2022-02-01,17,"Tuesday"
"2022/02/11","14:21:13.66","eq","l",2.93,"l",35.91633,-117.68767,2.8,"A",40183056,80,3070,2022-02-11 14:21:13.66,185497,2022-02-11 06:21:13.66,2022,"Feb",2022-02-01,6,"Friday"
"2022/02/14","11:09:59.05","eq","l",2.63,"l",35.6595,-117.5335,9.5,"A",40185360,88,3088,2022-02-14 11:09:59.05,185651,2022-02-14 03:09:59.05,2022,"Feb",2022-02-01,3,"Monday"
"2022/02/23","00:20:39.97","eq","l",2.82,"l",35.9585,-117.98033,3.8,"A",40191736,68,3104,2022-02-23 00:20:39.97,186053,2022-02-22 16:20:39.97,2022,"Feb",2022-02-01,16,"Tuesday"
"2022/03/15","18:15:34.88","eq","l",3.09,"l",35.82517,-117.65083,6.3,"A",39968663,78,3262,2022-03-15 18:15:34.88,187138,2022-03-15 11:15:34.88,2022,"Mar",2022-03-01,11,"Tuesday"
"2022/04/01","13:14:37.37","eq","l",2.62,"l",36.00033,-117.325,2.3,"A",39983615,61,3064,2022-04-01 13:14:37.37,187918,2022-04-01 06:14:37.37,2022,"Apr",2022-04-01,6,"Friday"
"2022/04/16","21:10:58.87","eq","l",2.7,"l",36.04117,-117.576,1.1,"A",40238472,72,3153,2022-04-16 21:10:58.87,188597,2022-04-16 14:10:58.87,2022,"Apr",2022-04-01,14,"Saturday"
"2022/04/19","13:48:06.15","eq","l",2.73,"l",35.94383,-117.67617,4,"A",40241024,65,3154,2022-04-19 13:48:06.15,188800,2022-04-19 06:48:06.15,2022,"Apr",2022-04-01,6,"Tuesday"
"2022/04/21","22:18:06.38","eq","l",2.52,"l",35.67117,-117.4715,7.6,"A",40243480,90,3202,2022-04-21 22:18:06.38,188983,2022-04-21 15:18:06.38,2022,"Apr",2022-04-01,15,"Thursday"
"2022/04/24","16:42:37.98","eq","l",2.72,"l",35.64217,-117.45417,6.7,"A",40245048,73,3305,2022-04-24 16:42:37.98,189114,2022-04-24 09:42:37.98,2022,"Apr",2022-04-01,9,"Sunday"
"2022/05/02","09:16:05.19","eq","l",2.89,"l",36.19767,-118.18917,2.8,"A",40250208,94,3204,2022-05-02 09:16:05.19,189478,2022-05-02 02:16:05.19,2022,"May",2022-05-01,2,"Monday"
"2022/05/02","21:56:48.81","eq","l",3.45,"l",36.132,-118.06583,2.5,"A",40250808,104,3384,2022-05-02 21:56:48.81,189514,2022-05-02 14:56:48.81,2022,"May",2022-05-01,14,"Monday"
"2022/05/08","15:38:43.40","eq","l",2.57,"l",35.68,-117.47367,6.7,"A",40254520,81,3228,2022-05-08 15:38:43.4,189732,2022-05-08 08:38:43.4,2022,"May",2022-05-01,8,"Sunday"
"2022/05/10","06:53:51.02","eq","l",3.53,"l",35.52517,-117.38967,9.1,"A",40255392,95,3363,2022-05-10 06:53:51.02,189807,2022-05-09 23:53:51.02,2022,"May",2022-05-01,23,"Monday"
"2022/05/10","08:01:52.13","eq","l",2.96,"l",35.5235,-117.38733,8.8,"A",40255408,87,3324,2022-05-10 08:01:52.13,189808,2022-05-10 01:01:52.13,2022,"May",2022-05-01,1,"Tuesday"
"2022/05/13","05:11:38.47","eq","l",2.73,"l",36.22317,-117.8825,5.5,"A",40017247,88,3143,2022-05-13 05:11:38.47,189945,2022-05-12 22:11:38.47,2022,"May",2022-05-01,22,"Thursday"
"2022/05/13","16:28:42.50","eq","l",2.78,"l",35.69483,-117.60817,8.5,"A",40017663,68,3315,2022-05-13 16:28:42.5,189980,2022-05-13 09:28:42.5,2022,"May",2022-05-01,9,"Friday"
"2022/05/13","19:45:18.04","eq","l",3.16,"l",35.69567,-117.60933,8,"A",40017815,85,3366,2022-05-13 19:45:18.04,189987,2022-05-13 12:45:18.04,2022,"May",2022-05-01,12,"Friday"
"2022/05/26","09:23:32.53","eq","l",4.28,"w",35.60267,-117.406,4.8,"A",40027143,95,3385,2022-05-26 09:23:32.53,190653,2022-05-26 02:23:32.53,2022,"May",2022-05-01,2,"Thursday"
"2022/05/31","09:02:55.86","eq","l",2.82,"l",35.889,-117.68783,6.1,"A",40030831,93,3209,2022-05-31 09:02:55.86,190918,2022-05-31 02:02:55.86,2022,"May",2022-05-01,2,"Tuesday"
"2022/05/31","23:53:29.03","eq","l",3.08,"l",35.7945,-117.62533,5.9,"A",40031287,114,3331,2022-05-31 23:53:29.03,190950,2022-05-31 16:53:29.03,2022,"May",2022-05-01,16,"Tuesday"
"2022/06/15","02:18:33.05","eq","l",3.24,"l",35.98767,-117.40817,0.7,"A",40040359,79,3369,2022-06-15 02:18:33.05,191649,2022-06-14 19:18:33.05,2022,"Jun",2022-06-01,19,"Tuesday"
"2022/07/11","17:45:56.58","eq","l",2.6,"l",35.6025,-117.40417,6,"A",40301944,81,3298,2022-07-11 17:45:56.58,193000,2022-07-11 10:45:56.58,2022,"Jul",2022-07-01,10,"Monday"
"2022/07/12","18:29:04.76","eq","l",2.69,"l",35.793,-117.6045,6.6,"A",40302584,69,3233,2022-07-12 18:29:04.76,193065,2022-07-12 11:29:04.76,2022,"Jul",2022-07-01,11,"Tuesday"
"2022/07/15","01:19:07.00","eq","l",4.58,"w",35.70917,-117.58433,6.3,"A",40063391,119,3391,2022-07-15 01:19:07,193230,2022-07-14 18:19:07,2022,"Jul",2022-07-01,18,"Thursday"
"2022/07/22","00:11:28.75","eq","l",3.1,"l",36.189,-117.81567,6.9,"A",40067559,101,3148,2022-07-22 00:11:28.75,193618,2022-07-21 17:11:28.75,2022,"Jul",2022-07-01,17,"Thursday"
"2022/07/22","02:41:06.68","eq","l",2.77,"l",36.19283,-117.816,7.1,"A",40067623,71,3025,2022-07-22 02:41:06.68,193626,2022-07-21 19:41:06.68,2022,"Jul",2022-07-01,19,"Thursday"
"2022/08/10","04:36:50.85","eq","l",2.57,"l",35.65317,-117.496,9.1,"A",40078807,71,3175,2022-08-10 04:36:50.85,194553,2022-08-09 21:36:50.85,2022,"Aug",2022-08-01,21,"Tuesday"
"2022/08/15","01:54:57.85","eq","l",2.79,"l",36.10367,-117.85733,7.3,"A",40325536,83,3117,2022-08-15 01:54:57.85,194784,2022-08-14 18:54:57.85,2022,"Aug",2022-08-01,18,"Sunday"
"2022/09/04","10:45:27.81","eq","l",2.94,"l",35.637,-117.55717,7.5,"A",40095951,66,3188,2022-09-04 10:45:27.81,195789,2022-09-04 03:45:27.81,2022,"Sep",2022-09-01,3,"Sunday"
"2022/09/14","04:14:30.28","eq","l",2.74,"l",36.043,-117.376,1.2,"A",40100063,53,3027,2022-09-14 04:14:30.28,196145,2022-09-13 21:14:30.28,2022,"Sep",2022-09-01,21,"Tuesday"
"2022/09/17","08:09:21.75","eq","l",2.56,"l",35.89183,-117.72167,9,"A",40101519,68,3021,2022-09-17 08:09:21.75,196252,2022-09-17 01:09:21.75,2022,"Sep",2022-09-01,1,"Saturday"
"2022/09/18","01:03:01.81","eq","l",2.9,"l",35.96017,-117.9805,3.8,"A",40101903,76,3110,2022-09-18 01:03:01.81,196298,2022-09-17 18:03:01.81,2022,"Sep",2022-09-01,18,"Saturday"
"2022/09/20","09:21:56.73","eq","l",2.82,"l",35.704,-117.479,4.5,"A",40103127,61,3147,2022-09-20 09:21:56.73,196432,2022-09-20 02:21:56.73,2022,"Sep",2022-09-01,2,"Tuesday"
"2022/09/21","10:50:48.98","eq","l",3.04,"l",36.17217,-117.8355,7.1,"A",40103815,61,3084,2022-09-21 10:50:48.98,196526,2022-09-21 03:50:48.98,2022,"Sep",2022-09-01,3,"Wednesday"
"2022/10/09","21:48:21.12","eq","l",3.01,"l",35.65783,-117.48417,4.9,"A",40358328,65,3266,2022-10-09 21:48:21.12,197497,2022-10-09 14:48:21.12,2022,"Oct",2022-10-01,14,"Sunday"
"2022/10/10","10:12:44.47","eq","l",2.88,"l",35.6735,-117.5615,7.9,"A",40358456,68,3221,2022-10-10 10:12:44.47,197511,2022-10-10 03:12:44.47,2022,"Oct",2022-10-01,3,"Monday"
"2022/10/27","12:01:01.62","eq","l",2.62,"l",35.65483,-117.4845,2.1,"A",40366648,55,2976,2022-10-27 12:01:01.62,198188,2022-10-27 05:01:01.62,2022,"Oct",2022-10-01,5,"Thursday"
"2022/10/31","22:53:45.65","eq","l",2.86,"l",35.974,-117.32483,2.7,"A",40127847,66,3224,2022-10-31 22:53:45.65,198368,2022-10-31 15:53:45.65,2022,"Oct",2022-10-01,15,"Monday"
"2022/11/05","10:59:26.12","eq","l",2.66,"l",35.647,-117.49933,8,"A",40129239,72,3177,2022-11-05 10:59:26.12,198500,2022-11-05 03:59:26.12,2022,"Nov",2022-11-01,3,"Saturday"
"2022/11/11","11:16:19.92","eq","l",3.19,"l",35.7415,-117.56667,3.6,"A",40131047,78,3140,2022-11-11 11:16:19.92,198678,2022-11-11 03:16:19.92,2022,"Nov",2022-11-01,3,"Friday"
"2022/11/11","12:05:35.82","eq","l",2.8,"l",35.8905,-117.72883,2.7,"A",40131063,58,3026,2022-11-11 12:05:35.82,198680,2022-11-11 04:05:35.82,2022,"Nov",2022-11-01,4,"Friday"
"2022/11/23","13:38:09.70","eq","l",2.51,"l",35.63817,-117.44417,6.6,"A",40379888,66,3028,2022-11-23 13:38:09.7,199181,2022-11-23 05:38:09.7,2022,"Nov",2022-11-01,5,"Wednesday"
"2022/12/07","00:27:03.03","eq","l",2.71,"l",36.04067,-117.71017,1.8,"A",40142751,50,3105,2022-12-07 00:27:03.03,199705,2022-12-06 16:27:03.03,2022,"Dec",2022-12-01,16,"Tuesday"
"2022/12/07","00:28:54.20","eq","l",2.74,"l",36.04483,-117.708,1.8,"A",40142759,54,3126,2022-12-07 00:28:54.2,199706,2022-12-06 16:28:54.2,2022,"Dec",2022-12-01,16,"Tuesday"
"2022/12/21","11:36:49.04","eq","l",2.9,"l",35.69533,-117.531,9.5,"A",40392904,76,3386,2022-12-21 11:36:49.04,200187,2022-12-21 03:36:49.04,2022,"Dec",2022-12-01,3,"Wednesday"
"2023/01/04","20:49:34.07","eq","l",3,"l",36.02117,-117.76733,1.5,"A",40153687,60,3376,2023-01-04 20:49:34.07,200733,2023-01-04 12:49:34.07,2023,"Jan",2023-01-01,12,"Wednesday"
"2023/01/09","10:47:49.28","eq","l",2.63,"l",36.17117,-118.029,2.2,"A",40154919,77,3157,2023-01-09 10:47:49.28,200877,2023-01-09 02:47:49.28,2023,"Jan",2023-01-01,2,"Monday"
"2023/01/12","14:27:16.56","eq","l",2.5,"l",35.59233,-117.38183,6.8,"A",40402032,48,3267,2023-01-12 14:27:16.56,200959,2023-01-12 06:27:16.56,2023,"Jan",2023-01-01,6,"Thursday"
"2023/01/19","13:58:40.37","eq","l",3.35,"l",35.85783,-117.6995,8.5,"A",40403984,66,3474,2023-01-19 13:58:40.37,201163,2023-01-19 05:58:40.37,2023,"Jan",2023-01-01,5,"Thursday"
"2023/01/27","15:13:22.10","eq","l",2.59,"l",35.734,-117.6185,9.6,"A",40162687,64,3324,2023-01-27 15:13:22.1,201410,2023-01-27 07:13:22.1,2023,"Jan",2023-01-01,7,"Friday"
"2023/01/29","18:25:50.03","eq","l",2.5,"l",35.727,-117.61467,9.4,"A",40163831,63,3376,2023-01-29 18:25:50.03,201511,2023-01-29 10:25:50.03,2023,"Jan",2023-01-01,10,"Sunday"
"2023/02/02","00:37:11.75","eq","l",3.11,"l",35.59633,-117.5995,7.1,"A",40165247,79,3497,2023-02-02 00:37:11.75,201647,2023-02-01 16:37:11.75,2023,"Feb",2023-02-01,16,"Wednesday"
"2023/02/09","10:52:51.83","eq","l",2.5,"l",35.678,-117.5535,7.4,"A",40412640,64,3276,2023-02-09 10:52:51.83,201903,2023-02-09 02:52:51.83,2023,"Feb",2023-02-01,2,"Thursday"
"2023/02/13","13:03:46.26","eq","l",2.87,"l",36.22,-117.85967,3,"A",40414144,58,3305,2023-02-13 13:03:46.26,202049,2023-02-13 05:03:46.26,2023,"Feb",2023-02-01,5,"Monday"
"2023/02/18","02:35:20.34","eq","l",2.9,"l",36.00617,-117.364,0.1,"A",40415808,56,3330,2023-02-18 02:35:20.34,202201,2023-02-17 18:35:20.34,2023,"Feb",2023-02-01,18,"Friday"
"2023/02/26","19:26:15.51","eq","l",2.81,"l",35.63983,-117.45567,7.4,"A",40418976,69,3365,2023-02-26 19:26:15.51,202505,2023-02-26 11:26:15.51,2023,"Feb",2023-02-01,11,"Sunday"
"2023/02/28","02:18:04.50","eq","l",3.15,"l",35.61367,-117.4145,7.9,"A",40419408,74,3414,2023-02-28 02:18:04.5,202544,2023-02-27 18:18:04.5,2023,"Feb",2023-02-01,18,"Monday"
"2023/02/28","13:30:51.69","eq","l",3.56,"l",35.61283,-117.4165,8.2,"A",40419496,70,3380,2023-02-28 13:30:51.69,202555,2023-02-28 05:30:51.69,2023,"Feb",2023-02-01,5,"Tuesday"
"2023/03/07","08:42:10.11","eq","l",2.99,"l",35.66533,-117.57283,7.1,"A",40421656,69,3397,2023-03-07 08:42:10.11,202761,2023-03-07 00:42:10.11,2023,"Mar",2023-03-01,0,"Tuesday"
"2023/03/24","00:30:20.87","eq","l",3.24,"l",35.5355,-117.44,9.3,"A",40188871,84,3494,2023-03-24 00:30:20.87,203385,2023-03-23 17:30:20.87,2023,"Mar",2023-03-01,17,"Thursday"
"2023/03/29","07:11:17.28","eq","l",2.94,"l",35.84833,-117.70217,6.5,"A",40191095,62,3382,2023-03-29 07:11:17.28,203615,2023-03-29 00:11:17.28,2023,"Mar",2023-03-01,0,"Wednesday"
"2023/04/10","21:38:48.27","eq","l",2.59,"l",35.67867,-117.49033,7.4,"A",40439424,69,3416,2023-04-10 21:38:48.27,204121,2023-04-10 14:38:48.27,2023,"Apr",2023-04-01,14,"Monday"
"2023/04/11","01:21:46.33","eq","l",2.81,"l",35.6705,-117.53117,8.7,"A",40439488,73,3475,2023-04-11 01:21:46.33,204128,2023-04-10 18:21:46.33,2023,"Apr",2023-04-01,18,"Monday"
"2023/05/02","00:19:35.43","eq","l",3.21,"l",35.94383,-117.49583,0.1,"A",40217047,63,3505,2023-05-02 00:19:35.43,205121,2023-05-01 17:19:35.43,2023,"May",2023-05-01,17,"Monday"
"2023/05/02","23:53:47.37","eq","l",2.6,"l",35.87083,-117.71867,8.8,"A",40217607,77,3361,2023-05-02 23:53:47.37,205140,2023-05-02 16:53:47.37,2023,"May",2023-05-01,16,"Tuesday"
"2023/05/03","01:40:24.49","eq","l",3.56,"l",35.8715,-117.71667,8.8,"A",40217695,68,3532,2023-05-03 01:40:24.49,205149,2023-05-02 18:40:24.49,2023,"May",2023-05-01,18,"Tuesday"
"2023/05/03","11:43:38.35","eq","l",3.09,"l",35.87083,-117.71683,9.3,"A",40217951,63,3487,2023-05-03 11:43:38.35,205178,2023-05-03 04:43:38.35,2023,"May",2023-05-01,4,"Wednesday"
"2023/05/21","10:09:07.34","eq","l",2.77,"l",35.95317,-117.69133,3.7,"A",40230247,58,3352,2023-05-21 10:09:07.34,205887,2023-05-21 03:09:07.34,2023,"May",2023-05-01,3,"Sunday"
"2023/05/23","00:31:14.62","eq","l",2.69,"l",35.6385,-117.44717,6.1,"A",40231903,67,3473,2023-05-23 00:31:14.62,205984,2023-05-22 17:31:14.62,2023,"May",2023-05-01,17,"Monday"
"2023/06/04","05:07:34.16","eq","l",2.53,"l",36.04217,-117.7775,1.9,"A",40477640,51,3187,2023-06-04 05:07:34.16,206571,2023-06-03 22:07:34.16,2023,"Jun",2023-06-01,22,"Saturday"
"2023/06/05","22:02:00.82","eq","l",2.57,"l",35.62033,-117.44317,9,"A",40479112,55,3450,2023-06-05 22:02:00.82,206647,2023-06-05 15:02:00.82,2023,"Jun",2023-06-01,15,"Monday"
"2023/06/18","23:53:14.89","eq","l",2.96,"l",35.664,-117.4825,6.7,"A",40488416,71,3540,2023-06-18 23:53:14.89,207106,2023-06-18 16:53:14.89,2023,"Jun",2023-06-01,16,"Sunday"
"2023/06/19","06:49:11.58","eq","l",3.57,"l",35.498,-118.145,6.8,"A",40488576,115,3557,2023-06-19 06:49:11.58,207120,2023-06-18 23:49:11.58,2023,"Jun",2023-06-01,23,"Sunday"
"2023/06/21","13:58:59.97","eq","l",2.51,"l",35.68483,-117.483,7.8,"A",40490864,62,3293,2023-06-21 13:58:59.97,207214,2023-06-21 06:58:59.97,2023,"Jun",2023-06-01,6,"Wednesday"
"2023/07/14","18:39:42.91","eq","l",2.82,"l",36.09383,-117.9015,4.7,"A",39613050,66,3405,2023-07-14 18:39:42.91,208252,2023-07-14 11:39:42.91,2023,"Jul",2023-07-01,11,"Friday"
"2023/07/25","18:52:15.08","eq","l",2.51,"l",35.6695,-117.48383,6.3,"A",39621810,75,3360,2023-07-25 18:52:15.08,208693,2023-07-25 11:52:15.08,2023,"Jul",2023-07-01,11,"Tuesday"
"2023/07/26","20:49:00.69","eq","l",2.53,"l",35.7835,-117.61083,10,"A",39623042,70,3323,2023-07-26 20:49:00.69,208740,2023-07-26 13:49:00.69,2023,"Jul",2023-07-01,13,"Wednesday"
"2023/08/05","10:01:49.17","eq","l",2.65,"l",35.76033,-117.58717,4.3,"A",40530200,60,3242,2023-08-05 10:01:49.17,209105,2023-08-05 03:01:49.17,2023,"Aug",2023-08-01,3,"Saturday"
"2023/08/06","18:57:01.94","eq","l",2.68,"l",36.11533,-117.88017,2.4,"A",40530928,61,3225,2023-08-06 18:57:01.94,209150,2023-08-06 11:57:01.94,2023,"Aug",2023-08-01,11,"Sunday"
"2023/08/08","08:23:48.19","eq","l",2.63,"l",35.603,-117.41033,6.2,"A",40531704,62,3326,2023-08-08 08:23:48.19,209206,2023-08-08 01:23:48.19,2023,"Aug",2023-08-01,1,"Tuesday"
"2023/08/18","20:36:36.98","eq","l",3.02,"l",35.58367,-117.38133,4,"A",39644162,66,3379,2023-08-18 20:36:36.98,209636,2023-08-18 13:36:36.98,2023,"Aug",2023-08-01,13,"Friday"
"2023/09/14","09:46:44.04","eq","l",2.7,"l",35.41383,-117.18617,1.8,"A",39664754,50,3371,2023-09-14 09:46:44.04,210923,2023-09-14 02:46:44.04,2023,"Sep",2023-09-01,2,"Thursday"
"2023/09/27","01:29:07.99","eq","l",3.04,"l",35.8795,-117.686,2.7,"A",40573224,62,3433,2023-09-27 01:29:07.99,211372,2023-09-26 18:29:07.99,2023,"Sep",2023-09-01,18,"Tuesday"
"2023/10/23","05:56:30.51","eq","l",2.53,"l",36.04683,-117.86033,2,"A",40585144,56,3215,2023-10-23 05:56:30.51,212112,2023-10-22 22:56:30.51,2023,"Oct",2023-10-01,22,"Sunday"
"2023/10/26","16:39:56.57","eq","l",3.47,"l",36.01783,-117.771,1.8,"A",40588312,84,3482,2023-10-26 16:39:56.57,212251,2023-10-26 09:39:56.57,2023,"Oct",2023-10-01,9,"Thursday"
"2023/11/03","02:25:52.78","eq","l",2.66,"l",35.76583,-117.58267,6.4,"A",39705786,63,3288,2023-11-03 02:25:52.78,212562,2023-11-02 19:25:52.78,2023,"Nov",2023-11-01,19,"Thursday"
"2023/11/06","20:13:16.53","eq","l",2.86,"l",36.19633,-117.982,4.8,"A",39709442,75,3306,2023-11-06 20:13:16.53,212719,2023-11-06 12:13:16.53,2023,"Nov",2023-11-01,12,"Monday"
"2023/11/19","03:28:33.33","eq","l",2.53,"l",36.18133,-118.02767,3.3,"A",39715066,57,3041,2023-11-19 03:28:33.33,213047,2023-11-18 19:28:33.33,2023,"Nov",2023-11-01,19,"Saturday"
"2023/11/19","07:30:21.30","eq","l",2.5,"l",36.00933,-117.80967,1.7,"A",39715122,56,3088,2023-11-19 07:30:21.3,213053,2023-11-18 23:30:21.3,2023,"Nov",2023-11-01,23,"Saturday"
"2023/12/06","17:54:52.58","eq","l",2.88,"l",35.77633,-117.60067,7,"A",40616936,68,3283,2023-12-06 17:54:52.58,213743,2023-12-06 09:54:52.58,2023,"Dec",2023-12-01,9,"Wednesday"
"2023/12/26","06:20:10.43","eq","l",2.79,"l",35.70733,-117.5155,7.5,"A",40451087,75,3264,2023-12-26 06:20:10.43,214490,2023-12-25 22:20:10.43,2023,"Dec",2023-12-01,22,"Monday"
"2023/12/26","11:07:25.74","eq","l",2.94,"l",35.9245,-117.68567,2.1,"A",40451167,96,3270,2023-12-26 11:07:25.74,214500,2023-12-26 03:07:25.74,2023,"Dec",2023-12-01,3,"Tuesday"
"2023/12/26","11:48:01.02","eq","l",2.64,"l",35.92733,-117.68367,2.4,"A",40451183,66,3069,2023-12-26 11:48:01.02,214502,2023-12-26 03:48:01.02,2023,"Dec",2023-12-01,3,"Tuesday"
"2023/12/27","12:08:20.95","eq","l",3.18,"l",35.92883,-117.68183,2.8,"A",40451647,93,3294,2023-12-27 12:08:20.95,214537,2023-12-27 04:08:20.95,2023,"Dec",2023-12-01,4,"Wednesday"
"2023/12/27","13:19:44.36","eq","l",2.87,"l",35.92267,-117.68433,2.1,"A",40451695,67,3210,2023-12-27 13:19:44.36,214543,2023-12-27 05:19:44.36,2023,"Dec",2023-12-01,5,"Wednesday"
"2023/12/27","17:25:29.43","eq","l",3.32,"l",35.92533,-117.684,2.6,"A",40451791,68,3337,2023-12-27 17:25:29.43,214548,2023-12-27 09:25:29.43,2023,"Dec",2023-12-01,9,"Wednesday"
"2023/12/27","19:11:41.23","eq","l",2.84,"l",35.92433,-117.68617,2.2,"A",40451855,67,3259,2023-12-27 19:11:41.23,214550,2023-12-27 11:11:41.23,2023,"Dec",2023-12-01,11,"Wednesday"
"2023/12/30","08:29:11.16","eq","l",3.42,"l",35.74733,-117.57033,4.5,"A",40452647,91,3381,2023-12-30 08:29:11.16,214630,2023-12-30 00:29:11.16,2023,"Dec",2023-12-01,0,"Saturday"
"2024/01/08","15:12:22.50","eq","l",3.05,"l",35.60333,-117.48217,9.7,"A",40456839,101,3319,2024-01-08 15:12:22.5,214984,2024-01-08 07:12:22.5,2024,"Jan",2024-01-01,7,"Monday"
"2024/01/21","15:13:55.87","eq","l",2.61,"l",35.63817,-117.42167,5.1,"A",40463671,71,3055,2024-01-21 15:13:55.87,215431,2024-01-21 07:13:55.87,2024,"Jan",2024-01-01,7,"Sunday"
"2024/03/22","06:24:13.66","eq","l",2.54,"l",35.77783,-117.59933,7.2,"A",40521759,69,3166,2024-03-22 06:24:13.66,218012,2024-03-21 23:24:13.66,2024,"Mar",2024-03-01,23,"Thursday"
"2024/04/03","00:56:01.07","eq","l",2.5,"l",35.53767,-117.50517,6.9,"A",40704112,80,3371,2024-04-03 00:56:01.07,218406,2024-04-02 17:56:01.07,2024,"Apr",2024-04-01,17,"Tuesday"
"2024/04/14","06:47:36.28","eq","l",2.64,"l",35.80517,-117.63533,1.1,"A",40712608,62,3051,2024-04-14 06:47:36.28,218777,2024-04-13 23:47:36.28,2024,"Apr",2024-04-01,23,"Saturday"
"2024/04/16","15:23:03.89","eq","l",3.35,"l",36.1215,-117.89233,4.3,"A",40714048,71,3424,2024-04-16 15:23:03.89,218873,2024-04-16 08:23:03.89,2024,"Apr",2024-04-01,8,"Tuesday"
"2024/04/16","15:23:26.40","eq","l",3.91,"w",36.117,-117.89483,5.1,"A",40714056,81,3454,2024-04-16 15:23:26.4,218874,2024-04-16 08:23:26.4,2024,"Apr",2024-04-01,8,"Tuesday"
"2024/04/16","15:25:40.00","eq","l",3.24,"l",36.1215,-117.893,5.8,"A",40714072,68,3418,2024-04-16 15:25:40,218876,2024-04-16 08:25:40,2024,"Apr",2024-04-01,8,"Tuesday"
"2024/04/16","17:43:11.77","eq","l",3.43,"l",36.11717,-117.886,6,"A",40714288,78,3406,2024-04-16 17:43:11.77,218893,2024-04-16 10:43:11.77,2024,"Apr",2024-04-01,10,"Tuesday"
"2024/05/12","07:01:40.52","eq","l",2.63,"l",35.962,-117.65817,4.1,"A",40746272,56,3170,2024-05-12 07:01:40.52,220163,2024-05-12 00:01:40.52,2024,"May",2024-05-01,0,"Sunday"
"2024/05/19","11:14:43.38","eq","l",2.57,"l",35.84917,-117.711,8.2,"A",40592095,56,3147,2024-05-19 11:14:43.38,220896,2024-05-19 04:14:43.38,2024,"May",2024-05-01,4,"Sunday"
"2024/05/19","17:23:35.76","eq","l",3.27,"l",35.68333,-117.53567,8.4,"A",40592599,80,3447,2024-05-19 17:23:35.76,220928,2024-05-19 10:23:35.76,2024,"May",2024-05-01,10,"Sunday"
"2024/05/21","17:20:46.61","eq","l",2.93,"l",35.96317,-117.38683,1,"A",40594887,61,3357,2024-05-21 17:20:46.61,221045,2024-05-21 10:20:46.61,2024,"May",2024-05-01,10,"Tuesday"
"2024/06/03","04:14:58.24","eq","l",2.59,"l",35.65633,-117.48067,6.4,"A",40611599,66,3205,2024-06-03 04:14:58.24,221664,2024-06-02 21:14:58.24,2024,"Jun",2024-06-01,21,"Sunday"
"2024/06/16","07:19:02.55","eq","l",3.33,"l",35.75533,-117.57283,3,"A",40800256,73,3390,2024-06-16 07:19:02.55,222183,2024-06-16 00:19:02.55,2024,"Jun",2024-06-01,0,"Sunday"
"2024/06/27","07:59:23.40","eq","l",2.61,"l",35.96283,-117.654,3.9,"A",40811512,54,3065,2024-06-27 07:59:23.4,222697,2024-06-27 00:59:23.4,2024,"Jun",2024-06-01,0,"Thursday"
"2024/07/16","06:24:17.73","eq","l",3.02,"l",36.15083,-118.0515,0.8,"A",40660767,67,3250,2024-07-16 06:24:17.73,223662,2024-07-15 23:24:17.73,2024,"Jul",2024-07-01,23,"Monday"
"2024/08/10","17:18:39.12","eq","l",2.77,"l",35.94367,-117.685,4.8,"A",40696455,62,3336,2024-08-10 17:18:39.12,225571,2024-08-10 10:18:39.12,2024,"Aug",2024-08-01,10,"Saturday"
"2024/08/11","09:45:13.49","eq","l",3.77,"w",35.945,-117.6805,5,"A",40697215,63,3477,2024-08-11 09:45:13.49,225632,2024-08-11 02:45:13.49,2024,"Aug",2024-08-01,2,"Sunday"
"2024/08/11","09:46:04.81","eq","l",2.88,"l",35.94167,-117.68667,4.5,"A",40697223,53,3291,2024-08-11 09:46:04.81,225633,2024-08-11 02:46:04.81,2024,"Aug",2024-08-01,2,"Sunday"
"2024/08/14","18:31:44.02","eq","l",2.6,"l",35.94217,-117.6775,5.2,"A",40701983,70,3269,2024-08-14 18:31:44.02,225971,2024-08-14 11:31:44.02,2024,"Aug",2024-08-01,11,"Wednesday"
"2024/08/16","04:03:17.12","eq","l",2.63,"l",35.96333,-117.65667,2.8,"A",40703967,65,3253,2024-08-16 04:03:17.12,226096,2024-08-15 21:03:17.12,2024,"Aug",2024-08-01,21,"Thursday"
"2024/09/03","13:04:11.71","eq","l",2.66,"l",35.96683,-117.38683,0.7,"A",40723383,52,3325,2024-09-03 13:04:11.71,227227,2024-09-03 06:04:11.71,2024,"Sep",2024-09-01,6,"Tuesday"
"2024/09/26","18:24:29.35","eq","l",3.75,"w",36.20683,-118.0145,2,"A",40746391,85,3505,2024-09-26 18:24:29.35,228456,2024-09-26 11:24:29.35,2024,"Sep",2024-09-01,11,"Thursday"
"2024/09/27","00:16:57.16","eq","l",2.72,"l",36.20567,-118.01217,1.2,"A",40746727,61,3226,2024-09-27 00:16:57.16,228475,2024-09-26 17:16:57.16,2024,"Sep",2024-09-01,17,"Thursday"
"2024/10/01","22:52:16.00","eq","l",2.61,"l",36.05317,-117.91233,6.7,"A",40749895,60,3276,2024-10-01 22:52:16,228712,2024-10-01 15:52:16,2024,"Oct",2024-10-01,15,"Tuesday"
"2024/10/06","00:25:57.74","eq","l",3.59,"w",36.14517,-117.08117,1.8,"A",40752591,52,3557,2024-10-06 00:25:57.74,228898,2024-10-05 17:25:57.74,2024,"Oct",2024-10-01,17,"Saturday"
"2024/10/27","13:48:49.95","eq","l",3.27,"l",36.20883,-118.01583,1,"A",40965744,83,3458,2024-10-27 13:48:49.95,229963,2024-10-27 06:48:49.95,2024,"Oct",2024-10-01,6,"Sunday"
"2024/10/27","14:28:01.13","eq","l",2.63,"l",36.21267,-118.01317,1.9,"A",40965760,73,3183,2024-10-27 14:28:01.13,229965,2024-10-27 07:28:01.13,2024,"Oct",2024-10-01,7,"Sunday"
"2024/10/30","22:21:18.37","eq","l",2.55,"l",36.03267,-117.8215,1.9,"A",40783311,73,3248,2024-10-30 22:21:18.37,230066,2024-10-30 15:21:18.37,2024,"Oct",2024-10-01,15,"Wednesday"
"2024/11/13","18:36:55.68","eq","l",3.29,"l",36.0445,-117.81133,1.5,"A",40792599,63,3511,2024-11-13 18:36:55.68,230524,2024-11-13 10:36:55.68,2024,"Nov",2024-11-01,10,"Wednesday"
"2024/11/17","09:27:25.57","eq","l",2.88,"l",36.10433,-117.58683,1,"A",40794527,69,3376,2024-11-17 09:27:25.57,230656,2024-11-17 01:27:25.57,2024,"Nov",2024-11-01,1,"Sunday"
"2024/11/21","20:24:13.71","eq","l",2.55,"l",35.991,-117.68917,4.8,"A",40797823,66,3286,2024-11-21 20:24:13.71,230855,2024-11-21 12:24:13.71,2024,"Nov",2024-11-01,12,"Thursday"
"2024/12/05","05:06:31.35","eq","l",2.91,"l",35.8995,-117.75,6.3,"A",40994520,79,3478,2024-12-05 05:06:31.35,231440,2024-12-04 21:06:31.35,2024,"Dec",2024-12-01,21,"Wednesday"
"2024/12/14","02:19:03.92","eq","l",2.61,"l",35.73167,-117.5985,10.6,"A",41001584,80,3456,2024-12-14 02:19:03.92,231860,2024-12-13 18:19:03.92,2024,"Dec",2024-12-01,18,"Friday"
"2024/12/22","19:03:49.51","eq","l",3.55,"l",35.772,-118.01167,2.7,"A",40827375,90,3628,2024-12-22 19:03:49.51,232261,2024-12-22 11:03:49.51,2024,"Dec",2024-12-01,11,"Sunday"
"2025/01/18","04:54:35.40","eq","l",3.16,"l",35.95667,-117.39417,4.1,"A",40842287,64,3530,2025-01-18 04:54:35.4,233226,2025-01-17 20:54:35.4,2025,"Jan",2025-01-01,20,"Friday"
"2025/01/22","21:40:40.05","eq","l",2.6,"l",35.34483,-117.79633,6.3,"A",41033480,85,3308,2025-01-22 21:40:40.05,233418,2025-01-22 13:40:40.05,2025,"Jan",2025-01-01,13,"Wednesday"
"2025/02/10","22:23:04.76","eq","l",3.27,"l",36.02667,-117.77867,1.7,"A",40183770,97,3552,2025-02-10 22:23:04.76,234204,2025-02-10 14:23:04.76,2025,"Feb",2025-02-01,14,"Monday"
"2025/02/11","22:09:35.29","eq","l",2.57,"l",36.16867,-118.05667,2.3,"A",40184482,54,3130,2025-02-11 22:09:35.29,234249,2025-02-11 14:09:35.29,2025,"Feb",2025-02-01,14,"Tuesday"
"2025/02/18","20:41:53.65","eq","l",2.83,"l",35.34033,-117.80017,7.5,"A",40188442,91,3501,2025-02-18 20:41:53.65,234468,2025-02-18 12:41:53.65,2025,"Feb",2025-02-01,12,"Tuesday"
"2025/02/25","06:12:14.93","eq","l",2.5,"l",35.72517,-117.54783,7,"A",40193762,71,3406,2025-02-25 06:12:14.93,234719,2025-02-24 22:12:14.93,2025,"Feb",2025-02-01,22,"Monday"
"2025/02/27","03:31:57.43","eq","l",2.55,"l",35.67283,-117.53,9.2,"A",40195354,69,3464,2025-02-27 03:31:57.43,234803,2025-02-26 19:31:57.43,2025,"Feb",2025-02-01,19,"Wednesday"
"2025/02/27","23:47:31.79","eq","l",2.55,"l",35.86367,-117.69583,9,"A",41068296,60,3459,2025-02-27 23:47:31.79,234827,2025-02-27 15:47:31.79,2025,"Feb",2025-02-01,15,"Thursday"
"2025/03/10","12:57:39.00","eq","l",2.64,"l",35.8705,-117.0135,7.5,"A",41076224,71,3391,2025-03-10 12:57:39,235202,2025-03-10 05:57:39,2025,"Mar",2025-03-01,5,"Monday"
"2025/03/23","13:14:59.14","eq","l",2.55,"l",35.7045,-117.52933,9.5,"A",40907823,58,3385,2025-03-23 13:14:59.14,235794,2025-03-23 06:14:59.14,2025,"Mar",2025-03-01,6,"Sunday"
"2025/03/24","02:55:00.56","eq","l",2.71,"l",35.347,-117.801,6.6,"A",40908471,82,3406,2025-03-24 02:55:00.56,235837,2025-03-23 19:55:00.56,2025,"Mar",2025-03-01,19,"Sunday"
"2025/03/28","20:21:13.80","eq","l",2.95,"l",35.34883,-117.8115,10.1,"A",40912255,30,3502,2025-03-28 20:21:13.8,236038,2025-03-28 13:21:13.8,2025,"Mar",2025-03-01,13,"Friday"
"2025/03/29","17:48:12.85","eq","l",2.58,"l",35.352,-117.80967,6.7,"A",40912687,78,3328,2025-03-29 17:48:12.85,236057,2025-03-29 10:48:12.85,2025,"Mar",2025-03-01,10,"Saturday"
"2025/04/01","19:44:57.89","eq","l",2.57,"l",35.3435,-117.803,6.6,"A",40914391,80,3465,2025-04-01 19:44:57.89,236150,2025-04-01 12:44:57.89,2025,"Apr",2025-04-01,12,"Tuesday"
"2025/04/08","19:30:36.99","eq","l",2.54,"l",35.96733,-117.51467,5.2,"A",40919591,59,3298,2025-04-08 19:30:36.99,236402,2025-04-08 12:30:36.99,2025,"Apr",2025-04-01,12,"Tuesday"
"2025/04/10","01:43:14.48","eq","l",3.47,"w",35.95983,-117.713,7.1,"A",40920551,68,3580,2025-04-10 01:43:14.48,236466,2025-04-09 18:43:14.48,2025,"Apr",2025-04-01,18,"Wednesday"
"2025/04/14","07:53:22.86","eq","l",2.99,"l",35.33583,-117.81567,8.4,"A",40925623,97,3558,2025-04-14 07:53:22.86,236835,2025-04-14 00:53:22.86,2025,"Apr",2025-04-01,0,"Monday"
"2025/04/19","07:44:07.17","eq","l",3.37,"l",35.33867,-117.8055,7.1,"A",40932807,106,3579,2025-04-19 07:44:07.17,237434,2025-04-19 00:44:07.17,2025,"Apr",2025-04-01,0,"Saturday"
"2025/04/19","07:44:19.61","eq","l",2.71,"l",35.31233,-117.77583,14.3,"A",37543245,16,3528,2025-04-19 07:44:19.61,237435,2025-04-19 00:44:19.61,2025,"Apr",2025-04-01,0,"Saturday"
"2025/04/23","22:16:32.26","eq","l",2.8,"l",35.351,-117.80633,7.7,"A",40939399,89,3539,2025-04-23 22:16:32.26,237707,2025-04-23 15:16:32.26,2025,"Apr",2025-04-01,15,"Wednesday"
"2025/04/28","06:46:44.73","eq","l",3.34,"l",35.342,-117.7985,7,"A",41137800,104,3579,2025-04-28 06:46:44.73,237889,2025-04-27 23:46:44.73,2025,"Apr",2025-04-01,23,"Sunday"
"2025/04/28","06:51:02.72","eq","l",2.53,"l",35.34267,-117.798,6,"A",41137808,89,3337,2025-04-28 06:51:02.72,237890,2025-04-27 23:51:02.72,2025,"Apr",2025-04-01,23,"Sunday"
"2025/05/01","14:12:53.71","eq","l",3.4,"l",35.35267,-117.8035,7.5,"A",41141664,94,3641,2025-05-01 14:12:53.71,238052,2025-05-01 07:12:53.71,2025,"May",2025-05-01,7,"Thursday"
"2025/05/01","14:22:01.64","eq","l",2.62,"l",35.3505,-117.8055,7.8,"A",41141680,93,3514,2025-05-01 14:22:01.64,238054,2025-05-01 07:22:01.64,2025,"May",2025-05-01,7,"Thursday"
"2025/05/04","04:18:16.48","eq","l",2.65,"l",35.35383,-117.81,8.5,"A",41144424,91,3534,2025-05-04 04:18:16.48,238187,2025-05-03 21:18:16.48,2025,"May",2025-05-01,21,"Saturday"
"2025/05/15","20:58:49.74","eq","l",2.66,"l",35.344,-117.8015,7.2,"A",41153760,93,3419,2025-05-15 20:58:49.74,238704,2025-05-15 13:58:49.74,2025,"May",2025-05-01,13,"Thursday"
"2025/05/24","02:31:19.41","eq","l",2.64,"l",35.70133,-117.50567,6.8,"A",40974239,84,3523,2025-05-24 02:31:19.41,239073,2025-05-23 19:31:19.41,2025,"May",2025-05-01,19,"Friday"
"2025/06/07","17:16:56.13","eq","l",2.68,"l",35.54783,-117.5585,7.7,"A",41178440,90,3494,2025-06-07 17:16:56.13,239754,2025-06-07 10:16:56.13,2025,"Jun",2025-06-01,10,"Saturday"
"2025/06/12","11:54:42.72","eq","l",2.54,"l",36.02417,-117.77867,1.6,"A",40992071,71,3333,2025-06-12 11:54:42.72,239993,2025-06-12 04:54:42.72,2025,"Jun",2025-06-01,4,"Thursday"
"2025/06/12","19:00:25.01","eq","l",2.82,"l",35.3295,-117.8075,7.6,"A",40992455,103,3630,2025-06-12 19:00:25.01,240015,2025-06-12 12:00:25.01,2025,"Jun",2025-06-01,12,"Thursday"
"2025/06/13","02:31:36.66","eq","l",2.72,"l",35.33083,-117.80633,7.8,"A",40992775,91,3583,2025-06-13 02:31:36.66,240028,2025-06-12 19:31:36.66,2025,"Jun",2025-06-01,19,"Thursday"
"2025/06/25","21:17:25.89","eq","l",2.7,"l",35.74333,-117.566,4.4,"A",41004319,93,3577,2025-06-25 21:17:25.89,240738,2025-06-25 14:17:25.89,2025,"Jun",2025-06-01,14,"Wednesday"
"2025/07/13","12:27:55.19","eq","l",3.98,"w",36.17433,-118.03217,2,"A",41021687,87,3681,2025-07-13 12:27:55.19,241832,2025-07-13 05:27:55.19,2025,"Jul",2025-07-01,5,"Sunday"
"2025/07/13","15:45:05.69","eq","l",2.66,"l",36.1745,-118.0305,2,"A",41021807,72,3365,2025-07-13 15:45:05.69,241844,2025-07-13 08:45:05.69,2025,"Jul",2025-07-01,8,"Sunday"
"2025/07/17","22:55:00.87","eq","l",3.11,"l",35.31983,-117.8145,7.1,"A",41025207,127,3704,2025-07-17 22:55:00.87,242066,2025-07-17 15:55:00.87,2025,"Jul",2025-07-01,15,"Thursday"
"2025/07/20","06:32:46.06","eq","l",2.94,"l",35.32317,-117.80883,6.8,"A",41026799,124,3670,2025-07-20 06:32:46.06,242204,2025-07-19 23:32:46.06,2025,"Jul",2025-07-01,23,"Saturday"
"2025/07/22","13:45:51.11","eq","l",2.53,"l",35.32417,-117.80517,7.1,"A",41028511,102,3456,2025-07-22 13:45:51.11,242342,2025-07-22 06:45:51.11,2025,"Jul",2025-07-01,6,"Tuesday"
"2025/08/17","23:21:37.31","eq","l",2.56,"l",36.12033,-117.91817,4.3,"A",40401466,81,3420,2025-08-17 23:21:37.31,243779,2025-08-17 16:21:37.31,2025,"Aug",2025-08-01,16,"Sunday"
"2025/08/17","23:22:58.31","eq","l",2.86,"l",36.12033,-117.91783,4.5,"A",40401474,83,3489,2025-08-17 23:22:58.31,243781,2025-08-17 16:22:58.31,2025,"Aug",2025-08-01,16,"Sunday"
"2025/08/19","00:34:17.61","eq","l",2.76,"l",36.1775,-118.026,3.6,"A",40402354,58,3457,2025-08-19 00:34:17.61,243842,2025-08-18 17:34:17.61,2025,"Aug",2025-08-01,17,"Monday"
"2025/09/01","02:14:44.73","eq","l",2.54,"l",35.60517,-117.40867,7.9,"A",41280400,91,3619,2025-09-01 02:14:44.73,244510,2025-08-31 19:14:44.73,2025,"Sep",2025-09-01,19,"Sunday"
"2025/09/11","22:11:05.85","eq","l",2.57,"l",36.0495,-117.85167,1.9,"A",41289440,71,3420,2025-09-11 22:11:05.85,245129,2025-09-11 15:11:05.85,2025,"Sep",2025-09-01,15,"Thursday"
"2025/09/13","09:36:57.18","eq","l",2.83,"l",36.17733,-118.02283,1.8,"A",41290552,76,3546,2025-09-13 09:36:57.18,245231,2025-09-13 02:36:57.18,2025,"Sep",2025-09-01,2,"Saturday"
"2025/09/13","09:37:03.66","eq","l",2.85,"l",36.17467,-118.02383,2.5,"A",37743076,40,3483,2025-09-13 09:37:03.66,245232,2025-09-13 02:37:03.66,2025,"Sep",2025-09-01,2,"Saturday"
"2025/09/13","10:03:33.60","eq","l",2.56,"l",36.1765,-118.0265,3.2,"A",41290592,69,3387,2025-09-13 10:03:33.6,245237,2025-09-13 03:03:33.6,2025,"Sep",2025-09-01,3,"Saturday"
"2025/09/15","12:09:35.96","eq","l",2.61,"l",35.84033,-117.6775,10.1,"A",41291752,77,3428,2025-09-15 12:09:35.96,245353,2025-09-15 05:09:35.96,2025,"Sep",2025-09-01,5,"Monday"
"2025/09/21","01:15:06.98","eq","l",2.85,"l",36.1045,-117.903,5.2,"A",40447258,83,3535,2025-09-21 01:15:06.98,245609,2025-09-20 18:15:06.98,2025,"Sep",2025-09-01,18,"Saturday"
"2025/09/29","18:24:06.48","eq","l",3.1,"l",35.3505,-117.79067,6.4,"A",41100695,119,3679,2025-09-29 18:24:06.48,246010,2025-09-29 11:24:06.48,2025,"Sep",2025-09-01,11,"Monday"
"2025/10/10","04:39:09.79","eq","l",2.83,"l",36.0355,-117.7805,2.8,"A",41106015,70,3595,2025-10-10 04:39:09.79,246437,2025-10-09 21:39:09.79,2025,"Oct",2025-10-01,21,"Thursday"
"2025/10/22","05:36:52.26","eq","l",2.52,"l",35.353,-117.79167,6.8,"A",41112559,99,3478,2025-10-22 05:36:52.26,246913,2025-10-21 22:36:52.26,2025,"Oct",2025-10-01,22,"Tuesday"
"2025/10/25","04:21:16.27","eq","l",2.88,"l",35.35217,-117.789,6.6,"A",41319240,110,3571,2025-10-25 04:21:16.27,247011,2025-10-24 21:21:16.27,2025,"Oct",2025-10-01,21,"Friday"
"2025/10/25","04:25:46.22","eq","l",2.6,"l",35.35433,-117.78817,5.8,"A",41319248,100,3423,2025-10-25 04:25:46.22,247012,2025-10-24 21:25:46.22,2025,"Oct",2025-10-01,21,"Friday"
"2025/10/26","18:15:22.45","eq","l",3.07,"l",35.354,-117.79383,4.8,"A",41320520,120,3715,2025-10-26 18:15:22.45,247070,2025-10-26 11:15:22.45,2025,"Oct",2025-10-01,11,"Sunday"
"2025/11/11","23:29:06.37","eq","l",2.5,"l",35.74417,-117.55983,7.3,"A",40483962,86,3381,2025-11-11 23:29:06.37,247643,2025-11-11 15:29:06.37,2025,"Nov",2025-11-01,15,"Tuesday"
"2025/11/21","00:03:27.81","eq","l",2.77,"l",35.353,-117.7935,7,"A",41125207,82,3577,2025-11-21 00:03:27.81,247988,2025-11-20 16:03:27.81,2025,"Nov",2025-11-01,16,"Thursday"
"2025/11/23","09:46:44.33","eq","l",2.52,"l",35.35667,-117.80817,7.2,"A",41125863,89,3388,2025-11-23 09:46:44.33,248049,2025-11-23 01:46:44.33,2025,"Nov",2025-11-01,1,"Sunday"
"2025/11/28","13:44:12.08","eq","l",2.55,"l",35.35867,-117.79067,6.2,"A",41128759,117,3560,2025-11-28 13:44:12.08,248290,2025-11-28 05:44:12.08,2025,"Nov",2025-11-01,5,"Friday"
"2025/12/17","10:01:15.58","eq","l",3.07,"l",35.90033,-117.67683,2,"A",41353384,76,3590,2025-12-17 10:01:15.58,249186,2025-12-17 02:01:15.58,2025,"Dec",2025-12-01,2,"Wednesday"
