"truth_kernel","fitted_kernel","rep","catalogue_seed","fit_seed","n_fit","runtime_minutes","fit_status","converged","hit_max","inla_failure","nan_inf_logl","vb_aborted","n_iter","min_sd","degenerate","status","error","file"
"ou","ou",1,1001,1000001,3498,3.36779453357061,"converged",TRUE,FALSE,FALSE,FALSE,FALSE,30,0.00637137177247007,FALSE,"fitted",NA,"rep_0001_fit_ou.rds"
"ou","mse",1,1001,1000002,3498,6.01394044955572,"converged",TRUE,FALSE,FALSE,FALSE,FALSE,39,0.00638090900775799,FALSE,"fitted",NA,"rep_0001_fit_mse.rds"
"ou","rate_state",1,1001,1000003,3498,5.87721431652705,"converged",TRUE,FALSE,FALSE,FALSE,FALSE,43,0.00646812993960523,FALSE,"fitted",NA,"rep_0001_fit_rate_state.rds"
"ou","ou",2,1002,1000004,1812,1.2673841158549,"converged",TRUE,FALSE,FALSE,FALSE,FALSE,20,0.00844866143128348,FALSE,"fitted",NA,"rep_0002_fit_ou.rds"
"ou","mse",2,1002,1000005,1812,2.23413724899292,"converged",TRUE,FALSE,FALSE,FALSE,FALSE,32,0.00846465661232254,FALSE,"fitted",NA,"rep_0002_fit_mse.rds"
"ou","rate_state",2,1002,1000006,1812,1.23733103672663,"converged",TRUE,FALSE,FALSE,FALSE,FALSE,19,0.00856657458548542,FALSE,"fitted",NA,"rep_0002_fit_rate_state.rds"
"ou","ou",3,1003,1000007,2900,2.50781853596369,"converged",TRUE,FALSE,FALSE,FALSE,FALSE,28,0.00689163337056892,FALSE,"fitted",NA,"rep_0003_fit_ou.rds"
"ou","mse",3,1003,1000008,2900,5.75160230000814,"converged",TRUE,FALSE,FALSE,FALSE,FALSE,52,0.00690524331803548,FALSE,"fitted",NA,"rep_0003_fit_mse.rds"
"ou","rate_state",3,1003,1000009,2900,4.57961028416952,"converged",TRUE,FALSE,FALSE,FALSE,FALSE,50,0.00709451227605161,FALSE,"fitted",NA,"rep_0003_fit_rate_state.rds"
"ou","ou",4,1004,1000010,6181,10.7150695840518,"converged",TRUE,FALSE,FALSE,FALSE,FALSE,40,0.00469329802477708,FALSE,"fitted",NA,"rep_0004_fit_ou.rds"
"ou","mse",4,1004,1000011,6181,24.5580408175786,"inla_failure",FALSE,FALSE,TRUE,FALSE,FALSE,29,0.00593357401132265,FALSE,"fitted",NA,"rep_0004_fit_mse.rds"
"ou","rate_state",4,1004,1000012,6181,18.3404782811801,"converged",TRUE,FALSE,FALSE,FALSE,FALSE,55,0.00478180991015103,FALSE,"fitted",NA,"rep_0004_fit_rate_state.rds"
"ou","ou",5,1005,1000013,1853,1.36426566839218,"converged",TRUE,FALSE,FALSE,FALSE,FALSE,23,0.00813800607435915,FALSE,"fitted",NA,"rep_0005_fit_ou.rds"
"ou","mse",5,1005,1000014,1853,2.6304359515508,"converged",TRUE,FALSE,FALSE,FALSE,FALSE,37,0.00815292268495043,FALSE,"fitted",NA,"rep_0005_fit_mse.rds"
"ou","rate_state",5,1005,1000015,1853,2.71769335269928,"converged",TRUE,FALSE,FALSE,FALSE,FALSE,42,0.00828177032402296,FALSE,"fitted",NA,"rep_0005_fit_rate_state.rds"
"ou","ou",6,1006,1000016,2440,2.19926565090815,"converged",TRUE,FALSE,FALSE,FALSE,FALSE,28,0.00735963594120322,FALSE,"fitted",NA,"rep_0006_fit_ou.rds"
"ou","mse",6,1006,1000017,2440,4.03962996403376,"converged",TRUE,FALSE,FALSE,FALSE,FALSE,42,0.00737960703208581,FALSE,"fitted",NA,"rep_0006_fit_mse.rds"
"ou","rate_state",6,1006,1000018,2440,2.15129045248032,"converged",TRUE,FALSE,FALSE,FALSE,FALSE,25,0.00757111046746028,FALSE,"fitted",NA,"rep_0006_fit_rate_state.rds"
"ou","ou",7,1007,1000019,5368,8.67872643470764,"converged",TRUE,FALSE,FALSE,FALSE,FALSE,36,0.00491784568326464,FALSE,"fitted",NA,"rep_0007_fit_ou.rds"
"ou","mse",7,1007,1000020,5368,12.8599808533986,"converged",TRUE,FALSE,FALSE,FALSE,FALSE,40,0.00492541971475836,FALSE,"fitted",NA,"rep_0007_fit_mse.rds"
"ou","rate_state",7,1007,1000021,5368,21.9580810348193,"converged",TRUE,FALSE,FALSE,FALSE,FALSE,80,0.00494336553178433,FALSE,"fitted",NA,"rep_0007_fit_rate_state.rds"
"ou","ou",8,1008,1000022,3258,3.33497465054194,"converged",TRUE,FALSE,FALSE,FALSE,FALSE,29,0.00657453480763006,FALSE,"fitted",NA,"rep_0008_fit_ou.rds"
"ou","mse",8,1008,1000023,3258,6.3178605000178,"converged",TRUE,FALSE,FALSE,FALSE,FALSE,41,0.00660746720403759,FALSE,"fitted",NA,"rep_0008_fit_mse.rds"
"ou","rate_state",8,1008,1000024,3258,4.23886611461639,"converged",TRUE,FALSE,FALSE,FALSE,FALSE,33,0.00672591941323205,FALSE,"fitted",NA,"rep_0008_fit_rate_state.rds"
"ou","ou",9,1009,1000025,1842,1.5415412346522,"converged",TRUE,FALSE,FALSE,FALSE,FALSE,24,0.00816773060689669,FALSE,"fitted",NA,"rep_0009_fit_ou.rds"
"ou","mse",9,1009,1000026,1842,2.84564764897029,"converged",TRUE,FALSE,FALSE,FALSE,FALSE,40,0.00819761435231636,FALSE,"fitted",NA,"rep_0009_fit_mse.rds"
"ou","rate_state",9,1009,1000027,1842,1.5147679011027,"converged",TRUE,FALSE,FALSE,FALSE,FALSE,22,0.00837441713801756,FALSE,"fitted",NA,"rep_0009_fit_rate_state.rds"
"ou","ou",10,1010,1000028,2004,1.66797906557719,"converged",TRUE,FALSE,FALSE,FALSE,FALSE,23,0.00807152747328093,FALSE,"fitted",NA,"rep_0010_fit_ou.rds"
"ou","mse",10,1010,1000029,2004,3.51573066711426,"converged",TRUE,FALSE,FALSE,FALSE,FALSE,39,0.00808817053763733,FALSE,"fitted",NA,"rep_0010_fit_mse.rds"
"ou","rate_state",10,1010,1000030,2004,1.765298585097,"converged",TRUE,FALSE,FALSE,FALSE,FALSE,22,0.00822568107038757,FALSE,"fitted",NA,"rep_0010_fit_rate_state.rds"
"ou","ou",11,1011,1000031,2290,2.0766161998113,"converged",TRUE,FALSE,FALSE,FALSE,FALSE,24,0.00767068383718805,FALSE,"fitted",NA,"rep_0011_fit_ou.rds"
"ou","mse",11,1011,1000032,2290,3.39140873352687,"converged",TRUE,FALSE,FALSE,FALSE,FALSE,32,0.007676579001653,FALSE,"fitted",NA,"rep_0011_fit_mse.rds"
"ou","rate_state",11,1011,1000033,2290,4.17303438186646,"converged",TRUE,FALSE,FALSE,FALSE,FALSE,44,0.00777139786911741,FALSE,"fitted",NA,"rep_0011_fit_rate_state.rds"
"ou","ou",12,1012,1000034,1793,1.26680326461792,"converged",TRUE,FALSE,FALSE,FALSE,FALSE,20,0.00839989648911425,FALSE,"fitted",NA,"rep_0012_fit_ou.rds"
"ou","mse",12,1012,1000035,1793,3.09811236858368,"converged",TRUE,FALSE,FALSE,FALSE,FALSE,42,0.00841572164217764,FALSE,"fitted",NA,"rep_0012_fit_mse.rds"
"ou","rate_state",12,1012,1000036,1793,1.15765606562297,"converged",TRUE,FALSE,FALSE,FALSE,FALSE,18,0.00863153935235195,FALSE,"fitted",NA,"rep_0012_fit_rate_state.rds"
"ou","ou",13,1013,1000037,5726,9.0166699330012,"converged",TRUE,FALSE,FALSE,FALSE,FALSE,38,0.00477562017818579,FALSE,"fitted",NA,"rep_0013_fit_ou.rds"
"ou","mse",13,1013,1000038,5726,15.5635457992554,"converged",TRUE,FALSE,FALSE,FALSE,FALSE,47,0.00477936716165081,FALSE,"fitted",NA,"rep_0013_fit_mse.rds"
"ou","rate_state",13,1013,1000039,5726,22.0195231318474,"converged",TRUE,FALSE,FALSE,FALSE,FALSE,75,0.00482877665877354,FALSE,"fitted",NA,"rep_0013_fit_rate_state.rds"
"ou","ou",14,1014,1000040,6378,10.0647991855939,"converged",TRUE,FALSE,FALSE,FALSE,FALSE,37,0.00461889132305348,FALSE,"fitted",NA,"rep_0014_fit_ou.rds"
"ou","mse",14,1014,1000041,6378,12.9110651016235,"converged",TRUE,FALSE,FALSE,FALSE,FALSE,38,0.00462027967799397,FALSE,"fitted",NA,"rep_0014_fit_mse.rds"
"ou","rate_state",14,1014,1000042,6378,19.6309824506442,"converged",TRUE,FALSE,FALSE,FALSE,FALSE,62,0.00461259617351968,FALSE,"fitted",NA,"rep_0014_fit_rate_state.rds"
"ou","ou",15,1015,1000043,2939,2.82450269858042,"converged",TRUE,FALSE,FALSE,FALSE,FALSE,25,0.00710817844696842,FALSE,"fitted",NA,"rep_0015_fit_ou.rds"
"ou","mse",15,1015,1000044,2939,4.93555235068003,"converged",TRUE,FALSE,FALSE,FALSE,FALSE,39,0.0071149759801497,FALSE,"fitted",NA,"rep_0015_fit_mse.rds"
"ou","rate_state",15,1015,1000045,2939,6.14232794841131,"converged",TRUE,FALSE,FALSE,FALSE,FALSE,54,0.00717910035382526,FALSE,"fitted",NA,"rep_0015_fit_rate_state.rds"
"ou","ou",16,1016,1000046,2553,2.51407654682795,"converged",TRUE,FALSE,FALSE,FALSE,FALSE,28,0.00718213112413464,FALSE,"fitted",NA,"rep_0016_fit_ou.rds"
"ou","mse",16,1016,1000047,2553,3.90998841524124,"converged",TRUE,FALSE,FALSE,FALSE,FALSE,34,0.00719325033237757,FALSE,"fitted",NA,"rep_0016_fit_mse.rds"
"ou","rate_state",16,1016,1000048,2553,6.27278784910838,"converged",TRUE,FALSE,FALSE,FALSE,FALSE,60,0.00731386090197743,FALSE,"fitted",NA,"rep_0016_fit_rate_state.rds"
"ou","ou",17,1017,1000049,1898,1.3622052192688,"converged",TRUE,FALSE,FALSE,FALSE,FALSE,20,0.00824425217510121,FALSE,"fitted",NA,"rep_0017_fit_ou.rds"
"ou","mse",17,1017,1000050,1898,2.54925160010656,"converged",TRUE,FALSE,FALSE,FALSE,FALSE,33,0.00825297896212094,FALSE,"fitted",NA,"rep_0017_fit_mse.rds"
"ou","rate_state",17,1017,1000051,1898,1.82163112958272,"converged",TRUE,FALSE,FALSE,FALSE,FALSE,27,0.00836600451999876,FALSE,"fitted",NA,"rep_0017_fit_rate_state.rds"
"ou","ou",18,1018,1000052,3254,3.43053474823634,"converged",TRUE,FALSE,FALSE,FALSE,FALSE,29,0.00639956493382447,FALSE,"fitted",NA,"rep_0018_fit_ou.rds"
"ou","mse",18,1018,1000053,3254,17.8623267650604,"converged",TRUE,FALSE,FALSE,FALSE,FALSE,79,0.00640728692504815,FALSE,"fitted",NA,"rep_0018_fit_mse.rds"
"ou","rate_state",18,1018,1000054,3254,5.98968371550242,"converged",TRUE,FALSE,FALSE,FALSE,FALSE,47,0.00654783651031376,FALSE,"fitted",NA,"rep_0018_fit_rate_state.rds"
"ou","ou",19,1019,1000055,4100,4.25335193475088,"converged",TRUE,FALSE,FALSE,FALSE,FALSE,32,0.00590601174434287,FALSE,"fitted",NA,"rep_0019_fit_ou.rds"
"ou","mse",19,1019,1000056,4100,7.00310026804606,"converged",TRUE,FALSE,FALSE,FALSE,FALSE,34,0.00591481120353637,FALSE,"fitted",NA,"rep_0019_fit_mse.rds"
"ou","rate_state",19,1019,1000057,4100,10.9035010019938,"converged",TRUE,FALSE,FALSE,FALSE,FALSE,62,0.00599870978703888,FALSE,"fitted",NA,"rep_0019_fit_rate_state.rds"
"ou","ou",20,1020,1000058,2416,1.67059001525243,"converged",TRUE,FALSE,FALSE,FALSE,FALSE,22,0.00764264997610796,FALSE,"fitted",NA,"rep_0020_fit_ou.rds"
"ou","mse",20,1020,1000059,2416,3.01850059827169,"converged",TRUE,FALSE,FALSE,FALSE,FALSE,33,0.00766415537395227,FALSE,"fitted",NA,"rep_0020_fit_mse.rds"
"ou","rate_state",20,1020,1000060,2416,1.54337063233058,"converged",TRUE,FALSE,FALSE,FALSE,FALSE,19,0.0077677497590011,FALSE,"fitted",NA,"rep_0020_fit_rate_state.rds"
"ou","ou",21,1021,1000061,2765,2.18556338151296,"converged",TRUE,FALSE,FALSE,FALSE,FALSE,25,0.00731015456917028,FALSE,"fitted",NA,"rep_0021_fit_ou.rds"
"ou","mse",21,1021,1000062,2765,4.70259703397751,"converged",TRUE,FALSE,FALSE,FALSE,FALSE,39,0.00731648590749953,FALSE,"fitted",NA,"rep_0021_fit_mse.rds"
"ou","rate_state",21,1021,1000063,2765,2.39347438414892,"converged",TRUE,FALSE,FALSE,FALSE,FALSE,22,0.00742421569321264,FALSE,"fitted",NA,"rep_0021_fit_rate_state.rds"
"ou","ou",22,1022,1000064,2322,1.90582120021184,"converged",TRUE,FALSE,FALSE,FALSE,FALSE,27,0.0071738960137311,FALSE,"fitted",NA,"rep_0022_fit_ou.rds"
"ou","mse",22,1022,1000065,2322,3.63772881825765,"converged",TRUE,FALSE,FALSE,FALSE,FALSE,41,0.0072173308806012,FALSE,"fitted",NA,"rep_0022_fit_mse.rds"
"ou","rate_state",22,1022,1000066,2322,1.87629985014598,"converged",TRUE,FALSE,FALSE,FALSE,FALSE,24,0.00735491530568561,FALSE,"fitted",NA,"rep_0022_fit_rate_state.rds"
"ou","ou",23,1023,1000067,1866,1.5468572974205,"converged",TRUE,FALSE,FALSE,FALSE,FALSE,24,0.00824319003251661,FALSE,"fitted",NA,"rep_0023_fit_ou.rds"
"ou","mse",23,1023,1000068,1866,2.75613723595937,"converged",TRUE,FALSE,FALSE,FALSE,FALSE,36,0.00826727327476489,FALSE,"fitted",NA,"rep_0023_fit_mse.rds"
"ou","rate_state",23,1023,1000069,1866,1.56370105346044,"converged",TRUE,FALSE,FALSE,FALSE,FALSE,21,0.00842582044177601,FALSE,"fitted",NA,"rep_0023_fit_rate_state.rds"
"ou","ou",24,1024,1000070,2554,2.46539066632589,"converged",TRUE,FALSE,FALSE,FALSE,FALSE,28,0.00721247801265166,FALSE,"fitted",NA,"rep_0024_fit_ou.rds"
"ou","mse",24,1024,1000071,2554,5.18329858382543,"converged",TRUE,FALSE,FALSE,FALSE,FALSE,54,0.00724069032093705,FALSE,"fitted",NA,"rep_0024_fit_mse.rds"
"ou","rate_state",24,1024,1000072,2554,3.61750963131587,"converged",TRUE,FALSE,FALSE,FALSE,FALSE,43,0.00740642189096107,FALSE,"fitted",NA,"rep_0024_fit_rate_state.rds"
"ou","ou",25,1025,1000073,2939,2.84063291947047,"converged",TRUE,FALSE,FALSE,FALSE,FALSE,32,0.0063225188420801,FALSE,"fitted",NA,"rep_0025_fit_ou.rds"
"ou","mse",25,1025,1000074,2939,4.06624671618144,"converged",TRUE,FALSE,FALSE,FALSE,FALSE,35,0.0063364447074788,FALSE,"fitted",NA,"rep_0025_fit_mse.rds"
"ou","rate_state",25,1025,1000075,2939,6.28365079959234,"converged",TRUE,FALSE,FALSE,FALSE,FALSE,61,0.00642177288699733,FALSE,"fitted",NA,"rep_0025_fit_rate_state.rds"
"ou","ou",26,1026,1000076,2372,1.76604098478953,"converged",TRUE,FALSE,FALSE,FALSE,FALSE,21,0.00757485742060461,FALSE,"fitted",NA,"rep_0026_fit_ou.rds"
"ou","mse",26,1026,1000077,2372,3.1122123003006,"converged",TRUE,FALSE,FALSE,FALSE,FALSE,33,0.00757703142966236,FALSE,"fitted",NA,"rep_0026_fit_mse.rds"
"ou","rate_state",26,1026,1000078,2372,1.66077916622162,"converged",TRUE,FALSE,FALSE,FALSE,FALSE,19,0.00767280581643442,FALSE,"fitted",NA,"rep_0026_fit_rate_state.rds"
"ou","ou",27,1027,1000079,2029,1.53996695280075,"converged",TRUE,FALSE,FALSE,FALSE,FALSE,23,0.00809829051795172,FALSE,"fitted",NA,"rep_0027_fit_ou.rds"
"ou","mse",27,1027,1000080,2029,3.34561940034231,"converged",TRUE,FALSE,FALSE,FALSE,FALSE,41,0.00811994787297892,FALSE,"fitted",NA,"rep_0027_fit_mse.rds"
"ou","rate_state",27,1027,1000081,2029,1.43621840079625,"converged",TRUE,FALSE,FALSE,FALSE,FALSE,20,0.0082771057073198,FALSE,"fitted",NA,"rep_0027_fit_rate_state.rds"
"ou","ou",28,1028,1000082,1836,1.23736143509547,"converged",TRUE,FALSE,FALSE,FALSE,FALSE,20,0.00849846648589224,FALSE,"fitted",NA,"rep_0028_fit_ou.rds"
"ou","mse",28,1028,1000083,1836,2.83126018444697,"converged",TRUE,FALSE,FALSE,FALSE,FALSE,40,0.00855258281760888,FALSE,"fitted",NA,"rep_0028_fit_mse.rds"
"ou","rate_state",28,1028,1000084,1836,1.04883471727371,"converged",TRUE,FALSE,FALSE,FALSE,FALSE,17,0.00866600815191289,FALSE,"fitted",NA,"rep_0028_fit_rate_state.rds"
"ou","ou",29,1029,1000085,2213,1.55490968227386,"converged",TRUE,FALSE,FALSE,FALSE,FALSE,22,0.00753547223038661,FALSE,"fitted",NA,"rep_0029_fit_ou.rds"
"ou","mse",29,1029,1000086,2213,2.85493011871974,"converged",TRUE,FALSE,FALSE,FALSE,FALSE,36,0.00754983700781854,FALSE,"fitted",NA,"rep_0029_fit_mse.rds"
"ou","rate_state",29,1029,1000087,2213,1.30425528287888,"converged",TRUE,FALSE,FALSE,FALSE,FALSE,19,0.00771269085583956,FALSE,"fitted",NA,"rep_0029_fit_rate_state.rds"
"ou","ou",30,1030,1000088,3920,4.83371324936549,"converged",TRUE,FALSE,FALSE,FALSE,FALSE,34,0.00585538378996776,FALSE,"fitted",NA,"rep_0030_fit_ou.rds"
"ou","mse",30,1030,1000089,3920,7.38341398239136,"converged",TRUE,FALSE,FALSE,FALSE,FALSE,42,0.00586776811137632,FALSE,"fitted",NA,"rep_0030_fit_mse.rds"
"ou","rate_state",30,1030,1000090,3920,8.11232932011287,"converged",TRUE,FALSE,FALSE,FALSE,FALSE,58,0.00603976240196486,FALSE,"fitted",NA,"rep_0030_fit_rate_state.rds"
"ou","ou",31,1031,1000091,3024,2.99161719878515,"converged",TRUE,FALSE,FALSE,FALSE,FALSE,29,0.00652323286049245,FALSE,"fitted",NA,"rep_0031_fit_ou.rds"
"ou","mse",31,1031,1000092,3024,4.2302768667539,"converged",TRUE,FALSE,FALSE,FALSE,FALSE,34,0.00653047406389792,FALSE,"fitted",NA,"rep_0031_fit_mse.rds"
"ou","rate_state",31,1031,1000093,3024,2.97530369758606,"converged",TRUE,FALSE,FALSE,FALSE,FALSE,27,0.00659360460410159,FALSE,"fitted",NA,"rep_0031_fit_rate_state.rds"
"ou","ou",32,1032,1000094,3472,3.86135091781616,"converged",TRUE,FALSE,FALSE,FALSE,FALSE,30,0.0057918056849512,FALSE,"fitted",NA,"rep_0032_fit_ou.rds"
"ou","mse",32,1032,1000095,3472,5.26991836627324,"converged",TRUE,FALSE,FALSE,FALSE,FALSE,33,0.00579970785123931,FALSE,"fitted",NA,"rep_0032_fit_mse.rds"
"ou","rate_state",32,1032,1000096,3472,5.18806869983673,"converged",TRUE,FALSE,FALSE,FALSE,FALSE,35,0.00588130061033198,FALSE,"fitted",NA,"rep_0032_fit_rate_state.rds"
"ou","ou",33,1033,1000097,6966,13.2097572008769,"converged",TRUE,FALSE,FALSE,FALSE,FALSE,42,0.00439774000428066,FALSE,"fitted",NA,"rep_0033_fit_ou.rds"
"ou","mse",33,1033,1000098,6966,19.6338998834292,"converged",TRUE,FALSE,FALSE,FALSE,FALSE,45,0.00439865606748349,FALSE,"fitted",NA,"rep_0033_fit_mse.rds"
"ou","rate_state",33,1033,1000099,6966,24.357531718413,"converged",TRUE,FALSE,FALSE,FALSE,FALSE,61,0.00442880312394795,FALSE,"fitted",NA,"rep_0033_fit_rate_state.rds"
"ou","ou",34,1034,1000100,2708,2.06906948486964,"converged",TRUE,FALSE,FALSE,FALSE,FALSE,23,0.00726465117487765,FALSE,"fitted",NA,"rep_0034_fit_ou.rds"
"ou","mse",34,1034,1000101,2708,4.26077968279521,"converged",TRUE,FALSE,FALSE,FALSE,FALSE,38,0.00727478296189802,FALSE,"fitted",NA,"rep_0034_fit_mse.rds"
"ou","rate_state",34,1034,1000102,2708,2.80813253323237,"converged",TRUE,FALSE,FALSE,FALSE,FALSE,31,0.00740980882342457,FALSE,"fitted",NA,"rep_0034_fit_rate_state.rds"
"ou","ou",35,1035,1000103,3627,3.91434714794159,"converged",TRUE,FALSE,FALSE,FALSE,FALSE,32,0.00606554521981765,FALSE,"fitted",NA,"rep_0035_fit_ou.rds"
"ou","mse",35,1035,1000104,3627,5.45969766378403,"converged",TRUE,FALSE,FALSE,FALSE,FALSE,34,0.00607103232546396,FALSE,"fitted",NA,"rep_0035_fit_mse.rds"
"ou","rate_state",35,1035,1000105,3627,4.11062653462092,"converged",TRUE,FALSE,FALSE,FALSE,FALSE,30,0.00611377999368715,FALSE,"fitted",NA,"rep_0035_fit_rate_state.rds"
"ou","ou",36,1036,1000106,1841,1.46146879990896,"converged",TRUE,FALSE,FALSE,FALSE,FALSE,22,0.00805862472332837,FALSE,"fitted",NA,"rep_0036_fit_ou.rds"
"ou","mse",36,1036,1000107,1841,2.49421113332113,"converged",TRUE,FALSE,FALSE,FALSE,FALSE,33,0.00811437657804132,FALSE,"fitted",NA,"rep_0036_fit_mse.rds"
"ou","rate_state",36,1036,1000108,1841,2.26339866320292,"converged",TRUE,FALSE,FALSE,FALSE,FALSE,35,0.00825449114653772,FALSE,"fitted",NA,"rep_0036_fit_rate_state.rds"
"ou","ou",37,1037,1000109,2267,2.23270849784215,"converged",TRUE,FALSE,FALSE,FALSE,FALSE,27,0.00808140802611829,FALSE,"fitted",NA,"rep_0037_fit_ou.rds"
"ou","mse",37,1037,1000110,2267,4.06700786749522,"converged",TRUE,FALSE,FALSE,FALSE,FALSE,45,0.00814179378524818,FALSE,"fitted",NA,"rep_0037_fit_mse.rds"
"ou","rate_state",37,1037,1000111,2267,2.78915526469549,"converged",TRUE,FALSE,FALSE,FALSE,FALSE,36,0.00820614934044362,FALSE,"fitted",NA,"rep_0037_fit_rate_state.rds"
"ou","ou",38,1038,1000112,4903,6.2885525504748,"converged",TRUE,FALSE,FALSE,FALSE,FALSE,36,0.00516390869693195,FALSE,"fitted",NA,"rep_0038_fit_ou.rds"
"ou","mse",38,1038,1000113,4903,10.9038169821103,"converged",TRUE,FALSE,FALSE,FALSE,FALSE,42,0.00516920260126048,FALSE,"fitted",NA,"rep_0038_fit_mse.rds"
"ou","rate_state",38,1038,1000114,4903,7.38526241381963,"converged",TRUE,FALSE,FALSE,FALSE,FALSE,35,0.00518958387020034,FALSE,"fitted",NA,"rep_0038_fit_rate_state.rds"
"ou","ou",39,1039,1000115,1583,1.3424117008845,"converged",TRUE,FALSE,FALSE,FALSE,FALSE,23,0.00893051387881754,FALSE,"fitted",NA,"rep_0039_fit_ou.rds"
"ou","mse",39,1039,1000116,1583,2.35602088371913,"converged",TRUE,FALSE,FALSE,FALSE,FALSE,35,0.00894570603768287,FALSE,"fitted",NA,"rep_0039_fit_mse.rds"
"ou","rate_state",39,1039,1000117,1583,1.02844769954681,"converged",TRUE,FALSE,FALSE,FALSE,FALSE,17,0.00904259984000868,FALSE,"fitted",NA,"rep_0039_fit_rate_state.rds"
"ou","ou",40,1040,1000118,2010,1.50426728328069,"converged",TRUE,FALSE,FALSE,FALSE,FALSE,20,0.00835220276966072,FALSE,"fitted",NA,"rep_0040_fit_ou.rds"
"ou","mse",40,1040,1000119,2010,2.72741305033366,"converged",TRUE,FALSE,FALSE,FALSE,FALSE,32,0.00836784913917105,FALSE,"fitted",NA,"rep_0040_fit_mse.rds"
"ou","rate_state",40,1040,1000120,2010,2.33526886701584,"converged",TRUE,FALSE,FALSE,FALSE,FALSE,33,0.00842715225830086,FALSE,"fitted",NA,"rep_0040_fit_rate_state.rds"
"ou","ou",41,1041,1000121,5385,7.91143816312154,"converged",TRUE,FALSE,FALSE,FALSE,FALSE,39,0.00470121197458016,FALSE,"fitted",NA,"rep_0041_fit_ou.rds"
"ou","mse",41,1041,1000122,5385,52.2870376865069,"hit_max",FALSE,TRUE,FALSE,FALSE,FALSE,100,0.00472212753597807,FALSE,"fitted",NA,"rep_0041_fit_mse.rds"
"ou","rate_state",41,1041,1000123,5385,11.9016385475794,"converged",TRUE,FALSE,FALSE,FALSE,FALSE,48,0.00475522116709083,FALSE,"fitted",NA,"rep_0041_fit_rate_state.rds"
"ou","ou",42,1042,1000124,2242,1.56540836493174,"converged",TRUE,FALSE,FALSE,FALSE,FALSE,22,0.00774493207700387,FALSE,"fitted",NA,"rep_0042_fit_ou.rds"
"ou","mse",42,1042,1000125,2242,2.91918498277664,"converged",TRUE,FALSE,FALSE,FALSE,FALSE,34,0.0077501428751999,FALSE,"fitted",NA,"rep_0042_fit_mse.rds"
"ou","rate_state",42,1042,1000126,2242,1.4521907488505,"converged",TRUE,FALSE,FALSE,FALSE,FALSE,19,0.00786154182937031,FALSE,"fitted",NA,"rep_0042_fit_rate_state.rds"
"ou","ou",43,1043,1000127,2103,1.75672510067622,"converged",TRUE,FALSE,FALSE,FALSE,FALSE,23,0.00808458678191376,FALSE,"fitted",NA,"rep_0043_fit_ou.rds"
"ou","mse",43,1043,1000128,2103,3.34490034977595,"converged",TRUE,FALSE,FALSE,FALSE,FALSE,36,0.00809451115663362,FALSE,"fitted",NA,"rep_0043_fit_mse.rds"
"ou","rate_state",43,1043,1000129,2103,1.59365203380585,"converged",TRUE,FALSE,FALSE,FALSE,FALSE,20,0.00823189205481768,FALSE,"fitted",NA,"rep_0043_fit_rate_state.rds"
"ou","ou",44,1044,1000130,3384,3.23922486702601,"converged",TRUE,FALSE,FALSE,FALSE,FALSE,29,0.00638207088435427,FALSE,"fitted",NA,"rep_0044_fit_ou.rds"
"ou","mse",44,1044,1000131,3384,29.8217901031176,"hit_max",FALSE,TRUE,FALSE,FALSE,FALSE,100,0.00771701357412802,FALSE,"fitted",NA,"rep_0044_fit_mse.rds"
"ou","rate_state",44,1044,1000132,3384,4.45095441738764,"converged",TRUE,FALSE,FALSE,FALSE,FALSE,38,0.00643510774835007,FALSE,"fitted",NA,"rep_0044_fit_rate_state.rds"
"ou","ou",45,1045,1000133,4320,4.55510403315226,"converged",TRUE,FALSE,FALSE,FALSE,FALSE,31,0.0055851994954535,FALSE,"fitted",NA,"rep_0045_fit_ou.rds"
"ou","mse",45,1045,1000134,4320,6.96575571695964,"converged",TRUE,FALSE,FALSE,FALSE,FALSE,33,0.0055899543760566,FALSE,"fitted",NA,"rep_0045_fit_mse.rds"
"ou","rate_state",45,1045,1000135,4320,14.0035756826401,"converged",TRUE,FALSE,FALSE,FALSE,FALSE,79,0.00560184726939392,FALSE,"fitted",NA,"rep_0045_fit_rate_state.rds"
"ou","ou",46,1046,1000136,2603,2.16609633366267,"converged",TRUE,FALSE,FALSE,FALSE,FALSE,27,0.00702211519559739,FALSE,"fitted",NA,"rep_0046_fit_ou.rds"
"ou","mse",46,1046,1000137,2603,3.62421325047811,"converged",TRUE,FALSE,FALSE,FALSE,FALSE,35,0.00703928749075807,FALSE,"fitted",NA,"rep_0046_fit_mse.rds"
"ou","rate_state",46,1046,1000138,2603,2.94445711771647,"converged",TRUE,FALSE,FALSE,FALSE,FALSE,32,0.00710995082389124,FALSE,"fitted",NA,"rep_0046_fit_rate_state.rds"
"ou","ou",47,1047,1000139,2622,2.33481818437576,"converged",TRUE,FALSE,FALSE,FALSE,FALSE,25,0.00731206508379087,FALSE,"fitted",NA,"rep_0047_fit_ou.rds"
"ou","mse",47,1047,1000140,2622,4.23468168179194,"converged",TRUE,FALSE,FALSE,FALSE,FALSE,40,0.00732448299448335,FALSE,"fitted",NA,"rep_0047_fit_mse.rds"
"ou","rate_state",47,1047,1000141,2622,1.925157614549,"converged",TRUE,FALSE,FALSE,FALSE,FALSE,20,0.00747370311674602,FALSE,"fitted",NA,"rep_0047_fit_rate_state.rds"
"ou","ou",48,1048,1000142,1619,1.18184401988983,"converged",TRUE,FALSE,FALSE,FALSE,FALSE,21,0.00871125474092227,FALSE,"fitted",NA,"rep_0048_fit_ou.rds"
"ou","mse",48,1048,1000143,1619,2.06716726620992,"converged",TRUE,FALSE,FALSE,FALSE,FALSE,33,0.00878069514519163,FALSE,"fitted",NA,"rep_0048_fit_mse.rds"
"ou","rate_state",48,1048,1000144,1619,1.12040044864019,"converged",TRUE,FALSE,FALSE,FALSE,FALSE,19,0.00893048806000303,FALSE,"fitted",NA,"rep_0048_fit_rate_state.rds"
"ou","ou",49,1049,1000145,3686,4.25361858208974,"converged",TRUE,FALSE,FALSE,FALSE,FALSE,36,0.00565585864886928,FALSE,"fitted",NA,"rep_0049_fit_ou.rds"
"ou","mse",49,1049,1000146,3686,6.77606346607208,"converged",TRUE,FALSE,FALSE,FALSE,FALSE,44,0.00566180614469914,FALSE,"fitted",NA,"rep_0049_fit_mse.rds"
"ou","rate_state",49,1049,1000147,3686,9.40781113306681,"converged",TRUE,FALSE,FALSE,FALSE,FALSE,64,0.00571489529572572,FALSE,"fitted",NA,"rep_0049_fit_rate_state.rds"
"ou","ou",50,1050,1000148,2539,1.90369526545207,"converged",TRUE,FALSE,FALSE,FALSE,FALSE,24,0.00717979563554199,FALSE,"fitted",NA,"rep_0050_fit_ou.rds"
"ou","mse",50,1050,1000149,2539,4.36165424982707,"converged",TRUE,FALSE,FALSE,FALSE,FALSE,44,0.00720677741025168,FALSE,"fitted",NA,"rep_0050_fit_mse.rds"
"ou","rate_state",50,1050,1000150,2539,1.83608546654383,"converged",TRUE,FALSE,FALSE,FALSE,FALSE,21,0.00728445894861713,FALSE,"fitted",NA,"rep_0050_fit_rate_state.rds"
"ou","ou",51,1051,1000151,2213,1.62219871679942,"converged",TRUE,FALSE,FALSE,FALSE,FALSE,23,0.00755874549791294,FALSE,"fitted",NA,"rep_0051_fit_ou.rds"
"ou","mse",51,1051,1000152,2213,3.00577053626378,"converged",TRUE,FALSE,FALSE,FALSE,FALSE,35,0.00757471163286925,FALSE,"fitted",NA,"rep_0051_fit_mse.rds"
"ou","rate_state",51,1051,1000153,2213,1.62754988272985,"converged",TRUE,FALSE,FALSE,FALSE,FALSE,21,0.00768684915224466,FALSE,"fitted",NA,"rep_0051_fit_rate_state.rds"
"ou","ou",52,1052,1000154,2008,1.43244643608729,"converged",TRUE,FALSE,FALSE,FALSE,FALSE,21,0.00823709714089418,FALSE,"fitted",NA,"rep_0052_fit_ou.rds"
"ou","mse",52,1052,1000155,2008,3.7907838344574,"converged",TRUE,FALSE,FALSE,FALSE,FALSE,49,0.00827814893079657,FALSE,"fitted",NA,"rep_0052_fit_mse.rds"
"ou","rate_state",52,1052,1000156,2008,2.87801106770833,"converged",TRUE,FALSE,FALSE,FALSE,FALSE,44,0.00849979896326101,FALSE,"fitted",NA,"rep_0052_fit_rate_state.rds"
"ou","ou",53,1053,1000157,1612,1.14440035025279,"converged",TRUE,FALSE,FALSE,FALSE,FALSE,21,0.00869460477916123,FALSE,"fitted",NA,"rep_0053_fit_ou.rds"
"ou","mse",53,1053,1000158,1612,2.20932301680247,"converged",TRUE,FALSE,FALSE,FALSE,FALSE,35,0.00871477173296044,FALSE,"fitted",NA,"rep_0053_fit_mse.rds"
"ou","rate_state",53,1053,1000159,1612,1.01858481566111,"converged",TRUE,FALSE,FALSE,FALSE,FALSE,18,0.00890468289624612,FALSE,"fitted",NA,"rep_0053_fit_rate_state.rds"
"ou","ou",54,1054,1000160,3225,3.227181883653,"converged",TRUE,FALSE,FALSE,FALSE,FALSE,30,0.00642316787977978,FALSE,"fitted",NA,"rep_0054_fit_ou.rds"
"ou","mse",54,1054,1000161,3225,6.9624419649442,"converged",TRUE,FALSE,FALSE,FALSE,FALSE,51,0.00643668454945526,FALSE,"fitted",NA,"rep_0054_fit_mse.rds"
"ou","rate_state",54,1054,1000162,3225,5.84652213255564,"converged",TRUE,FALSE,FALSE,FALSE,FALSE,49,0.00652600310234375,FALSE,"fitted",NA,"rep_0054_fit_rate_state.rds"
"ou","ou",55,1055,1000163,1733,1.18287350336711,"converged",TRUE,FALSE,FALSE,FALSE,FALSE,20,0.0086106777435768,FALSE,"fitted",NA,"rep_0055_fit_ou.rds"
"ou","mse",55,1055,1000164,1733,2.08461855252584,"converged",TRUE,FALSE,FALSE,FALSE,FALSE,33,0.00868877396153737,FALSE,"fitted",NA,"rep_0055_fit_mse.rds"
"ou","rate_state",55,1055,1000165,1733,1.1074286142985,"converged",TRUE,FALSE,FALSE,FALSE,FALSE,19,0.00881601218647,FALSE,"fitted",NA,"rep_0055_fit_rate_state.rds"
"ou","ou",56,1056,1000166,4483,5.38350771665573,"converged",TRUE,FALSE,FALSE,FALSE,FALSE,34,0.00552539783227947,FALSE,"fitted",NA,"rep_0056_fit_ou.rds"
"ou","mse",56,1056,1000167,4483,7.27596423625946,"converged",TRUE,FALSE,FALSE,FALSE,FALSE,34,0.00553054916381816,FALSE,"fitted",NA,"rep_0056_fit_mse.rds"
"ou","rate_state",56,1056,1000168,4483,10.3776543498039,"converged",TRUE,FALSE,FALSE,FALSE,FALSE,53,0.00559360990767448,FALSE,"fitted",NA,"rep_0056_fit_rate_state.rds"
"ou","ou",57,1057,1000169,2231,1.75381121635437,"converged",TRUE,FALSE,FALSE,FALSE,FALSE,24,0.00772238785811706,FALSE,"fitted",NA,"rep_0057_fit_ou.rds"
"ou","mse",57,1057,1000170,2231,3.07533021767934,"converged",TRUE,FALSE,FALSE,FALSE,FALSE,36,0.00774508811088782,FALSE,"fitted",NA,"rep_0057_fit_mse.rds"
"ou","rate_state",57,1057,1000171,2231,1.68322226603826,"converged",TRUE,FALSE,FALSE,FALSE,FALSE,21,0.0079140183941009,FALSE,"fitted",NA,"rep_0057_fit_rate_state.rds"
"ou","ou",58,1058,1000172,2349,1.86735415061315,"converged",TRUE,FALSE,FALSE,FALSE,FALSE,23,0.0075876751672142,FALSE,"fitted",NA,"rep_0058_fit_ou.rds"
"ou","mse",58,1058,1000173,2349,3.58931399981181,"converged",TRUE,FALSE,FALSE,FALSE,FALSE,38,0.00760094494455971,FALSE,"fitted",NA,"rep_0058_fit_mse.rds"
"ou","rate_state",58,1058,1000174,2349,1.78013431628545,"converged",TRUE,FALSE,FALSE,FALSE,FALSE,21,0.00773389330205554,FALSE,"fitted",NA,"rep_0058_fit_rate_state.rds"
"ou","ou",59,1059,1000175,2233,2.1576646010081,"converged",TRUE,FALSE,FALSE,FALSE,FALSE,26,0.0079265139177174,FALSE,"fitted",NA,"rep_0059_fit_ou.rds"
"ou","mse",59,1059,1000176,2233,3.32013428608576,"converged",TRUE,FALSE,FALSE,FALSE,FALSE,40,0.00795073075007906,FALSE,"fitted",NA,"rep_0059_fit_mse.rds"
"ou","rate_state",59,1059,1000177,2233,2.51009611686071,"converged",TRUE,FALSE,FALSE,FALSE,FALSE,35,0.00810295736141689,FALSE,"fitted",NA,"rep_0059_fit_rate_state.rds"
"ou","ou",60,1060,1000178,2864,2.76211841901143,"converged",TRUE,FALSE,FALSE,FALSE,FALSE,29,0.00709163292085868,FALSE,"fitted",NA,"rep_0060_fit_ou.rds"
"ou","mse",60,1060,1000179,2864,7.59521443446477,"converged",TRUE,FALSE,FALSE,FALSE,FALSE,50,0.0070990169809346,FALSE,"fitted",NA,"rep_0060_fit_mse.rds"
"ou","rate_state",60,1060,1000180,2864,6.88805356820424,"converged",TRUE,FALSE,FALSE,FALSE,FALSE,62,0.0071515281457908,FALSE,"fitted",NA,"rep_0060_fit_rate_state.rds"
"ou","ou",61,1061,1000181,4209,4.69477931658427,"converged",TRUE,FALSE,FALSE,FALSE,FALSE,32,0.00563849680339638,FALSE,"fitted",NA,"rep_0061_fit_ou.rds"
"ou","mse",61,1061,1000182,4209,7.19237321615219,"converged",TRUE,FALSE,FALSE,FALSE,FALSE,37,0.00564462545705459,FALSE,"fitted",NA,"rep_0061_fit_mse.rds"
"ou","rate_state",61,1061,1000183,4209,8.39094306627909,"converged",TRUE,FALSE,FALSE,FALSE,FALSE,48,0.00574338850285604,FALSE,"fitted",NA,"rep_0061_fit_rate_state.rds"
"ou","ou",62,1062,1000184,2865,2.67634906768799,"converged",TRUE,FALSE,FALSE,FALSE,FALSE,30,0.00640596713828919,FALSE,"fitted",NA,"rep_0062_fit_ou.rds"
"ou","mse",62,1062,1000185,2865,5.84097713629405,"converged",TRUE,FALSE,FALSE,FALSE,FALSE,50,0.00641712283834169,FALSE,"fitted",NA,"rep_0062_fit_mse.rds"
"ou","rate_state",62,1062,1000186,2865,3.26517380078634,"converged",TRUE,FALSE,FALSE,FALSE,FALSE,35,0.0065585023593498,FALSE,"fitted",NA,"rep_0062_fit_rate_state.rds"
"ou","ou",63,1063,1000187,3637,3.86941034793854,"converged",TRUE,FALSE,FALSE,FALSE,FALSE,31,0.00600630703652744,FALSE,"fitted",NA,"rep_0063_fit_ou.rds"
"ou","mse",63,1063,1000188,3637,6.59857106606166,"converged",TRUE,FALSE,FALSE,FALSE,FALSE,37,0.00601218985752412,FALSE,"fitted",NA,"rep_0063_fit_mse.rds"
"ou","rate_state",63,1063,1000189,3637,8.47559721867244,"converged",TRUE,FALSE,FALSE,FALSE,FALSE,55,0.00609491438054344,FALSE,"fitted",NA,"rep_0063_fit_rate_state.rds"
"ou","ou",64,1064,1000190,2565,1.97352166573207,"converged",TRUE,FALSE,FALSE,FALSE,FALSE,24,0.00668444808081322,FALSE,"fitted",NA,"rep_0064_fit_ou.rds"
"ou","mse",64,1064,1000191,2565,3.5373636841774,"converged",TRUE,FALSE,FALSE,FALSE,FALSE,34,0.00669626560081547,FALSE,"fitted",NA,"rep_0064_fit_mse.rds"
"ou","rate_state",64,1064,1000192,2565,1.98915011485418,"converged",TRUE,FALSE,FALSE,FALSE,FALSE,22,0.00680492941195441,FALSE,"fitted",NA,"rep_0064_fit_rate_state.rds"
"ou","ou",65,1065,1000193,2411,2.11433789730072,"converged",TRUE,FALSE,FALSE,FALSE,FALSE,24,0.00749343881836182,FALSE,"fitted",NA,"rep_0065_fit_ou.rds"
"ou","mse",65,1065,1000194,2411,4.24445544878642,"converged",TRUE,FALSE,FALSE,FALSE,FALSE,42,0.0075446859419068,FALSE,"fitted",NA,"rep_0065_fit_mse.rds"
"ou","rate_state",65,1065,1000195,2411,1.9459797501564,"converged",TRUE,FALSE,FALSE,FALSE,FALSE,21,0.00762033119468102,FALSE,"fitted",NA,"rep_0065_fit_rate_state.rds"
"ou","ou",66,1066,1000196,2531,1.87396193345388,"converged",TRUE,FALSE,FALSE,FALSE,FALSE,23,0.00740530045884185,FALSE,"fitted",NA,"rep_0066_fit_ou.rds"
"ou","mse",66,1066,1000197,2531,3.63564568360647,"converged",TRUE,FALSE,FALSE,FALSE,FALSE,35,0.00740910333834186,FALSE,"fitted",NA,"rep_0066_fit_mse.rds"
"ou","rate_state",66,1066,1000198,2531,1.8819895029068,"converged",TRUE,FALSE,FALSE,FALSE,FALSE,21,0.00747187782737443,FALSE,"fitted",NA,"rep_0066_fit_rate_state.rds"
"ou","ou",67,1067,1000199,1966,1.36970123052597,"converged",TRUE,FALSE,FALSE,FALSE,FALSE,21,0.00802462142554113,FALSE,"fitted",NA,"rep_0067_fit_ou.rds"
"ou","mse",67,1067,1000200,1966,2.73513028224309,"converged",TRUE,FALSE,FALSE,FALSE,FALSE,38,0.00804164104383844,FALSE,"fitted",NA,"rep_0067_fit_mse.rds"
"ou","rate_state",67,1067,1000201,1966,1.85716018676758,"converged",TRUE,FALSE,FALSE,FALSE,FALSE,30,0.00818453652845996,FALSE,"fitted",NA,"rep_0067_fit_rate_state.rds"
"ou","ou",68,1068,1000202,1990,1.54744971593221,"converged",TRUE,FALSE,FALSE,FALSE,FALSE,25,0.00808508293861363,FALSE,"fitted",NA,"rep_0068_fit_ou.rds"
"ou","mse",68,1068,1000203,1990,3.16987980206807,"converged",TRUE,FALSE,FALSE,FALSE,FALSE,43,0.00810606171348033,FALSE,"fitted",NA,"rep_0068_fit_mse.rds"
"ou","rate_state",68,1068,1000204,1990,1.56719229618708,"converged",TRUE,FALSE,FALSE,FALSE,FALSE,23,0.00823767720994415,FALSE,"fitted",NA,"rep_0068_fit_rate_state.rds"
"ou","ou",69,1069,1000205,2289,1.83532208601634,"converged",TRUE,FALSE,FALSE,FALSE,FALSE,24,0.00768430544265375,FALSE,"fitted",NA,"rep_0069_fit_ou.rds"
"ou","mse",69,1069,1000206,2289,2.93071241378784,"converged",TRUE,FALSE,FALSE,FALSE,FALSE,33,0.00769538690624516,FALSE,"fitted",NA,"rep_0069_fit_mse.rds"
"ou","rate_state",69,1069,1000207,2289,1.77200583219528,"converged",TRUE,FALSE,FALSE,FALSE,FALSE,21,0.00784431589694769,FALSE,"fitted",NA,"rep_0069_fit_rate_state.rds"
"ou","ou",70,1070,1000208,2893,2.64331485033035,"converged",TRUE,FALSE,FALSE,FALSE,FALSE,28,0.00660185069121714,FALSE,"fitted",NA,"rep_0070_fit_ou.rds"
"ou","mse",70,1070,1000209,2893,5.32076233228048,"converged",TRUE,FALSE,FALSE,FALSE,FALSE,45,0.00662199037720345,FALSE,"fitted",NA,"rep_0070_fit_mse.rds"
"ou","rate_state",70,1070,1000210,2893,4.62033363183339,"converged",TRUE,FALSE,FALSE,FALSE,FALSE,42,0.00677811690850587,FALSE,"fitted",NA,"rep_0070_fit_rate_state.rds"
"ou","ou",71,1071,1000211,2937,2.68734405040741,"converged",TRUE,FALSE,FALSE,FALSE,FALSE,29,0.00668676468437494,FALSE,"fitted",NA,"rep_0071_fit_ou.rds"
"ou","mse",71,1071,1000212,2937,5.11704633633296,"converged",TRUE,FALSE,FALSE,FALSE,FALSE,44,0.00668994287360377,FALSE,"fitted",NA,"rep_0071_fit_mse.rds"
"ou","rate_state",71,1071,1000213,2937,5.03979800144831,"converged",TRUE,FALSE,FALSE,FALSE,FALSE,48,0.00685273528484653,FALSE,"fitted",NA,"rep_0071_fit_rate_state.rds"
"ou","ou",72,1072,1000214,1999,2.00881779988607,"converged",TRUE,FALSE,FALSE,FALSE,FALSE,29,0.00819374679503598,FALSE,"fitted",NA,"rep_0072_fit_ou.rds"
"ou","mse",72,1072,1000215,1999,2.8712898015976,"converged",TRUE,FALSE,FALSE,FALSE,FALSE,39,0.008254089071414,FALSE,"fitted",NA,"rep_0072_fit_mse.rds"
"ou","rate_state",72,1072,1000216,1999,1.52927088340123,"converged",TRUE,FALSE,FALSE,FALSE,FALSE,21,0.00839024383077871,FALSE,"fitted",NA,"rep_0072_fit_rate_state.rds"
"ou","ou",73,1073,1000217,1970,1.3948197166125,"converged",TRUE,FALSE,FALSE,FALSE,FALSE,21,0.00817463752705418,FALSE,"fitted",NA,"rep_0073_fit_ou.rds"
"ou","mse",73,1073,1000218,1970,2.66485644976298,"converged",TRUE,FALSE,FALSE,FALSE,FALSE,38,0.00819431493416101,FALSE,"fitted",NA,"rep_0073_fit_mse.rds"
"ou","rate_state",73,1073,1000219,1970,2.19649764696757,"converged",TRUE,FALSE,FALSE,FALSE,FALSE,34,0.00837013595771757,FALSE,"fitted",NA,"rep_0073_fit_rate_state.rds"
"ou","ou",74,1074,1000220,2545,1.95286541779836,"converged",TRUE,FALSE,FALSE,FALSE,FALSE,23,0.00760347874643013,FALSE,"fitted",NA,"rep_0074_fit_ou.rds"
"ou","mse",74,1074,1000221,2545,3.54016798337301,"converged",TRUE,FALSE,FALSE,FALSE,FALSE,35,0.00761711599466416,FALSE,"fitted",NA,"rep_0074_fit_mse.rds"
"ou","rate_state",74,1074,1000222,2545,1.61992316643397,"converged",TRUE,FALSE,FALSE,FALSE,FALSE,19,0.00767703759977031,FALSE,"fitted",NA,"rep_0074_fit_rate_state.rds"
"ou","ou",75,1075,1000223,2328,1.59334776798884,"converged",TRUE,FALSE,FALSE,FALSE,FALSE,21,0.00770101512159384,FALSE,"fitted",NA,"rep_0075_fit_ou.rds"
"ou","mse",75,1075,1000224,2328,2.93101193110148,"converged",TRUE,FALSE,FALSE,FALSE,FALSE,35,0.00771895298609795,FALSE,"fitted",NA,"rep_0075_fit_mse.rds"
"ou","rate_state",75,1075,1000225,2328,2.29592606623967,"converged",TRUE,FALSE,FALSE,FALSE,FALSE,32,0.0078138744361432,FALSE,"fitted",NA,"rep_0075_fit_rate_state.rds"
"ou","ou",76,1076,1000226,6723,10.8978415966034,"converged",TRUE,FALSE,FALSE,FALSE,FALSE,39,0.00427848488358661,FALSE,"fitted",NA,"rep_0076_fit_ou.rds"
"ou","mse",76,1076,1000227,6723,14.7453043023745,"converged",TRUE,FALSE,FALSE,FALSE,FALSE,39,0.0042842859071249,FALSE,"fitted",NA,"rep_0076_fit_mse.rds"
"ou","rate_state",76,1076,1000228,6723,15.739803536733,"converged",TRUE,FALSE,FALSE,FALSE,FALSE,47,0.00435989370380569,FALSE,"fitted",NA,"rep_0076_fit_rate_state.rds"
"ou","ou",77,1077,1000229,1576,1.11051100095113,"converged",TRUE,FALSE,FALSE,FALSE,FALSE,21,0.00877219735961397,FALSE,"fitted",NA,"rep_0077_fit_ou.rds"
"ou","mse",77,1077,1000230,1576,2.14109156529109,"converged",TRUE,FALSE,FALSE,FALSE,FALSE,35,0.00883958783932658,FALSE,"fitted",NA,"rep_0077_fit_mse.rds"
"ou","rate_state",77,1077,1000231,1576,1.00924776792526,"converged",TRUE,FALSE,FALSE,FALSE,FALSE,19,0.00901232065442301,FALSE,"fitted",NA,"rep_0077_fit_rate_state.rds"
"ou","ou",78,1078,1000232,3992,4.38670991659164,"converged",TRUE,FALSE,FALSE,FALSE,FALSE,32,0.00577021644966591,FALSE,"fitted",NA,"rep_0078_fit_ou.rds"
"ou","mse",78,1078,1000233,3992,6.00625865062078,"converged",TRUE,FALSE,FALSE,FALSE,FALSE,34,0.00577435111946536,FALSE,"fitted",NA,"rep_0078_fit_mse.rds"
"ou","rate_state",78,1078,1000234,3992,5.64024853308996,"converged",TRUE,FALSE,FALSE,FALSE,FALSE,35,0.00580991918546522,FALSE,"fitted",NA,"rep_0078_fit_rate_state.rds"
"ou","ou",79,1079,1000235,2255,1.99311816692352,"converged",TRUE,FALSE,FALSE,FALSE,FALSE,26,0.00753551650578126,FALSE,"fitted",NA,"rep_0079_fit_ou.rds"
"ou","mse",79,1079,1000236,2255,3.13259523312251,"converged",TRUE,FALSE,FALSE,FALSE,FALSE,36,0.00755254663008736,FALSE,"fitted",NA,"rep_0079_fit_mse.rds"
"ou","rate_state",79,1079,1000237,2255,2.84533360004425,"converged",TRUE,FALSE,FALSE,FALSE,FALSE,33,0.00762845329285157,FALSE,"fitted",NA,"rep_0079_fit_rate_state.rds"
"ou","ou",80,1080,1000238,1726,1.75575086673101,"converged",TRUE,FALSE,FALSE,FALSE,FALSE,28,0.00860594787628375,FALSE,"fitted",NA,"rep_0080_fit_ou.rds"
"ou","mse",80,1080,1000239,1726,2.52027381658554,"converged",TRUE,FALSE,FALSE,FALSE,FALSE,38,0.0086457570157045,FALSE,"fitted",NA,"rep_0080_fit_mse.rds"
"ou","rate_state",80,1080,1000240,1726,1.99158509969711,"converged",TRUE,FALSE,FALSE,FALSE,FALSE,31,0.008758664574674,FALSE,"fitted",NA,"rep_0080_fit_rate_state.rds"
"ou","ou",81,1081,1000241,3065,2.97564163208008,"converged",TRUE,FALSE,FALSE,FALSE,FALSE,28,0.00676208332948121,FALSE,"fitted",NA,"rep_0081_fit_ou.rds"
"ou","mse",81,1081,1000242,3065,6.52753539880117,"converged",TRUE,FALSE,FALSE,FALSE,FALSE,48,0.00679227187749423,FALSE,"fitted",NA,"rep_0081_fit_mse.rds"
"ou","rate_state",81,1081,1000243,3065,4.1590816338857,"converged",TRUE,FALSE,FALSE,FALSE,FALSE,35,0.006927595446618,FALSE,"fitted",NA,"rep_0081_fit_rate_state.rds"
"ou","ou",82,1082,1000244,3051,2.96768989960353,"converged",TRUE,FALSE,FALSE,FALSE,FALSE,29,0.00656018548477077,FALSE,"fitted",NA,"rep_0082_fit_ou.rds"
"ou","mse",82,1082,1000245,3051,5.16546334822973,"converged",TRUE,FALSE,FALSE,FALSE,FALSE,39,0.00656609064257598,FALSE,"fitted",NA,"rep_0082_fit_mse.rds"
"ou","rate_state",82,1082,1000246,3051,9.17793116569519,"converged",TRUE,FALSE,FALSE,FALSE,FALSE,78,0.0066508381023165,FALSE,"fitted",NA,"rep_0082_fit_rate_state.rds"
"ou","ou",83,1083,1000247,1352,0.896258282661438,"converged",TRUE,FALSE,FALSE,FALSE,FALSE,18,0.00937844020625746,FALSE,"fitted",NA,"rep_0083_fit_ou.rds"
"ou","mse",83,1083,1000248,1352,1.59898924827576,"converged",TRUE,FALSE,FALSE,FALSE,FALSE,29,0.00939993753543161,FALSE,"fitted",NA,"rep_0083_fit_mse.rds"
"ou","rate_state",83,1083,1000249,1352,0.926367648442586,"converged",TRUE,FALSE,FALSE,FALSE,FALSE,18,0.0094837742190154,FALSE,"fitted",NA,"rep_0083_fit_rate_state.rds"
"ou","ou",84,1084,1000250,3813,4.12914759715398,"converged",TRUE,FALSE,FALSE,FALSE,FALSE,33,0.00606394693669736,FALSE,"fitted",NA,"rep_0084_fit_ou.rds"
"ou","mse",84,1084,1000251,3813,6.93208693265915,"converged",TRUE,FALSE,FALSE,FALSE,FALSE,41,0.00608609520426793,FALSE,"fitted",NA,"rep_0084_fit_mse.rds"
"ou","rate_state",84,1084,1000252,3813,6.06229889790217,"converged",TRUE,FALSE,FALSE,FALSE,FALSE,40,0.00621169869006696,FALSE,"fitted",NA,"rep_0084_fit_rate_state.rds"
"ou","ou",85,1085,1000253,2774,2.44036370118459,"converged",TRUE,FALSE,FALSE,FALSE,FALSE,27,0.00688213023277987,FALSE,"fitted",NA,"rep_0085_fit_ou.rds"
"ou","mse",85,1085,1000254,2774,3.79789931774139,"converged",TRUE,FALSE,FALSE,FALSE,FALSE,33,0.00689856771095276,FALSE,"fitted",NA,"rep_0085_fit_mse.rds"
"ou","rate_state",85,1085,1000255,2774,2.4123775323232,"converged",TRUE,FALSE,FALSE,FALSE,FALSE,24,0.00701832846017778,FALSE,"fitted",NA,"rep_0085_fit_rate_state.rds"
"ou","ou",86,1086,1000256,3030,3.08054266373316,"converged",TRUE,FALSE,FALSE,FALSE,FALSE,31,0.0065498659764205,FALSE,"fitted",NA,"rep_0086_fit_ou.rds"
"ou","mse",86,1086,1000257,3030,5.51753428379695,"converged",TRUE,FALSE,FALSE,FALSE,FALSE,44,0.00656496516051411,FALSE,"fitted",NA,"rep_0086_fit_mse.rds"
"ou","rate_state",86,1086,1000258,3030,4.56046353181203,"converged",TRUE,FALSE,FALSE,FALSE,FALSE,41,0.00670439869591125,FALSE,"fitted",NA,"rep_0086_fit_rate_state.rds"
"ou","ou",87,1087,1000259,5757,8.06778981685638,"converged",TRUE,FALSE,FALSE,FALSE,FALSE,35,0.00490818215866376,FALSE,"fitted",NA,"rep_0087_fit_ou.rds"
"ou","mse",87,1087,1000260,5757,11.9369277000427,"converged",TRUE,FALSE,FALSE,FALSE,FALSE,38,0.00491051339568975,FALSE,"fitted",NA,"rep_0087_fit_mse.rds"
"ou","rate_state",87,1087,1000261,5757,19.8787518819173,"converged",TRUE,FALSE,FALSE,FALSE,FALSE,71,0.00492355917866033,FALSE,"fitted",NA,"rep_0087_fit_rate_state.rds"
"ou","ou",88,1088,1000262,1783,0.83705960114797,"converged",TRUE,FALSE,FALSE,FALSE,FALSE,20,0.00873482507570576,FALSE,"fitted",NA,"rep_0088_fit_ou.rds"
"ou","mse",88,1088,1000263,1783,1.97597451607386,"converged",TRUE,FALSE,FALSE,FALSE,FALSE,31,0.00877321293517745,FALSE,"fitted",NA,"rep_0088_fit_mse.rds"
"ou","rate_state",88,1088,1000264,1783,1.99031628370285,"converged",TRUE,FALSE,FALSE,FALSE,FALSE,35,0.0088934253989654,FALSE,"fitted",NA,"rep_0088_fit_rate_state.rds"
"ou","ou",89,1089,1000265,3465,3.62063033183416,"converged",TRUE,FALSE,FALSE,FALSE,FALSE,32,0.00600683121237805,FALSE,"fitted",NA,"rep_0089_fit_ou.rds"
"ou","mse",89,1089,1000266,3465,5.39275213479996,"converged",TRUE,FALSE,FALSE,FALSE,FALSE,35,0.00601729132819095,FALSE,"fitted",NA,"rep_0089_fit_mse.rds"
"ou","rate_state",89,1089,1000267,3465,6.19022046724955,"converged",TRUE,FALSE,FALSE,FALSE,FALSE,46,0.00612019399773298,FALSE,"fitted",NA,"rep_0089_fit_rate_state.rds"
"ou","ou",90,1090,1000268,3980,2.71121496359507,"converged",TRUE,FALSE,FALSE,FALSE,FALSE,31,0.00581137842247821,FALSE,"fitted",NA,"rep_0090_fit_ou.rds"
"ou","mse",90,1090,1000269,3980,26.3397515336672,"converged",TRUE,FALSE,FALSE,FALSE,FALSE,97,0.00581951943306287,FALSE,"fitted",NA,"rep_0090_fit_mse.rds"
"ou","rate_state",90,1090,1000270,3980,7.46751834948858,"converged",TRUE,FALSE,FALSE,FALSE,FALSE,79,0.00594376638422454,FALSE,"fitted",NA,"rep_0090_fit_rate_state.rds"
"ou","ou",91,1091,1000271,2338,1.78669265111287,"converged",TRUE,FALSE,FALSE,FALSE,FALSE,24,0.0075886751954417,FALSE,"fitted",NA,"rep_0091_fit_ou.rds"
"ou","mse",91,1091,1000272,2338,4.00033288399378,"converged",TRUE,FALSE,FALSE,FALSE,FALSE,44,0.00760261853733898,FALSE,"fitted",NA,"rep_0091_fit_mse.rds"
"ou","rate_state",91,1091,1000273,2338,1.63918940226237,"converged",TRUE,FALSE,FALSE,FALSE,FALSE,20,0.00775772120629414,FALSE,"fitted",NA,"rep_0091_fit_rate_state.rds"
"ou","ou",92,1092,1000274,2534,2.11772263050079,"converged",TRUE,FALSE,FALSE,FALSE,FALSE,26,0.00740608556850369,FALSE,"fitted",NA,"rep_0092_fit_ou.rds"
"ou","mse",92,1092,1000275,2534,4.56326189835866,"converged",TRUE,FALSE,FALSE,FALSE,FALSE,45,0.00743817050807011,FALSE,"fitted",NA,"rep_0092_fit_mse.rds"
"ou","rate_state",92,1092,1000276,2534,2.16621841986974,"converged",TRUE,FALSE,FALSE,FALSE,FALSE,24,0.00753306434692695,FALSE,"fitted",NA,"rep_0092_fit_rate_state.rds"
"ou","ou",93,1093,1000277,1655,1.31212403376897,"converged",TRUE,FALSE,FALSE,FALSE,FALSE,23,0.00869400817751927,FALSE,"fitted",NA,"rep_0093_fit_ou.rds"
"ou","mse",93,1093,1000278,1655,2.72047751744588,"converged",TRUE,FALSE,FALSE,FALSE,FALSE,41,0.00869925689196055,FALSE,"fitted",NA,"rep_0093_fit_mse.rds"
"ou","rate_state",93,1093,1000279,1655,1.21882350047429,"converged",TRUE,FALSE,FALSE,FALSE,FALSE,20,0.00881957158985404,FALSE,"fitted",NA,"rep_0093_fit_rate_state.rds"
"ou","ou",94,1094,1000280,3278,3.39401936928431,"converged",TRUE,FALSE,FALSE,FALSE,FALSE,32,0.00643981953787517,FALSE,"fitted",NA,"rep_0094_fit_ou.rds"
"ou","mse",94,1094,1000281,3278,6.79169111649195,"converged",TRUE,FALSE,FALSE,FALSE,FALSE,47,0.00644925477693093,FALSE,"fitted",NA,"rep_0094_fit_mse.rds"
"ou","rate_state",94,1094,1000282,3278,8.4909789164861,"converged",TRUE,FALSE,FALSE,FALSE,FALSE,69,0.00655109180137346,FALSE,"fitted",NA,"rep_0094_fit_rate_state.rds"
"ou","ou",95,1095,1000283,1784,1.25959456364314,"converged",TRUE,FALSE,FALSE,FALSE,FALSE,20,0.00899563711967922,FALSE,"fitted",NA,"rep_0095_fit_ou.rds"
"ou","mse",95,1095,1000284,1784,2.1518256187439,"converged",TRUE,FALSE,FALSE,FALSE,FALSE,31,0.00903577177996649,FALSE,"fitted",NA,"rep_0095_fit_mse.rds"
"ou","rate_state",95,1095,1000285,1784,2.15944763024648,"converged",TRUE,FALSE,FALSE,FALSE,FALSE,36,0.00910871451171716,FALSE,"fitted",NA,"rep_0095_fit_rate_state.rds"
"ou","ou",96,1096,1000286,2943,3.03615169922511,"converged",TRUE,FALSE,FALSE,FALSE,FALSE,31,0.00679066549523548,FALSE,"fitted",NA,"rep_0096_fit_ou.rds"
"ou","mse",96,1096,1000287,2943,5.52912080287933,"converged",TRUE,FALSE,FALSE,FALSE,FALSE,44,0.0068011075805827,FALSE,"fitted",NA,"rep_0096_fit_mse.rds"
"ou","rate_state",96,1096,1000288,2943,4.33742307027181,"converged",TRUE,FALSE,FALSE,FALSE,FALSE,38,0.0069571201459526,FALSE,"fitted",NA,"rep_0096_fit_rate_state.rds"
"ou","ou",97,1097,1000289,5210,4.11354411840439,"converged",TRUE,FALSE,FALSE,FALSE,FALSE,36,0.00504378226377031,FALSE,"fitted",NA,"rep_0097_fit_ou.rds"
"ou","mse",97,1097,1000290,5210,10.2818537314733,"converged",TRUE,FALSE,FALSE,FALSE,FALSE,39,0.00504651672565501,FALSE,"fitted",NA,"rep_0097_fit_mse.rds"
"ou","rate_state",97,1097,1000291,5210,10.0027088324229,"converged",TRUE,FALSE,FALSE,FALSE,FALSE,58,0.00508137675077899,FALSE,"fitted",NA,"rep_0097_fit_rate_state.rds"
"ou","ou",98,1098,1000292,1605,0.558723731835683,"converged",TRUE,FALSE,FALSE,FALSE,FALSE,21,0.00898033523965398,FALSE,"fitted",NA,"rep_0098_fit_ou.rds"
"ou","mse",98,1098,1000293,1605,1.35967263380686,"converged",TRUE,FALSE,FALSE,FALSE,FALSE,35,0.00905046111740855,FALSE,"fitted",NA,"rep_0098_fit_mse.rds"
"ou","rate_state",98,1098,1000294,1605,1.0029257496198,"converged",TRUE,FALSE,FALSE,FALSE,FALSE,29,0.00923687137146978,FALSE,"fitted",NA,"rep_0098_fit_rate_state.rds"
"ou","ou",99,1099,1000295,1867,1.40376979907354,"converged",TRUE,FALSE,FALSE,FALSE,FALSE,22,0.00824560686703709,FALSE,"fitted",NA,"rep_0099_fit_ou.rds"
"ou","mse",99,1099,1000296,1867,3.02322593530019,"converged",TRUE,FALSE,FALSE,FALSE,FALSE,42,0.00829883622681869,FALSE,"fitted",NA,"rep_0099_fit_mse.rds"
"ou","rate_state",99,1099,1000297,1867,1.23206628163656,"converged",TRUE,FALSE,FALSE,FALSE,FALSE,19,0.00843491657585661,FALSE,"fitted",NA,"rep_0099_fit_rate_state.rds"
"ou","ou",100,1100,1000298,1995,1.45588691631953,"converged",TRUE,FALSE,FALSE,FALSE,FALSE,21,0.0081590528708835,FALSE,"fitted",NA,"rep_0100_fit_ou.rds"
"ou","mse",100,1100,1000299,1995,3.95472351710002,"converged",TRUE,FALSE,FALSE,FALSE,FALSE,52,0.00819160302290021,FALSE,"fitted",NA,"rep_0100_fit_mse.rds"
"ou","rate_state",100,1100,1000300,1995,2.10763030052185,"converged",TRUE,FALSE,FALSE,FALSE,FALSE,35,0.00839784874398887,FALSE,"fitted",NA,"rep_0100_fit_rate_state.rds"
"mse","ou",1,2001,1000301,2682,2.67297536532084,"converged",TRUE,FALSE,FALSE,FALSE,FALSE,27,0.00661347391935027,FALSE,"existing",NA,"rep_0001_fit_ou.rds"
"mse","mse",1,2001,1000302,2682,2.39712423483531,"converged",TRUE,FALSE,FALSE,FALSE,FALSE,30,0.00663094089812026,FALSE,"existing",NA,"rep_0001_fit_mse.rds"
"mse","rate_state",1,2001,1000303,2682,10.2160505175591,"hit_max",FALSE,TRUE,FALSE,FALSE,FALSE,100,3.54846225429017e-95,TRUE,"existing",NA,"rep_0001_fit_rate_state.rds"
"mse","ou",2,2002,1000304,3492,4.62924948136012,"converged",TRUE,FALSE,FALSE,FALSE,FALSE,38,0.00602980468454616,FALSE,"existing",NA,"rep_0002_fit_ou.rds"
"mse","mse",2,2002,1000305,3492,7.06633520126343,"converged",TRUE,FALSE,FALSE,FALSE,FALSE,42,0.00593731663222244,FALSE,"existing",NA,"rep_0002_fit_mse.rds"
"mse","rate_state",2,2002,1000306,3492,3.11542663574219,"inla_failure",FALSE,FALSE,TRUE,FALSE,FALSE,20,6.78994652957056e-54,TRUE,"existing",NA,"rep_0002_fit_rate_state.rds"
"mse","ou",3,2003,1000307,2200,1.847261150678,"converged",TRUE,FALSE,FALSE,FALSE,FALSE,23,0.0078343472442638,FALSE,"existing",NA,"rep_0003_fit_ou.rds"
"mse","mse",3,2003,1000308,2200,1.87036163409551,"converged",TRUE,FALSE,FALSE,FALSE,FALSE,30,0.00788325328921644,FALSE,"existing",NA,"rep_0003_fit_mse.rds"
"mse","rate_state",3,2003,1000309,2200,7.34005403518677,"hit_max",FALSE,TRUE,FALSE,FALSE,FALSE,100,0.0080653276425166,FALSE,"existing",NA,"rep_0003_fit_rate_state.rds"
"mse","ou",4,2004,1000310,1515,1.09672027031581,"converged",TRUE,FALSE,FALSE,FALSE,FALSE,20,0.0089638903479248,FALSE,"existing",NA,"rep_0004_fit_ou.rds"
"mse","mse",4,2004,1000311,1515,1.40530358552933,"converged",TRUE,FALSE,FALSE,FALSE,FALSE,21,0.00900087566716833,FALSE,"existing",NA,"rep_0004_fit_mse.rds"
"mse","rate_state",4,2004,1000312,1515,6.01871746778488,"hit_max",FALSE,TRUE,FALSE,FALSE,FALSE,100,0.0168825588983144,FALSE,"existing",NA,"rep_0004_fit_rate_state.rds"
"mse","ou",5,2005,1000313,2240,1.79336031675339,"converged",TRUE,FALSE,FALSE,FALSE,FALSE,22,0.00774564336504776,FALSE,"existing",NA,"rep_0005_fit_ou.rds"
"mse","mse",5,2005,1000314,2240,1.94282888571421,"converged",TRUE,FALSE,FALSE,FALSE,FALSE,30,0.00777300729729198,FALSE,"existing",NA,"rep_0005_fit_mse.rds"
"mse","rate_state",5,2005,1000315,2240,7.83320680061976,"hit_max",FALSE,TRUE,FALSE,FALSE,FALSE,100,3.07335685729548e-69,TRUE,"existing",NA,"rep_0005_fit_rate_state.rds"
"mse","ou",6,2006,1000316,5513,8.49622370004654,"converged",TRUE,FALSE,FALSE,FALSE,FALSE,39,0.00498898341621762,FALSE,"existing",NA,"rep_0006_fit_ou.rds"
"mse","mse",6,2006,1000317,5513,12.2693855802218,"converged",TRUE,FALSE,FALSE,FALSE,FALSE,38,0.00495269233119736,FALSE,"existing",NA,"rep_0006_fit_mse.rds"
"mse","rate_state",6,2006,1000318,5513,25.4515741149584,"hit_max",FALSE,TRUE,FALSE,FALSE,FALSE,100,1.3769535010724e-108,TRUE,"existing",NA,"rep_0006_fit_rate_state.rds"
"mse","ou",7,2007,1000319,2938,3.57692610025406,"converged",TRUE,FALSE,FALSE,FALSE,FALSE,34,0.00648033148654099,FALSE,"existing",NA,"rep_0007_fit_ou.rds"
"mse","mse",7,2007,1000320,2938,3.40509826342265,"converged",TRUE,FALSE,FALSE,FALSE,FALSE,36,0.00646729770730264,FALSE,"existing",NA,"rep_0007_fit_mse.rds"
"mse","rate_state",7,2007,1000321,2938,11.3943864862124,"hit_max",FALSE,TRUE,FALSE,FALSE,FALSE,100,0.0120169719946766,FALSE,"existing",NA,"rep_0007_fit_rate_state.rds"
"mse","ou",8,2008,1000322,2429,1.92862935066223,"converged",TRUE,FALSE,FALSE,FALSE,FALSE,21,0.00774261216369811,FALSE,"existing",NA,"rep_0008_fit_ou.rds"
"mse","mse",8,2008,1000323,2429,2.41392105023066,"converged",TRUE,FALSE,FALSE,FALSE,FALSE,23,0.00769393205847604,FALSE,"existing",NA,"rep_0008_fit_mse.rds"
"mse","rate_state",8,2008,1000324,2429,9.69538462956746,"hit_max",FALSE,TRUE,FALSE,FALSE,FALSE,100,7.39845658692287e-68,TRUE,"existing",NA,"rep_0008_fit_rate_state.rds"
"mse","ou",9,2009,1000325,3015,3.55440456867218,"converged",TRUE,FALSE,FALSE,FALSE,FALSE,35,0.00695105218875082,FALSE,"existing",NA,"rep_0009_fit_ou.rds"
"mse","mse",9,2009,1000326,3015,3.45023405154546,"converged",TRUE,FALSE,FALSE,FALSE,FALSE,35,0.00693610019910936,FALSE,"existing",NA,"rep_0009_fit_mse.rds"
"mse","rate_state",9,2009,1000327,3015,1.45760389963786,"inla_failure",FALSE,FALSE,TRUE,FALSE,FALSE,10,0.0110786943325992,FALSE,"existing",NA,"rep_0009_fit_rate_state.rds"
"mse","ou",10,2010,1000328,3454,4.75198173522949,"converged",TRUE,FALSE,FALSE,FALSE,FALSE,36,0.00650044225283268,FALSE,"existing",NA,"rep_0010_fit_ou.rds"
"mse","mse",10,2010,1000329,3454,6.29524033069611,"converged",TRUE,FALSE,FALSE,FALSE,FALSE,37,0.00643080998185779,FALSE,"existing",NA,"rep_0010_fit_mse.rds"
"mse","rate_state",10,2010,1000330,3454,15.3953603307406,"hit_max",FALSE,TRUE,FALSE,FALSE,FALSE,100,0.0113951900275417,FALSE,"existing",NA,"rep_0010_fit_rate_state.rds"
"mse","ou",11,2011,1000331,3191,4.26891620159149,"converged",TRUE,FALSE,FALSE,FALSE,FALSE,38,0.00631922492395531,FALSE,"existing",NA,"rep_0011_fit_ou.rds"
"mse","mse",11,2011,1000332,3191,3.86094931761424,"converged",TRUE,FALSE,FALSE,FALSE,FALSE,35,0.00627814081856266,FALSE,"existing",NA,"rep_0011_fit_mse.rds"
"mse","rate_state",11,2011,1000333,3191,13.0248027165731,"hit_max",FALSE,TRUE,FALSE,FALSE,FALSE,100,0.00695686334849596,FALSE,"existing",NA,"rep_0011_fit_rate_state.rds"
"mse","ou",12,2012,1000334,2103,1.50383641719818,"converged",TRUE,FALSE,FALSE,FALSE,FALSE,19,0.00826613809029297,FALSE,"existing",NA,"rep_0012_fit_ou.rds"
"mse","mse",12,2012,1000335,2103,2.01508533159892,"converged",TRUE,FALSE,FALSE,FALSE,FALSE,21,0.00819082096674068,FALSE,"existing",NA,"rep_0012_fit_mse.rds"
"mse","rate_state",12,2012,1000336,2103,8.08829343318939,"hit_max",FALSE,TRUE,FALSE,FALSE,FALSE,100,8.90580673427884e-83,TRUE,"existing",NA,"rep_0012_fit_rate_state.rds"
"mse","ou",13,2013,1000337,4554,6.7156053185463,"converged",TRUE,FALSE,FALSE,FALSE,FALSE,41,0.00542724142275463,FALSE,"existing",NA,"rep_0013_fit_ou.rds"
"mse","mse",13,2013,1000338,4554,10.0961496353149,"converged",TRUE,FALSE,FALSE,FALSE,FALSE,42,0.00540051863766128,FALSE,"existing",NA,"rep_0013_fit_mse.rds"
"mse","rate_state",13,2013,1000339,4554,20.2812059521675,"hit_max",FALSE,TRUE,FALSE,FALSE,FALSE,100,0.0058695218024393,FALSE,"existing",NA,"rep_0013_fit_rate_state.rds"
"mse","ou",14,2014,1000340,2881,3.69833945035934,"converged",TRUE,FALSE,FALSE,FALSE,FALSE,34,0.00672101547886611,FALSE,"existing",NA,"rep_0014_fit_ou.rds"
"mse","mse",14,2014,1000341,2881,3.73908434708913,"converged",TRUE,FALSE,FALSE,FALSE,FALSE,31,0.00670643818577018,FALSE,"existing",NA,"rep_0014_fit_mse.rds"
"mse","rate_state",14,2014,1000342,2881,11.6280891815821,"hit_max",FALSE,TRUE,FALSE,FALSE,FALSE,100,0.0080226692287097,FALSE,"existing",NA,"rep_0014_fit_rate_state.rds"
"mse","ou",15,2015,1000343,2231,1.8987240990003,"converged",TRUE,FALSE,FALSE,FALSE,FALSE,21,0.0078733601382885,FALSE,"existing",NA,"rep_0015_fit_ou.rds"
"mse","mse",15,2015,1000344,2231,2.31435805161794,"converged",TRUE,FALSE,FALSE,FALSE,FALSE,23,0.00783322687323535,FALSE,"existing",NA,"rep_0015_fit_mse.rds"
"mse","rate_state",15,2015,1000345,2231,8.88207495212555,"hit_max",FALSE,TRUE,FALSE,FALSE,FALSE,100,0.0083187077163314,FALSE,"existing",NA,"rep_0015_fit_rate_state.rds"
"mse","ou",16,2016,1000346,1913,1.46173896789551,"converged",TRUE,FALSE,FALSE,FALSE,FALSE,20,0.00836750724846515,FALSE,"existing",NA,"rep_0016_fit_ou.rds"
"mse","mse",16,2016,1000347,1913,2.13656941652298,"converged",TRUE,FALSE,FALSE,FALSE,FALSE,24,0.00834063917516904,FALSE,"existing",NA,"rep_0016_fit_mse.rds"
"mse","rate_state",16,2016,1000348,1913,6.52851551771164,"hit_max",FALSE,TRUE,FALSE,FALSE,FALSE,100,2.22521978770356e-24,TRUE,"existing",NA,"rep_0016_fit_rate_state.rds"
"mse","ou",17,2017,1000349,1493,1.16079014937083,"converged",TRUE,FALSE,FALSE,FALSE,FALSE,19,0.0088696720253526,FALSE,"existing",NA,"rep_0017_fit_ou.rds"
"mse","mse",17,2017,1000350,1493,2.01039964755376,"converged",TRUE,FALSE,FALSE,FALSE,FALSE,29,0.00887041834005205,FALSE,"existing",NA,"rep_0017_fit_mse.rds"
"mse","rate_state",17,2017,1000351,1493,5.704061516126,"hit_max",FALSE,TRUE,FALSE,FALSE,FALSE,100,1.43579195723672e-48,TRUE,"existing",NA,"rep_0017_fit_rate_state.rds"
"mse","ou",18,2018,1000352,4107,6.55208158493042,"converged",TRUE,FALSE,FALSE,FALSE,FALSE,39,0.00556421032006768,FALSE,"existing",NA,"rep_0018_fit_ou.rds"
"mse","mse",18,2018,1000353,4107,7.90397859811783,"converged",TRUE,FALSE,FALSE,FALSE,FALSE,39,0.00556920341474331,FALSE,"existing",NA,"rep_0018_fit_mse.rds"
"mse","rate_state",18,2018,1000354,4107,17.4049708008766,"hit_max",FALSE,TRUE,FALSE,FALSE,FALSE,100,0.0100910346870282,FALSE,"existing",NA,"rep_0018_fit_rate_state.rds"
"mse","ou",19,2019,1000355,2855,2.93379473288854,"converged",TRUE,FALSE,FALSE,FALSE,FALSE,33,0.0067048607536241,FALSE,"existing",NA,"rep_0019_fit_ou.rds"
"mse","mse",19,2019,1000356,2855,3.98224445184072,"converged",TRUE,FALSE,FALSE,FALSE,FALSE,31,0.0067130090014907,FALSE,"existing",NA,"rep_0019_fit_mse.rds"
"mse","rate_state",19,2019,1000357,2855,11.0594439506531,"hit_max",FALSE,TRUE,FALSE,FALSE,FALSE,100,0.0116262749469151,FALSE,"existing",NA,"rep_0019_fit_rate_state.rds"
"mse","ou",20,2020,1000358,1665,1.30848702987035,"converged",TRUE,FALSE,FALSE,FALSE,FALSE,21,0.00864838143498497,FALSE,"existing",NA,"rep_0020_fit_ou.rds"
"mse","mse",20,2020,1000359,1665,1.54390196800232,"converged",TRUE,FALSE,FALSE,FALSE,FALSE,22,0.00870815698458529,FALSE,"existing",NA,"rep_0020_fit_mse.rds"
"mse","rate_state",20,2020,1000360,1665,6.15229674975077,"hit_max",FALSE,TRUE,FALSE,FALSE,FALSE,100,0.00862406993046175,FALSE,"existing",NA,"rep_0020_fit_rate_state.rds"
"mse","ou",21,2021,1000361,2510,1.88155481815338,"converged",TRUE,FALSE,FALSE,FALSE,FALSE,23,0.00743639953520109,FALSE,"existing",NA,"rep_0021_fit_ou.rds"
"mse","mse",21,2021,1000362,2510,2.66229191621145,"converged",TRUE,FALSE,FALSE,FALSE,FALSE,24,0.00743499833772453,FALSE,"existing",NA,"rep_0021_fit_mse.rds"
"mse","rate_state",21,2021,1000363,2510,9.4997691988945,"hit_max",FALSE,TRUE,FALSE,FALSE,FALSE,100,7.51328128108579e-101,TRUE,"existing",NA,"rep_0021_fit_rate_state.rds"
"mse","ou",22,2022,1000364,2576,2.29715786774953,"converged",TRUE,FALSE,FALSE,FALSE,FALSE,24,0.00708319166294526,FALSE,"existing",NA,"rep_0022_fit_ou.rds"
"mse","mse",22,2022,1000365,2576,2.55327685276667,"converged",TRUE,FALSE,FALSE,FALSE,FALSE,26,0.00707275292409057,FALSE,"existing",NA,"rep_0022_fit_mse.rds"
"mse","rate_state",22,2022,1000366,2576,10.4649224321047,"hit_max",FALSE,TRUE,FALSE,FALSE,FALSE,100,2.58351637096718e-09,TRUE,"existing",NA,"rep_0022_fit_rate_state.rds"
"mse","ou",23,2023,1000367,2804,2.85436495145162,"converged",TRUE,FALSE,FALSE,FALSE,FALSE,26,0.00654354666694281,FALSE,"existing",NA,"rep_0023_fit_ou.rds"
"mse","mse",23,2023,1000368,2804,3.15354915062586,"converged",TRUE,FALSE,FALSE,FALSE,FALSE,29,0.00652949852934296,FALSE,"existing",NA,"rep_0023_fit_mse.rds"
"mse","rate_state",23,2023,1000369,2804,11.3146016836166,"hit_max",FALSE,TRUE,FALSE,FALSE,FALSE,100,0.0123906782423349,FALSE,"existing",NA,"rep_0023_fit_rate_state.rds"
"mse","ou",24,2024,1000370,3935,5.41307243506114,"converged",TRUE,FALSE,FALSE,FALSE,FALSE,34,0.00625503659533238,FALSE,"existing",NA,"rep_0024_fit_ou.rds"
"mse","mse",24,2024,1000371,3935,6.60679928064346,"converged",TRUE,FALSE,FALSE,FALSE,FALSE,29,0.00624453402967031,FALSE,"existing",NA,"rep_0024_fit_mse.rds"
"mse","rate_state",24,2024,1000372,3935,18.8744398991267,"hit_max",FALSE,TRUE,FALSE,FALSE,FALSE,100,0.00786393998173989,FALSE,"existing",NA,"rep_0024_fit_rate_state.rds"
"mse","ou",25,2025,1000373,2331,2.02910190025965,"converged",TRUE,FALSE,FALSE,FALSE,FALSE,21,0.00774764770651359,FALSE,"existing",NA,"rep_0025_fit_ou.rds"
"mse","mse",25,2025,1000374,2331,2.26197693347931,"converged",TRUE,FALSE,FALSE,FALSE,FALSE,22,0.00772231196452999,FALSE,"existing",NA,"rep_0025_fit_mse.rds"
"mse","rate_state",25,2025,1000375,2331,9.99226289987564,"hit_max",FALSE,TRUE,FALSE,FALSE,FALSE,100,0.00850179408687222,FALSE,"existing",NA,"rep_0025_fit_rate_state.rds"
"mse","ou",26,2026,1000376,2517,2.38017441829046,"converged",TRUE,FALSE,FALSE,FALSE,FALSE,24,0.00704039390464621,FALSE,"existing",NA,"rep_0026_fit_ou.rds"
"mse","mse",26,2026,1000377,2517,3.33910559813182,"converged",TRUE,FALSE,FALSE,FALSE,FALSE,27,0.00700337082388367,FALSE,"existing",NA,"rep_0026_fit_mse.rds"
"mse","rate_state",26,2026,1000378,2517,10.9324109156926,"hit_max",FALSE,TRUE,FALSE,FALSE,FALSE,100,0.00862905610630672,FALSE,"existing",NA,"rep_0026_fit_rate_state.rds"
"mse","ou",27,2027,1000379,1891,1.52109100023905,"converged",TRUE,FALSE,FALSE,FALSE,FALSE,19,0.0082787611669554,FALSE,"existing",NA,"rep_0027_fit_ou.rds"
"mse","mse",27,2027,1000380,1891,1.6740941007932,"converged",TRUE,FALSE,FALSE,FALSE,FALSE,21,0.00825546427200205,FALSE,"existing",NA,"rep_0027_fit_mse.rds"
"mse","rate_state",27,2027,1000381,1891,7.63330781857173,"hit_max",FALSE,TRUE,FALSE,FALSE,FALSE,100,8.20990708781026e-38,TRUE,"existing",NA,"rep_0027_fit_rate_state.rds"
"mse","ou",28,2028,1000382,1598,1.41418306827545,"converged",TRUE,FALSE,FALSE,FALSE,FALSE,21,0.00879957891456259,FALSE,"existing",NA,"rep_0028_fit_ou.rds"
"mse","mse",28,2028,1000383,1598,2.07437878449758,"converged",TRUE,FALSE,FALSE,FALSE,FALSE,25,0.00882060516752722,FALSE,"existing",NA,"rep_0028_fit_mse.rds"
"mse","rate_state",28,2028,1000384,1598,4.44669516881307,"inla_failure",FALSE,FALSE,TRUE,FALSE,FALSE,61,0.0091188332796841,FALSE,"existing",NA,"rep_0028_fit_rate_state.rds"
"mse","ou",29,2029,1000385,4845,9.1299932996432,"converged",TRUE,FALSE,FALSE,FALSE,FALSE,41,0.00531705075103652,FALSE,"existing",NA,"rep_0029_fit_ou.rds"
"mse","mse",29,2029,1000386,4845,11.672489798069,"converged",TRUE,FALSE,FALSE,FALSE,FALSE,39,0.00530971682887343,FALSE,"existing",NA,"rep_0029_fit_mse.rds"
"mse","rate_state",29,2029,1000387,4845,24.9213554183642,"hit_max",FALSE,TRUE,FALSE,FALSE,FALSE,100,0.00706667583899497,FALSE,"existing",NA,"rep_0029_fit_rate_state.rds"
"mse","ou",30,2030,1000388,3848,4.57489411433538,"converged",TRUE,FALSE,FALSE,FALSE,FALSE,34,0.00588881446182936,FALSE,"fitted",NA,"rep_0030_fit_ou.rds"
"mse","mse",30,2030,1000389,3848,7.20463366508484,"converged",TRUE,FALSE,FALSE,FALSE,FALSE,33,0.00584516650879423,FALSE,"existing",NA,"rep_0030_fit_mse.rds"
"mse","rate_state",30,2030,1000390,3848,15.8052225828171,"hit_max",FALSE,TRUE,FALSE,FALSE,FALSE,100,0.010872880171119,FALSE,"fitted",NA,"rep_0030_fit_rate_state.rds"
"mse","ou",31,2031,1000391,1655,1.43876341581345,"converged",TRUE,FALSE,FALSE,FALSE,FALSE,22,0.00860542266670538,FALSE,"existing",NA,"rep_0031_fit_ou.rds"
"mse","mse",31,2031,1000392,1655,1.7508525689443,"converged",TRUE,FALSE,FALSE,FALSE,FALSE,23,0.00864923026063739,FALSE,"existing",NA,"rep_0031_fit_mse.rds"
"mse","rate_state",31,2031,1000393,1655,6.93509236574173,"hit_max",FALSE,TRUE,FALSE,FALSE,FALSE,100,3.80451715660719e-53,TRUE,"existing",NA,"rep_0031_fit_rate_state.rds"
"mse","ou",32,2032,1000394,3687,6.21913506587346,"converged",TRUE,FALSE,FALSE,FALSE,FALSE,39,0.00613345335624477,FALSE,"existing",NA,"rep_0032_fit_ou.rds"
"mse","mse",32,2032,1000395,3687,8.30250608523687,"converged",TRUE,FALSE,FALSE,FALSE,FALSE,41,0.00612037978072646,FALSE,"existing",NA,"rep_0032_fit_mse.rds"
"mse","rate_state",32,2032,1000396,3687,17.7772447307905,"hit_max",FALSE,TRUE,FALSE,FALSE,FALSE,100,0.00890709850776684,FALSE,"existing",NA,"rep_0032_fit_rate_state.rds"
"mse","ou",33,2033,1000397,3295,4.30079518556595,"converged",TRUE,FALSE,FALSE,FALSE,FALSE,33,0.00654797652271273,FALSE,"existing",NA,"rep_0033_fit_ou.rds"
"mse","mse",33,2033,1000398,3295,5.14984336694082,"converged",TRUE,FALSE,FALSE,FALSE,FALSE,31,0.0065214484233493,FALSE,"existing",NA,"rep_0033_fit_mse.rds"
"mse","rate_state",33,2033,1000399,3295,14.1386020978292,"hit_max",FALSE,TRUE,FALSE,FALSE,FALSE,100,0.00765232412735371,FALSE,"existing",NA,"rep_0033_fit_rate_state.rds"
"mse","ou",34,2034,1000400,1981,1.62791433334351,"converged",TRUE,FALSE,FALSE,FALSE,FALSE,20,0.00837822951639841,FALSE,"existing",NA,"rep_0034_fit_ou.rds"
"mse","mse",34,2034,1000401,1981,3.0671134630839,"converged",TRUE,FALSE,FALSE,FALSE,FALSE,31,0.00832910826578633,FALSE,"existing",NA,"rep_0034_fit_mse.rds"
"mse","rate_state",34,2034,1000402,1981,8.3676641980807,"hit_max",FALSE,TRUE,FALSE,FALSE,FALSE,100,6.05297684965423e-114,TRUE,"existing",NA,"rep_0034_fit_rate_state.rds"
"mse","ou",35,2035,1000403,2650,2.74387411673864,"converged",TRUE,FALSE,FALSE,FALSE,FALSE,25,0.00658767077815705,FALSE,"existing",NA,"rep_0035_fit_ou.rds"
"mse","mse",35,2035,1000404,2650,3.5292577346166,"converged",TRUE,FALSE,FALSE,FALSE,FALSE,27,0.00658424844855523,FALSE,"existing",NA,"rep_0035_fit_mse.rds"
"mse","rate_state",35,2035,1000405,2650,11.8616501847903,"hit_max",FALSE,TRUE,FALSE,FALSE,FALSE,100,0.00763570070762594,FALSE,"existing",NA,"rep_0035_fit_rate_state.rds"
"mse","ou",36,2036,1000406,2373,2.20322408278783,"converged",TRUE,FALSE,FALSE,FALSE,FALSE,22,0.00751808557475902,FALSE,"existing",NA,"rep_0036_fit_ou.rds"
"mse","mse",36,2036,1000407,2373,2.83103915055593,"converged",TRUE,FALSE,FALSE,FALSE,FALSE,24,0.00749358493277583,FALSE,"existing",NA,"rep_0036_fit_mse.rds"
"mse","rate_state",36,2036,1000408,2373,10.2404850840569,"hit_max",FALSE,TRUE,FALSE,FALSE,FALSE,100,0.00824175799389325,FALSE,"existing",NA,"rep_0036_fit_rate_state.rds"
"mse","ou",37,2037,1000409,1992,1.88042807976405,"converged",TRUE,FALSE,FALSE,FALSE,FALSE,22,0.00816988480422377,FALSE,"existing",NA,"rep_0037_fit_ou.rds"
"mse","mse",37,2037,1000410,1992,2.30542706648509,"converged",TRUE,FALSE,FALSE,FALSE,FALSE,24,0.00818528816193649,FALSE,"existing",NA,"rep_0037_fit_mse.rds"
"mse","rate_state",37,2037,1000411,1992,8.230246814092,"hit_max",FALSE,TRUE,FALSE,FALSE,FALSE,100,1.44716131899453e-06,FALSE,"existing",NA,"rep_0037_fit_rate_state.rds"
"mse","ou",38,2038,1000412,4532,6.1973355849584,"converged",TRUE,FALSE,FALSE,FALSE,FALSE,37,0.0056526383292885,FALSE,"fitted",NA,"rep_0038_fit_ou.rds"
"mse","mse",38,2038,1000413,4532,9.28942358096441,"converged",TRUE,FALSE,FALSE,FALSE,FALSE,35,0.00565574221067966,FALSE,"existing",NA,"rep_0038_fit_mse.rds"
"mse","rate_state",38,2038,1000414,4532,19.1141498645147,"hit_max",FALSE,TRUE,FALSE,FALSE,FALSE,100,0.00762347189432707,FALSE,"fitted",NA,"rep_0038_fit_rate_state.rds"
"mse","ou",39,2039,1000415,5183,8.27940185070038,"converged",TRUE,FALSE,FALSE,FALSE,FALSE,38,0.00533548521630661,FALSE,"fitted",NA,"rep_0039_fit_ou.rds"
"mse","mse",39,2039,1000416,5183,13.6264023025831,"converged",TRUE,FALSE,FALSE,FALSE,FALSE,37,0.00531074878494221,FALSE,"existing",NA,"rep_0039_fit_mse.rds"
"mse","rate_state",39,2039,1000417,5183,22.9653620680173,"hit_max",FALSE,TRUE,FALSE,FALSE,FALSE,100,0.0108150086844384,FALSE,"fitted",NA,"rep_0039_fit_rate_state.rds"
"mse","ou",40,2040,1000418,2182,1.85593486626943,"converged",TRUE,FALSE,FALSE,FALSE,FALSE,21,0.00780578495836157,FALSE,"fitted",NA,"rep_0040_fit_ou.rds"
"mse","mse",40,2040,1000419,2182,2.60811321735382,"converged",TRUE,FALSE,FALSE,FALSE,FALSE,25,0.00781690126420974,FALSE,"fitted",NA,"rep_0040_fit_mse.rds"
"mse","rate_state",40,2040,1000420,2182,8.99578963120778,"hit_max",FALSE,TRUE,FALSE,FALSE,FALSE,100,0.00930930861221627,FALSE,"fitted",NA,"rep_0040_fit_rate_state.rds"
"mse","ou",41,2041,1000421,2456,2.49692819913228,"converged",TRUE,FALSE,FALSE,FALSE,FALSE,25,0.00740550624063244,FALSE,"existing",NA,"rep_0041_fit_ou.rds"
"mse","mse",41,2041,1000422,2456,4.16179360151291,"converged",TRUE,FALSE,FALSE,FALSE,FALSE,32,0.00741622999653919,FALSE,"existing",NA,"rep_0041_fit_mse.rds"
"mse","rate_state",41,2041,1000423,2456,11.221109131972,"hit_max",FALSE,TRUE,FALSE,FALSE,FALSE,100,0.00836888784290635,FALSE,"existing",NA,"rep_0041_fit_rate_state.rds"
"mse","ou",42,2042,1000424,1806,1.57649101813634,"converged",TRUE,FALSE,FALSE,FALSE,FALSE,21,0.00802502581562977,FALSE,"fitted",NA,"rep_0042_fit_ou.rds"
"mse","mse",42,2042,1000425,1806,1.14723513126373,"converged",TRUE,FALSE,FALSE,FALSE,FALSE,21,0.00807057381970664,FALSE,"fitted",NA,"rep_0042_fit_mse.rds"
"mse","rate_state",42,2042,1000426,1806,6.74245178302129,"hit_max",FALSE,TRUE,FALSE,FALSE,FALSE,100,0.00892936129143437,FALSE,"fitted",NA,"rep_0042_fit_rate_state.rds"
"mse","ou",43,2043,1000427,2919,3.01534326871236,"converged",TRUE,FALSE,FALSE,FALSE,FALSE,30,0.00667661207461733,FALSE,"fitted",NA,"rep_0043_fit_ou.rds"
"mse","mse",43,2043,1000428,2919,4.90725606679916,"converged",TRUE,FALSE,FALSE,FALSE,FALSE,31,0.00667884318747472,FALSE,"existing",NA,"rep_0043_fit_mse.rds"
"mse","rate_state",43,2043,1000429,2919,10.8846041520437,"hit_max",FALSE,TRUE,FALSE,FALSE,FALSE,100,0.00731821587826583,FALSE,"fitted",NA,"rep_0043_fit_rate_state.rds"
"mse","ou",44,2044,1000430,2220,1.91551436980565,"converged",TRUE,FALSE,FALSE,FALSE,FALSE,21,0.00783789540911057,FALSE,"fitted",NA,"rep_0044_fit_ou.rds"
"mse","mse",44,2044,1000431,2220,2.81960615317027,"converged",TRUE,FALSE,FALSE,FALSE,FALSE,32,0.00785230948773204,FALSE,"fitted",NA,"rep_0044_fit_mse.rds"
"mse","rate_state",44,2044,1000432,2220,8.31448271671931,"hit_max",FALSE,TRUE,FALSE,FALSE,FALSE,100,0.00904264393768325,FALSE,"fitted",NA,"rep_0044_fit_rate_state.rds"
"mse","ou",45,2045,1000433,1522,1.36374731858571,"converged",TRUE,FALSE,FALSE,FALSE,FALSE,20,0.00879217576815883,FALSE,"existing",NA,"rep_0045_fit_ou.rds"
"mse","mse",45,2045,1000434,1522,1.65677608251572,"converged",TRUE,FALSE,FALSE,FALSE,FALSE,21,0.00884987735668426,FALSE,"existing",NA,"rep_0045_fit_mse.rds"
"mse","rate_state",45,2045,1000435,1522,6.8840746363004,"hit_max",FALSE,TRUE,FALSE,FALSE,FALSE,100,0.0105437455838686,FALSE,"existing",NA,"rep_0045_fit_rate_state.rds"
"mse","ou",46,2046,1000436,5358,9.53649334907532,"converged",TRUE,FALSE,FALSE,FALSE,FALSE,38,0.00493420040171911,FALSE,"fitted",NA,"rep_0046_fit_ou.rds"
"mse","mse",46,2046,1000437,5358,13.2848370671272,"converged",TRUE,FALSE,FALSE,FALSE,FALSE,40,0.00487527729783674,FALSE,"fitted",NA,"rep_0046_fit_mse.rds"
"mse","rate_state",46,2046,1000438,5358,28.7227716684341,"hit_max",FALSE,TRUE,FALSE,FALSE,FALSE,100,0.00527794110489828,FALSE,"fitted",NA,"rep_0046_fit_rate_state.rds"
"mse","ou",47,2047,1000439,1769,1.38502444823583,"converged",TRUE,FALSE,FALSE,FALSE,FALSE,19,0.00840088609127472,FALSE,"fitted",NA,"rep_0047_fit_ou.rds"
"mse","mse",47,2047,1000440,1769,2.45915025075277,"converged",TRUE,FALSE,FALSE,FALSE,FALSE,30,0.00841116758877479,FALSE,"fitted",NA,"rep_0047_fit_mse.rds"
"mse","rate_state",47,2047,1000441,1769,6.6724246819814,"hit_max",FALSE,TRUE,FALSE,FALSE,FALSE,100,0.0093461231050563,FALSE,"fitted",NA,"rep_0047_fit_rate_state.rds"
"mse","ou",48,2048,1000442,1765,1.50418291489283,"converged",TRUE,FALSE,FALSE,FALSE,FALSE,20,0.00852761402956346,FALSE,"fitted",NA,"rep_0048_fit_ou.rds"
"mse","mse",48,2048,1000443,1765,1.70185215075811,"converged",TRUE,FALSE,FALSE,FALSE,FALSE,22,0.00851251107643749,FALSE,"fitted",NA,"rep_0048_fit_mse.rds"
"mse","rate_state",48,2048,1000444,1765,7.06265748341878,"hit_max",FALSE,TRUE,FALSE,FALSE,FALSE,100,4.55256922325411e-111,TRUE,"fitted",NA,"rep_0048_fit_rate_state.rds"
"mse","ou",49,2049,1000445,4646,7.09548763434092,"converged",TRUE,FALSE,FALSE,FALSE,FALSE,37,0.00531797149277725,FALSE,"fitted",NA,"rep_0049_fit_ou.rds"
"mse","mse",49,2049,1000446,4646,8.90303409894307,"converged",TRUE,FALSE,FALSE,FALSE,FALSE,30,0.00527893219039546,FALSE,"fitted",NA,"rep_0049_fit_mse.rds"
"mse","rate_state",49,2049,1000447,4646,24.0083615144094,"hit_max",FALSE,TRUE,FALSE,FALSE,FALSE,100,3.93609006223114e-71,TRUE,"fitted",NA,"rep_0049_fit_rate_state.rds"
"mse","ou",50,2050,1000448,2412,1.86593641837438,"converged",TRUE,FALSE,FALSE,FALSE,FALSE,23,0.00726153807765177,FALSE,"fitted",NA,"rep_0050_fit_ou.rds"
"mse","mse",50,2050,1000449,2412,2.85389058589935,"converged",TRUE,FALSE,FALSE,FALSE,FALSE,24,0.00725360784471528,FALSE,"fitted",NA,"rep_0050_fit_mse.rds"
"mse","rate_state",50,2050,1000450,2412,9.21997071504593,"hit_max",FALSE,TRUE,FALSE,FALSE,FALSE,100,3.14515617566737e-73,TRUE,"fitted",NA,"rep_0050_fit_rate_state.rds"
"mse","ou",51,2051,1000451,5966,10.0559533834457,"converged",TRUE,FALSE,FALSE,FALSE,FALSE,43,0.00493727825788727,FALSE,"fitted",NA,"rep_0051_fit_ou.rds"
"mse","mse",51,2051,1000452,5966,18.8593377828598,"converged",TRUE,FALSE,FALSE,FALSE,FALSE,45,0.00484453221280964,FALSE,"fitted",NA,"rep_0051_fit_mse.rds"
"mse","rate_state",51,2051,1000453,5966,33.4968325853348,"hit_max",FALSE,TRUE,FALSE,FALSE,FALSE,100,0.0076261387830569,FALSE,"fitted",NA,"rep_0051_fit_rate_state.rds"
"mse","ou",52,2052,1000454,4524,5.43762543201447,"converged",TRUE,FALSE,FALSE,FALSE,FALSE,39,0.00532033323103149,FALSE,"fitted",NA,"rep_0052_fit_ou.rds"
"mse","mse",52,2052,1000455,4524,8.93543528318405,"converged",TRUE,FALSE,FALSE,FALSE,FALSE,39,0.00526256431550056,FALSE,"fitted",NA,"rep_0052_fit_mse.rds"
"mse","rate_state",52,2052,1000456,4524,17.6263059973717,"hit_max",FALSE,TRUE,FALSE,FALSE,FALSE,100,0.0102067564067953,FALSE,"fitted",NA,"rep_0052_fit_rate_state.rds"
"mse","ou",53,2053,1000457,2368,2.32798290252686,"converged",TRUE,FALSE,FALSE,FALSE,FALSE,24,0.00725048699452128,FALSE,"fitted",NA,"rep_0053_fit_ou.rds"
"mse","mse",53,2053,1000458,2368,2.8160493016243,"converged",TRUE,FALSE,FALSE,FALSE,FALSE,24,0.00727595188312355,FALSE,"fitted",NA,"rep_0053_fit_mse.rds"
"mse","rate_state",53,2053,1000459,2368,10.642060148716,"hit_max",FALSE,TRUE,FALSE,FALSE,FALSE,100,1.62152061490639e-78,TRUE,"fitted",NA,"rep_0053_fit_rate_state.rds"
"mse","ou",54,2054,1000460,2320,2.10060379902522,"converged",TRUE,FALSE,FALSE,FALSE,FALSE,24,0.00755360123719431,FALSE,"fitted",NA,"rep_0054_fit_ou.rds"
"mse","mse",54,2054,1000461,2320,2.85476160049438,"converged",TRUE,FALSE,FALSE,FALSE,FALSE,25,0.0075895827510324,FALSE,"fitted",NA,"rep_0054_fit_mse.rds"
"mse","rate_state",54,2054,1000462,2320,9.69815029700597,"hit_max",FALSE,TRUE,FALSE,FALSE,FALSE,100,0.00823633848836684,FALSE,"fitted",NA,"rep_0054_fit_rate_state.rds"
"mse","ou",55,2055,1000463,2116,2.09772123495738,"converged",TRUE,FALSE,FALSE,FALSE,FALSE,25,0.00781261489375357,FALSE,"fitted",NA,"rep_0055_fit_ou.rds"
"mse","mse",55,2055,1000464,2116,2.85200341939926,"converged",TRUE,FALSE,FALSE,FALSE,FALSE,27,0.00782856100779268,FALSE,"fitted",NA,"rep_0055_fit_mse.rds"
"mse","rate_state",55,2055,1000465,2116,9.05945758422216,"hit_max",FALSE,TRUE,FALSE,FALSE,FALSE,100,1.05280286806569e-80,TRUE,"fitted",NA,"rep_0055_fit_rate_state.rds"
"mse","ou",56,2056,1000466,1943,1.49606004953384,"converged",TRUE,FALSE,FALSE,FALSE,FALSE,20,0.00831751211167263,FALSE,"fitted",NA,"rep_0056_fit_ou.rds"
"mse","mse",56,2056,1000467,1943,2.4032478650411,"converged",TRUE,FALSE,FALSE,FALSE,FALSE,26,0.00831608068714407,FALSE,"fitted",NA,"rep_0056_fit_mse.rds"
"mse","rate_state",56,2056,1000468,1943,8.10345140298208,"hit_max",FALSE,TRUE,FALSE,FALSE,FALSE,100,2.79412979082299e-45,TRUE,"fitted",NA,"rep_0056_fit_rate_state.rds"
"mse","ou",57,2057,1000469,1674,1.51355281670888,"converged",TRUE,FALSE,FALSE,FALSE,FALSE,22,0.0084501735297619,FALSE,"fitted",NA,"rep_0057_fit_ou.rds"
"mse","mse",57,2057,1000470,1674,1.90070713361104,"converged",TRUE,FALSE,FALSE,FALSE,FALSE,23,0.0084410839738971,FALSE,"fitted",NA,"rep_0057_fit_mse.rds"
"mse","rate_state",57,2057,1000471,1674,7.43708434899648,"hit_max",FALSE,TRUE,FALSE,FALSE,FALSE,100,0.0095986376101878,FALSE,"fitted",NA,"rep_0057_fit_rate_state.rds"
"mse","ou",58,2058,1000472,3162,3.41851836442947,"converged",TRUE,FALSE,FALSE,FALSE,FALSE,32,0.0067792412861199,FALSE,"fitted",NA,"rep_0058_fit_ou.rds"
"mse","mse",58,2058,1000473,3162,4.80906489690145,"converged",TRUE,FALSE,FALSE,FALSE,FALSE,30,0.00674412990708464,FALSE,"fitted",NA,"rep_0058_fit_mse.rds"
"mse","rate_state",58,2058,1000474,3162,12.9341886003812,"hit_max",FALSE,TRUE,FALSE,FALSE,FALSE,100,0.011417471959201,FALSE,"fitted",NA,"rep_0058_fit_rate_state.rds"
"mse","ou",59,2059,1000475,2130,1.75882305304209,"converged",TRUE,FALSE,FALSE,FALSE,FALSE,20,0.00801819073370634,FALSE,"fitted",NA,"rep_0059_fit_ou.rds"
"mse","mse",59,2059,1000476,2130,2.04095628261566,"converged",TRUE,FALSE,FALSE,FALSE,FALSE,21,0.00805041995915059,FALSE,"fitted",NA,"rep_0059_fit_mse.rds"
"mse","rate_state",59,2059,1000477,2130,8.01924275159836,"inla_failure",FALSE,FALSE,TRUE,FALSE,FALSE,94,0.00823714729629599,FALSE,"fitted",NA,"rep_0059_fit_rate_state.rds"
"mse","ou",60,2060,1000478,1741,1.3937545021375,"converged",TRUE,FALSE,FALSE,FALSE,FALSE,23,0.0084622831109464,FALSE,"fitted",NA,"rep_0060_fit_ou.rds"
"mse","mse",60,2060,1000479,1741,1.81086260080338,"converged",TRUE,FALSE,FALSE,FALSE,FALSE,23,0.00851145993635624,FALSE,"fitted",NA,"rep_0060_fit_mse.rds"
"mse","rate_state",60,2060,1000480,1741,6.35487396717072,"hit_max",FALSE,TRUE,FALSE,FALSE,FALSE,100,1.96470551581761e-85,TRUE,"fitted",NA,"rep_0060_fit_rate_state.rds"
"mse","ou",61,2061,1000481,1932,1.33299794991811,"converged",TRUE,FALSE,FALSE,FALSE,FALSE,20,0.00824456124370192,FALSE,"fitted",NA,"rep_0061_fit_ou.rds"
"mse","mse",61,2061,1000482,1932,2.61388388474782,"converged",TRUE,FALSE,FALSE,FALSE,FALSE,31,0.00826431643443083,FALSE,"fitted",NA,"rep_0061_fit_mse.rds"
"mse","rate_state",61,2061,1000483,1932,7.53895770311356,"hit_max",FALSE,TRUE,FALSE,FALSE,FALSE,100,0.00875574304836022,FALSE,"fitted",NA,"rep_0061_fit_rate_state.rds"
"mse","ou",62,2062,1000484,1667,1.25854846636454,"converged",TRUE,FALSE,FALSE,FALSE,FALSE,22,0.0085554046022792,FALSE,"fitted",NA,"rep_0062_fit_ou.rds"
"mse","mse",62,2062,1000485,1667,1.58460351626078,"converged",TRUE,FALSE,FALSE,FALSE,FALSE,23,0.00858450977190138,FALSE,"fitted",NA,"rep_0062_fit_mse.rds"
"mse","rate_state",62,2062,1000486,1667,6.10744044780731,"hit_max",FALSE,TRUE,FALSE,FALSE,FALSE,100,0.0117463235222457,FALSE,"fitted",NA,"rep_0062_fit_rate_state.rds"
"mse","ou",63,2063,1000487,1512,1.05353041887283,"converged",TRUE,FALSE,FALSE,FALSE,FALSE,20,0.00883669671655209,FALSE,"fitted",NA,"rep_0063_fit_ou.rds"
"mse","mse",63,2063,1000488,1512,2.20489736795425,"converged",TRUE,FALSE,FALSE,FALSE,FALSE,32,0.00891900899989917,FALSE,"fitted",NA,"rep_0063_fit_mse.rds"
"mse","rate_state",63,2063,1000489,1512,6.21893664995829,"hit_max",FALSE,TRUE,FALSE,FALSE,FALSE,100,0.00927358763521315,FALSE,"fitted",NA,"rep_0063_fit_rate_state.rds"
"mse","ou",64,2064,1000490,3309,3.21580991744995,"converged",TRUE,FALSE,FALSE,FALSE,FALSE,31,0.00656076327802667,FALSE,"fitted",NA,"rep_0064_fit_ou.rds"
"mse","mse",64,2064,1000491,3309,4.30046219825745,"converged",TRUE,FALSE,FALSE,FALSE,FALSE,31,0.00657287919261574,FALSE,"fitted",NA,"rep_0064_fit_mse.rds"
"mse","rate_state",64,2064,1000492,3309,11.9738632996877,"hit_max",FALSE,TRUE,FALSE,FALSE,FALSE,100,0.00839546291238761,FALSE,"fitted",NA,"rep_0064_fit_rate_state.rds"
"mse","ou",65,2065,1000493,1908,1.27543623447418,"converged",TRUE,FALSE,FALSE,FALSE,FALSE,21,0.00800990969003466,FALSE,"fitted",NA,"rep_0065_fit_ou.rds"
"mse","mse",65,2065,1000494,1908,1.75216130018234,"converged",TRUE,FALSE,FALSE,FALSE,FALSE,23,0.00803370119802774,FALSE,"fitted",NA,"rep_0065_fit_mse.rds"
"mse","rate_state",65,2065,1000495,1908,6.37290538549423,"hit_max",FALSE,TRUE,FALSE,FALSE,FALSE,100,0.0106079299776826,FALSE,"fitted",NA,"rep_0065_fit_rate_state.rds"
"mse","ou",66,2066,1000496,2822,2.27708378632863,"converged",TRUE,FALSE,FALSE,FALSE,FALSE,24,0.00689345287963909,FALSE,"fitted",NA,"rep_0066_fit_ou.rds"
"mse","mse",66,2066,1000497,2822,2.78899163405101,"converged",TRUE,FALSE,FALSE,FALSE,FALSE,25,0.00689536828828715,FALSE,"fitted",NA,"rep_0066_fit_mse.rds"
"mse","rate_state",66,2066,1000498,2822,10.3923150142034,"hit_max",FALSE,TRUE,FALSE,FALSE,FALSE,100,0.00980321562247548,FALSE,"fitted",NA,"rep_0066_fit_rate_state.rds"
"mse","ou",67,2067,1000499,2419,1.63467245101929,"converged",TRUE,FALSE,FALSE,FALSE,FALSE,21,0.00747384327068569,FALSE,"fitted",NA,"rep_0067_fit_ou.rds"
"mse","mse",67,2067,1000500,2419,2.99879128535589,"converged",TRUE,FALSE,FALSE,FALSE,FALSE,31,0.00748686720682854,FALSE,"fitted",NA,"rep_0067_fit_mse.rds"
"mse","rate_state",67,2067,1000501,2419,8.07080818414688,"hit_max",FALSE,TRUE,FALSE,FALSE,FALSE,100,0.0104876220381702,FALSE,"fitted",NA,"rep_0067_fit_rate_state.rds"
"mse","ou",68,2068,1000502,2273,1.75484826564789,"converged",TRUE,FALSE,FALSE,FALSE,FALSE,24,0.00741008015931264,FALSE,"fitted",NA,"rep_0068_fit_ou.rds"
"mse","mse",68,2068,1000503,2273,2.50665539900462,"converged",TRUE,FALSE,FALSE,FALSE,FALSE,26,0.00740212240223244,FALSE,"fitted",NA,"rep_0068_fit_mse.rds"
"mse","rate_state",68,2068,1000504,2273,7.94633074998856,"hit_max",FALSE,TRUE,FALSE,FALSE,FALSE,100,0.011685887078964,FALSE,"fitted",NA,"rep_0068_fit_rate_state.rds"
"mse","ou",69,2069,1000505,3969,4.70315680106481,"converged",TRUE,FALSE,FALSE,FALSE,FALSE,34,0.006247536887401,FALSE,"fitted",NA,"rep_0069_fit_ou.rds"
"mse","mse",69,2069,1000506,3969,5.57558474938075,"converged",TRUE,FALSE,FALSE,FALSE,FALSE,31,0.0062475341578121,FALSE,"fitted",NA,"rep_0069_fit_mse.rds"
"mse","rate_state",69,2069,1000507,3969,16.4802415172259,"hit_max",FALSE,TRUE,FALSE,FALSE,FALSE,100,0.010092242860099,FALSE,"fitted",NA,"rep_0069_fit_rate_state.rds"
"mse","ou",70,2070,1000508,2359,1.54808675050735,"converged",TRUE,FALSE,FALSE,FALSE,FALSE,22,0.00764455281387327,FALSE,"fitted",NA,"rep_0070_fit_ou.rds"
"mse","mse",70,2070,1000509,2359,2.32570363680522,"converged",TRUE,FALSE,FALSE,FALSE,FALSE,25,0.00765808640529363,FALSE,"fitted",NA,"rep_0070_fit_mse.rds"
"mse","rate_state",70,2070,1000510,2359,7.57362349828084,"hit_max",FALSE,TRUE,FALSE,FALSE,FALSE,100,0.0225080581272895,FALSE,"fitted",NA,"rep_0070_fit_rate_state.rds"
"mse","ou",71,2071,1000511,3055,2.77458818356196,"converged",TRUE,FALSE,FALSE,FALSE,FALSE,28,0.0064606030758835,FALSE,"fitted",NA,"rep_0071_fit_ou.rds"
"mse","mse",71,2071,1000512,3055,3.54086156686147,"converged",TRUE,FALSE,FALSE,FALSE,FALSE,29,0.00646985759584716,FALSE,"fitted",NA,"rep_0071_fit_mse.rds"
"mse","rate_state",71,2071,1000513,3055,10.8011954983075,"hit_max",FALSE,TRUE,FALSE,FALSE,FALSE,100,0.00719927777676416,FALSE,"fitted",NA,"rep_0071_fit_rate_state.rds"
"mse","ou",72,2072,1000514,1593,1.00945159991582,"converged",TRUE,FALSE,FALSE,FALSE,FALSE,19,0.00903742497262023,FALSE,"fitted",NA,"rep_0072_fit_ou.rds"
"mse","mse",72,2072,1000515,1593,1.30886558294296,"converged",TRUE,FALSE,FALSE,FALSE,FALSE,20,0.0090601650004556,FALSE,"fitted",NA,"rep_0072_fit_mse.rds"
"mse","rate_state",72,2072,1000516,1593,5.82306888500849,"hit_max",FALSE,TRUE,FALSE,FALSE,FALSE,100,0.0100187178429478,FALSE,"fitted",NA,"rep_0072_fit_rate_state.rds"
"mse","ou",73,2073,1000517,2659,2.02930835088094,"converged",TRUE,FALSE,FALSE,FALSE,FALSE,24,0.00723707231081335,FALSE,"fitted",NA,"rep_0073_fit_ou.rds"
"mse","mse",73,2073,1000518,2659,3.34770865043004,"converged",TRUE,FALSE,FALSE,FALSE,FALSE,30,0.00721010536189452,FALSE,"fitted",NA,"rep_0073_fit_mse.rds"
"mse","rate_state",73,2073,1000519,2659,9.62883900006612,"hit_max",FALSE,TRUE,FALSE,FALSE,FALSE,100,6.04709436371959e-54,TRUE,"fitted",NA,"rep_0073_fit_rate_state.rds"
"mse","ou",74,2074,1000520,2079,1.25391531785329,"converged",TRUE,FALSE,FALSE,FALSE,FALSE,20,0.00806609311768308,FALSE,"fitted",NA,"rep_0074_fit_ou.rds"
"mse","mse",74,2074,1000521,2079,1.65234181483587,"converged",TRUE,FALSE,FALSE,FALSE,FALSE,21,0.00803969357618597,FALSE,"fitted",NA,"rep_0074_fit_mse.rds"
"mse","rate_state",74,2074,1000522,2079,6.33895711898804,"hit_max",FALSE,TRUE,FALSE,FALSE,FALSE,100,0.00887297042871233,FALSE,"fitted",NA,"rep_0074_fit_rate_state.rds"
"mse","ou",75,2075,1000523,2728,1.72931726376216,"converged",TRUE,FALSE,FALSE,FALSE,FALSE,22,0.00704146051945364,FALSE,"fitted",NA,"rep_0075_fit_ou.rds"
"mse","mse",75,2075,1000524,2728,2.65030235052109,"converged",TRUE,FALSE,FALSE,FALSE,FALSE,24,0.00699595358326108,FALSE,"fitted",NA,"rep_0075_fit_mse.rds"
"mse","rate_state",75,2075,1000525,2728,8.68632084925969,"hit_max",FALSE,TRUE,FALSE,FALSE,FALSE,100,0.00840159696898594,FALSE,"fitted",NA,"rep_0075_fit_rate_state.rds"
"mse","ou",76,2076,1000526,2192,1.42426996628443,"converged",TRUE,FALSE,FALSE,FALSE,FALSE,22,0.00770654258208122,FALSE,"fitted",NA,"rep_0076_fit_ou.rds"
"mse","mse",76,2076,1000527,2192,1.95919263362885,"converged",TRUE,FALSE,FALSE,FALSE,FALSE,25,0.00770821785934086,FALSE,"fitted",NA,"rep_0076_fit_mse.rds"
"mse","rate_state",76,2076,1000528,2192,6.84300638437271,"hit_max",FALSE,TRUE,FALSE,FALSE,FALSE,100,0.00849236820197482,FALSE,"fitted",NA,"rep_0076_fit_rate_state.rds"
"mse","ou",77,2077,1000529,2563,1.61405276854833,"converged",TRUE,FALSE,FALSE,FALSE,FALSE,21,0.00733429211124489,FALSE,"fitted",NA,"rep_0077_fit_ou.rds"
"mse","mse",77,2077,1000530,2563,3.19296023448308,"converged",TRUE,FALSE,FALSE,FALSE,FALSE,32,0.00735275139989815,FALSE,"fitted",NA,"rep_0077_fit_mse.rds"
"mse","rate_state",77,2077,1000531,2563,8.15223251581192,"hit_max",FALSE,TRUE,FALSE,FALSE,FALSE,100,0.00794967468428474,FALSE,"fitted",NA,"rep_0077_fit_rate_state.rds"
"mse","ou",78,2078,1000532,2206,1.40143571694692,"converged",TRUE,FALSE,FALSE,FALSE,FALSE,22,0.0077634850478973,FALSE,"fitted",NA,"rep_0078_fit_ou.rds"
"mse","mse",78,2078,1000533,2206,2.24864404996236,"converged",TRUE,FALSE,FALSE,FALSE,FALSE,29,0.00783181982213708,FALSE,"fitted",NA,"rep_0078_fit_mse.rds"
"mse","rate_state",78,2078,1000534,2206,6.62838086684545,"hit_max",FALSE,TRUE,FALSE,FALSE,FALSE,100,0.0090990174818847,FALSE,"fitted",NA,"rep_0078_fit_rate_state.rds"
"mse","ou",79,2079,1000535,1709,0.974891682465871,"converged",TRUE,FALSE,FALSE,FALSE,FALSE,19,0.00881828388785522,FALSE,"fitted",NA,"rep_0079_fit_ou.rds"
"mse","mse",79,2079,1000536,1709,1.39327386617661,"converged",TRUE,FALSE,FALSE,FALSE,FALSE,21,0.00876126560668162,FALSE,"fitted",NA,"rep_0079_fit_mse.rds"
"mse","rate_state",79,2079,1000537,1709,5.37517284949621,"hit_max",FALSE,TRUE,FALSE,FALSE,FALSE,100,3.7526401487256e-57,TRUE,"fitted",NA,"rep_0079_fit_rate_state.rds"
"mse","ou",80,2080,1000538,6416,12.8351971507072,"converged",TRUE,FALSE,FALSE,FALSE,FALSE,56,0.00450509131403335,FALSE,"fitted",NA,"rep_0080_fit_ou.rds"
"mse","mse",80,2080,1000539,6416,21.5507522145907,"converged",TRUE,FALSE,FALSE,FALSE,FALSE,62,0.00448006847841143,FALSE,"fitted",NA,"rep_0080_fit_mse.rds"
"mse","rate_state",80,2080,1000540,6416,28.418832218647,"hit_max",FALSE,TRUE,FALSE,FALSE,FALSE,100,0.00993859250132188,FALSE,"fitted",NA,"rep_0080_fit_rate_state.rds"
"mse","ou",81,2081,1000541,1765,1.21138354937236,"converged",TRUE,FALSE,FALSE,FALSE,FALSE,23,0.00857423402853667,FALSE,"fitted",NA,"rep_0081_fit_ou.rds"
"mse","mse",81,2081,1000542,1765,1.6503773967425,"converged",TRUE,FALSE,FALSE,FALSE,FALSE,26,0.00858168638528892,FALSE,"fitted",NA,"rep_0081_fit_mse.rds"
"mse","rate_state",81,2081,1000543,1765,5.57039810021718,"hit_max",FALSE,TRUE,FALSE,FALSE,FALSE,100,0.00913129745323145,FALSE,"fitted",NA,"rep_0081_fit_rate_state.rds"
"mse","ou",82,2082,1000544,5557,7.74635316928228,"converged",TRUE,FALSE,FALSE,FALSE,FALSE,43,0.00478403603853884,FALSE,"fitted",NA,"rep_0082_fit_ou.rds"
"mse","mse",82,2082,1000545,5557,12.0961047649384,"converged",TRUE,FALSE,FALSE,FALSE,FALSE,44,0.00477704281010689,FALSE,"fitted",NA,"rep_0082_fit_mse.rds"
"mse","rate_state",82,2082,1000546,5557,22.8846075137456,"hit_max",FALSE,TRUE,FALSE,FALSE,FALSE,100,0.00680383869139711,FALSE,"fitted",NA,"rep_0082_fit_rate_state.rds"
"mse","ou",83,2083,1000547,2496,1.67848982016246,"converged",TRUE,FALSE,FALSE,FALSE,FALSE,22,0.00749330389512986,FALSE,"fitted",NA,"rep_0083_fit_ou.rds"
"mse","mse",83,2083,1000548,2496,2.32179780006409,"converged",TRUE,FALSE,FALSE,FALSE,FALSE,26,0.00743984815162038,FALSE,"fitted",NA,"rep_0083_fit_mse.rds"
"mse","rate_state",83,2083,1000549,2496,8.44831215143204,"hit_max",FALSE,TRUE,FALSE,FALSE,FALSE,100,0.012479481883562,FALSE,"fitted",NA,"rep_0083_fit_rate_state.rds"
"mse","ou",84,2084,1000550,2421,1.61523429950078,"converged",TRUE,FALSE,FALSE,FALSE,FALSE,22,0.00743655264306707,FALSE,"fitted",NA,"rep_0084_fit_ou.rds"
"mse","mse",84,2084,1000551,2421,2.28302184740702,"converged",TRUE,FALSE,FALSE,FALSE,FALSE,24,0.00743055791882719,FALSE,"fitted",NA,"rep_0084_fit_mse.rds"
"mse","rate_state",84,2084,1000552,2421,8.04443095127741,"hit_max",FALSE,TRUE,FALSE,FALSE,FALSE,100,8.00090097521274e-65,TRUE,"fitted",NA,"rep_0084_fit_rate_state.rds"
"mse","ou",85,2085,1000553,2408,1.65850844780604,"converged",TRUE,FALSE,FALSE,FALSE,FALSE,22,0.00780377582132177,FALSE,"fitted",NA,"rep_0085_fit_ou.rds"
"mse","mse",85,2085,1000554,2408,2.94444078207016,"converged",TRUE,FALSE,FALSE,FALSE,FALSE,35,0.00781013820203181,FALSE,"fitted",NA,"rep_0085_fit_mse.rds"
"mse","rate_state",85,2085,1000555,2408,7.87932879924774,"hit_max",FALSE,TRUE,FALSE,FALSE,FALSE,100,2.3517771894686e-07,TRUE,"fitted",NA,"rep_0085_fit_rate_state.rds"
"mse","ou",86,2086,1000556,3130,3.04463806947072,"converged",TRUE,FALSE,FALSE,FALSE,FALSE,34,0.00631415276144456,FALSE,"fitted",NA,"rep_0086_fit_ou.rds"
"mse","mse",86,2086,1000557,3130,3.80265071392059,"converged",TRUE,FALSE,FALSE,FALSE,FALSE,26,0.00632699801171584,FALSE,"fitted",NA,"rep_0086_fit_mse.rds"
"mse","rate_state",86,2086,1000558,3130,11.596532468001,"hit_max",FALSE,TRUE,FALSE,FALSE,FALSE,100,0.011920497385285,FALSE,"fitted",NA,"rep_0086_fit_rate_state.rds"
"mse","ou",87,2087,1000559,3185,2.97621241410573,"converged",TRUE,FALSE,FALSE,FALSE,FALSE,31,0.00668931258645942,FALSE,"fitted",NA,"rep_0087_fit_ou.rds"
"mse","mse",87,2087,1000560,3185,3.26709360281626,"converged",TRUE,FALSE,FALSE,FALSE,FALSE,27,0.00663971961476085,FALSE,"fitted",NA,"rep_0087_fit_mse.rds"
"mse","rate_state",87,2087,1000561,3185,11.2778301318487,"hit_max",FALSE,TRUE,FALSE,FALSE,FALSE,100,0.0114509975334354,FALSE,"fitted",NA,"rep_0087_fit_rate_state.rds"
"mse","ou",88,2088,1000562,1583,0.976206636428833,"converged",TRUE,FALSE,FALSE,FALSE,FALSE,20,0.00882919206622449,FALSE,"fitted",NA,"rep_0088_fit_ou.rds"
"mse","mse",88,2088,1000563,1583,1.17733691533407,"converged",TRUE,FALSE,FALSE,FALSE,FALSE,20,0.00884031295640005,FALSE,"fitted",NA,"rep_0088_fit_mse.rds"
"mse","rate_state",88,2088,1000564,1583,5.04507596492767,"hit_max",FALSE,TRUE,FALSE,FALSE,FALSE,100,0.00917218113010753,FALSE,"fitted",NA,"rep_0088_fit_rate_state.rds"
"mse","ou",89,2089,1000565,3792,3.62646606763204,"converged",TRUE,FALSE,FALSE,FALSE,FALSE,32,0.00600374226284114,FALSE,"fitted",NA,"rep_0089_fit_ou.rds"
"mse","mse",89,2089,1000566,3792,3.94736738204956,"converged",TRUE,FALSE,FALSE,FALSE,FALSE,26,0.00597893105409575,FALSE,"fitted",NA,"rep_0089_fit_mse.rds"
"mse","rate_state",89,2089,1000567,3792,13.140240351359,"hit_max",FALSE,TRUE,FALSE,FALSE,FALSE,100,0.00693673799637058,FALSE,"fitted",NA,"rep_0089_fit_rate_state.rds"
"mse","ou",90,2090,1000568,2700,1.76491136550903,"converged",TRUE,FALSE,FALSE,FALSE,FALSE,23,0.00720729008181795,FALSE,"fitted",NA,"rep_0090_fit_ou.rds"
"mse","mse",90,2090,1000569,2700,2.41547403335571,"converged",TRUE,FALSE,FALSE,FALSE,FALSE,25,0.00718636862222147,FALSE,"fitted",NA,"rep_0090_fit_mse.rds"
"mse","rate_state",90,2090,1000570,2700,8.19799218177795,"hit_max",FALSE,TRUE,FALSE,FALSE,FALSE,100,0.00920914299754618,FALSE,"fitted",NA,"rep_0090_fit_rate_state.rds"
"mse","ou",91,2091,1000571,5316,7.54544141689936,"converged",TRUE,FALSE,FALSE,FALSE,FALSE,44,0.00524986672231892,FALSE,"fitted",NA,"rep_0091_fit_ou.rds"
"mse","mse",91,2091,1000572,5316,10.9424221158028,"converged",TRUE,FALSE,FALSE,FALSE,FALSE,44,0.0052352739047629,FALSE,"fitted",NA,"rep_0091_fit_mse.rds"
"mse","rate_state",91,2091,1000573,5316,19.8507682998975,"hit_max",FALSE,TRUE,FALSE,FALSE,FALSE,100,9.20509099176236e-101,TRUE,"fitted",NA,"rep_0091_fit_rate_state.rds"
"mse","ou",92,2092,1000574,6695,12.7883683641752,"converged",TRUE,FALSE,FALSE,FALSE,FALSE,48,0.00436685570089192,FALSE,"fitted",NA,"rep_0092_fit_ou.rds"
"mse","mse",92,2092,1000575,6695,16.8739941159884,"converged",TRUE,FALSE,FALSE,FALSE,FALSE,47,0.00434491268260746,FALSE,"fitted",NA,"rep_0092_fit_mse.rds"
"mse","rate_state",92,2092,1000576,6695,31.1340722163518,"hit_max",FALSE,TRUE,FALSE,FALSE,FALSE,100,0.00982452667754254,FALSE,"fitted",NA,"rep_0092_fit_rate_state.rds"
"mse","ou",93,2093,1000577,3300,2.98100210030874,"converged",TRUE,FALSE,FALSE,FALSE,FALSE,32,0.00634950861598271,FALSE,"fitted",NA,"rep_0093_fit_ou.rds"
"mse","mse",93,2093,1000578,3300,4.10518184900284,"converged",TRUE,FALSE,FALSE,FALSE,FALSE,30,0.00637515079680834,FALSE,"fitted",NA,"rep_0093_fit_mse.rds"
"mse","rate_state",93,2093,1000579,3300,10.3487818479538,"hit_max",FALSE,TRUE,FALSE,FALSE,FALSE,100,0.00697460735423134,FALSE,"fitted",NA,"rep_0093_fit_rate_state.rds"
"mse","ou",94,2094,1000580,6228,9.90827658176422,"converged",TRUE,FALSE,FALSE,FALSE,FALSE,43,0.00468960070764292,FALSE,"fitted",NA,"rep_0094_fit_ou.rds"
"mse","mse",94,2094,1000581,6228,13.3563342491786,"converged",TRUE,FALSE,FALSE,FALSE,FALSE,43,0.00468316065564109,FALSE,"fitted",NA,"rep_0094_fit_mse.rds"
"mse","rate_state",94,2094,1000582,6228,27.4277477145195,"hit_max",FALSE,TRUE,FALSE,FALSE,FALSE,100,9.00648739406578e-60,TRUE,"fitted",NA,"rep_0094_fit_rate_state.rds"
"mse","ou",95,2095,1000583,1999,1.34148921569188,"converged",TRUE,FALSE,FALSE,FALSE,FALSE,23,0.00802523296334023,FALSE,"fitted",NA,"rep_0095_fit_ou.rds"
"mse","mse",95,2095,1000584,1999,1.78758318424225,"converged",TRUE,FALSE,FALSE,FALSE,FALSE,25,0.00802565818715904,FALSE,"fitted",NA,"rep_0095_fit_mse.rds"
"mse","rate_state",95,2095,1000585,1999,6.49894828399022,"hit_max",FALSE,TRUE,FALSE,FALSE,FALSE,100,0.0135143489695869,FALSE,"fitted",NA,"rep_0095_fit_rate_state.rds"
"mse","ou",96,2096,1000586,2581,1.8142328341802,"converged",TRUE,FALSE,FALSE,FALSE,FALSE,24,0.00723554855931163,FALSE,"fitted",NA,"rep_0096_fit_ou.rds"
"mse","mse",96,2096,1000587,2581,2.36301228602727,"converged",TRUE,FALSE,FALSE,FALSE,FALSE,26,0.0072381449212461,FALSE,"fitted",NA,"rep_0096_fit_mse.rds"
"mse","rate_state",96,2096,1000588,2581,8.24981733560562,"hit_max",FALSE,TRUE,FALSE,FALSE,FALSE,100,0.00711661814067214,FALSE,"fitted",NA,"rep_0096_fit_rate_state.rds"
"mse","ou",97,2097,1000589,1966,1.20485743284225,"converged",TRUE,FALSE,FALSE,FALSE,FALSE,21,0.00801544008460958,FALSE,"fitted",NA,"rep_0097_fit_ou.rds"
"mse","mse",97,2097,1000590,1966,2.05471546649933,"converged",TRUE,FALSE,FALSE,FALSE,FALSE,30,0.00804467781188726,FALSE,"fitted",NA,"rep_0097_fit_mse.rds"
"mse","rate_state",97,2097,1000591,1966,6.04818853537242,"hit_max",FALSE,TRUE,FALSE,FALSE,FALSE,100,0.00943945515860355,FALSE,"fitted",NA,"rep_0097_fit_rate_state.rds"
"mse","ou",98,2098,1000592,1714,1.0697940826416,"converged",TRUE,FALSE,FALSE,FALSE,FALSE,21,0.00846438014685248,FALSE,"fitted",NA,"rep_0098_fit_ou.rds"
"mse","mse",98,2098,1000593,1714,1.68465581734975,"converged",TRUE,FALSE,FALSE,FALSE,FALSE,28,0.00853074393212548,FALSE,"fitted",NA,"rep_0098_fit_mse.rds"
"mse","rate_state",98,2098,1000594,1714,5.3086181640625,"hit_max",FALSE,TRUE,FALSE,FALSE,FALSE,100,3.2119581607848e-08,TRUE,"fitted",NA,"rep_0098_fit_rate_state.rds"
"mse","ou",99,2099,1000595,4517,5.82018298308055,"converged",TRUE,FALSE,FALSE,FALSE,FALSE,41,0.00526045515581695,FALSE,"fitted",NA,"rep_0099_fit_ou.rds"
"mse","mse",99,2099,1000596,4517,7.34396988153458,"converged",TRUE,FALSE,FALSE,FALSE,FALSE,39,0.0052531168133946,FALSE,"fitted",NA,"rep_0099_fit_mse.rds"
"mse","rate_state",99,2099,1000597,4517,16.1391505360603,"hit_max",FALSE,TRUE,FALSE,FALSE,FALSE,100,0.00733845413786807,FALSE,"fitted",NA,"rep_0099_fit_rate_state.rds"
"mse","ou",100,2100,1000598,3438,3.09457411766052,"converged",TRUE,FALSE,FALSE,FALSE,FALSE,31,0.00664973284991799,FALSE,"fitted",NA,"rep_0100_fit_ou.rds"
"mse","mse",100,2100,1000599,3438,4.25080223083496,"converged",TRUE,FALSE,FALSE,FALSE,FALSE,27,0.00660155745725018,FALSE,"fitted",NA,"rep_0100_fit_mse.rds"
"mse","rate_state",100,2100,1000600,3438,11.357508567969,"hit_max",FALSE,TRUE,FALSE,FALSE,FALSE,100,0.0111199489207121,FALSE,"fitted",NA,"rep_0100_fit_rate_state.rds"
"rate_state","ou",1,3001,1000601,1885,1.41492036581039,"converged",TRUE,FALSE,FALSE,FALSE,FALSE,26,0.00813992051856456,FALSE,"fitted",NA,"rep_0001_fit_ou.rds"
"rate_state","mse",1,3001,1000602,1885,5.91758563518524,"hit_max",FALSE,TRUE,FALSE,FALSE,FALSE,100,0.00814121519356028,FALSE,"fitted",NA,"rep_0001_fit_mse.rds"
"rate_state","rate_state",1,3001,1000603,1885,1.37827154795329,"converged",TRUE,FALSE,FALSE,FALSE,FALSE,23,0.00820115997182382,FALSE,"fitted",NA,"rep_0001_fit_rate_state.rds"
"rate_state","ou",2,3002,1000604,3876,4.4344731648763,"converged",TRUE,FALSE,FALSE,FALSE,FALSE,36,0.00592434206870419,FALSE,"fitted",NA,"rep_0002_fit_ou.rds"
"rate_state","mse",2,3002,1000605,3876,15.0198120514552,"hit_max",FALSE,TRUE,FALSE,FALSE,FALSE,100,0.00591888333541707,FALSE,"fitted",NA,"rep_0002_fit_mse.rds"
"rate_state","rate_state",2,3002,1000606,3876,4.94029440085093,"converged",TRUE,FALSE,FALSE,FALSE,FALSE,34,0.00594962025331555,FALSE,"fitted",NA,"rep_0002_fit_rate_state.rds"
"rate_state","ou",3,3003,1000607,2203,1.78801678419113,"converged",TRUE,FALSE,FALSE,FALSE,FALSE,29,0.0073406762897917,FALSE,"fitted",NA,"rep_0003_fit_ou.rds"
"rate_state","mse",3,3003,1000608,2203,3.79546981652578,"converged",TRUE,FALSE,FALSE,FALSE,FALSE,52,0.00733531897005062,FALSE,"fitted",NA,"rep_0003_fit_mse.rds"
"rate_state","rate_state",3,3003,1000609,2203,1.75403486887614,"converged",TRUE,FALSE,FALSE,FALSE,FALSE,25,0.0073904511469922,FALSE,"fitted",NA,"rep_0003_fit_rate_state.rds"
"rate_state","ou",4,3004,1000610,3518,3.73454501628876,"converged",TRUE,FALSE,FALSE,FALSE,FALSE,34,0.00592769356876856,FALSE,"fitted",NA,"rep_0004_fit_ou.rds"
"rate_state","mse",4,3004,1000611,3518,4.77199123303096,"converged",TRUE,FALSE,FALSE,FALSE,FALSE,37,0.00591966965603386,FALSE,"fitted",NA,"rep_0004_fit_mse.rds"
"rate_state","rate_state",4,3004,1000612,3518,4.11524818340937,"converged",TRUE,FALSE,FALSE,FALSE,FALSE,33,0.00594979125211768,FALSE,"fitted",NA,"rep_0004_fit_rate_state.rds"
"rate_state","ou",5,3005,1000613,1873,1.41154488325119,"converged",TRUE,FALSE,FALSE,FALSE,FALSE,26,0.00818286292637681,FALSE,"fitted",NA,"rep_0005_fit_ou.rds"
"rate_state","mse",5,3005,1000614,1873,6.22930635213852,"hit_max",FALSE,TRUE,FALSE,FALSE,FALSE,100,0.00816169594619252,FALSE,"fitted",NA,"rep_0005_fit_mse.rds"
"rate_state","rate_state",5,3005,1000615,1873,1.30461229880651,"converged",TRUE,FALSE,FALSE,FALSE,FALSE,22,0.00827199034764432,FALSE,"fitted",NA,"rep_0005_fit_rate_state.rds"
"rate_state","ou",6,3006,1000616,15330,57.3390540838242,"converged",TRUE,FALSE,FALSE,FALSE,FALSE,51,0.0029797412102694,FALSE,"fitted",NA,"rep_0006_fit_ou.rds"
"rate_state","mse",6,3006,1000617,15330,165.405810030301,"converged",TRUE,FALSE,FALSE,FALSE,FALSE,85,0.00285483769855016,FALSE,"fitted",NA,"rep_0006_fit_mse.rds"
"rate_state","rate_state",6,3006,1000618,15330,77.2420829335849,"converged",TRUE,FALSE,FALSE,FALSE,FALSE,55,0.00285628230868019,FALSE,"fitted",NA,"rep_0006_fit_rate_state.rds"
"rate_state","ou",7,3007,1000619,1360,0.97576516866684,"converged",TRUE,FALSE,FALSE,FALSE,FALSE,21,0.00917031335087638,FALSE,"fitted",NA,"rep_0007_fit_ou.rds"
"rate_state","mse",7,3007,1000620,1360,2.23008695046107,"converged",TRUE,FALSE,FALSE,FALSE,FALSE,45,0.00930084922513736,FALSE,"fitted",NA,"rep_0007_fit_mse.rds"
"rate_state","rate_state",7,3007,1000621,1360,0.893476382891337,"converged",TRUE,FALSE,FALSE,FALSE,FALSE,18,0.00941454262470706,FALSE,"fitted",NA,"rep_0007_fit_rate_state.rds"
"rate_state","ou",8,3008,1000622,3118,3.20262929995855,"converged",TRUE,FALSE,FALSE,FALSE,FALSE,34,0.00660648742827016,FALSE,"fitted",NA,"rep_0008_fit_ou.rds"
"rate_state","mse",8,3008,1000623,3118,4.59196218252182,"converged",TRUE,FALSE,FALSE,FALSE,FALSE,39,0.0065692672169259,FALSE,"fitted",NA,"rep_0008_fit_mse.rds"
"rate_state","rate_state",8,3008,1000624,3118,3.62787573337555,"converged",TRUE,FALSE,FALSE,FALSE,FALSE,33,0.00657578496875907,FALSE,"fitted",NA,"rep_0008_fit_rate_state.rds"
"rate_state","ou",9,3009,1000625,2157,1.81379013458888,"converged",TRUE,FALSE,FALSE,FALSE,FALSE,28,0.00748767785371701,FALSE,"fitted",NA,"rep_0009_fit_ou.rds"
"rate_state","mse",9,3009,1000626,2157,2.77090415159861,"converged",TRUE,FALSE,FALSE,FALSE,FALSE,35,0.0075204688879893,FALSE,"fitted",NA,"rep_0009_fit_mse.rds"
"rate_state","rate_state",9,3009,1000627,2157,1.90519534746806,"converged",TRUE,FALSE,FALSE,FALSE,FALSE,26,0.00755832033064457,FALSE,"fitted",NA,"rep_0009_fit_rate_state.rds"
"rate_state","ou",10,3010,1000628,4286,5.01747336387634,"converged",TRUE,FALSE,FALSE,FALSE,FALSE,34,0.00571852198875245,FALSE,"fitted",NA,"rep_0010_fit_ou.rds"
"rate_state","mse",10,3010,1000629,4286,7.6583035826683,"converged",TRUE,FALSE,FALSE,FALSE,FALSE,43,0.00562828264343182,FALSE,"fitted",NA,"rep_0010_fit_mse.rds"
"rate_state","rate_state",10,3010,1000630,4286,6.05472523371379,"converged",TRUE,FALSE,FALSE,FALSE,FALSE,35,0.00564301708451833,FALSE,"fitted",NA,"rep_0010_fit_rate_state.rds"
"rate_state","ou",11,3011,1000631,1838,1.38435931603114,"converged",TRUE,FALSE,FALSE,FALSE,FALSE,25,0.00831744940370361,FALSE,"fitted",NA,"rep_0011_fit_ou.rds"
"rate_state","mse",11,3011,1000632,1838,4.4411551674207,"converged",TRUE,FALSE,FALSE,FALSE,FALSE,71,0.00840657666143484,FALSE,"fitted",NA,"rep_0011_fit_mse.rds"
"rate_state","rate_state",11,3011,1000633,1838,1.25629165172577,"converged",TRUE,FALSE,FALSE,FALSE,FALSE,21,0.00847443600381363,FALSE,"fitted",NA,"rep_0011_fit_rate_state.rds"
"rate_state","ou",12,3012,1000634,6183,10.6643806497256,"converged",TRUE,FALSE,FALSE,FALSE,FALSE,43,0.0048649184720312,FALSE,"fitted",NA,"rep_0012_fit_ou.rds"
"rate_state","mse",12,3012,1000635,6183,31.0021987001101,"hit_max",FALSE,TRUE,FALSE,FALSE,FALSE,100,0.00480242316896621,FALSE,"fitted",NA,"rep_0012_fit_mse.rds"
"rate_state","rate_state",12,3012,1000636,6183,14.1527734160423,"converged",TRUE,FALSE,FALSE,FALSE,FALSE,46,0.00482517258353839,FALSE,"fitted",NA,"rep_0012_fit_rate_state.rds"
"rate_state","ou",13,3013,1000637,2292,1.97498234907786,"converged",TRUE,FALSE,FALSE,FALSE,FALSE,29,0.0074465608762995,FALSE,"fitted",NA,"rep_0013_fit_ou.rds"
"rate_state","mse",13,3013,1000638,2292,3.70131458044052,"converged",TRUE,FALSE,FALSE,FALSE,FALSE,48,0.00744108947831453,FALSE,"fitted",NA,"rep_0013_fit_mse.rds"
"rate_state","rate_state",13,3013,1000639,2292,2.03681608438492,"converged",TRUE,FALSE,FALSE,FALSE,FALSE,27,0.00750952587088588,FALSE,"fitted",NA,"rep_0013_fit_rate_state.rds"
"rate_state","ou",14,3014,1000640,2387,1.92634644905726,"converged",TRUE,FALSE,FALSE,FALSE,FALSE,28,0.00707221203847614,FALSE,"fitted",NA,"rep_0014_fit_ou.rds"
"rate_state","mse",14,3014,1000641,2387,2.68771268526713,"converged",TRUE,FALSE,FALSE,FALSE,FALSE,32,0.00714886712185246,FALSE,"fitted",NA,"rep_0014_fit_mse.rds"
"rate_state","rate_state",14,3014,1000642,2387,1.93732853333155,"converged",TRUE,FALSE,FALSE,FALSE,FALSE,25,0.0071910178935298,FALSE,"fitted",NA,"rep_0014_fit_rate_state.rds"
"rate_state","ou",15,3015,1000643,3644,4.06916733582815,"converged",TRUE,FALSE,FALSE,FALSE,FALSE,35,0.00593835305869352,FALSE,"fitted",NA,"rep_0015_fit_ou.rds"
"rate_state","mse",15,3015,1000644,3644,13.9329291820526,"hit_max",FALSE,TRUE,FALSE,FALSE,FALSE,100,0.00590119987021724,FALSE,"fitted",NA,"rep_0015_fit_mse.rds"
"rate_state","rate_state",15,3015,1000645,3644,4.76619476477305,"converged",TRUE,FALSE,FALSE,FALSE,FALSE,35,0.00593108126452452,FALSE,"fitted",NA,"rep_0015_fit_rate_state.rds"
"rate_state","ou",16,3016,1000646,9919,22.8956122318904,"converged",TRUE,FALSE,FALSE,FALSE,FALSE,44,0.0037634836211617,FALSE,"fitted",NA,"rep_0016_fit_ou.rds"
"rate_state","mse",16,3016,1000647,9919,46.2448021014531,"converged",TRUE,FALSE,FALSE,FALSE,FALSE,60,0.00366200141588805,FALSE,"fitted",NA,"rep_0016_fit_mse.rds"
"rate_state","rate_state",16,3016,1000648,9919,32.7033209482829,"converged",TRUE,FALSE,FALSE,FALSE,FALSE,50,0.00366812203070951,FALSE,"fitted",NA,"rep_0016_fit_rate_state.rds"
"rate_state","ou",17,3017,1000649,2954,2.67685805161794,"converged",TRUE,FALSE,FALSE,FALSE,FALSE,30,0.00684747871226767,FALSE,"fitted",NA,"rep_0017_fit_ou.rds"
"rate_state","mse",17,3017,1000650,2954,3.7225989818573,"converged",TRUE,FALSE,FALSE,FALSE,FALSE,33,0.00686408868021192,FALSE,"fitted",NA,"rep_0017_fit_mse.rds"
"rate_state","rate_state",17,3017,1000651,2954,2.82499315341314,"converged",TRUE,FALSE,FALSE,FALSE,FALSE,28,0.006901704641094,FALSE,"fitted",NA,"rep_0017_fit_rate_state.rds"
"rate_state","ou",18,3018,1000652,4436,5.92581516504288,"converged",TRUE,FALSE,FALSE,FALSE,FALSE,39,0.00539452232759376,FALSE,"fitted",NA,"rep_0018_fit_ou.rds"
"rate_state","mse",18,3018,1000653,4436,9.3454345146815,"converged",TRUE,FALSE,FALSE,FALSE,FALSE,48,0.00530611854446813,FALSE,"fitted",NA,"rep_0018_fit_mse.rds"
"rate_state","rate_state",18,3018,1000654,4436,7.33379685084025,"converged",TRUE,FALSE,FALSE,FALSE,FALSE,40,0.00532083003721393,FALSE,"fitted",NA,"rep_0018_fit_rate_state.rds"
"rate_state","ou",19,3019,1000655,2080,1.63314184745153,"converged",TRUE,FALSE,FALSE,FALSE,FALSE,25,0.00787308068841731,FALSE,"fitted",NA,"rep_0019_fit_ou.rds"
"rate_state","mse",19,3019,1000656,2080,2.90589269797007,"converged",TRUE,FALSE,FALSE,FALSE,FALSE,38,0.00786316910410291,FALSE,"fitted",NA,"rep_0019_fit_mse.rds"
"rate_state","rate_state",19,3019,1000657,2080,1.85442003409068,"converged",TRUE,FALSE,FALSE,FALSE,FALSE,26,0.00788592128341766,FALSE,"fitted",NA,"rep_0019_fit_rate_state.rds"
"rate_state","ou",20,3020,1000658,6538,11.7126566330592,"converged",TRUE,FALSE,FALSE,FALSE,FALSE,44,0.00456222764812108,FALSE,"fitted",NA,"rep_0020_fit_ou.rds"
"rate_state","mse",20,3020,1000659,6538,36.5942798654238,"hit_max",FALSE,TRUE,FALSE,FALSE,FALSE,100,0.00454893688794728,FALSE,"fitted",NA,"rep_0020_fit_mse.rds"
"rate_state","rate_state",20,3020,1000660,6538,13.4873795191447,"converged",TRUE,FALSE,FALSE,FALSE,FALSE,42,0.0045604489100048,FALSE,"fitted",NA,"rep_0020_fit_rate_state.rds"
"rate_state","ou",21,3021,1000661,4770,6.7095621864001,"converged",TRUE,FALSE,FALSE,FALSE,FALSE,39,0.00564816814156331,FALSE,"fitted",NA,"rep_0021_fit_ou.rds"
"rate_state","mse",21,3021,1000662,4770,11.2579311172167,"converged",TRUE,FALSE,FALSE,FALSE,FALSE,48,0.00554008623268469,FALSE,"fitted",NA,"rep_0021_fit_mse.rds"
"rate_state","rate_state",21,3021,1000663,4770,8.86383958260218,"converged",TRUE,FALSE,FALSE,FALSE,FALSE,42,0.00550196045736861,FALSE,"fitted",NA,"rep_0021_fit_rate_state.rds"
"rate_state","ou",22,3022,1000664,2918,3.07192993561427,"converged",TRUE,FALSE,FALSE,FALSE,FALSE,33,0.00641878390376565,FALSE,"fitted",NA,"rep_0022_fit_ou.rds"
"rate_state","mse",22,3022,1000665,2918,5.9823210477829,"converged",TRUE,FALSE,FALSE,FALSE,FALSE,54,0.00640633907353231,FALSE,"fitted",NA,"rep_0022_fit_mse.rds"
"rate_state","rate_state",22,3022,1000666,2918,3.38076823155085,"converged",TRUE,FALSE,FALSE,FALSE,FALSE,32,0.00645585804391341,FALSE,"fitted",NA,"rep_0022_fit_rate_state.rds"
"rate_state","ou",23,3023,1000667,2509,2.17567941745122,"converged",TRUE,FALSE,FALSE,FALSE,FALSE,27,0.00735930242202401,FALSE,"fitted",NA,"rep_0023_fit_ou.rds"
"rate_state","mse",23,3023,1000668,2509,3.49505038261414,"converged",TRUE,FALSE,FALSE,FALSE,FALSE,37,0.00736650574672496,FALSE,"fitted",NA,"rep_0023_fit_mse.rds"
"rate_state","rate_state",23,3023,1000669,2509,2.16577541828156,"converged",TRUE,FALSE,FALSE,FALSE,FALSE,24,0.00737160166498256,FALSE,"fitted",NA,"rep_0023_fit_rate_state.rds"
"rate_state","ou",24,3024,1000670,3595,3.891714600722,"converged",TRUE,FALSE,FALSE,FALSE,FALSE,35,0.00602950919407569,FALSE,"fitted",NA,"rep_0024_fit_ou.rds"
"rate_state","mse",24,3024,1000671,3595,14.3505638798078,"hit_max",FALSE,TRUE,FALSE,FALSE,FALSE,100,0.00598824705912832,FALSE,"fitted",NA,"rep_0024_fit_mse.rds"
"rate_state","rate_state",24,3024,1000672,3595,4.56579516331355,"converged",TRUE,FALSE,FALSE,FALSE,FALSE,35,0.00601931826739376,FALSE,"fitted",NA,"rep_0024_fit_rate_state.rds"
"rate_state","ou",25,3025,1000673,2451,2.06977080106735,"converged",TRUE,FALSE,FALSE,FALSE,FALSE,27,0.00718171307768535,FALSE,"fitted",NA,"rep_0025_fit_ou.rds"
"rate_state","mse",25,3025,1000674,2451,3.59286961555481,"converged",TRUE,FALSE,FALSE,FALSE,FALSE,39,0.00710133587126424,FALSE,"fitted",NA,"rep_0025_fit_mse.rds"
"rate_state","rate_state",25,3025,1000675,2451,2.1701960682869,"converged",TRUE,FALSE,FALSE,FALSE,FALSE,25,0.0071356956734084,FALSE,"fitted",NA,"rep_0025_fit_rate_state.rds"
"rate_state","ou",26,3026,1000676,1669,1.26054268280665,"converged",TRUE,FALSE,FALSE,FALSE,FALSE,24,0.00862390937899132,FALSE,"fitted",NA,"rep_0026_fit_ou.rds"
"rate_state","mse",26,3026,1000677,1669,2.15926976601283,"converged",TRUE,FALSE,FALSE,FALSE,FALSE,36,0.00867751080291538,FALSE,"fitted",NA,"rep_0026_fit_mse.rds"
"rate_state","rate_state",26,3026,1000678,1669,1.13848551909129,"converged",TRUE,FALSE,FALSE,FALSE,FALSE,20,0.00874381687547319,FALSE,"fitted",NA,"rep_0026_fit_rate_state.rds"
"rate_state","ou",27,3027,1000679,2635,2.39085549910863,"converged",TRUE,FALSE,FALSE,FALSE,FALSE,29,0.00702843633304977,FALSE,"fitted",NA,"rep_0027_fit_ou.rds"
"rate_state","mse",27,3027,1000680,2635,3.82357610066732,"converged",TRUE,FALSE,FALSE,FALSE,FALSE,39,0.00704142129087358,FALSE,"fitted",NA,"rep_0027_fit_mse.rds"
"rate_state","rate_state",27,3027,1000681,2635,2.41927203337351,"converged",TRUE,FALSE,FALSE,FALSE,FALSE,26,0.00708492702005044,FALSE,"fitted",NA,"rep_0027_fit_rate_state.rds"
"rate_state","ou",28,3028,1000682,1643,1.4103234688441,"converged",TRUE,FALSE,FALSE,FALSE,FALSE,26,0.00830833386738221,FALSE,"fitted",NA,"rep_0028_fit_ou.rds"
"rate_state","mse",28,3028,1000683,1643,3.13464106321335,"converged",TRUE,FALSE,FALSE,FALSE,FALSE,53,0.00843220047364077,FALSE,"fitted",NA,"rep_0028_fit_mse.rds"
"rate_state","rate_state",28,3028,1000684,1643,1.28057968616486,"converged",TRUE,FALSE,FALSE,FALSE,FALSE,22,0.00857337108135406,FALSE,"fitted",NA,"rep_0028_fit_rate_state.rds"
"rate_state","ou",29,3029,1000685,1777,1.48812785148621,"converged",TRUE,FALSE,FALSE,FALSE,FALSE,27,0.00780041829353008,FALSE,"fitted",NA,"rep_0029_fit_ou.rds"
"rate_state","mse",29,3029,1000686,1777,2.09375475247701,"converged",TRUE,FALSE,FALSE,FALSE,FALSE,33,0.00786072304021509,FALSE,"fitted",NA,"rep_0029_fit_mse.rds"
"rate_state","rate_state",29,3029,1000687,1777,1.44796013434728,"converged",TRUE,FALSE,FALSE,FALSE,FALSE,24,0.00796925106519332,FALSE,"fitted",NA,"rep_0029_fit_rate_state.rds"
"rate_state","ou",30,3030,1000688,1920,1.73576693137487,"converged",TRUE,FALSE,FALSE,FALSE,FALSE,28,0.00785188968551068,FALSE,"fitted",NA,"rep_0030_fit_ou.rds"
"rate_state","mse",30,3030,1000689,1920,2.46486078500748,"converged",TRUE,FALSE,FALSE,FALSE,FALSE,36,0.00792757742972239,FALSE,"fitted",NA,"rep_0030_fit_mse.rds"
"rate_state","rate_state",30,3030,1000690,1920,1.71696124871572,"converged",TRUE,FALSE,FALSE,FALSE,FALSE,25,0.0079776629827761,FALSE,"fitted",NA,"rep_0030_fit_rate_state.rds"
"rate_state","ou",31,3031,1000691,3673,3.93326115210851,"converged",TRUE,FALSE,FALSE,FALSE,FALSE,35,0.00591128911665982,FALSE,"fitted",NA,"rep_0031_fit_ou.rds"
"rate_state","mse",31,3031,1000692,3673,6.09507370392481,"converged",TRUE,FALSE,FALSE,FALSE,FALSE,42,0.00582110043792009,FALSE,"fitted",NA,"rep_0031_fit_mse.rds"
"rate_state","rate_state",31,3031,1000693,3673,4.86706016858419,"converged",TRUE,FALSE,FALSE,FALSE,FALSE,35,0.0058470029430411,FALSE,"fitted",NA,"rep_0031_fit_rate_state.rds"
"rate_state","ou",32,3032,1000694,2233,2.82871913115184,"converged",TRUE,FALSE,FALSE,FALSE,FALSE,37,0.00771998390122618,FALSE,"fitted",NA,"rep_0032_fit_ou.rds"
"rate_state","mse",32,3032,1000695,2233,7.88662113348643,"hit_max",FALSE,TRUE,FALSE,FALSE,FALSE,100,0.00786987170990129,FALSE,"fitted",NA,"rep_0032_fit_mse.rds"
"rate_state","rate_state",32,3032,1000696,2233,1.909883248806,"converged",TRUE,FALSE,FALSE,FALSE,FALSE,24,0.00798595879437657,FALSE,"fitted",NA,"rep_0032_fit_rate_state.rds"
"rate_state","ou",33,3033,1000697,4004,5.08952228228251,"converged",TRUE,FALSE,FALSE,FALSE,FALSE,37,0.00581479166793776,FALSE,"fitted",NA,"rep_0033_fit_ou.rds"
"rate_state","mse",33,3033,1000698,4004,7.43600208361944,"converged",TRUE,FALSE,FALSE,FALSE,FALSE,43,0.00578376328192349,FALSE,"fitted",NA,"rep_0033_fit_mse.rds"
"rate_state","rate_state",33,3033,1000699,4004,5.86785236597061,"converged",TRUE,FALSE,FALSE,FALSE,FALSE,37,0.00580044818021557,FALSE,"fitted",NA,"rep_0033_fit_rate_state.rds"
"rate_state","ou",34,3034,1000700,4204,5.14027525186539,"converged",TRUE,FALSE,FALSE,FALSE,FALSE,34,0.00557417189265805,FALSE,"fitted",NA,"rep_0034_fit_ou.rds"
"rate_state","mse",34,3034,1000701,4204,6.947281285127,"converged",TRUE,FALSE,FALSE,FALSE,FALSE,38,0.00558702030467866,FALSE,"fitted",NA,"rep_0034_fit_mse.rds"
"rate_state","rate_state",34,3034,1000702,4204,5.44253741900126,"converged",TRUE,FALSE,FALSE,FALSE,FALSE,32,0.00560052727453171,FALSE,"fitted",NA,"rep_0034_fit_rate_state.rds"
"rate_state","ou",35,3035,1000703,1919,1.57396694819132,"converged",TRUE,FALSE,FALSE,FALSE,FALSE,26,0.00815560639319121,FALSE,"fitted",NA,"rep_0035_fit_ou.rds"
"rate_state","mse",35,3035,1000704,1919,4.88008643388748,"converged",TRUE,FALSE,FALSE,FALSE,FALSE,67,0.00815609088142353,FALSE,"fitted",NA,"rep_0035_fit_mse.rds"
"rate_state","rate_state",35,3035,1000705,1919,1.40865113337835,"converged",TRUE,FALSE,FALSE,FALSE,FALSE,21,0.00825438084974185,FALSE,"fitted",NA,"rep_0035_fit_rate_state.rds"
"rate_state","ou",36,3036,1000706,6021,9.56245041688283,"converged",TRUE,FALSE,FALSE,FALSE,FALSE,42,0.00466637525580327,FALSE,"fitted",NA,"rep_0036_fit_ou.rds"
"rate_state","mse",36,3036,1000707,6021,15.7349080165227,"converged",TRUE,FALSE,FALSE,FALSE,FALSE,50,0.00461487298476134,FALSE,"fitted",NA,"rep_0036_fit_mse.rds"
"rate_state","rate_state",36,3036,1000708,6021,12.6316145658493,"converged",TRUE,FALSE,FALSE,FALSE,FALSE,42,0.00463024973486543,FALSE,"fitted",NA,"rep_0036_fit_rate_state.rds"
"rate_state","ou",37,3037,1000709,1339,1.0561997016271,"converged",TRUE,FALSE,FALSE,FALSE,FALSE,23,0.00893059215537463,FALSE,"fitted",NA,"rep_0037_fit_ou.rds"
"rate_state","mse",37,3037,1000710,1339,1.90188355048498,"converged",TRUE,FALSE,FALSE,FALSE,FALSE,38,0.00903529016444662,FALSE,"fitted",NA,"rep_0037_fit_mse.rds"
"rate_state","rate_state",37,3037,1000711,1339,0.913585964838664,"converged",TRUE,FALSE,FALSE,FALSE,FALSE,19,0.00914603351523453,FALSE,"fitted",NA,"rep_0037_fit_rate_state.rds"
"rate_state","ou",38,3038,1000712,4172,5.20348498423894,"converged",TRUE,FALSE,FALSE,FALSE,FALSE,35,0.0057963876991074,FALSE,"fitted",NA,"rep_0038_fit_ou.rds"
"rate_state","mse",38,3038,1000713,4172,7.15038038094839,"converged",TRUE,FALSE,FALSE,FALSE,FALSE,39,0.00577309487108818,FALSE,"fitted",NA,"rep_0038_fit_mse.rds"
"rate_state","rate_state",38,3038,1000714,4172,5.98343849976858,"converged",TRUE,FALSE,FALSE,FALSE,FALSE,34,0.00578558850910117,FALSE,"fitted",NA,"rep_0038_fit_rate_state.rds"
"rate_state","ou",39,3039,1000715,3766,3.49157828489939,"converged",TRUE,FALSE,FALSE,FALSE,FALSE,30,0.0058344186880557,FALSE,"fitted",NA,"rep_0039_fit_ou.rds"
"rate_state","mse",39,3039,1000716,3766,15.4598253170649,"hit_max",FALSE,TRUE,FALSE,FALSE,FALSE,100,0.00574691475195642,FALSE,"fitted",NA,"rep_0039_fit_mse.rds"
"rate_state","rate_state",39,3039,1000717,3766,3.89816385110219,"converged",TRUE,FALSE,FALSE,FALSE,FALSE,28,0.00581425126692927,FALSE,"fitted",NA,"rep_0039_fit_rate_state.rds"
"rate_state","ou",40,3040,1000718,3263,3.1094530026118,"converged",TRUE,FALSE,FALSE,FALSE,FALSE,33,0.0061418487773014,FALSE,"fitted",NA,"rep_0040_fit_ou.rds"
"rate_state","mse",40,3040,1000719,3263,4.51318178574244,"converged",TRUE,FALSE,FALSE,FALSE,FALSE,38,0.00614025425191927,FALSE,"fitted",NA,"rep_0040_fit_mse.rds"
"rate_state","rate_state",40,3040,1000720,3263,3.60673193136851,"converged",TRUE,FALSE,FALSE,FALSE,FALSE,33,0.00616840754404845,FALSE,"fitted",NA,"rep_0040_fit_rate_state.rds"
"rate_state","ou",41,3041,1000721,2745,2.61410856644313,"converged",TRUE,FALSE,FALSE,FALSE,FALSE,29,0.00683237286496479,FALSE,"fitted",NA,"rep_0041_fit_ou.rds"
"rate_state","mse",41,3041,1000722,2745,4.4273512840271,"converged",TRUE,FALSE,FALSE,FALSE,FALSE,41,0.00677608612593413,FALSE,"fitted",NA,"rep_0041_fit_mse.rds"
"rate_state","rate_state",41,3041,1000723,2745,2.65216754674911,"converged",TRUE,FALSE,FALSE,FALSE,FALSE,26,0.00681463512746331,FALSE,"fitted",NA,"rep_0041_fit_rate_state.rds"
"rate_state","ou",42,3042,1000724,1960,1.39433488448461,"converged",TRUE,FALSE,FALSE,FALSE,FALSE,23,0.00805445474339488,FALSE,"fitted",NA,"rep_0042_fit_ou.rds"
"rate_state","mse",42,3042,1000725,1960,5.06826518376668,"converged",TRUE,FALSE,FALSE,FALSE,FALSE,73,0.00807765234872591,FALSE,"fitted",NA,"rep_0042_fit_mse.rds"
"rate_state","rate_state",42,3042,1000726,1960,1.40130120118459,"converged",TRUE,FALSE,FALSE,FALSE,FALSE,21,0.00817197727932808,FALSE,"fitted",NA,"rep_0042_fit_rate_state.rds"
"rate_state","ou",43,3043,1000727,2321,1.81823178529739,"converged",TRUE,FALSE,FALSE,FALSE,FALSE,27,0.00764872793017634,FALSE,"fitted",NA,"rep_0043_fit_ou.rds"
"rate_state","mse",43,3043,1000728,2321,8.34281423091888,"hit_max",FALSE,TRUE,FALSE,FALSE,FALSE,100,0.00761930026296527,FALSE,"fitted",NA,"rep_0043_fit_mse.rds"
"rate_state","rate_state",43,3043,1000729,2321,1.9288738489151,"converged",TRUE,FALSE,FALSE,FALSE,FALSE,24,0.0076786688296347,FALSE,"fitted",NA,"rep_0043_fit_rate_state.rds"
"rate_state","ou",44,3044,1000730,5905,8.30634365081787,"converged",TRUE,FALSE,FALSE,FALSE,FALSE,38,0.00485303912185306,FALSE,"fitted",NA,"rep_0044_fit_ou.rds"
"rate_state","mse",44,3044,1000731,5905,13.2206412355105,"converged",TRUE,FALSE,FALSE,FALSE,FALSE,48,0.00475905942305786,FALSE,"fitted",NA,"rep_0044_fit_mse.rds"
"rate_state","rate_state",44,3044,1000732,5905,10.4040429989497,"converged",TRUE,FALSE,FALSE,FALSE,FALSE,39,0.00476830692549046,FALSE,"fitted",NA,"rep_0044_fit_rate_state.rds"
"rate_state","ou",45,3045,1000733,2045,1.48957705100377,"converged",TRUE,FALSE,FALSE,FALSE,FALSE,25,0.00785847156243834,FALSE,"fitted",NA,"rep_0045_fit_ou.rds"
"rate_state","mse",45,3045,1000734,2045,2.18928405046463,"converged",TRUE,FALSE,FALSE,FALSE,FALSE,32,0.00788041293474146,FALSE,"fitted",NA,"rep_0045_fit_mse.rds"
"rate_state","rate_state",45,3045,1000735,2045,1.49450064897537,"converged",TRUE,FALSE,FALSE,FALSE,FALSE,23,0.00791163100456505,FALSE,"fitted",NA,"rep_0045_fit_rate_state.rds"
"rate_state","ou",46,3046,1000736,1859,1.36462263266246,"converged",TRUE,FALSE,FALSE,FALSE,FALSE,24,0.00815135919441252,FALSE,"fitted",NA,"rep_0046_fit_ou.rds"
"rate_state","mse",46,3046,1000737,1859,6.56106811761856,"hit_max",FALSE,TRUE,FALSE,FALSE,FALSE,100,0.00815222546898814,FALSE,"fitted",NA,"rep_0046_fit_mse.rds"
"rate_state","rate_state",46,3046,1000738,1859,1.24968188603719,"converged",TRUE,FALSE,FALSE,FALSE,FALSE,20,0.00827592537724375,FALSE,"fitted",NA,"rep_0046_fit_rate_state.rds"
"rate_state","ou",47,3047,1000739,2695,2.13895790179571,"converged",TRUE,FALSE,FALSE,FALSE,FALSE,26,0.0074704981506426,FALSE,"fitted",NA,"rep_0047_fit_ou.rds"
"rate_state","mse",47,3047,1000740,2695,3.90115958452225,"converged",TRUE,FALSE,FALSE,FALSE,FALSE,40,0.00746706975543708,FALSE,"fitted",NA,"rep_0047_fit_mse.rds"
"rate_state","rate_state",47,3047,1000741,2695,2.11890821456909,"converged",TRUE,FALSE,FALSE,FALSE,FALSE,23,0.00746727155778838,FALSE,"fitted",NA,"rep_0047_fit_rate_state.rds"
"rate_state","ou",48,3048,1000742,1790,1.30649046897888,"converged",TRUE,FALSE,FALSE,FALSE,FALSE,24,0.00842367683626878,FALSE,"fitted",NA,"rep_0048_fit_ou.rds"
"rate_state","mse",48,3048,1000743,1790,3.14771588643392,"converged",TRUE,FALSE,FALSE,FALSE,FALSE,50,0.00849557430176811,FALSE,"fitted",NA,"rep_0048_fit_mse.rds"
"rate_state","rate_state",48,3048,1000744,1790,1.11031608184179,"converged",TRUE,FALSE,FALSE,FALSE,FALSE,19,0.00860642028769687,FALSE,"fitted",NA,"rep_0048_fit_rate_state.rds"
"rate_state","ou",49,3049,1000745,1804,1.33766499757767,"converged",TRUE,FALSE,FALSE,FALSE,FALSE,24,0.00818095320815774,FALSE,"fitted",NA,"rep_0049_fit_ou.rds"
"rate_state","mse",49,3049,1000746,1804,2.21939189831416,"converged",TRUE,FALSE,FALSE,FALSE,FALSE,37,0.00819873870852223,FALSE,"fitted",NA,"rep_0049_fit_mse.rds"
"rate_state","rate_state",49,3049,1000747,1804,1.29476065238317,"converged",TRUE,FALSE,FALSE,FALSE,FALSE,22,0.00826643725361396,FALSE,"fitted",NA,"rep_0049_fit_rate_state.rds"
"rate_state","ou",50,3050,1000748,3325,3.41872716744741,"converged",TRUE,FALSE,FALSE,FALSE,FALSE,34,0.0062679315906859,FALSE,"fitted",NA,"rep_0050_fit_ou.rds"
"rate_state","mse",50,3050,1000749,3325,4.98144648472468,"converged",TRUE,FALSE,FALSE,FALSE,FALSE,40,0.00626776579576149,FALSE,"fitted",NA,"rep_0050_fit_mse.rds"
"rate_state","rate_state",50,3050,1000750,3325,3.64093246857325,"converged",TRUE,FALSE,FALSE,FALSE,FALSE,31,0.00629774704450537,FALSE,"fitted",NA,"rep_0050_fit_rate_state.rds"
"rate_state","ou",51,3051,1000751,2076,1.59862813154856,"converged",TRUE,FALSE,FALSE,FALSE,FALSE,26,0.00779852422972303,FALSE,"fitted",NA,"rep_0051_fit_ou.rds"
"rate_state","mse",51,3051,1000752,2076,3.97049343585968,"converged",TRUE,FALSE,FALSE,FALSE,FALSE,57,0.0079052956544102,FALSE,"fitted",NA,"rep_0051_fit_mse.rds"
"rate_state","rate_state",51,3051,1000753,2076,1.4331880847613,"converged",TRUE,FALSE,FALSE,FALSE,FALSE,21,0.00801498573127741,FALSE,"fitted",NA,"rep_0051_fit_rate_state.rds"
"rate_state","ou",52,3052,1000754,4576,5.53159495194753,"converged",TRUE,FALSE,FALSE,FALSE,FALSE,36,0.00543613869923055,FALSE,"fitted",NA,"rep_0052_fit_ou.rds"
"rate_state","mse",52,3052,1000755,4576,19.0355437835058,"hit_max",FALSE,TRUE,FALSE,FALSE,FALSE,100,0.00526309402482204,FALSE,"fitted",NA,"rep_0052_fit_mse.rds"
"rate_state","rate_state",52,3052,1000756,4576,6.57176986932754,"converged",TRUE,FALSE,FALSE,FALSE,FALSE,37,0.0053029081331557,FALSE,"fitted",NA,"rep_0052_fit_rate_state.rds"
"rate_state","ou",53,3053,1000757,2289,1.88082685073217,"converged",TRUE,FALSE,FALSE,FALSE,FALSE,26,0.00725858611808062,FALSE,"fitted",NA,"rep_0053_fit_ou.rds"
"rate_state","mse",53,3053,1000758,2289,3.04889709949493,"converged",TRUE,FALSE,FALSE,FALSE,FALSE,36,0.00723118698642131,FALSE,"fitted",NA,"rep_0053_fit_mse.rds"
"rate_state","rate_state",53,3053,1000759,2289,1.91362016598384,"converged",TRUE,FALSE,FALSE,FALSE,FALSE,24,0.00724999463470602,FALSE,"fitted",NA,"rep_0053_fit_rate_state.rds"
"rate_state","ou",54,3054,1000760,2445,2.1171328663826,"converged",TRUE,FALSE,FALSE,FALSE,FALSE,28,0.00711791977475149,FALSE,"fitted",NA,"rep_0054_fit_ou.rds"
"rate_state","mse",54,3054,1000761,2445,4.82583979765574,"converged",TRUE,FALSE,FALSE,FALSE,FALSE,55,0.00714624468712421,FALSE,"fitted",NA,"rep_0054_fit_mse.rds"
"rate_state","rate_state",54,3054,1000762,2445,2.08164363304774,"converged",TRUE,FALSE,FALSE,FALSE,FALSE,24,0.00721546754174158,FALSE,"fitted",NA,"rep_0054_fit_rate_state.rds"
"rate_state","ou",55,3055,1000763,3716,3.96822399695714,"converged",TRUE,FALSE,FALSE,FALSE,FALSE,34,0.00608897345810704,FALSE,"fitted",NA,"rep_0055_fit_ou.rds"
"rate_state","mse",55,3055,1000764,3716,6.24900959730148,"converged",TRUE,FALSE,FALSE,FALSE,FALSE,39,0.00603183962769423,FALSE,"fitted",NA,"rep_0055_fit_mse.rds"
"rate_state","rate_state",55,3055,1000765,3716,4.50975504716237,"converged",TRUE,FALSE,FALSE,FALSE,FALSE,33,0.00605505485401268,FALSE,"fitted",NA,"rep_0055_fit_rate_state.rds"
"rate_state","ou",56,3056,1000766,1817,1.29531858364741,"converged",TRUE,FALSE,FALSE,FALSE,FALSE,23,0.0083282091241159,FALSE,"fitted",NA,"rep_0056_fit_ou.rds"
"rate_state","mse",56,3056,1000767,1817,2.63168383439382,"converged",TRUE,FALSE,FALSE,FALSE,FALSE,41,0.00841135364533897,FALSE,"fitted",NA,"rep_0056_fit_mse.rds"
"rate_state","rate_state",56,3056,1000768,1817,1.15995006561279,"converged",TRUE,FALSE,FALSE,FALSE,FALSE,19,0.00848481567686431,FALSE,"fitted",NA,"rep_0056_fit_rate_state.rds"
"rate_state","ou",57,3057,1000769,2715,2.89102214972178,"converged",TRUE,FALSE,FALSE,FALSE,FALSE,35,0.00650943744028381,FALSE,"fitted",NA,"rep_0057_fit_ou.rds"
"rate_state","mse",57,3057,1000770,2715,6.45829866727193,"converged",TRUE,FALSE,FALSE,FALSE,FALSE,64,0.00661745075186704,FALSE,"fitted",NA,"rep_0057_fit_mse.rds"
"rate_state","rate_state",57,3057,1000771,2715,3.12481603225072,"converged",TRUE,FALSE,FALSE,FALSE,FALSE,33,0.00676959325549503,FALSE,"fitted",NA,"rep_0057_fit_rate_state.rds"
"rate_state","ou",58,3058,1000772,2774,2.49810384909312,"converged",TRUE,FALSE,FALSE,FALSE,FALSE,29,0.00663272020462339,FALSE,"fitted",NA,"rep_0058_fit_ou.rds"
"rate_state","mse",58,3058,1000773,2774,4.73570293188095,"converged",TRUE,FALSE,FALSE,FALSE,FALSE,47,0.00664298852345125,FALSE,"fitted",NA,"rep_0058_fit_mse.rds"
"rate_state","rate_state",58,3058,1000774,2774,2.51678386926651,"converged",TRUE,FALSE,FALSE,FALSE,FALSE,26,0.00671401031751281,FALSE,"fitted",NA,"rep_0058_fit_rate_state.rds"
"rate_state","ou",59,3059,1000775,2385,1.9375573515892,"converged",TRUE,FALSE,FALSE,FALSE,FALSE,26,0.00757691117700898,FALSE,"fitted",NA,"rep_0059_fit_ou.rds"
"rate_state","mse",59,3059,1000776,2385,3.32523928085963,"converged",TRUE,FALSE,FALSE,FALSE,FALSE,39,0.00746902297610893,FALSE,"fitted",NA,"rep_0059_fit_mse.rds"
"rate_state","rate_state",59,3059,1000777,2385,1.92627734740575,"converged",TRUE,FALSE,FALSE,FALSE,FALSE,23,0.00751522058742279,FALSE,"fitted",NA,"rep_0059_fit_rate_state.rds"
"rate_state","ou",60,3060,1000778,1860,2.02342633406321,"converged",TRUE,FALSE,FALSE,FALSE,FALSE,34,0.00795994579166238,FALSE,"fitted",NA,"rep_0060_fit_ou.rds"
"rate_state","mse",60,3060,1000779,1860,2.46526956558228,"converged",TRUE,FALSE,FALSE,FALSE,FALSE,37,0.00818746056383428,FALSE,"fitted",NA,"rep_0060_fit_mse.rds"
"rate_state","rate_state",60,3060,1000780,1860,1.25432488123576,"converged",TRUE,FALSE,FALSE,FALSE,FALSE,20,0.00830572217524842,FALSE,"fitted",NA,"rep_0060_fit_rate_state.rds"
"rate_state","ou",61,3061,1000781,5097,6.72641450166702,"converged",TRUE,FALSE,FALSE,FALSE,FALSE,36,0.00540931219104955,FALSE,"fitted",NA,"rep_0061_fit_ou.rds"
"rate_state","mse",61,3061,1000782,5097,9.10303971767426,"converged",TRUE,FALSE,FALSE,FALSE,FALSE,39,0.00540101338790795,FALSE,"fitted",NA,"rep_0061_fit_mse.rds"
"rate_state","rate_state",61,3061,1000783,5097,8.06558963457743,"converged",TRUE,FALSE,FALSE,FALSE,FALSE,37,0.00539997823684453,FALSE,"fitted",NA,"rep_0061_fit_rate_state.rds"
"rate_state","ou",62,3062,1000784,12858,46.4446785171827,"converged",TRUE,FALSE,FALSE,FALSE,FALSE,49,0.00341884031809517,FALSE,"fitted",NA,"rep_0062_fit_ou.rds"
"rate_state","mse",62,3062,1000785,12858,90.8282228827477,"converged",TRUE,FALSE,FALSE,FALSE,FALSE,74,0.0032716802779732,FALSE,"fitted",NA,"rep_0062_fit_mse.rds"
"rate_state","rate_state",62,3062,1000786,12858,60.1872695167859,"converged",TRUE,FALSE,FALSE,FALSE,FALSE,56,0.00327648412393938,FALSE,"fitted",NA,"rep_0062_fit_rate_state.rds"
"rate_state","ou",63,3063,1000787,3528,3.69926699797312,"converged",TRUE,FALSE,FALSE,FALSE,FALSE,33,0.00611425313025421,FALSE,"fitted",NA,"rep_0063_fit_ou.rds"
"rate_state","mse",63,3063,1000788,3528,14.1605473995209,"converged",TRUE,FALSE,FALSE,FALSE,FALSE,68,0.0061144669807679,FALSE,"fitted",NA,"rep_0063_fit_mse.rds"
"rate_state","rate_state",63,3063,1000789,3528,4.08599934975306,"converged",TRUE,FALSE,FALSE,FALSE,FALSE,31,0.00614691008988595,FALSE,"fitted",NA,"rep_0063_fit_rate_state.rds"
"rate_state","ou",64,3064,1000790,4842,6.07959070205689,"converged",TRUE,FALSE,FALSE,FALSE,FALSE,35,0.00549212930055399,FALSE,"fitted",NA,"rep_0064_fit_ou.rds"
"rate_state","mse",64,3064,1000791,4842,22.2203019301097,"hit_max",FALSE,TRUE,FALSE,FALSE,FALSE,100,0.00540682365894731,FALSE,"fitted",NA,"rep_0064_fit_mse.rds"
"rate_state","rate_state",64,3064,1000792,4842,7.37497803370158,"converged",TRUE,FALSE,FALSE,FALSE,FALSE,37,0.00543584351594753,FALSE,"fitted",NA,"rep_0064_fit_rate_state.rds"
"rate_state","ou",65,3065,1000793,2085,1.65368166764577,"converged",TRUE,FALSE,FALSE,FALSE,FALSE,26,0.00797944080244368,FALSE,"fitted",NA,"rep_0065_fit_ou.rds"
"rate_state","mse",65,3065,1000794,2085,2.54279999732971,"converged",TRUE,FALSE,FALSE,FALSE,FALSE,35,0.00799398115043533,FALSE,"fitted",NA,"rep_0065_fit_mse.rds"
"rate_state","rate_state",65,3065,1000795,2085,1.55432459910711,"converged",TRUE,FALSE,FALSE,FALSE,FALSE,22,0.00805757995012103,FALSE,"fitted",NA,"rep_0065_fit_rate_state.rds"
"rate_state","ou",66,3066,1000796,3113,2.94097006718318,"converged",TRUE,FALSE,FALSE,FALSE,FALSE,30,0.0061795088652723,FALSE,"fitted",NA,"rep_0066_fit_ou.rds"
"rate_state","mse",66,3066,1000797,3113,8.44623560110728,"converged",TRUE,FALSE,FALSE,FALSE,FALSE,70,0.0061912914955028,FALSE,"fitted",NA,"rep_0066_fit_mse.rds"
"rate_state","rate_state",66,3066,1000798,3113,3.45566381613413,"converged",TRUE,FALSE,FALSE,FALSE,FALSE,32,0.00625499338114618,FALSE,"fitted",NA,"rep_0066_fit_rate_state.rds"
"rate_state","ou",67,3067,1000799,3790,4.20917065143585,"converged",TRUE,FALSE,FALSE,FALSE,FALSE,34,0.0059983579147197,FALSE,"fitted",NA,"rep_0067_fit_ou.rds"
"rate_state","mse",67,3067,1000800,3790,15.7497753341993,"hit_max",FALSE,TRUE,FALSE,FALSE,FALSE,100,0.00595667716156077,FALSE,"fitted",NA,"rep_0067_fit_mse.rds"
"rate_state","rate_state",67,3067,1000801,3790,4.63394138415654,"converged",TRUE,FALSE,FALSE,FALSE,FALSE,32,0.00600753870463893,FALSE,"fitted",NA,"rep_0067_fit_rate_state.rds"
"rate_state","ou",68,3068,1000802,2488,2.05853041410446,"converged",TRUE,FALSE,FALSE,FALSE,FALSE,26,0.00730014968569984,FALSE,"fitted",NA,"rep_0068_fit_ou.rds"
"rate_state","mse",68,3068,1000803,2488,3.2213300148646,"converged",TRUE,FALSE,FALSE,FALSE,FALSE,34,0.00728287856860224,FALSE,"fitted",NA,"rep_0068_fit_mse.rds"
"rate_state","rate_state",68,3068,1000804,2488,2.23460057973862,"converged",TRUE,FALSE,FALSE,FALSE,FALSE,25,0.0072830779423696,FALSE,"fitted",NA,"rep_0068_fit_rate_state.rds"
"rate_state","ou",69,3069,1000805,2885,2.76690918604533,"converged",TRUE,FALSE,FALSE,FALSE,FALSE,32,0.00643245663252084,FALSE,"fitted",NA,"rep_0069_fit_ou.rds"
"rate_state","mse",69,3069,1000806,2885,3.90385128259659,"converged",TRUE,FALSE,FALSE,FALSE,FALSE,37,0.00639999380697229,FALSE,"fitted",NA,"rep_0069_fit_mse.rds"
"rate_state","rate_state",69,3069,1000807,2885,3.20136951605479,"converged",TRUE,FALSE,FALSE,FALSE,FALSE,32,0.0064474587024798,FALSE,"fitted",NA,"rep_0069_fit_rate_state.rds"
"rate_state","ou",70,3070,1000808,1395,1.1306702653567,"converged",TRUE,FALSE,FALSE,FALSE,FALSE,24,0.00891954404121138,FALSE,"fitted",NA,"rep_0070_fit_ou.rds"
"rate_state","mse",70,3070,1000809,1395,1.79402369658152,"converged",TRUE,FALSE,FALSE,FALSE,FALSE,34,0.00903481080185755,FALSE,"fitted",NA,"rep_0070_fit_mse.rds"
"rate_state","rate_state",70,3070,1000810,1395,1.07769669691722,"converged",TRUE,FALSE,FALSE,FALSE,FALSE,21,0.00916088519386258,FALSE,"fitted",NA,"rep_0070_fit_rate_state.rds"
"rate_state","ou",71,3071,1000811,2395,2.11443828344345,"converged",TRUE,FALSE,FALSE,FALSE,FALSE,28,0.00767125146230175,FALSE,"fitted",NA,"rep_0071_fit_ou.rds"
"rate_state","mse",71,3071,1000812,2395,6.1392129500707,"converged",TRUE,FALSE,FALSE,FALSE,FALSE,71,0.0076188000257138,FALSE,"fitted",NA,"rep_0071_fit_mse.rds"
"rate_state","rate_state",71,3071,1000813,2395,2.07109693288803,"converged",TRUE,FALSE,FALSE,FALSE,FALSE,24,0.00771417742533648,FALSE,"fitted",NA,"rep_0071_fit_rate_state.rds"
"rate_state","ou",72,3072,1000814,2360,2.07377211650213,"converged",TRUE,FALSE,FALSE,FALSE,FALSE,29,0.00730794585358081,FALSE,"fitted",NA,"rep_0072_fit_ou.rds"
"rate_state","mse",72,3072,1000815,2360,8.30930229822795,"hit_max",FALSE,TRUE,FALSE,FALSE,FALSE,100,0.00736550882045462,FALSE,"fitted",NA,"rep_0072_fit_mse.rds"
"rate_state","rate_state",72,3072,1000816,2360,2.12195635239283,"converged",TRUE,FALSE,FALSE,FALSE,FALSE,26,0.00741879181169461,FALSE,"fitted",NA,"rep_0072_fit_rate_state.rds"
"rate_state","ou",73,3073,1000817,2170,1.89071594874064,"converged",TRUE,FALSE,FALSE,FALSE,FALSE,28,0.00775490329499546,FALSE,"fitted",NA,"rep_0073_fit_ou.rds"
"rate_state","mse",73,3073,1000818,2170,2.94983005126317,"converged",TRUE,FALSE,FALSE,FALSE,FALSE,37,0.00771892176059524,FALSE,"fitted",NA,"rep_0073_fit_mse.rds"
"rate_state","rate_state",73,3073,1000819,2170,1.896999168396,"converged",TRUE,FALSE,FALSE,FALSE,FALSE,25,0.00778935884769819,FALSE,"fitted",NA,"rep_0073_fit_rate_state.rds"
"rate_state","ou",74,3074,1000820,2346,1.96841415166855,"converged",TRUE,FALSE,FALSE,FALSE,FALSE,27,0.00787132457628262,FALSE,"fitted",NA,"rep_0074_fit_ou.rds"
"rate_state","mse",74,3074,1000821,2346,3.41600704987844,"converged",TRUE,FALSE,FALSE,FALSE,FALSE,40,0.0077740176040264,FALSE,"fitted",NA,"rep_0074_fit_mse.rds"
"rate_state","rate_state",74,3074,1000822,2346,1.85255291461945,"converged",TRUE,FALSE,FALSE,FALSE,FALSE,23,0.00786408267776765,FALSE,"fitted",NA,"rep_0074_fit_rate_state.rds"
"rate_state","ou",75,3075,1000823,1617,1.13825320005417,"converged",TRUE,FALSE,FALSE,FALSE,FALSE,22,0.00840743800217559,FALSE,"fitted",NA,"rep_0075_fit_ou.rds"
"rate_state","mse",75,3075,1000824,1617,2.97834860086441,"converged",TRUE,FALSE,FALSE,FALSE,FALSE,52,0.00847824632554976,FALSE,"fitted",NA,"rep_0075_fit_mse.rds"
"rate_state","rate_state",75,3075,1000825,1617,1.04931543668111,"converged",TRUE,FALSE,FALSE,FALSE,FALSE,19,0.0085782402539264,FALSE,"fitted",NA,"rep_0075_fit_rate_state.rds"
"rate_state","ou",76,3076,1000826,1609,1.16511521736781,"converged",TRUE,FALSE,FALSE,FALSE,FALSE,23,0.00874422315715946,FALSE,"fitted",NA,"rep_0076_fit_ou.rds"
"rate_state","mse",76,3076,1000827,1609,2.10622675021489,"converged",TRUE,FALSE,FALSE,FALSE,FALSE,37,0.0088212745133321,FALSE,"fitted",NA,"rep_0076_fit_mse.rds"
"rate_state","rate_state",76,3076,1000828,1609,0.990835865338643,"converged",TRUE,FALSE,FALSE,FALSE,FALSE,18,0.0089450542773072,FALSE,"fitted",NA,"rep_0076_fit_rate_state.rds"
"rate_state","ou",77,3077,1000829,1639,1.11910996834437,"converged",TRUE,FALSE,FALSE,FALSE,FALSE,22,0.00887475147652859,FALSE,"fitted",NA,"rep_0077_fit_ou.rds"
"rate_state","mse",77,3077,1000830,1639,5.78070846398671,"hit_max",FALSE,TRUE,FALSE,FALSE,FALSE,100,0.00878408924461881,FALSE,"fitted",NA,"rep_0077_fit_mse.rds"
"rate_state","rate_state",77,3077,1000831,1639,1.11624991496404,"converged",TRUE,FALSE,FALSE,FALSE,FALSE,20,0.00890258291768812,FALSE,"fitted",NA,"rep_0077_fit_rate_state.rds"
"rate_state","ou",78,3078,1000832,10505,27.2290133833885,"converged",TRUE,FALSE,FALSE,FALSE,FALSE,48,0.00359680613161307,FALSE,"fitted",NA,"rep_0078_fit_ou.rds"
"rate_state","mse",78,3078,1000833,10505,63.4852348486582,"converged",TRUE,FALSE,FALSE,FALSE,FALSE,75,0.00347967343187939,FALSE,"fitted",NA,"rep_0078_fit_mse.rds"
"rate_state","rate_state",78,3078,1000834,10505,38.5355098366737,"converged",TRUE,FALSE,FALSE,FALSE,FALSE,53,0.00347661626139091,FALSE,"fitted",NA,"rep_0078_fit_rate_state.rds"
"rate_state","ou",79,3079,1000835,2171,1.84144390026728,"converged",TRUE,FALSE,FALSE,FALSE,FALSE,26,0.00767816404620549,FALSE,"fitted",NA,"rep_0079_fit_ou.rds"
"rate_state","mse",79,3079,1000836,2171,8.05120248397191,"hit_max",FALSE,TRUE,FALSE,FALSE,FALSE,100,0.00763786127633209,FALSE,"fitted",NA,"rep_0079_fit_mse.rds"
"rate_state","rate_state",79,3079,1000837,2171,1.81723288297653,"converged",TRUE,FALSE,FALSE,FALSE,FALSE,23,0.00770208279558783,FALSE,"fitted",NA,"rep_0079_fit_rate_state.rds"
"rate_state","ou",80,3080,1000838,3391,3.44481083552043,"converged",TRUE,FALSE,FALSE,FALSE,FALSE,31,0.00626869670903518,FALSE,"fitted",NA,"rep_0080_fit_ou.rds"
"rate_state","mse",80,3080,1000839,3391,5.12092820008596,"converged",TRUE,FALSE,FALSE,FALSE,FALSE,36,0.0062580322474393,FALSE,"fitted",NA,"rep_0080_fit_mse.rds"
"rate_state","rate_state",80,3080,1000840,3391,4.70517334938049,"converged",TRUE,FALSE,FALSE,FALSE,FALSE,37,0.00627511373757328,FALSE,"fitted",NA,"rep_0080_fit_rate_state.rds"
"rate_state","ou",81,3081,1000841,1328,1.06812366644541,"converged",TRUE,FALSE,FALSE,FALSE,FALSE,23,0.00946121999475649,FALSE,"fitted",NA,"rep_0081_fit_ou.rds"
"rate_state","mse",81,3081,1000842,1328,1.95767219861348,"converged",TRUE,FALSE,FALSE,FALSE,FALSE,39,0.0096135373070392,FALSE,"fitted",NA,"rep_0081_fit_mse.rds"
"rate_state","rate_state",81,3081,1000843,1328,0.935720300674438,"converged",TRUE,FALSE,FALSE,FALSE,FALSE,19,0.00973988114510315,FALSE,"fitted",NA,"rep_0081_fit_rate_state.rds"
"rate_state","ou",82,3082,1000844,7470,15.2599602858226,"converged",TRUE,FALSE,FALSE,FALSE,FALSE,45,0.00438553656484834,FALSE,"fitted",NA,"rep_0082_fit_ou.rds"
"rate_state","mse",82,3082,1000845,7470,27.1413654645284,"converged",TRUE,FALSE,FALSE,FALSE,FALSE,59,0.00430306203941947,FALSE,"fitted",NA,"rep_0082_fit_mse.rds"
"rate_state","rate_state",82,3082,1000846,7470,21.2153710484505,"converged",TRUE,FALSE,FALSE,FALSE,FALSE,49,0.00430720373485028,FALSE,"fitted",NA,"rep_0082_fit_rate_state.rds"
"rate_state","ou",83,3083,1000847,2600,2.34655678272247,"converged",TRUE,FALSE,FALSE,FALSE,FALSE,28,0.00714714624117252,FALSE,"fitted",NA,"rep_0083_fit_ou.rds"
"rate_state","mse",83,3083,1000848,2600,10.0966993331909,"hit_max",FALSE,TRUE,FALSE,FALSE,FALSE,100,0.00712216504881677,FALSE,"fitted",NA,"rep_0083_fit_mse.rds"
"rate_state","rate_state",83,3083,1000849,2600,2.31408061583837,"converged",TRUE,FALSE,FALSE,FALSE,FALSE,24,0.00723215752160447,FALSE,"fitted",NA,"rep_0083_fit_rate_state.rds"
"rate_state","ou",84,3084,1000850,1902,1.54427486658096,"converged",TRUE,FALSE,FALSE,FALSE,FALSE,24,0.00836186615255615,FALSE,"fitted",NA,"rep_0084_fit_ou.rds"
"rate_state","mse",84,3084,1000851,1902,3.13214283386866,"converged",TRUE,FALSE,FALSE,FALSE,FALSE,45,0.00832727445658391,FALSE,"fitted",NA,"rep_0084_fit_mse.rds"
"rate_state","rate_state",84,3084,1000852,1902,1.46336793502172,"converged",TRUE,FALSE,FALSE,FALSE,FALSE,21,0.0083682856409596,FALSE,"fitted",NA,"rep_0084_fit_rate_state.rds"
"rate_state","ou",85,3085,1000853,3357,3.92004584868749,"converged",TRUE,FALSE,FALSE,FALSE,FALSE,35,0.00632879597299916,FALSE,"fitted",NA,"rep_0085_fit_ou.rds"
"rate_state","mse",85,3085,1000854,3357,13.6933375318845,"hit_max",FALSE,TRUE,FALSE,FALSE,FALSE,100,0.00625846699686122,FALSE,"fitted",NA,"rep_0085_fit_mse.rds"
"rate_state","rate_state",85,3085,1000855,3357,4.39502298434575,"converged",TRUE,FALSE,FALSE,FALSE,FALSE,34,0.00631132263368811,FALSE,"fitted",NA,"rep_0085_fit_rate_state.rds"
"rate_state","ou",86,3086,1000856,6190,9.05610859791438,"converged",TRUE,FALSE,FALSE,FALSE,FALSE,38,0.00473124394107139,FALSE,"fitted",NA,"rep_0086_fit_ou.rds"
"rate_state","mse",86,3086,1000857,6190,32.8029970526695,"hit_max",FALSE,TRUE,FALSE,FALSE,FALSE,100,0.00456144351074476,FALSE,"fitted",NA,"rep_0086_fit_mse.rds"
"rate_state","rate_state",86,3086,1000858,6190,12.4845303495725,"converged",TRUE,FALSE,FALSE,FALSE,FALSE,41,0.0045833312076928,FALSE,"fitted",NA,"rep_0086_fit_rate_state.rds"
"rate_state","ou",87,3087,1000859,2386,2.1792457818985,"converged",TRUE,FALSE,FALSE,FALSE,FALSE,28,0.0072745747369487,FALSE,"fitted",NA,"rep_0087_fit_ou.rds"
"rate_state","mse",87,3087,1000860,2386,4.72096421718597,"converged",TRUE,FALSE,FALSE,FALSE,FALSE,51,0.00729300485544426,FALSE,"fitted",NA,"rep_0087_fit_mse.rds"
"rate_state","rate_state",87,3087,1000861,2386,2.22403816779455,"converged",TRUE,FALSE,FALSE,FALSE,FALSE,25,0.00736341713034654,FALSE,"fitted",NA,"rep_0087_fit_rate_state.rds"
"rate_state","ou",88,3088,1000862,3668,4.24314390023549,"converged",TRUE,FALSE,FALSE,FALSE,FALSE,33,0.00571299137386475,FALSE,"fitted",NA,"rep_0088_fit_ou.rds"
"rate_state","mse",88,3088,1000863,3668,7.84151371717453,"converged",TRUE,FALSE,FALSE,FALSE,FALSE,51,0.00567273456630263,FALSE,"fitted",NA,"rep_0088_fit_mse.rds"
"rate_state","rate_state",88,3088,1000864,3668,4.74165561596553,"converged",TRUE,FALSE,FALSE,FALSE,FALSE,32,0.00570457489928077,FALSE,"fitted",NA,"rep_0088_fit_rate_state.rds"
"rate_state","ou",89,3089,1000865,2819,2.45573858420054,"converged",TRUE,FALSE,FALSE,FALSE,FALSE,26,0.00710800631834904,FALSE,"fitted",NA,"rep_0089_fit_ou.rds"
"rate_state","mse",89,3089,1000866,2819,4.5121501326561,"converged",TRUE,FALSE,FALSE,FALSE,FALSE,41,0.00696046069407215,FALSE,"fitted",NA,"rep_0089_fit_mse.rds"
"rate_state","rate_state",89,3089,1000867,2819,2.80627710024516,"converged",TRUE,FALSE,FALSE,FALSE,FALSE,26,0.00696698329587872,FALSE,"fitted",NA,"rep_0089_fit_rate_state.rds"
"rate_state","ou",90,3090,1000868,1478,1.2753977338473,"converged",TRUE,FALSE,FALSE,FALSE,FALSE,25,0.00904402870951975,FALSE,"fitted",NA,"rep_0090_fit_ou.rds"
"rate_state","mse",90,3090,1000869,1478,1.97499826351802,"converged",TRUE,FALSE,FALSE,FALSE,FALSE,34,0.00909338663282498,FALSE,"fitted",NA,"rep_0090_fit_mse.rds"
"rate_state","rate_state",90,3090,1000870,1478,1.17751234769821,"converged",TRUE,FALSE,FALSE,FALSE,FALSE,21,0.00916897569665819,FALSE,"fitted",NA,"rep_0090_fit_rate_state.rds"
"rate_state","ou",91,3091,1000871,2603,2.60229821602503,"converged",TRUE,FALSE,FALSE,FALSE,FALSE,29,0.0073009096674929,FALSE,"fitted",NA,"rep_0091_fit_ou.rds"
"rate_state","mse",91,3091,1000872,2603,9.48107163508733,"hit_max",FALSE,TRUE,FALSE,FALSE,FALSE,100,0.0071651988768915,FALSE,"fitted",NA,"rep_0091_fit_mse.rds"
"rate_state","rate_state",91,3091,1000873,2603,2.49858991305033,"converged",TRUE,FALSE,FALSE,FALSE,FALSE,25,0.0072762070496899,FALSE,"fitted",NA,"rep_0091_fit_rate_state.rds"
"rate_state","ou",92,3092,1000874,2489,2.24585723082225,"converged",TRUE,FALSE,FALSE,FALSE,FALSE,26,0.00730804716411826,FALSE,"fitted",NA,"rep_0092_fit_ou.rds"
"rate_state","mse",92,3092,1000875,2489,4.00618056456248,"converged",TRUE,FALSE,FALSE,FALSE,FALSE,40,0.00730449238671501,FALSE,"fitted",NA,"rep_0092_fit_mse.rds"
"rate_state","rate_state",92,3092,1000876,2489,2.19057561556498,"converged",TRUE,FALSE,FALSE,FALSE,FALSE,23,0.00735662655858534,FALSE,"fitted",NA,"rep_0092_fit_rate_state.rds"
"rate_state","ou",93,3093,1000877,2215,2.87206441561381,"converged",TRUE,FALSE,FALSE,FALSE,FALSE,39,0.00752197411193675,FALSE,"fitted",NA,"rep_0093_fit_ou.rds"
"rate_state","mse",93,3093,1000878,2215,4.97065929969152,"converged",TRUE,FALSE,FALSE,FALSE,FALSE,59,0.0076527361084447,FALSE,"fitted",NA,"rep_0093_fit_mse.rds"
"rate_state","rate_state",93,3093,1000879,2215,3.13970283269882,"converged",TRUE,FALSE,FALSE,FALSE,FALSE,41,0.00772313711512166,FALSE,"fitted",NA,"rep_0093_fit_rate_state.rds"
"rate_state","ou",94,3094,1000880,3519,3.63831710020701,"converged",TRUE,FALSE,FALSE,FALSE,FALSE,32,0.0060463055857728,FALSE,"fitted",NA,"rep_0094_fit_ou.rds"
"rate_state","mse",94,3094,1000881,3519,5.59888449907303,"converged",TRUE,FALSE,FALSE,FALSE,FALSE,39,0.00603735369055597,FALSE,"fitted",NA,"rep_0094_fit_mse.rds"
"rate_state","rate_state",94,3094,1000882,3519,4.34408600330353,"converged",TRUE,FALSE,FALSE,FALSE,FALSE,32,0.0060545595535452,FALSE,"fitted",NA,"rep_0094_fit_rate_state.rds"
"rate_state","ou",95,3095,1000883,3096,3.31239453156789,"converged",TRUE,FALSE,FALSE,FALSE,FALSE,32,0.00680329462355391,FALSE,"fitted",NA,"rep_0095_fit_ou.rds"
"rate_state","mse",95,3095,1000884,3096,12.2712534467379,"hit_max",FALSE,TRUE,FALSE,FALSE,FALSE,100,0.00669646917798421,FALSE,"fitted",NA,"rep_0095_fit_mse.rds"
"rate_state","rate_state",95,3095,1000885,3096,3.424946586291,"converged",TRUE,FALSE,FALSE,FALSE,FALSE,30,0.00677889570122662,FALSE,"fitted",NA,"rep_0095_fit_rate_state.rds"
"rate_state","ou",96,3096,1000886,3054,3.02415757973989,"converged",TRUE,FALSE,FALSE,FALSE,FALSE,32,0.0064291398108811,FALSE,"fitted",NA,"rep_0096_fit_ou.rds"
"rate_state","mse",96,3096,1000887,3054,11.7226830999056,"hit_max",FALSE,TRUE,FALSE,FALSE,FALSE,100,0.00643507224404045,FALSE,"fitted",NA,"rep_0096_fit_mse.rds"
"rate_state","rate_state",96,3096,1000888,3054,3.43919506470362,"converged",TRUE,FALSE,FALSE,FALSE,FALSE,31,0.00647306924057841,FALSE,"fitted",NA,"rep_0096_fit_rate_state.rds"
"rate_state","ou",97,3097,1000889,2501,2.34276093244553,"converged",TRUE,FALSE,FALSE,FALSE,FALSE,28,0.00690534020002572,FALSE,"fitted",NA,"rep_0097_fit_ou.rds"
"rate_state","mse",97,3097,1000890,2501,3.96945608059565,"converged",TRUE,FALSE,FALSE,FALSE,FALSE,38,0.00687664120510218,FALSE,"fitted",NA,"rep_0097_fit_mse.rds"
"rate_state","rate_state",97,3097,1000891,2501,2.44726331631343,"converged",TRUE,FALSE,FALSE,FALSE,FALSE,25,0.00691014546437473,FALSE,"fitted",NA,"rep_0097_fit_rate_state.rds"
"rate_state","ou",98,3098,1000892,2336,2.17002325057983,"converged",TRUE,FALSE,FALSE,FALSE,FALSE,29,0.00746881203767829,FALSE,"fitted",NA,"rep_0098_fit_ou.rds"
"rate_state","mse",98,3098,1000893,2336,4.2599329829216,"converged",TRUE,FALSE,FALSE,FALSE,FALSE,47,0.00754080754915131,FALSE,"fitted",NA,"rep_0098_fit_mse.rds"
"rate_state","rate_state",98,3098,1000894,2336,2.32732148170471,"converged",TRUE,FALSE,FALSE,FALSE,FALSE,28,0.00763923810548565,FALSE,"fitted",NA,"rep_0098_fit_rate_state.rds"
"rate_state","ou",99,3099,1000895,3076,3.2823747475942,"converged",TRUE,FALSE,FALSE,FALSE,FALSE,34,0.00626821446834527,FALSE,"fitted",NA,"rep_0099_fit_ou.rds"
"rate_state","mse",99,3099,1000896,3076,4.3803595662117,"converged",TRUE,FALSE,FALSE,FALSE,FALSE,38,0.00627875879397808,FALSE,"fitted",NA,"rep_0099_fit_mse.rds"
"rate_state","rate_state",99,3099,1000897,3076,3.5359091480573,"converged",TRUE,FALSE,FALSE,FALSE,FALSE,32,0.00632917768753845,FALSE,"fitted",NA,"rep_0099_fit_rate_state.rds"
"rate_state","ou",100,3100,1000898,3485,3.7564510345459,"converged",TRUE,FALSE,FALSE,FALSE,FALSE,31,0.00632911742724229,FALSE,"fitted",NA,"rep_0100_fit_ou.rds"
"rate_state","mse",100,3100,1000899,3485,14.1177499175072,"hit_max",FALSE,TRUE,FALSE,FALSE,FALSE,100,0.00630041198430604,FALSE,"fitted",NA,"rep_0100_fit_mse.rds"
"rate_state","rate_state",100,3100,1000900,3485,4.14866613547007,"converged",TRUE,FALSE,FALSE,FALSE,FALSE,31,0.00635514658349271,FALSE,"fitted",NA,"rep_0100_fit_rate_state.rds"
