"model","quantity","time","q025","median","q975"
"Omori–Utsu","Unnormalised decay, g(t)",0,1,1,1
"Omori–Utsu","Unnormalised decay, g(t)",0.001,0.93391705317298,0.945027528258197,0.953987966652668
"Omori–Utsu","Unnormalised decay, g(t)",0.00105031807974833,0.930803203948818,0.942407255520837,0.951773839205117
"Omori–Utsu","Unnormalised decay, g(t)",0.00110316806864623,0.927553065817026,0.939669376171761,0.949458271691885
"Omori–Utsu","Unnormalised decay, g(t)",0.00115867736750019,0.924161676551098,0.936809320917317,0.94703711870541
"Omori–Utsu","Unnormalised decay, g(t)",0.00121697978768065,0.920623989723438,0.933821812929595,0.944506114786985
"Omori–Utsu","Unnormalised decay, g(t)",0.00127821587368928,0.916934883363417,0.93070242311667,0.941860876012314
"Omori–Utsu","Unnormalised decay, g(t)",0.00134253324195716,0.913089169832693,0.927446403752312,0.939096902232401
"Omori–Utsu","Unnormalised decay, g(t)",0.00141008693669075,0.909081606993793,0.924048721090465,0.936209580034086
"Omori–Utsu","Unnormalised decay, g(t)",0.00148103980362324,0.904906910746568,0.92050404948046,0.933194186487601
"Omori–Utsu","Unnormalised decay, g(t)",0.00155556288257241,0.900559769004648,0.916808164172096,0.930045893751353
"Omori–Utsu","Unnormalised decay, g(t)",0.00163383581975124,0.896034857180404,0.912955274403715,0.926759774606682
"Omori–Utsu","Unnormalised decay, g(t)",0.00171604730082517,0.891326855241835,0.908940115034298,0.923330808997513
"Omori–Utsu","Unnormalised decay, g(t)",0.00180239550576001,0.886430466398297,0.90475737784287,0.919753891651514
"Omori–Utsu","Unnormalised decay, g(t)",0.00189308858655688,0.881340437463745,0.900402170037806,0.916023856276522
"Omori–Utsu","Unnormalised decay, g(t)",0.00198834516902591,0.87605158093617,0.895869122482737,0.91213655993022
"Omori–Utsu","Unnormalised decay, g(t)",0.00208839487980817,0.870558798819922,0.891153480759346,0.908085730529593
"Omori–Utsu","Unnormalised decay, g(t)",0.00219347889991637,0.86485710820359,0.886248067336809,0.903866036809549
"Omori–Utsu","Unnormalised decay, g(t)",0.00230385054612865,0.858940391096153,0.881147656870807,0.89947212034797
"Omori–Utsu","Unnormalised decay, g(t)",0.002419775881637,0.852804163728111,0.875847503467112,0.894898611327987
"Omori–Utsu","Unnormalised decay, g(t)",0.00254153435742231,0.846444772427219,0.87034247511503,0.890140145897825
"Omori–Utsu","Unnormalised decay, g(t)",0.00266941948590221,0.839857963910364,0.86462800740898,0.885191385186071
"Omori–Utsu","Unnormalised decay, g(t)",0.0028037395484756,0.833039752599431,0.85869921224282,0.880047036021896
"Omori–Utsu","Unnormalised decay, g(t)",0.00294481833866936,0.825986455999446,0.852552088507349,0.874701873399538
"Omori–Utsu","Unnormalised decay, g(t)",0.00309299594267888,0.818694731355253,0.846181500802806,0.869150729083647
"Omori–Utsu","Unnormalised decay, g(t)",0.00324862955918387,0.811161613407828,0.839585181286477,0.8633885689386
"Omori–Utsu","Unnormalised decay, g(t)",0.00341209436041568,0.803384603809966,0.832758232995184,0.857410569537164
"Omori–Utsu","Unnormalised decay, g(t)",0.00358378439655192,0.795361564314524,0.825692873950156,0.851212037820855
"Omori–Utsu","Unnormalised decay, g(t)",0.00376411354561846,0.787090895986144,0.818385323490032,0.844788487745848
"Omori–Utsu","Unnormalised decay, g(t)",0.00395351651118867,0.778571535293498,0.810835911932305,0.838135064902286
"Omori–Utsu","Unnormalised decay, g(t)",0.00415244987028502,0.769802992839527,0.803046814070006,0.831242084867048
"Omori–Utsu","Unnormalised decay, g(t)",0.00436139317400899,0.760785392044006,0.795013593716943,0.824111411012846
"Omori–Utsu","Unnormalised decay, g(t)",0.00458085010355261,0.751519506715539,0.786729981191666,0.816739674034949
"Omori–Utsu","Unnormalised decay, g(t)",0.00481134968437834,0.74200679706763,0.778200050926078,0.809123889097276
"Omori–Utsu","Unnormalised decay, g(t)",0.00505344756149402,0.732249443708602,0.769419455683926,0.801261495289125
"Omori–Utsu","Unnormalised decay, g(t)",0.0053077273388973,0.72225053927909,0.7603829322994,0.79315039575735
"Omori–Utsu","Unnormalised decay, g(t)",0.00557480198641835,0.712013775926709,0.751096567650248,0.784788998227799
"Omori–Utsu","Unnormalised decay, g(t)",0.00585531531735212,0.701543557812923,0.741565459505648,0.776183079608595
"Omori–Utsu","Unnormalised decay, g(t)",0.00614994354044229,0.690845229800004,0.731791455264328,0.767329918636461
"Omori–Utsu","Unnormalised decay, g(t)",0.00645939688995802,0.67992497908741,0.721776233773918,0.758231566022588
"Omori–Utsu","Unnormalised decay, g(t)",0.00678442133779308,0.668791901111174,0.711517654602251,0.748889194037104
"Omori–Utsu","Unnormalised decay, g(t)",0.00712580039171445,0.657470372593078,0.701023104330889,0.739299752262926
"Omori–Utsu","Unnormalised decay, g(t)",0.00748435698409545,0.645952305929823,0.690288787384902,0.729465641050198
"Omori–Utsu","Unnormalised decay, g(t)",0.00786095545568617,0.634247534315014,0.679337066852545,0.71938997842128
"Omori–Utsu","Unnormalised decay, g(t)",0.00825650363920349,0.622342869082762,0.668184393508938,0.709076672306993
"Omori–Utsu","Unnormalised decay, g(t)",0.00867195504776335,0.610269536939975,0.6568143166325,0.698528533335591
"Omori–Utsu","Unnormalised decay, g(t)",0.00910831117343068,0.598065132473465,0.6452480742833,0.687736171652397
"Omori–Utsu","Unnormalised decay, g(t)",0.00956662390142801,0.585720066299611,0.633503469809233,0.676717990543515
"Omori–Utsu","Unnormalised decay, g(t)",0.0100479980458224,0.573248253864815,0.621566111937986,0.6654796470073
"Omori–Utsu","Unnormalised decay, g(t)",0.0105535940128032,0.560663882807362,0.609470621359891,0.654033492180065
"Omori–Utsu","Unnormalised decay, g(t)",0.011084630597971,0.547981346135611,0.597203675319904,0.642388539321599
"Omori–Utsu","Unnormalised decay, g(t)",0.0116423879243805,0.535215962374168,0.584797485066999,0.630577430183805
"Omori–Utsu","Unnormalised decay, g(t)",0.0122282105284205,0.522383527805863,0.572274428335981,0.618586279404805
"Omori–Utsu","Unnormalised decay, g(t)",0.012843510600969,0.509500244439805,0.559636249796524,0.606412250478551
"Omori–Utsu","Unnormalised decay, g(t)",0.0134897713916372,0.496582643338095,0.546891024188975,0.59408405502528
"Omori–Utsu","Unnormalised decay, g(t)",0.0141685507843084,0.483645507344568,0.534058863916878,0.581614606075221
"Omori–Utsu","Unnormalised decay, g(t)",0.0148814850525915,0.470684907247467,0.521157446234944,0.569017891612805
"Omori–Utsu","Unnormalised decay, g(t)",0.0156302928042415,0.457740017798554,0.508221163496279,0.556308443142568
"Omori–Utsu","Unnormalised decay, g(t)",0.0164167791240551,0.44482826184945,0.495243026237275,0.543504330444498
"Omori–Utsu","Unnormalised decay, g(t)",0.0172428399252301,0.431992481937783,0.482236493087586,0.53062244483749
"Omori–Utsu","Unnormalised decay, g(t)",0.0181104665196756,0.419186772413624,0.46923476433217,0.5176582207654
"Omori–Utsu","Unnormalised decay, g(t)",0.0190217504182922,0.406502664742378,0.456241718892009,0.504656816716297
"Omori–Utsu","Unnormalised decay, g(t)",0.0199788883727927,0.39390173812128,0.443283790484208,0.491629213571324
"Omori–Utsu","Unnormalised decay, g(t)",0.020984187671218,0.381400629252437,0.430387925026586,0.478577607960862
"Omori–Utsu","Unnormalised decay, g(t)",0.0220400716999123,0.369025014690787,0.417559252738064,0.465527424526045
"Omori–Utsu","Unnormalised decay, g(t)",0.0231490857853676,0.35679465173666,0.404815026096572,0.452496821581524
"Omori–Utsu","Unnormalised decay, g(t)",0.0243139033300167,0.344723815269761,0.392155210228231,0.439503409337904
"Omori–Utsu","Unnormalised decay, g(t)",0.0255373322567698,0.33282560496936,0.379638088260902,0.426564522452188
"Omori–Utsu","Unnormalised decay, g(t)",0.0268223217778257,0.321127727892192,0.367246050670672,0.413735485962337
"Omori–Utsu","Unnormalised decay, g(t)",0.0281719695040778,0.309668311164404,0.354985169717842,0.400980399931364
"Omori–Utsu","Unnormalised decay, g(t)",0.0295895289122516,0.298417297168988,0.342894235752898,0.388348652099315
"Omori–Utsu","Unnormalised decay, g(t)",0.031078417187774,0.287385205730428,0.33098088530102,0.375841588335917
"Omori–Utsu","Unnormalised decay, g(t)",0.0326422234622804,0.276557931800185,0.319268238418534,0.363418896132741
"Omori–Utsu","Unnormalised decay, g(t)",0.0342847174656184,0.265945872065181,0.307732065587811,0.351193771985555
"Omori–Utsu","Unnormalised decay, g(t)",0.0360098586132025,0.255576025226035,0.29642139573303,0.339133990534336
"Omori–Utsu","Unnormalised decay, g(t)",0.0378218055506278,0.245454721238533,0.285333249105666,0.327230503875242
"Omori–Utsu","Unnormalised decay, g(t)",0.0397249261785503,0.23558582212752,0.274456401384565,0.315511360928224
"Omori–Utsu","Unnormalised decay, g(t)",0.0417238081819993,0.225970741055182,0.263832879491095,0.303985093886651
"Omori–Utsu","Unnormalised decay, g(t)",0.0438232700895054,0.216618666539194,0.253459792296861,0.292673264130213
"Omori–Utsu","Unnormalised decay, g(t)",0.0460283728887019,0.207516369517257,0.243324612425732,0.281585943792807
"Omori–Utsu","Unnormalised decay, g(t)",0.0483444322264017,0.198699808733764,0.233465367707721,0.270753505918647
"Omori–Utsu","Unnormalised decay, g(t)",0.0507770312225578,0.190101861502918,0.223853479495469,0.260118758961992
"Omori–Utsu","Unnormalised decay, g(t)",0.0533320339289981,0.181780418666396,0.214510381614946,0.249735920757475
"Omori–Utsu","Unnormalised decay, g(t)",0.0560155994653783,0.173759934398611,0.205430807247974,0.239608114605339
"Omori–Utsu","Unnormalised decay, g(t)",0.058834196866428,0.166006228749658,0.196618231391473,0.229767365923003
"Omori–Utsu","Unnormalised decay, g(t)",0.0617946206762821,0.158516927176029,0.188085174957319,0.220213419545769
"Omori–Utsu","Unnormalised decay, g(t)",0.0649040073274894,0.15128268734545,0.179812940035422,0.210926681937365
"Omori–Utsu","Unnormalised decay, g(t)",0.0681698523441805,0.144304940275815,0.171807024031109,0.201911669822986
"Omori–Utsu","Unnormalised decay, g(t)",0.0716000284108672,0.137585171248512,0.164087521454925,0.193167353297057
"Omori–Utsu","Unnormalised decay, g(t)",0.0752028043504282,0.131156714087012,0.156613745327454,0.184680094139219
"Omori–Utsu","Unnormalised decay, g(t)",0.0789868650570315,0.124930124537202,0.14942560270364,0.176430408327096
"Omori–Utsu","Unnormalised decay, g(t)",0.0829613324320421,0.118971546775813,0.142481823546491,0.168483345163679
"Omori–Utsu","Unnormalised decay, g(t)",0.0871357873733857,0.1132195786728,0.135790774389789,0.160817668948251
"Omori–Utsu","Unnormalised decay, g(t)",0.0915202928713737,0.107707124785892,0.129360371761289,0.153420251498926
"Omori–Utsu","Unnormalised decay, g(t)",0.0961254182666664,0.102408213101442,0.123181690734713,0.14630730202646
"Omori–Utsu","Unnormalised decay, g(t)",0.10096226472885,0.0973592140883337,0.117248348544975,0.139464094949168
"Omori–Utsu","Unnormalised decay, g(t)",0.106042492017049,0.0925429063929701,0.111547392753344,0.132844641645393
"Omori–Utsu","Unnormalised decay, g(t)",0.111378346587075,0.0879502024417741,0.106076745664639,0.126454915925187
"Omori–Utsu","Unnormalised decay, g(t)",0.116982691112881,0.083542436048289,0.100845504668331,0.120343137751053
"Omori–Utsu","Unnormalised decay, g(t)",0.122869035493474,0.0793095054011765,0.0958375963957942,0.114468076569498
"Omori–Utsu","Unnormalised decay, g(t)",0.129051569420036,0.0752698578989875,0.091030325145257,0.108845222004682
"Omori–Utsu","Unnormalised decay, g(t)",0.135545196581761,0.0714396447736714,0.0864348786745854,0.103451881291374
"Omori–Utsu","Unnormalised decay, g(t)",0.142365570592866,0.0677559982002861,0.0820495146682806,0.0982967421996075
"Omori–Utsu","Unnormalised decay, g(t)",0.149529132727375,0.0642559464389466,0.0778587193061326,0.0933625015834387
"Omori–Utsu","Unnormalised decay, g(t)",0.15705315155265,0.0609096264916051,0.0738565801256987,0.0886284533268037
"Omori–Utsu","Unnormalised decay, g(t)",0.164955764557203,0.0577392178600811,0.0700434922292041,0.0841234082148807
"Omori–Utsu","Unnormalised decay, g(t)",0.17325602187314,0.0547087275436062,0.0664058281361478,0.0798109330638605
"Omori–Utsu","Unnormalised decay, g(t)",0.181973932198632,0.0518297269888919,0.0629407557781726,0.075690871163094
"Omori–Utsu","Unnormalised decay, g(t)",0.191130511031121,0.049095610086263,0.0596398099813444,0.0717538472775176
"Omori–Utsu","Unnormalised decay, g(t)",0.200747831327525,0.0464902594764196,0.0565011669950029,0.0680033876407914
"Omori–Utsu","Unnormalised decay, g(t)",0.210849076713569,0.0440114447096722,0.0535061740960179,0.0644315388667161
"Omori–Utsu","Unnormalised decay, g(t)",0.221458597370505,0.041656684191876,0.0506560440213894,0.0610459254938521
"Omori–Utsu","Unnormalised decay, g(t)",0.232601968733948,0.0394198813708395,0.0479479088364747,0.0577931978264838
"Omori–Utsu","Unnormalised decay, g(t)",0.244306053146322,0.0372963298730245,0.0453772829607693,0.0547152192239657
"Omori–Utsu","Unnormalised decay, g(t)",0.25659906461154,0.0352812038768382,0.0429296883035204,0.0518022185493354
"Omori–Utsu","Unnormalised decay, g(t)",0.269510636808012,0.0333768674509445,0.0406123585778703,0.0490193011745684
"Omori–Utsu","Unnormalised decay, g(t)",0.283071894523941,0.0315549727283944,0.0384134187867394,0.0463771143467431
"Omori–Utsu","Unnormalised decay, g(t)",0.297315528687109,0.0298403624427225,0.0363247246318119,0.0438721944830499
"Omori–Utsu","Unnormalised decay, g(t)",0.312275875170005,0.0282143523727248,0.0343434113815294,0.0415015440838025
"Omori–Utsu","Unnormalised decay, g(t)",0.327988997560291,0.0266646314636584,0.0324624104613829,0.0392463742582213
"Omori–Utsu","Unnormalised decay, g(t)",0.344492774096106,0.0251984561875787,0.0306809058183863,0.0370933060560821
"Omori–Utsu","Unnormalised decay, g(t)",0.361826988975799,0.0238096683522009,0.0289939734054094,0.0350566866044203
"Omori–Utsu","Unnormalised decay, g(t)",0.380033428262183,0.0224964309399941,0.027394484769171,0.0331297618252216
"Omori–Utsu","Unnormalised decay, g(t)",0.399155980612512,0.0212549948173537,0.0258795601245313,0.031292580747375
"Omori–Utsu","Unnormalised decay, g(t)",0.419240743076997,0.0200762946756977,0.0244449837025271,0.0295519229577992
"Omori–Utsu","Unnormalised decay, g(t)",0.440336132220897,0.0189608172703153,0.0230867607858001,0.0279074710484203
"Omori–Utsu","Unnormalised decay, g(t)",0.462493000838061,0.0179074188079404,0.0218010931743063,0.0263503101355647
"Omori–Utsu","Unnormalised decay, g(t)",0.485764760537277,0.0169137524732749,0.0205850558886477,0.0248741090722736
"Omori–Utsu","Unnormalised decay, g(t)",0.510207510496923,0.0159758715313427,0.0194327106469545,0.0234812558083751
"Omori–Utsu","Unnormalised decay, g(t)",0.535880172698306,0.0150864624043999,0.0183431518308566,0.0221708390000572
"Omori–Utsu","Unnormalised decay, g(t)",0.562844633963691,0.0142429798137824,0.0173140635543923,0.0209254011348696
"Omori–Utsu","Unnormalised decay, g(t)",0.591165895141398,0.0134454288207836,0.0163404946837948,0.0197504097806393
"Omori–Utsu","Unnormalised decay, g(t)",0.620912227797619,0.01269187993598,0.0154195815777189,0.018634182733371
"Omori–Utsu","Unnormalised decay, g(t)",0.652155338792655,0.0119766966271044,0.0145515730004525,0.0175829080121354
"Omori–Utsu","Unnormalised decay, g(t)",0.684970543138327,0.0113022837984194,0.0137306816225432,0.0165917643848743
"Omori–Utsu","Unnormalised decay, g(t)",0.719436945553221,0.0106650614212608,0.0129527023679438,0.0156558829770691
"Omori–Utsu","Unnormalised decay, g(t)",0.755637631153466,0.0100631484873681,0.0122178604955349,0.0147624833418286
"Omori–Utsu","Unnormalised decay, g(t)",0.793659865738689,0.00949624495959048,0.0115259458587138,0.0139223348147355
"Omori–Utsu","Unnormalised decay, g(t)",0.83359530615598,0.00896033962808209,0.0108723466156383,0.0131275852649283
"Omori–Utsu","Unnormalised decay, g(t)",0.875540221248974,0.00845397575402797,0.0102547296957743,0.0123786444007205
"Omori–Utsu","Unnormalised decay, g(t)",0.919595723924655,0.00797493878948585,0.00967024499369147,0.0116716519718741
"Omori–Utsu","Unnormalised decay, g(t)",0.965868014897323,0.00751992655044213,0.00911915777198596,0.0110055951662322
"Omori–Utsu","Unnormalised decay, g(t)",1.01446863869729,0.00709521434067399,0.00860042379946265,0.0103767672248638
"Omori–Utsu","Unnormalised decay, g(t)",1.06551475256145,0.0066927359938018,0.00810853400784003,0.00978294712403784
"Omori–Utsu","Unnormalised decay, g(t)",1.11912940885386,0.00631506362431405,0.0076456903634596,0.00922267800624229
"Omori–Utsu","Unnormalised decay, g(t)",1.17544185169728,0.00595608350540933,0.00720928346152125,0.0086933686886796
"Omori–Utsu","Unnormalised decay, g(t)",1.23458782853051,0.00561854808997116,0.00679705520392853,0.00819103682768537
"Omori–Utsu","Unnormalised decay, g(t)",1.29670991734283,0.00529880952013798,0.0064084168043542,0.00772039779556023
"Omori–Utsu","Unnormalised decay, g(t)",1.36195787037414,0.00499733377652498,0.00604124890400017,0.00727584233718427
"Omori–Utsu","Unnormalised decay, g(t)",1.4304889751095,0.00471192825012966,0.00569440770723033,0.00685691456114504
"Omori–Utsu","Unnormalised decay, g(t)",1.50246843343818,0.00444260878251315,0.00536757625784199,0.00646066574615598
"Omori–Utsu","Unnormalised decay, g(t)",1.57806975989127,0.00418806785217884,0.00505930201683385,0.00608466656139246
"Omori–Utsu","Unnormalised decay, g(t)",1.65747519991792,0.00394996411967684,0.00476799116801439,0.00573454491576192
"Omori–Utsu","Unnormalised decay, g(t)",1.74087616920828,0.00372508052415714,0.00449415174391402,0.00540317678177881
"Omori–Utsu","Unnormalised decay, g(t)",1.82847371512247,0.00351180769691995,0.00423637424419371,0.00508931155105146
"Omori–Utsu","Unnormalised decay, g(t)",1.92047900133774,0.00330955563436914,0.00399189835851861,0.00479448067721944
"Omori–Utsu","Unnormalised decay, g(t)",2.01711381688205,0.00312013554550189,0.00376216471324721,0.00451609960852135
"Omori–Utsu","Unnormalised decay, g(t)",2.11861111078139,0.00294133734155662,0.00354484442813361,0.00425362509011221
"Omori–Utsu","Unnormalised decay, g(t)",2.2252155536094,0.00277304460393852,0.00333996696658123,0.00400627313664612
"Omori–Utsu","Unnormalised decay, g(t)",2.33718412729315,0.00261433581135285,0.00314726946959156,0.00377305411238711
"Omori–Utsu","Unnormalised decay, g(t)",2.45478674459683,0.00246443073319094,0.00296566351836902,0.00355531944051683
"Omori–Utsu","Unnormalised decay, g(t)",2.57830689977661,0.00232268231280684,0.00279413988083762,0.00334895170665858
"Omori–Utsu","Unnormalised decay, g(t)",2.70804235197525,0.00218889881287414,0.0026328371504281,0.00315336018285859
"Omori–Utsu","Unnormalised decay, g(t)",2.8443058430038,0.0020634326790273,0.00248095337037484,0.0029696891750658
"Omori–Utsu","Unnormalised decay, g(t)",2.98742585124072,0.0019451410385226,0.0023375478398576,0.00279554389676169
"Omori–Utsu","Unnormalised decay, g(t)",3.13774738346569,0.00183329926466986,0.00220257366488252,0.00263205635936353
"Omori–Utsu","Unnormalised decay, g(t)",3.29563280653705,0.00172771202258548,0.00207478640284098,0.00247956610194957
"Omori–Utsu","Unnormalised decay, g(t)",3.4614627209176,0.00162757493177904,0.00195465018119027,0.00233483821904951
"Omori–Utsu","Unnormalised decay, g(t)",3.63563687815462,0.00153388976443294,0.00184144618988601,0.00219914141178356
"Omori–Utsu","Unnormalised decay, g(t)",3.8185751445256,0.0014457369462096,0.00173505060806572,0.00207146495665888
"Omori–Utsu","Unnormalised decay, g(t)",4.01071851317284,0.0013626920636619,0.00163440402841369,0.00195111402717047
"Omori–Utsu","Unnormalised decay, g(t)",4.21253016716679,0.001284289525066,0.0015395558487627,0.00183731761589101
"Omori–Utsu","Unnormalised decay, g(t)",4.42449659606056,0.00121043611544135,0.00145030174851114,0.00173016067432609
"Omori–Utsu","Unnormalised decay, g(t)",4.64712876862737,0.00114081670810415,0.0013663681210052,0.00162935643169214
"Omori–Utsu","Unnormalised decay, g(t)",4.88096336460794,0.00107518989700696,0.00128726555890027,0.00153431375518426
"Omori–Utsu","Unnormalised decay, g(t)",5.12656406843699,0.00101332790390473,0.00121264833060094,0.0014447866064011
"Omori–Utsu","Unnormalised decay, g(t)",5.38452292806754,0.000955015823024104,0.00114239823280144,0.0013606142268849
"Omori–Utsu","Unnormalised decay, g(t)",5.65546178216878,0.000899882886389212,0.00107618558237349,0.00128139750650074
"Omori–Utsu","Unnormalised decay, g(t)",5.94003375913761,0.000848089856867627,0.00101387915166509,0.00120703240971555
"Omori–Utsu","Unnormalised decay, g(t)",6.2389248515377,0.000799337774754771,0.000955004138202685,0.00113654856407891
"Omori–Utsu","Unnormalised decay, g(t)",6.55285556976123,0.000753190603598609,0.000899631527609035,0.00107007200939234
"Omori–Utsu","Unnormalised decay, g(t)",6.8825826788998,0.000709804416561467,0.000847393406525093,0.00100749990228096
"Omori–Utsu","Unnormalised decay, g(t)",7.22890102301119,0.000668930253245176,0.000798129671067539,0.000948689961240421
"Omori–Utsu","Unnormalised decay, g(t)",7.59264544117988,0.000630370618663216,0.000751873552943835,0.000893376593924292
"Omori–Utsu","Unnormalised decay, g(t)",7.97469277999,0.000594080730457189,0.00070818879763632,0.000840842089702898
"Omori–Utsu","Unnormalised decay, g(t)",8.37596400726201,0.000559912745869868,0.000667118127280724,0.000791602501618839
"Omori–Utsu","Unnormalised decay, g(t)",8.79742643214859,0.000527742459138639,0.00062842209394392,0.000745265157646312
"Omori–Utsu","Unnormalised decay, g(t)",9.24009603694156,0.000497228191947602,0.000591925110306421,0.000701558749258556
"Omori–Utsu","Unnormalised decay, g(t)",9.70503992621065,0.00046859976015452,0.000557547519131504,0.000660522169370304
"Omori–Utsu","Unnormalised decay, g(t)",10.1933788991785,0.000441556694214926,0.000525176680674791,0.000622039411733548
"Omori–Utsu","Unnormalised decay, g(t)",10.7062901515324,0.000416151224318442,0.000494635623176126,0.000585756607478507
"Omori–Utsu","Unnormalised decay, g(t)",11.245010113186,0.000392208922310279,0.00046590203351762,0.00055166052466345
"Omori–Utsu","Unnormalised decay, g(t)",11.8108374288321,0.000369599169476858,0.000438771265545636,0.000519435383655148
"Omori–Utsu","Unnormalised decay, g(t)",12.4051360884707,0.000348175506205116,0.00041328582141599,0.00048911504960947
"Omori–Utsu","Unnormalised decay, g(t)",13.0293387154593,0.000328053985609329,0.000389249913488782,0.000460612626890672
"Omori–Utsu","Unnormalised decay, g(t)",13.6849500200118,0.000309124557323524,0.00036661983620805,0.000433692820650018
"Omori–Utsu","Unnormalised decay, g(t)",14.3735504264708,0.000291202245785849,0.000345312160540046,0.000408414240127116
"Omori–Utsu","Unnormalised decay, g(t)",15.0967998830966,0.000274298464826157,0.000325228007074117,0.000384614672380953
"Omori–Utsu","Unnormalised decay, g(t)",15.8564418635589,0.000258503376486177,0.000306295213857624,0.000362070913240902
"Omori–Utsu","Unnormalised decay, g(t)",16.6543075697743,0.000243617816388545,0.000288551666258544,0.000340863511137076
"Omori–Utsu","Unnormalised decay, g(t)",17.4923203462235,0.000229637917434914,0.000271760753861032,0.000320988155884401
"Omori–Utsu","Unnormalised decay, g(t)",18.3725003163882,0.000216367775559287,0.000255940355348395,0.000302155605543234
"Omori–Utsu","Unnormalised decay, g(t)",19.2969692524845,0.000203922569287932,0.000241045769361016,0.000284613002752324
"Omori–Utsu","Unnormalised decay, g(t)",20.2679556902322,0.00019210019154396,0.000227031781358856,0.000267979916867258
"Omori–Utsu","Unnormalised decay, g(t)",21.287800300989,0.000180972219394521,0.000213841661901475,0.000252312273222367
"Omori–Utsu","Unnormalised decay, g(t)",22.3589615342008,0.000170497810903895,0.000201406898694133,0.000237576180796322
"Omori–Utsu","Unnormalised decay, g(t)",23.4840215437686,0.000160610729402916,0.000189693937050311,0.000223660637401607
"Omori–Utsu","Unnormalised decay, g(t)",24.6656924126196,0.000151287230363284,0.000178658912330631,0.000210620208141246
"Omori–Utsu","Unnormalised decay, g(t)",25.9068226904857,0.000142517047657556,0.000168295320682444,0.000198262762204171
"Omori–Utsu","Unnormalised decay, g(t)",27.2104042606515,0.000134262445490072,0.000158515158843796,0.000186696372824952
"Omori–Utsu","Unnormalised decay, g(t)",28.5795795522234,0.000126462406845147,0.000149292484285414,0.000175793408395013
"Omori–Utsu","Unnormalised decay, g(t)",30.0176491153061,0.000119151189947425,0.000140600181909461,0.000165542808957332
"Omori–Utsu","Unnormalised decay, g(t)",31.5280795773476,0.000112252271052875,0.000132431782550476,0.000155868672271518
"Omori–Utsu","Unnormalised decay, g(t)",33.1145119998324,0.000105747089743998,0.000124748507195736,0.000146822075550723
"Omori–Utsu","Unnormalised decay, g(t)",34.7807706554672,9.96105703193203e-05,0.000117469008946216,0.000138258406313949
"Omori–Utsu","Unnormalised decay, g(t)",36.5308722470174,9.38049399458651e-05,0.000110626327547069,0.000130158054765488
"Omori–Utsu","Unnormalised decay, g(t)",38.3690355900191,8.83498619317447e-05,0.000104190156549345,0.000122544916983337
"Omori–Utsu","Unnormalised decay, g(t)",40.2996917827044,8.32698550942539e-05,9.81278508697161e-05,0.00011540608614573
"Omori–Utsu","Unnormalised decay, g(t)",42.3274948876598,7.84261901318178e-05,9.24279005175629e-05,0.000108644499171607
"Omori–Utsu","Unnormalised decay, g(t)",44.4573331509643,7.39098855233944e-05,8.70506303658125e-05,0.000102280419449885
"Omori–Utsu","Unnormalised decay, g(t)",46.6943407858529,6.96206211033015e-05,8.19836798896396e-05,9.63210634428261e-05
"Omori–Utsu","Unnormalised decay, g(t)",49.0439103493112,6.55659268718689e-05,7.72202835522349e-05,9.07076532583864e-05
"Omori–Utsu","Unnormalised decay, g(t)",51.5117057414381,6.17337733517778e-05,7.27263722313371e-05,8.53833238074679e-05
"Omori–Utsu","Unnormalised decay, g(t)",54.1036758589086,5.81657808051824e-05,6.84932815421227e-05,8.03985789831043e-05
"Omori–Utsu","Unnormalised decay, g(t)",56.8260689354551,5.47989839316458e-05,6.45044012426421e-05,7.57152603486455e-05
"Omori–Utsu","Unnormalised decay, g(t)",59.6854476039337,5.16320242564209e-05,6.07519680366764e-05,7.1304209739498e-05
"Omori–Utsu","Unnormalised decay, g(t)",62.6887047162836,4.86163500256946e-05,5.72156041747193e-05,6.71317230711575e-05
"Omori–Utsu","Unnormalised decay, g(t)",65.8430799595172,4.57802523158962e-05,5.38957227737612e-05,6.32158192331252e-05
"Omori–Utsu","Unnormalised decay, g(t)",69.1561773077962,4.31124610326153e-05,5.07648616438842e-05,5.95214497090671e-05
"Omori–Utsu","Unnormalised decay, g(t)",72.6359833526599,4.06040628417475e-05,4.78092056175316e-05,5.60418834482253e-05
"Omori–Utsu","Unnormalised decay, g(t)",76.2908865555977,3.82385256079094e-05,4.50186168570993e-05,5.27615516440457e-05
"Omori–Utsu","Unnormalised decay, g(t)",80.1296974693735,3.60141381267507e-05,4.2399767597121e-05,4.96771739280437e-05
"Omori–Utsu","Unnormalised decay, g(t)",84.1616699768472,3.39310441669853e-05,3.99234239736005e-05,4.67596535801891e-05
"Omori–Utsu","Unnormalised decay, g(t)",88.3965235984953,3.19594915725792e-05,3.76028189458668e-05,4.40280259186202e-05
"Omori–Utsu","Unnormalised decay, g(t)",92.8444669224,3.01168949118227e-05,3.54139653613251e-05,4.14472804311692e-05
"Omori–Utsu","Unnormalised decay, g(t)",97.5162222131928,2.83720913042928e-05,3.33543113415122e-05,3.903532050724e-05
"Omori–Utsu","Unnormalised decay, g(t)",102.423051259273,2.67240376861359e-05,3.14116175900013e-05,3.67679227365576e-05
"Omori–Utsu","Unnormalised decay, g(t)",107.576782520605,2.51827882683322e-05,2.95840210763723e-05,3.46196722476699e-05
"Omori–Utsu","Unnormalised decay, g(t)",112.989839642545,2.37226993211715e-05,2.78638205783282e-05,3.26011282749316e-05
"Omori–Utsu","Unnormalised decay, g(t)",118.675271404431,2.23535359444283e-05,2.62440862449755e-05,3.0702049323103e-05
"Omori–Utsu","Unnormalised decay, g(t)",124.646783175114,2.10545390341631e-05,2.47154410747052e-05,2.89168898328829e-05
"Omori–Utsu","Unnormalised decay, g(t)",130.918769951293,1.98298685207693e-05,2.32748383925702e-05,2.72317574049892e-05
"Omori–Utsu","Unnormalised decay, g(t)",137.506351058256,1.86965733474633e-05,2.19197757605928e-05,2.56469362813818e-05
"Omori–Utsu","Unnormalised decay, g(t)",144.425406596708,1.76088635598356e-05,2.06460308771706e-05,2.41501982976687e-05
"Omori–Utsu","Unnormalised decay, g(t)",151.692615723526,1.65959035501941e-05,1.94436752347395e-05,2.27392817220458e-05
"Omori–Utsu","Unnormalised decay, g(t)",159.325496858736,1.56281402953479e-05,1.83113075766929e-05,2.1412697222252e-05
"Omori–Utsu","Unnormalised decay, g(t)",167.342449915617,1.4724105453399e-05,1.72466125761838e-05,2.01636032406723e-05
"Omori–Utsu","Unnormalised decay, g(t)",175.762800655753,1.38729487479273e-05,1.62444146751587e-05,1.8987996838752e-05
"Omori–Utsu","Unnormalised decay, g(t)",184.60684727594,1.30655878206637e-05,1.5299430963367e-05,1.78780388428595e-05
"Omori–Utsu","Unnormalised decay, g(t)",193.895909339259,1.23061554225754e-05,1.44096363583648e-05,1.68286676950912e-05
"Omori–Utsu","Unnormalised decay, g(t)",203.652379168268,1.15911823370856e-05,1.3570878294596e-05,1.58428186860929e-05
"Omori–Utsu","Unnormalised decay, g(t)",213.899775824195,1.09139743107047e-05,1.27797316623442e-05,1.49083998762172e-05
"Omori–Utsu","Unnormalised decay, g(t)",224.662801802268,1.02812999742116e-05,1.20335293246079e-05,1.40477078205125e-05
"Omori–Utsu","Unnormalised decay, g(t)",235.967402579838,9.67991784710666e-06,1.13313315356827e-05,1.32264850937376e-05
"Omori–Utsu","Unnormalised decay, g(t)",247.840829160858,9.11901331176116e-06,1.06708811729574e-05,1.2454162305211e-05
"Omori–Utsu","Unnormalised decay, g(t)",260.311703767468,8.58961242856491e-06,1.00488436912575e-05,1.17275287254067e-05
"Omori–Utsu","Unnormalised decay, g(t)",273.410088837064,8.09027027429136e-06,9.46446125438333e-06,1.10422700968874e-05
"Omori–Utsu","Unnormalised decay, g(t)",287.167559491166,7.62095015493527e-06,8.91420583033102e-06,1.03954811972555e-05
"Omori–Utsu","Unnormalised decay, g(t)",301.617279650778,7.17915203014096e-06,8.39606358230344e-06,9.78963162684659e-06
"Omori–Utsu","Unnormalised decay, g(t)",316.794081981721,6.76090660636258e-06,7.90804506512353e-06,9.21878912586594e-06
"Omori–Utsu","Unnormalised decay, g(t)",332.734551862678,6.36737369963982e-06,7.44731729753793e-06,8.68477567342591e-06
"Omori–Utsu","Unnormalised decay, g(t)",349.477115578331,5.99929380326294e-06,7.01356069132578e-06,8.17608788334757e-06
"Omori–Utsu","Unnormalised decay, g(t)",367.062132950219,5.65041330306307e-06,6.60596024059469e-06,7.69838434065529e-06
"Omori–Utsu","Unnormalised decay, g(t)",385.531994628602,5.32277679257349e-06,6.22181577625112e-06,7.24935220687683e-06
"Omori–Utsu","Unnormalised decay, g(t)",404.931224279859,5.01413094671577e-06,5.85885147777652e-06,6.82627631218136e-06
"Omori–Utsu","Unnormalised decay, g(t)",425.306585915763,4.72342489831334e-06,5.51687387459288e-06,6.42840293820239e-06
"Omori–Utsu","Unnormalised decay, g(t)",446.707196623364,4.44923466952817e-06,5.196260948985e-06,6.05388298826098e-06
"Omori–Utsu","Unnormalised decay, g(t)",469.184644967214,4.18856665433687e-06,4.89368438030138e-06,5.7023022921485e-06
"Omori–Utsu","Unnormalised decay, g(t)",492.793115349368,3.94408125665401e-06,4.60839078875537e-06,5.36939494154685e-06
"Omori–Utsu","Unnormalised decay, g(t)",517.589518626948,3.71465199436255e-06,4.3400661002505e-06,5.0583117366826e-06
"Omori–Utsu","Unnormalised decay, g(t)",543.633629302121,3.49706818286942e-06,4.08732277409365e-06,4.76394659941105e-06
"Omori–Utsu","Unnormalised decay, g(t)",570.988229615221,3.29439271364109e-06,3.84963210977564e-06,4.48562748521427e-06
"Omori–Utsu","Unnormalised decay, g(t)",599.71926088836,3.10271400922299e-06,3.62587208237845e-06,4.22711570657049e-06
"Omori–Utsu","Unnormalised decay, g(t)",629.895982484354,2.9224584060934e-06,3.41522212513212e-06,3.98239506346962e-06
"Omori–Utsu","Unnormalised decay, g(t)",661.591138764156,2.75190260517676e-06,3.21636631126303e-06,3.74952237183435e-06
"Omori–Utsu","Unnormalised decay, g(t)",694.881134445283,2.59171354622563e-06,3.02855133193114e-06,3.53105419186067e-06
"Omori–Utsu","Unnormalised decay, g(t)",729.846218783914,2.44132256484381e-06,2.85214606554524e-06,3.32501909557003e-06
"Omori–Utsu","Unnormalised decay, g(t)",766.570679024703,2.29938047143936e-06,2.68647162512271e-06,3.13159876467759e-06
"Omori–Utsu","Unnormalised decay, g(t)",805.143043584603,2.16490466984942e-06,2.53025615002485e-06,2.949783124157e-06
"Omori–Utsu","Unnormalised decay, g(t)",845.656295460511,2.03818134619547e-06,2.38306075693145e-06,2.77777029155979e-06
"Omori–Utsu","Unnormalised decay, g(t)",888.208096375173,1.91884233367686e-06,2.24426700084376e-06,2.61501623599557e-06
"Omori–Utsu","Unnormalised decay, g(t)",932.901022201696,1.80744805953412e-06,2.11354643242813e-06,2.46398404106161e-06
"Omori–Utsu","Unnormalised decay, g(t)",979.842810234145,1.70135471835916e-06,1.99047904719203e-06,2.32168445171355e-06
"Omori–Utsu","Unnormalised decay, g(t)",1029.14661890034,1.6031391530098e-06,1.87465505004411e-06,2.18709329507008e-06
"Omori–Utsu","Unnormalised decay, g(t)",1080.93130054289,1.50943994591724e-06,1.76555314029296e-06,2.05982929746003e-06
"Omori–Utsu","Unnormalised decay, g(t)",1135.32168792608,1.42145053850197e-06,1.66251246365162e-06,1.94014422261648e-06
"Omori–Utsu","Unnormalised decay, g(t)",1192.44889515916,1.33807153598838e-06,1.56563220181314e-06,1.82777206892341e-06
"Omori–Utsu","Unnormalised decay, g(t)",1252.45063376159,1.25995293535043e-06,1.47451896981588e-06,1.72158433404306e-06
"Omori–Utsu","Unnormalised decay, g(t)",1315.47154463206,1.18633696605344e-06,1.38859582441334e-06,1.62083245170711e-06
"Omori–Utsu","Unnormalised decay, g(t)",1381.66354672152,1.11660900090589e-06,1.30766038166363e-06,1.52672663226583e-06
"Omori–Utsu","Unnormalised decay, g(t)",1451.18620325082,1.05126389127433e-06,1.23166519744276e-06,1.4376784139203e-06
"Omori–Utsu","Unnormalised decay, g(t)",1524.20710635568,9.89559345603989e-07,1.15985691788203e-06,1.35416530343321e-06
"Omori–Utsu","Unnormalised decay, g(t)",1600.90228108626,9.32171947518685e-07,1.09229756285781e-06,1.27540764792067e-06
"Omori–Utsu","Unnormalised decay, g(t)",1681.45660973525,8.78050302857994e-07,1.02867372900867e-06,1.20148105656255e-06
"Omori–Utsu","Unnormalised decay, g(t)",1766.06427751727,8.26574645081663e-07,9.68716567569807e-07,1.13164834664606e-06
"Omori–Utsu","Unnormalised decay, g(t)",1854.92924067407,7.78040780258682e-07,9.12412837454054e-07,1.06603838280235e-06
"Omori–Utsu","Unnormalised decay, g(t)",1948.26571813383,7.32371570706277e-07,8.59385050678987e-07,1.00400674360981e-06
"Omori–Utsu","Unnormalised decay, g(t)",2046.29870790983,6.89912179855883e-07,8.09382202194455e-07,9.45890525061127e-07
"Omori–Utsu","Unnormalised decay, g(t)",2149.26452948336,6.49759335352821e-07,7.62271489451248e-07,8.91087553339372e-07
"Omori–Utsu","Unnormalised decay, g(t)",2257.41139347817,6.11688788607632e-07,7.17858264695159e-07,8.39456509285578e-07
"Omori–Utsu","Unnormalised decay, g(t)",2371,5.75986536676978e-07,6.76108271912124e-07,7.90781753116655e-07
"Omori–Utsu","Window-normalised decay, h(t)",0,9.77910337478635,11.3556955932476,13.2477588886401
"Omori–Utsu","Window-normalised decay, h(t)",0.001,9.32916478897519,10.7305905860128,12.381431207157
"Omori–Utsu","Window-normalised decay, h(t)",0.00105031807974833,9.30691626459593,10.7008972341671,12.3400716202734
"Omori–Utsu","Window-normalised decay, h(t)",0.00110316806864623,9.28449467228891,10.6700020484062,12.2965674541493
"Omori–Utsu","Window-normalised decay, h(t)",0.00115867736750019,9.26114178551476,10.6373655362806,12.2519908759996
"Omori–Utsu","Window-normalised decay, h(t)",0.00121697978768065,9.23672786272786,10.603258281027,12.2070233314552
"Omori–Utsu","Window-normalised decay, h(t)",0.00127821587368928,9.2112104139586,10.5684208803159,12.1577007684157
"Omori–Utsu","Window-normalised decay, h(t)",0.00134253324195716,9.18385784243171,10.53222167927,12.1061924283931
"Omori–Utsu","Window-normalised decay, h(t)",0.00141008693669075,9.15501586116492,10.4939541910682,12.0525206348854
"Omori–Utsu","Window-normalised decay, h(t)",0.00148103980362324,9.1254080607203,10.4535288274339,11.9976794967095
"Omori–Utsu","Window-normalised decay, h(t)",0.00155556288257241,9.09345741633941,10.4121217721906,11.9410927582434
"Omori–Utsu","Window-normalised decay, h(t)",0.00163383581975124,9.06066374508508,10.3686132911052,11.8801876586346
"Omori–Utsu","Window-normalised decay, h(t)",0.00171604730082517,9.02711790137742,10.3228369534196,11.8179008269333
"Omori–Utsu","Window-normalised decay, h(t)",0.00180239550576001,8.99087970781231,10.2748756683297,11.7549129861315
"Omori–Utsu","Window-normalised decay, h(t)",0.00189308858655688,8.95352811014649,10.2252621747395,11.6888326865757
"Omori–Utsu","Window-normalised decay, h(t)",0.00198834516902591,8.91556640530922,10.1737399965748,11.6184278369717
"Omori–Utsu","Window-normalised decay, h(t)",0.00208839487980817,8.87638547070137,10.1201774912652,11.5475953337869
"Omori–Utsu","Window-normalised decay, h(t)",0.00219347889991637,8.83449630377134,10.0644104598428,11.472788497883
"Omori–Utsu","Window-normalised decay, h(t)",0.00230385054612865,8.79196928626305,10.0062335953183,11.3957347407867
"Omori–Utsu","Window-normalised decay, h(t)",0.002419775881637,8.74680219896203,9.94618031355064,11.3158220257363
"Omori–Utsu","Window-normalised decay, h(t)",0.00254153435742231,8.70136840482123,9.88372071535714,11.230934273523
"Omori–Utsu","Window-normalised decay, h(t)",0.00266941948590221,8.65296397210662,9.81856599583815,11.1440969693979
"Omori–Utsu","Window-normalised decay, h(t)",0.0028037395484756,8.60167798271421,9.75162253080175,11.055233733048
"Omori–Utsu","Window-normalised decay, h(t)",0.00294481833866936,8.54931093989927,9.68153139345221,10.9628263351952
"Omori–Utsu","Window-normalised decay, h(t)",0.00309299594267888,8.49550593963618,9.60923457113572,10.8674658468567
"Omori–Utsu","Window-normalised decay, h(t)",0.00324862955918387,8.43870003437047,9.53437493026711,10.7714389118692
"Omori–Utsu","Window-normalised decay, h(t)",0.00341209436041568,8.38020426372024,9.45651872108348,10.6649922260183
"Omori–Utsu","Window-normalised decay, h(t)",0.00358378439655192,8.31960989019072,9.37577898122018,10.5593802358585
"Omori–Utsu","Window-normalised decay, h(t)",0.00376411354561846,8.2568153706193,9.2928246261823,10.45350535999
"Omori–Utsu","Window-normalised decay, h(t)",0.00395351651118867,8.19134879847437,9.20782145523951,10.3409060314583
"Omori–Utsu","Window-normalised decay, h(t)",0.00415244987028502,8.12465338562747,9.11962669578371,10.225864060325
"Omori–Utsu","Window-normalised decay, h(t)",0.00436139317400899,8.05309271736372,9.02891215036914,10.1079672885536
"Omori–Utsu","Window-normalised decay, h(t)",0.00458085010355261,7.97979895448582,8.93419323395026,9.98556544555061
"Omori–Utsu","Window-normalised decay, h(t)",0.00481134968437834,7.90467933511873,8.83747831932602,9.8582293667652
"Omori–Utsu","Window-normalised decay, h(t)",0.00505344756149402,7.82805138469808,8.73733575110961,9.73008480607742
"Omori–Utsu","Window-normalised decay, h(t)",0.0053077273388973,7.74762613029639,8.63475249202246,9.59623247188273
"Omori–Utsu","Window-normalised decay, h(t)",0.00557480198641835,7.66509815730241,8.5288408601473,9.46168838542524
"Omori–Utsu","Window-normalised decay, h(t)",0.00585531531735212,7.58074057766758,8.42038409787639,9.32164848248762
"Omori–Utsu","Window-normalised decay, h(t)",0.00614994354044229,7.49316559707384,8.30920869673183,9.17983557836079
"Omori–Utsu","Window-normalised decay, h(t)",0.00645939688995802,7.40209276950147,8.19524977546157,9.03730433999721
"Omori–Utsu","Window-normalised decay, h(t)",0.00678442133779308,7.31003569679148,8.07859878882241,8.89133397478356
"Omori–Utsu","Window-normalised decay, h(t)",0.00712580039171445,7.21593511752676,7.95941751833562,8.74069617185637
"Omori–Utsu","Window-normalised decay, h(t)",0.00748435698409545,7.11950271406493,7.83737370144154,8.58857840142746
"Omori–Utsu","Window-normalised decay, h(t)",0.00786095545568617,7.02068859021852,7.71306321386272,8.43411278329279
"Omori–Utsu","Window-normalised decay, h(t)",0.00825650363920349,6.91872077384328,7.58588186644423,8.27843249988858
"Omori–Utsu","Window-normalised decay, h(t)",0.00867195504776335,6.81511846776243,7.45670949451543,8.11908070429519
"Omori–Utsu","Window-normalised decay, h(t)",0.00910831117343068,6.71051550762183,7.32523293777728,7.95487901918479
"Omori–Utsu","Window-normalised decay, h(t)",0.00956662390142801,6.60133302632479,7.19203664724912,7.79037409449759
"Omori–Utsu","Window-normalised decay, h(t)",0.0100479980458224,6.49066229010431,7.05673884376201,7.62799511410316
"Omori–Utsu","Window-normalised decay, h(t)",0.0105535940128032,6.37591147770705,6.91894118869192,7.46262870302009
"Omori–Utsu","Window-normalised decay, h(t)",0.011084630597971,6.26145213895368,6.77982567137283,7.29936148808989
"Omori–Utsu","Window-normalised decay, h(t)",0.0116423879243805,6.14416963964002,6.63933437977128,7.12953369883569
"Omori–Utsu","Window-normalised decay, h(t)",0.0122282105284205,6.02632978295892,6.49576747359999,6.9607057239527
"Omori–Utsu","Window-normalised decay, h(t)",0.012843510600969,5.9056408077999,6.35210825648624,6.79358899765072
"Omori–Utsu","Window-normalised decay, h(t)",0.0134897713916372,5.78440019769879,6.20761037065471,6.62436826084158
"Omori–Utsu","Window-normalised decay, h(t)",0.0141685507843084,5.66181887349783,6.06160386487751,6.45361647871573
"Omori–Utsu","Window-normalised decay, h(t)",0.0148814850525915,5.53700431563335,5.91509193378329,6.28351728990424
"Omori–Utsu","Window-normalised decay, h(t)",0.0156302928042415,5.41126247908517,5.76793726061884,6.11284469920128
"Omori–Utsu","Window-normalised decay, h(t)",0.0164167791240551,5.28437564452643,5.6205636527491,5.94294677378837
"Omori–Utsu","Window-normalised decay, h(t)",0.0172428399252301,5.15793383374534,5.47252429832774,5.77322976729175
"Omori–Utsu","Window-normalised decay, h(t)",0.0181104665196756,5.03088397714629,5.32454658979976,5.60400450584964
"Omori–Utsu","Window-normalised decay, h(t)",0.0190217504182922,4.90246440811323,5.17747853115953,5.437600123333
"Omori–Utsu","Window-normalised decay, h(t)",0.0199788883727927,4.77358739764874,5.03061008598342,5.2721338101089
"Omori–Utsu","Window-normalised decay, h(t)",0.020984187671218,4.64473921966266,4.88415331200268,5.1074627666258
"Omori–Utsu","Window-normalised decay, h(t)",0.0220400716999123,4.51513358391874,4.73801666246407,4.94785247902436
"Omori–Utsu","Window-normalised decay, h(t)",0.0231490857853676,4.388477771551,4.59341953212334,4.78794534598358
"Omori–Utsu","Window-normalised decay, h(t)",0.0243139033300167,4.25977672397518,4.44978456232991,4.6314958666861
"Omori–Utsu","Window-normalised decay, h(t)",0.0255373322567698,4.13163201746979,4.30756033152161,4.47632207373272
"Omori–Utsu","Window-normalised decay, h(t)",0.0268223217778257,4.00479542996265,4.16669003011001,4.32567774445937
"Omori–Utsu","Window-normalised decay, h(t)",0.0281719695040778,3.878309139673,4.02738733527902,4.17567454678231
"Omori–Utsu","Window-normalised decay, h(t)",0.0295895289122516,3.75143217411736,3.89024597281571,4.02924200591647
"Omori–Utsu","Window-normalised decay, h(t)",0.031078417187774,3.62610187967621,3.75472190425311,3.88454280538437
"Omori–Utsu","Window-normalised decay, h(t)",0.0326422234622804,3.50252908727656,3.62204001529048,3.74247989188485
"Omori–Utsu","Window-normalised decay, h(t)",0.0342847174656184,3.38035073901833,3.49102806305341,3.60479842559946
"Omori–Utsu","Window-normalised decay, h(t)",0.0360098586132025,3.25869095658685,3.362902703228,3.46968213750767
"Omori–Utsu","Window-normalised decay, h(t)",0.0378218055506278,3.13900511904526,3.23681987620705,3.33862227145238
"Omori–Utsu","Window-normalised decay, h(t)",0.0397249261785503,3.02036420667218,3.11358246069292,3.21043940135478
"Omori–Utsu","Window-normalised decay, h(t)",0.0417238081819993,2.90472107563246,2.99315509698396,3.08458937287112
"Omori–Utsu","Window-normalised decay, h(t)",0.0438232700895054,2.79036523811047,2.87568877277544,2.96349833902537
"Omori–Utsu","Window-normalised decay, h(t)",0.0460283728887019,2.67888780206301,2.76084224921628,2.84524077482214
"Omori–Utsu","Window-normalised decay, h(t)",0.0483444322264017,2.56955289148544,2.64878982722629,2.72996899856594
"Omori–Utsu","Window-normalised decay, h(t)",0.0507770312225578,2.46244132235552,2.53988760125158,2.61773216249028
"Omori–Utsu","Window-normalised decay, h(t)",0.0533320339289981,2.35958439205503,2.4340833179568,2.50948220350628
"Omori–Utsu","Window-normalised decay, h(t)",0.0560155994653783,2.25803214626726,2.33124539378721,2.40379004581781
"Omori–Utsu","Window-normalised decay, h(t)",0.058834196866428,2.16007239856605,2.23149207675573,2.30134919043008
"Omori–Utsu","Window-normalised decay, h(t)",0.0617946206762821,2.06475842258349,2.13447142320899,2.20244142294477
"Omori–Utsu","Window-normalised decay, h(t)",0.0649040073274894,1.9724306272218,2.040637523244,2.10655946106212
"Omori–Utsu","Window-normalised decay, h(t)",0.0681698523441805,1.88355379598406,1.94977362360093,2.01391786907128
"Omori–Utsu","Window-normalised decay, h(t)",0.0716000284108672,1.79775998196675,1.86201169164764,1.92416519129646
"Omori–Utsu","Window-normalised decay, h(t)",0.0752028043504282,1.71505259848773,1.77736902050486,1.83738945793351
"Omori–Utsu","Window-normalised decay, h(t)",0.0789868650570315,1.63522685215187,1.69574591400689,1.75439675328327
"Omori–Utsu","Window-normalised decay, h(t)",0.0829613324320421,1.55811997102197,1.61704112166682,1.67415698654817
"Omori–Utsu","Window-normalised decay, h(t)",0.0871357873733857,1.48429141735001,1.5414006150655,1.59705264133708
"Omori–Utsu","Window-normalised decay, h(t)",0.0915202928713737,1.41305487354528,1.46848234455758,1.52254010221453
"Omori–Utsu","Window-normalised decay, h(t)",0.0961254182666664,1.34455585213632,1.39832532060686,1.45068244486316
"Omori–Utsu","Window-normalised decay, h(t)",0.10096226472885,1.27900838786788,1.33104104572123,1.38159977200325
"Omori–Utsu","Window-normalised decay, h(t)",0.106042492017049,1.21626517344695,1.26635548418909,1.31528674597123
"Omori–Utsu","Window-normalised decay, h(t)",0.111378346587075,1.15602369827365,1.20435967880662,1.25158334438465
"Omori–Utsu","Window-normalised decay, h(t)",0.116982691112881,1.09831428453719,1.14499135024298,1.19051310824543
"Omori–Utsu","Window-normalised decay, h(t)",0.122869035493474,1.04318325193,1.08807306533405,1.13217774114241
"Omori–Utsu","Window-normalised decay, h(t)",0.129051569420036,0.990450196334782,1.03358771787909,1.07601573036915
"Omori–Utsu","Window-normalised decay, h(t)",0.135545196581761,0.940084409006635,0.98153231354986,1.02237644675779
"Omori–Utsu","Window-normalised decay, h(t)",0.142365570592866,0.892083009587066,0.931750680521194,0.971015839234658
"Omori–Utsu","Window-normalised decay, h(t)",0.149529132727375,0.846188628134815,0.88423161147357,0.922056291009212
"Omori–Utsu","Window-normalised decay, h(t)",0.15705315155265,0.802401120809759,0.838816631059739,0.875166621331107
"Omori–Utsu","Window-normalised decay, h(t)",0.164955764557203,0.760795438096529,0.795522121552882,0.830448103577953
"Omori–Utsu","Window-normalised decay, h(t)",0.17325602187314,0.720996478342319,0.754232753277588,0.787724392991583
"Omori–Utsu","Window-normalised decay, h(t)",0.181973932198632,0.683231234579837,0.714914657206716,0.746988069419405
"Omori–Utsu","Window-normalised decay, h(t)",0.191130511031121,0.647267426290643,0.677449735125263,0.708154349062846
"Omori–Utsu","Window-normalised decay, h(t)",0.200747831327525,0.612962666656466,0.641707986052832,0.671005257062491
"Omori–Utsu","Window-normalised decay, h(t)",0.210849076713569,0.580514877794696,0.607748482765364,0.635676193416215
"Omori–Utsu","Window-normalised decay, h(t)",0.221458597370505,0.549527459590682,0.575426198093677,0.602015411034155
"Omori–Utsu","Window-normalised decay, h(t)",0.232601968733948,0.520138829977726,0.544719514632323,0.569845167393748
"Omori–Utsu","Window-normalised decay, h(t)",0.244306053146322,0.492219985391605,0.515506587184557,0.539399447135519
"Omori–Utsu","Window-normalised decay, h(t)",0.25659906461154,0.46573334691395,0.487764908906213,0.510506760904541
"Omori–Utsu","Window-normalised decay, h(t)",0.269510636808012,0.440595486850872,0.461405689610333,0.482980217063757
"Omori–Utsu","Window-normalised decay, h(t)",0.283071894523941,0.416697505731482,0.436427596404848,0.456891223725486
"Omori–Utsu","Window-normalised decay, h(t)",0.297315528687109,0.393988855981789,0.412701383364767,0.432030525029274
"Omori–Utsu","Window-normalised decay, h(t)",0.312275875170005,0.37253282247544,0.390185190869388,0.408390182362784
"Omori–Utsu","Window-normalised decay, h(t)",0.327988997560291,0.352191790637048,0.368820817527623,0.38597645763664
"Omori–Utsu","Window-normalised decay, h(t)",0.344492774096106,0.332969925261796,0.348563580622302,0.364789861530029
"Omori–Utsu","Window-normalised decay, h(t)",0.361826988975799,0.314648361507388,0.329396787822052,0.344676409136628
"Omori–Utsu","Window-normalised decay, h(t)",0.380033428262183,0.297368973532556,0.311198662157868,0.32559424953986
"Omori–Utsu","Window-normalised decay, h(t)",0.399155980612512,0.280999383999291,0.293987970168789,0.307514352720561
"Omori–Utsu","Window-normalised decay, h(t)",0.419240743076997,0.265500547670325,0.277685552609463,0.290402062259908
"Omori–Utsu","Window-normalised decay, h(t)",0.440336132220897,0.250795927362463,0.262244525027709,0.274301662071243
"Omori–Utsu","Window-normalised decay, h(t)",0.462493000838061,0.236905125331155,0.247645817852322,0.258976618496708
"Omori–Utsu","Window-normalised decay, h(t)",0.485764760537277,0.223756695080631,0.233836726804358,0.244460717106728
"Omori–Utsu","Window-normalised decay, h(t)",0.510207510496923,0.211306607040171,0.220744988059344,0.230724699593592
"Omori–Utsu","Window-normalised decay, h(t)",0.535880172698306,0.199529670601955,0.208365682660798,0.21772606103115
"Omori–Utsu","Window-normalised decay, h(t)",0.562844633963691,0.188416403878047,0.196673738522865,0.205443719319629
"Omori–Utsu","Window-normalised decay, h(t)",0.591165895141398,0.177866976124044,0.185624385379639,0.193813984652733
"Omori–Utsu","Window-normalised decay, h(t)",0.620912227797619,0.167876946621834,0.175168260957291,0.182860612819779
"Omori–Utsu","Window-normalised decay, h(t)",0.652155338792655,0.158439373008722,0.165284903984448,0.172500249168454
"Omori–Utsu","Window-normalised decay, h(t)",0.684970543138327,0.149553206470941,0.155953917886767,0.162708156846588
"Omori–Utsu","Window-normalised decay, h(t)",0.719436945553221,0.141162054475863,0.147131706403239,0.153439243041749
"Omori–Utsu","Window-normalised decay, h(t)",0.755637631153466,0.133220492296781,0.13879923720793,0.14469340365853
"Omori–Utsu","Window-normalised decay, h(t)",0.793659865738689,0.125722260354655,0.130925270124591,0.136426477296022
"Omori–Utsu","Window-normalised decay, h(t)",0.83359530615598,0.118626142179937,0.123494224840224,0.128625945402838
"Omori–Utsu","Window-normalised decay, h(t)",0.875540221248974,0.111941438719752,0.116473469030765,0.121246396289771
"Omori–Utsu","Window-normalised decay, h(t)",0.919595723924655,0.105617043237784,0.109852671113551,0.114300282617871
"Omori–Utsu","Window-normalised decay, h(t)",0.965868014897323,0.0996293789632847,0.103595538786479,0.107742118659402
"Omori–Utsu","Window-normalised decay, h(t)",1.01446863869729,0.0939870264045093,0.0976884303420752,0.101558144459672
"Omori–Utsu","Window-normalised decay, h(t)",1.06551475256145,0.0886688150723283,0.0921085572894571,0.0957127537157094
"Omori–Utsu","Window-normalised decay, h(t)",1.11912940885386,0.0836254215780301,0.0868426930869936,0.0901996501653679
"Omori–Utsu","Window-normalised decay, h(t)",1.17544185169728,0.0788897992286617,0.081876180724533,0.084998241482322
"Omori–Utsu","Window-normalised decay, h(t)",1.23458782853051,0.0744024856755513,0.0771895138946799,0.0801018608980287
"Omori–Utsu","Window-normalised decay, h(t)",1.29670991734283,0.0701769564735835,0.0727680667456999,0.0754948340721158
"Omori–Utsu","Window-normalised decay, h(t)",1.36195787037414,0.0661825425269161,0.0685943349740208,0.0711363191285908
"Omori–Utsu","Window-normalised decay, h(t)",1.4304889751095,0.062411379615855,0.0646579781423498,0.0670316363606317
"Omori–Utsu","Window-normalised decay, h(t)",1.50246843343818,0.058853726883767,0.0609468870718624,0.0631606304324963
"Omori–Utsu","Window-normalised decay, h(t)",1.57806975989127,0.055494675090252,0.0574477779573727,0.0595170691476787
"Omori–Utsu","Window-normalised decay, h(t)",1.65747519991792,0.0523240570947115,0.0541480617864282,0.0560687574075957
"Omori–Utsu","Window-normalised decay, h(t)",1.74087616920828,0.0493305726984586,0.051032882283931,0.0528267302812951
"Omori–Utsu","Window-normalised decay, h(t)",1.82847371512247,0.0465060645028523,0.0480958853233074,0.0497723472893434
"Omori–Utsu","Window-normalised decay, h(t)",1.92047900133774,0.0438417786099773,0.0453260686032213,0.046886375553403
"Omori–Utsu","Window-normalised decay, h(t)",2.01711381688205,0.0413291190214421,0.0427150881842459,0.0441633096118216
"Omori–Utsu","Window-normalised decay, h(t)",2.11861111078139,0.0389664938738578,0.0402545373326714,0.0416115144549667
"Omori–Utsu","Window-normalised decay, h(t)",2.2252155536094,0.0367336064857999,0.0379339478836522,0.0391990261497214
"Omori–Utsu","Window-normalised decay, h(t)",2.33718412729315,0.0346214205297028,0.0357457368641202,0.0369296622444931
"Omori–Utsu","Window-normalised decay, h(t)",2.45478674459683,0.0326371376385946,0.0336821469169889,0.0347789656127116
"Omori–Utsu","Window-normalised decay, h(t)",2.57830689977661,0.0307588828154234,0.031737709376607,0.0327669097057586
"Omori–Utsu","Window-normalised decay, h(t)",2.70804235197525,0.0289875180691988,0.0299050240263099,0.0308675393444433
"Omori–Utsu","Window-normalised decay, h(t)",2.8443058430038,0.0273159949271495,0.0281782953647441,0.0290747246425789
"Omori–Utsu","Window-normalised decay, h(t)",2.98742585124072,0.0257405179278857,0.0265496047796492,0.027391184415359
"Omori–Utsu","Window-normalised decay, h(t)",3.13774738346569,0.0242520673898421,0.025014359392261,0.0258010996826346
"Omori–Utsu","Window-normalised decay, h(t)",3.29563280653705,0.0228510208837031,0.0235679863071297,0.0243058990335277
"Omori–Utsu","Window-normalised decay, h(t)",3.4614627209176,0.0215352297284794,0.0222057667150107,0.022895478443013
"Omori–Utsu","Window-normalised decay, h(t)",3.63563687815462,0.0202958109481759,0.0209196509584446,0.0215673384442269
"Omori–Utsu","Window-normalised decay, h(t)",3.8185751445256,0.0191253229720771,0.0197090159899954,0.0203144582014329
"Omori–Utsu","Window-normalised decay, h(t)",4.01071851317284,0.0180173400247267,0.0185676029216429,0.0191339482359292
"Omori–Utsu","Window-normalised decay, h(t)",4.21253016716679,0.0169751732615901,0.0174931957408603,0.0180254678829346
"Omori–Utsu","Window-normalised decay, h(t)",4.42449659606056,0.0159939798980532,0.0164783489134235,0.0169802566296584
"Omori–Utsu","Window-normalised decay, h(t)",4.64712876862737,0.0150698077237525,0.015523985483193,0.0159924996618204
"Omori–Utsu","Window-normalised decay, h(t)",4.88096336460794,0.0141941124447849,0.0146249487723646,0.0150638678169003
"Omori–Utsu","Window-normalised decay, h(t)",5.12656406843699,0.0133696267617553,0.013776453179961,0.0141894930626471
"Omori–Utsu","Window-normalised decay, h(t)",5.38452292806754,0.0125930087541761,0.0129778308006374,0.013364957418924
"Omori–Utsu","Window-normalised decay, h(t)",5.65546178216878,0.0118616917628366,0.0122252086544042,0.0125908406510439
"Omori–Utsu","Window-normalised decay, h(t)",5.94003375913761,0.0111705529679294,0.0115162156196313,0.0118614596559796
"Omori–Utsu","Window-normalised decay, h(t)",6.2389248515377,0.0105184851352314,0.010847775280381,0.01117440634683
"Omori–Utsu","Window-normalised decay, h(t)",6.55285556976123,0.00990638084919969,0.0102187044503737,0.0105282731704193
"Omori–Utsu","Window-normalised decay, h(t)",6.8825826788998,0.00932906564814878,0.00962573043903497,0.00991916418565789
"Omori–Utsu","Window-normalised decay, h(t)",7.22890102301119,0.00878641609177838,0.00906744365953575,0.00934338674916382
"Omori–Utsu","Window-normalised decay, h(t)",7.59264544117988,0.00827312778954408,0.00854089913100165,0.00880337713799182
"Omori–Utsu","Window-normalised decay, h(t)",7.97469277999,0.00778998972726612,0.00804529196457648,0.00829364169924769
"Omori–Utsu","Window-normalised decay, h(t)",8.37596400726201,0.0073352263683641,0.00757896606596067,0.00781374773599465
"Omori–Utsu","Window-normalised decay, h(t)",8.79742643214859,0.0069069068112672,0.00713898597982694,0.00736174815361399
"Omori–Utsu","Window-normalised decay, h(t)",9.24009603694156,0.00650254895773808,0.00672403800231415,0.00693588159873225
"Omori–Utsu","Window-normalised decay, h(t)",9.70503992621065,0.00612279965381092,0.0063328230510446,0.00653497249504884
"Omori–Utsu","Window-normalised decay, h(t)",10.1933788991785,0.00576479976778582,0.00596526300065441,0.00615720574237461
"Omori–Utsu","Window-normalised decay, h(t)",10.7062901515324,0.00542638863804442,0.00561867283806996,0.00580258622090669
"Omori–Utsu","Window-normalised decay, h(t)",11.245010113186,0.00510981817507057,0.00529237510094637,0.00546844699091905
"Omori–Utsu","Window-normalised decay, h(t)",11.8108374288321,0.00481092449123027,0.00498470647518968,0.00515233682420234
"Omori–Utsu","Window-normalised decay, h(t)",12.4051360884707,0.00452891073548958,0.00469458932981,0.0048547038333029
"Omori–Utsu","Window-normalised decay, h(t)",13.0293387154593,0.00426366032963229,0.00442208800237187,0.00457407297991443
"Omori–Utsu","Window-normalised decay, h(t)",13.6849500200118,0.00401370432989,0.00416518006660933,0.00431000268757434
"Omori–Utsu","Window-normalised decay, h(t)",14.3735504264708,0.00377815727697026,0.00392323382289294,0.00406101559565944
"Omori–Utsu","Window-normalised decay, h(t)",15.0967998830966,0.00355650134774084,0.00369516504420106,0.00382701008050851
"Omori–Utsu","Window-normalised decay, h(t)",15.8564418635589,0.00334776584466072,0.003480384720758,0.00360600364559567
"Omori–Utsu","Window-normalised decay, h(t)",16.6543075697743,0.0031511695011619,0.00327813667941345,0.00339857763205003
"Omori–Utsu","Window-normalised decay, h(t)",17.4923203462235,0.00296591352285625,0.00308740032615394,0.00320346699063208
"Omori–Utsu","Window-normalised decay, h(t)",18.3725003163882,0.00279195625011929,0.00290797640187121,0.00301898103385656
"Omori–Utsu","Window-normalised decay, h(t)",19.2969692524845,0.00262786926135834,0.00273882610845852,0.0028450838762217
"Omori–Utsu","Window-normalised decay, h(t)",20.2679556902322,0.00247360556678518,0.00257942846702655,0.00268115668867967
"Omori–Utsu","Window-normalised decay, h(t)",21.287800300989,0.0023287221686348,0.0024291272745685,0.00252661680229474
"Omori–Utsu","Window-normalised decay, h(t)",22.3589615342008,0.00219178599024293,0.002287834183489,0.002381083130873
"Omori–Utsu","Window-normalised decay, h(t)",23.4840215437686,0.00206271107118907,0.00215480182087036,0.00224438926582999
"Omori–Utsu","Window-normalised decay, h(t)",24.6656924126196,0.00194150674964749,0.00202943553417721,0.00211529569490192
"Omori–Utsu","Window-normalised decay, h(t)",25.9068226904857,0.00182708502625785,0.00191134836791206,0.00199337169902718
"Omori–Utsu","Window-normalised decay, h(t)",27.2104042606515,0.00171975657979904,0.0018001322657012,0.0018785297067769
"Omori–Utsu","Window-normalised decay, h(t)",28.5795795522234,0.00161858847296346,0.00169543118200214,0.00177031809982682
"Omori–Utsu","Window-normalised decay, h(t)",30.0176491153061,0.00152303619421078,0.00159677496467177,0.001668593584773
"Omori–Utsu","Window-normalised decay, h(t)",31.5280795773476,0.00143351088582374,0.00150389512349218,0.00157271448384304
"Omori–Utsu","Window-normalised decay, h(t)",33.1145119998324,0.00134912657544893,0.00141640924209745,0.0014823645475684
"Omori–Utsu","Window-normalised decay, h(t)",34.7807706554672,0.00126965506808624,0.00133402602708109,0.00139733754294931
"Omori–Utsu","Window-normalised decay, h(t)",36.5308722470174,0.00119496457633735,0.00125644449322343,0.00131699921915272
"Omori–Utsu","Window-normalised decay, h(t)",38.3690355900191,0.00112446945397264,0.00118329023095806,0.00124127494608139
"Omori–Utsu","Window-normalised decay, h(t)",40.2996917827044,0.00105820045853556,0.00111441549783328,0.00116990739362947
"Omori–Utsu","Window-normalised decay, h(t)",42.3274948876598,0.000995754165750978,0.00104952655580959,0.00110262564892411
"Omori–Utsu","Window-normalised decay, h(t)",44.4573331509643,0.000937154158255616,0.000988434186250308,0.00103927024307626
"Omori–Utsu","Window-normalised decay, h(t)",46.6943407858529,0.000881969473259963,0.000930945934846508,0.000979545439863172
"Omori–Utsu","Window-normalised decay, h(t)",49.0439103493112,0.00083012381107779,0.000876815648302208,0.000923217723453191
"Omori–Utsu","Window-normalised decay, h(t)",51.5117057414381,0.000781162214500772,0.000825795057194104,0.000870291493864794
"Omori–Utsu","Window-normalised decay, h(t)",54.1036758589086,0.000735124554945985,0.000777686062578028,0.000820354756424687
"Omori–Utsu","Window-normalised decay, h(t)",56.8260689354551,0.000691750263428188,0.00073244270177778,0.000773144404335827
"Omori–Utsu","Window-normalised decay, h(t)",59.6854476039337,0.000651015420405634,0.000689819354274073,0.000728841316289859
"Omori–Utsu","Window-normalised decay, h(t)",62.6887047162836,0.00061270396574524,0.000649694114266468,0.000686959756026746
"Omori–Utsu","Window-normalised decay, h(t)",65.8430799595172,0.000576526702433601,0.000611857662791555,0.000647464966633036
"Omori–Utsu","Window-normalised decay, h(t)",69.1561773077962,0.000542528614579774,0.000576273867780292,0.000610216016525925
"Omori–Utsu","Window-normalised decay, h(t)",72.6359833526599,0.000510491782426171,0.000542763967490284,0.000575165725185013
"Omori–Utsu","Window-normalised decay, h(t)",76.2908865555977,0.000480476241683531,0.000511147692384751,0.000542148191706966
"Omori–Utsu","Window-normalised decay, h(t)",80.1296974693735,0.000452107586357335,0.000481412459746911,0.000510996440981584
"Omori–Utsu","Window-normalised decay, h(t)",84.1616699768472,0.000425427946126135,0.000453391380832235,0.000481624408773862
"Omori–Utsu","Window-normalised decay, h(t)",88.3965235984953,0.000400339006059449,0.000426985869121685,0.000453904880036453
"Omori–Utsu","Window-normalised decay, h(t)",92.8444669224,0.000376697349557937,0.000402141671014709,0.000427811763260312
"Omori–Utsu","Window-normalised decay, h(t)",97.5162222131928,0.000354502330254985,0.000378744857545529,0.000403261091362831
"Omori–Utsu","Window-normalised decay, h(t)",102.423051259273,0.000333634687864181,0.000356713305255216,0.000380100243393763
"Omori–Utsu","Window-normalised decay, h(t)",107.576782520605,0.000313904192870159,0.000335957601603757,0.000358256500990915
"Omori–Utsu","Window-normalised decay, h(t)",112.989839642545,0.000295405334380946,0.000316409564925893,0.000337682262298079
"Omori–Utsu","Window-normalised decay, h(t)",118.675271404431,0.000278034486485214,0.000297998647134313,0.000318289731903087
"Omori–Utsu","Window-normalised decay, h(t)",124.646783175114,0.000261645133274298,0.000280657626337444,0.00029999801839363
"Omori–Utsu","Window-normalised decay, h(t)",130.918769951293,0.000246206793528277,0.000264323852025297,0.000282762696226222
"Omori–Utsu","Window-normalised decay, h(t)",137.506351058256,0.000231669364319591,0.00024894364515449,0.000266536986801295
"Omori–Utsu","Window-normalised decay, h(t)",144.425406596708,0.000218002298019372,0.000234457993396144,0.000251253720736563
"Omori–Utsu","Window-normalised decay, h(t)",151.692615723526,0.000205136715135004,0.000220810307336819,0.000236801309917068
"Omori–Utsu","Window-normalised decay, h(t)",159.325496858736,0.000193040837303706,0.000207965772646232,0.000223216839190817
"Omori–Utsu","Window-normalised decay, h(t)",167.342449915617,0.000181650631741885,0.000195846803587059,0.000210379680719971
"Omori–Utsu","Window-normalised decay, h(t)",175.762800655753,0.000170941138650536,0.00018443001332584,0.00019829931823512
"Omori–Utsu","Window-normalised decay, h(t)",184.60684727594,0.000160860834261251,0.000173689047697336,0.000186930500893766
"Omori–Utsu","Window-normalised decay, h(t)",193.895909339259,0.000151374753594356,0.0001635821885434,0.000176206306796126
"Omori–Utsu","Window-normalised decay, h(t)",203.652379168268,0.000142448022735756,0.00015406101922746,0.000166094680192927
"Omori–Utsu","Window-normalised decay, h(t)",213.899775824195,0.000134025077089507,0.000145100724062125,0.000156535503165166
"Omori–Utsu","Window-normalised decay, h(t)",224.662801802268,0.000126111208327713,0.000136653594576229,0.000147528838815713
"Omori–Utsu","Window-normalised decay, h(t)",235.967402579838,0.000118683072355352,0.000128701381392899,0.000139050523138602
"Omori–Utsu","Window-normalised decay, h(t)",247.840829160858,0.000111688407527498,0.000121208247086492,0.0001310714842114
"Omori–Utsu","Window-normalised decay, h(t)",260.311703767468,0.000105079083206683,0.000114153408204897,0.000123547359150083
"Omori–Utsu","Window-normalised decay, h(t)",273.410088837064,9.88771944740514e-05,0.000107508839323566,0.000116463648955733
"Omori–Utsu","Window-normalised decay, h(t)",287.167559491166,9.30423475595156e-05,0.000101249932354667,0.000109784870103969
"Omori–Utsu","Window-normalised decay, h(t)",301.617279650778,8.75437519647593e-05,9.53525244665756e-05,0.000103491490894402
"Omori–Utsu","Window-normalised decay, h(t)",316.794081981721,8.23767238533125e-05,8.98014007444511e-05,9.75470411931639e-05
"Omori–Utsu","Window-normalised decay, h(t)",332.734551862678,7.75228256584818e-05,8.45737975822684e-05,9.19564986397578e-05
"Omori–Utsu","Window-normalised decay, h(t)",349.477115578331,7.29480794891974e-05,7.96496943269612e-05,8.66914344662209e-05
"Omori–Utsu","Window-normalised decay, h(t)",367.062132950219,6.86388335496761e-05,7.50078674132409e-05,8.1730410617919e-05
"Omori–Utsu","Window-normalised decay, h(t)",385.531994628602,6.45824899936979e-05,7.06421565771293e-05,7.70356703551008e-05
"Omori–Utsu","Window-normalised decay, h(t)",404.931224279859,6.0767793515872e-05,6.65320695044835e-05,7.26197789793155e-05
"Omori–Utsu","Window-normalised decay, h(t)",425.306585915763,5.71938844787914e-05,6.26598913028572e-05,6.84509424732736e-05
"Omori–Utsu","Window-normalised decay, h(t)",446.707196623364,5.38218189697916e-05,5.90092977116202e-05,6.45109321657636e-05
"Omori–Utsu","Window-normalised decay, h(t)",469.184644967214,5.06390908622357e-05,5.5573115882574e-05,6.08081673821396e-05
"Omori–Utsu","Window-normalised decay, h(t)",492.793115349368,4.76344175805869e-05,5.23385803539878e-05,5.73250571180664e-05
"Omori–Utsu","Window-normalised decay, h(t)",517.589518626948,4.48281488343275e-05,4.92930716163128e-05,5.40339091853739e-05
"Omori–Utsu","Window-normalised decay, h(t)",543.633629302121,4.21853866342837e-05,4.64241619925819e-05,5.09309852534024e-05
"Omori–Utsu","Window-normalised decay, h(t)",570.988229615221,3.96894725212504e-05,4.37230054222386e-05,4.80085486949604e-05
"Omori–Utsu","Window-normalised decay, h(t)",599.71926088836,3.73505205816362e-05,4.11768103262262e-05,4.52556322179665e-05
"Omori–Utsu","Window-normalised decay, h(t)",629.895982484354,3.51455782088889e-05,3.87813677902091e-05,4.26613013115763e-05
"Omori–Utsu","Window-normalised decay, h(t)",661.591138764156,3.30717496524009e-05,3.65226155977808e-05,4.02143591777098e-05
"Omori–Utsu","Window-normalised decay, h(t)",694.881134445283,3.11181044392849e-05,3.43969062519064e-05,3.79049502615209e-05
"Omori–Utsu","Window-normalised decay, h(t)",729.846218783914,2.92833429372644e-05,3.23950238153828e-05,3.57338685725224e-05
"Omori–Utsu","Window-normalised decay, h(t)",766.570679024703,2.75508840571512e-05,3.05103130846882e-05,3.3683401824543e-05
"Omori–Utsu","Window-normalised decay, h(t)",805.143043584603,2.59264413259775e-05,2.87347181268754e-05,3.17503579875305e-05
"Omori–Utsu","Window-normalised decay, h(t)",845.656295460511,2.43983689485459e-05,2.70604705745241e-05,2.992819985592e-05
"Omori–Utsu","Window-normalised decay, h(t)",888.208096375173,2.29545593394317e-05,2.54849125938274e-05,2.82104257661576e-05
"Omori–Utsu","Window-normalised decay, h(t)",932.901022201696,2.15950709590803e-05,2.40004728475324e-05,2.65925169979578e-05
"Omori–Utsu","Window-normalised decay, h(t)",979.842810234145,2.03243220419561e-05,2.26026243997122e-05,2.50689009359032e-05
"Omori–Utsu","Window-normalised decay, h(t)",1029.14661890034,1.91259568982817e-05,2.12864507506344e-05,2.363239382706e-05
"Omori–Utsu","Window-normalised decay, h(t)",1080.93130054289,1.79964207620454e-05,2.00471982408006e-05,2.22739367652386e-05
"Omori–Utsu","Window-normalised decay, h(t)",1135.32168792608,1.69328393018167e-05,1.88803035930987e-05,2.09973831860298e-05
"Omori–Utsu","Window-normalised decay, h(t)",1192.44889515916,1.59321365404784e-05,1.77817391666989e-05,1.97929066840017e-05
"Omori–Utsu","Window-normalised decay, h(t)",1252.45063376159,1.49905900472247e-05,1.6746649381374e-05,1.86563907848266e-05
"Omori–Utsu","Window-normalised decay, h(t)",1315.47154463206,1.41046750828346e-05,1.5771360890328e-05,1.75836371149227e-05
"Omori–Utsu","Window-normalised decay, h(t)",1381.66354672152,1.32708348948061e-05,1.48525255550502e-05,1.65758333885886e-05
"Omori–Utsu","Window-normalised decay, h(t)",1451.18620325082,1.24855566515867e-05,1.39877668381505e-05,1.56237690254655e-05
"Omori–Utsu","Window-normalised decay, h(t)",1524.20710635568,1.17485798443895e-05,1.31733983682428e-05,1.47265023950076e-05
"Omori–Utsu","Window-normalised decay, h(t)",1600.90228108626,1.10543891914713e-05,1.24067417304222e-05,1.38826800675356e-05
"Omori–Utsu","Window-normalised decay, h(t)",1681.45660973525,1.04010777628076e-05,1.1684204508987e-05,1.30864644837486e-05
"Omori–Utsu","Window-normalised decay, h(t)",1766.06427751727,9.78642639121047e-06,1.10050660850751e-05,1.23360217691478e-05
"Omori–Utsu","Window-normalised decay, h(t)",1854.92924067407,9.21026494211184e-06,1.03645266685058e-05,1.16280843571499e-05
"Omori–Utsu","Window-normalised decay, h(t)",1948.26571813383,8.66632068283165e-06,9.76192252841347e-06,1.09617506849581e-05
"Omori–Utsu","Window-normalised decay, h(t)",2046.29870790983,8.15363809634752e-06,9.19427380593152e-06,1.0332168220651e-05
"Omori–Utsu","Window-normalised decay, h(t)",2149.26452948336,7.67203155021211e-06,8.65899802033134e-06,9.74024950433245e-06
"Omori–Utsu","Window-normalised decay, h(t)",2257.41139347817,7.21968953366536e-06,8.15514531513603e-06,9.18236983629837e-06
"Omori–Utsu","Window-normalised decay, h(t)",2371,6.79390648612295e-06,7.68081266601792e-06,8.65494717887565e-06
"Modified stretched exponential","Unnormalised decay, g(t)",0,1,1,1
"Modified stretched exponential","Unnormalised decay, g(t)",0.001,0.915555247037661,0.935904757320533,0.952816008415964
"Modified stretched exponential","Unnormalised decay, g(t)",0.00105031807974833,0.91167758327588,0.932883073558247,0.950549771985123
"Modified stretched exponential","Unnormalised decay, g(t)",0.00110316806864623,0.907639622588425,0.929728976708411,0.948180126448247
"Modified stretched exponential","Unnormalised decay, g(t)",0.00115867736750019,0.903437013426221,0.926437628258792,0.945702882846199
"Modified stretched exponential","Unnormalised decay, g(t)",0.00121697978768065,0.899067393680221,0.923003834059736,0.943113741709225
"Modified stretched exponential","Unnormalised decay, g(t)",0.00127821587368928,0.894523054431896,0.919421086515294,0.940408285845275
"Modified stretched exponential","Unnormalised decay, g(t)",0.00134253324195716,0.88978505508823,0.915685825793898,0.937581985541582
"Modified stretched exponential","Unnormalised decay, g(t)",0.00141008693669075,0.884870706191546,0.911792903969469,0.934630202360579
"Modified stretched exponential","Unnormalised decay, g(t)",0.00148103980362324,0.879766525393332,0.907743553767294,0.931548193505106
"Modified stretched exponential","Unnormalised decay, g(t)",0.00155556288257241,0.874467769391673,0.903524080489513,0.928331117082867
"Modified stretched exponential","Unnormalised decay, g(t)",0.00163383581975124,0.868935137664932,0.899129300989554,0.924974038342918
"Modified stretched exponential","Unnormalised decay, g(t)",0.00171604730082517,0.863191308394871,0.894556276754981,0.921471936958605
"Modified stretched exponential","Unnormalised decay, g(t)",0.00180239550576001,0.857256385816568,0.889800358501205,0.917819715432555
"Modified stretched exponential","Unnormalised decay, g(t)",0.00189308858655688,0.851110437900792,0.884859274090969,0.914012208699736
"Modified stretched exponential","Unnormalised decay, g(t)",0.00198834516902591,0.84474731037771,0.879718582507517,0.910044195004332
"Modified stretched exponential","Unnormalised decay, g(t)",0.00208839487980817,0.838161510935279,0.874377522408151,0.905910408124939
"Modified stretched exponential","Unnormalised decay, g(t)",0.00219347889991637,0.831350488019713,0.86883076717256,0.901605551020352
"Modified stretched exponential","Unnormalised decay, g(t)",0.00230385054612865,0.824311396684828,0.863079890583627,0.897124310964762
"Modified stretched exponential","Unnormalised decay, g(t)",0.002419775881637,0.817043685381131,0.857115813709065,0.892461376236417
"Modified stretched exponential","Unnormalised decay, g(t)",0.00254153435742231,0.809557996964474,0.850932230970323,0.887611454417576
"Modified stretched exponential","Unnormalised decay, g(t)",0.00266941948590221,0.801838750216472,0.844527754592074,0.882569292355693
"Modified stretched exponential","Unnormalised decay, g(t)",0.0028037395484756,0.793847391939391,0.837897674072974,0.877329697826134
"Modified stretched exponential","Unnormalised decay, g(t)",0.00294481833866936,0.785605029183408,0.831037622944009,0.871887562925188
"Modified stretched exponential","Unnormalised decay, g(t)",0.00309299594267888,0.777150882346803,0.823942343475888,0.866237889208517
"Modified stretched exponential","Unnormalised decay, g(t)",0.00324862955918387,0.76845843792191,0.81661359370676,0.860375814574474
"Modified stretched exponential","Unnormalised decay, g(t)",0.00341209436041568,0.759528655507657,0.809044892631467,0.854296641873731
"Modified stretched exponential","Unnormalised decay, g(t)",0.00358378439655192,0.750365399759976,0.801231554943842,0.847995869206398
"Modified stretched exponential","Unnormalised decay, g(t)",0.00376411354561846,0.740968333811982,0.793188047528187,0.841470006256516
"Modified stretched exponential","Unnormalised decay, g(t)",0.00395351651118867,0.731343780291633,0.784893402365395,0.834717377198832
"Modified stretched exponential","Unnormalised decay, g(t)",0.00415244987028502,0.721480118152986,0.77634853091503,0.827731585886256
"Modified stretched exponential","Unnormalised decay, g(t)",0.00436139317400899,0.711371330766885,0.767569122851978,0.820509276027371
"Modified stretched exponential","Unnormalised decay, g(t)",0.00458085010355261,0.701058085175428,0.758549505232581,0.813047460989301
"Modified stretched exponential","Unnormalised decay, g(t)",0.00481134968437834,0.690490824624612,0.749283102460389,0.80534356182029
"Modified stretched exponential","Unnormalised decay, g(t)",0.00505344756149402,0.679734497982998,0.739773071962263,0.797395445910871
"Modified stretched exponential","Unnormalised decay, g(t)",0.0053077273388973,0.668946013843729,0.730022690385157,0.789204458588778
"Modified stretched exponential","Unnormalised decay, g(t)",0.00557480198641835,0.657836599083522,0.720034759039205,0.780790073588142
"Modified stretched exponential","Unnormalised decay, g(t)",0.00585531531735212,0.646532573676182,0.709845482600422,0.772121398211156
"Modified stretched exponential","Unnormalised decay, g(t)",0.00614994354044229,0.634991349739842,0.699404993601725,0.763185624895611
"Modified stretched exponential","Unnormalised decay, g(t)",0.00645939688995802,0.623283357587997,0.688772558718518,0.754002275172785
"Modified stretched exponential","Unnormalised decay, g(t)",0.00678442133779308,0.611523669765557,0.677903485659518,0.744573087504525
"Modified stretched exponential","Unnormalised decay, g(t)",0.00712580039171445,0.5996475593483,0.666828666785748,0.734900281191919
"Modified stretched exponential","Unnormalised decay, g(t)",0.00748435698409545,0.587650045938583,0.655579539722911,0.724986645885282
"Modified stretched exponential","Unnormalised decay, g(t)",0.00786095545568617,0.575535481757655,0.644107754058286,0.714835738643597
"Modified stretched exponential","Unnormalised decay, g(t)",0.00825650363920349,0.56328082065965,0.632447840912354,0.704451884336712
"Modified stretched exponential","Unnormalised decay, g(t)",0.00867195504776335,0.550900876522193,0.620629564713399,0.693839991174108
"Modified stretched exponential","Unnormalised decay, g(t)",0.00910831117343068,0.538448492546993,0.608650792297658,0.683006304402701
"Modified stretched exponential","Unnormalised decay, g(t)",0.00956662390142801,0.525980038681162,0.596497370374988,0.671961423087906
"Modified stretched exponential","Unnormalised decay, g(t)",0.0100479980458224,0.51339468972559,0.584254745521507,0.660714164802013
"Modified stretched exponential","Unnormalised decay, g(t)",0.0105535940128032,0.500829098605609,0.571894226217812,0.649268820019024
"Modified stretched exponential","Unnormalised decay, g(t)",0.011084630597971,0.488208067380165,0.559411944190703,0.637634769411389
"Modified stretched exponential","Unnormalised decay, g(t)",0.0116423879243805,0.475726319674757,0.546826902164616,0.625803950715517
"Modified stretched exponential","Unnormalised decay, g(t)",0.0122282105284205,0.463249687838921,0.534169719117624,0.613802347777811
"Modified stretched exponential","Unnormalised decay, g(t)",0.012843510600969,0.450701507533166,0.521456899710343,0.601643182141792
"Modified stretched exponential","Unnormalised decay, g(t)",0.0134897713916372,0.438204642838357,0.508709371581455,0.589350268185592
"Modified stretched exponential","Unnormalised decay, g(t)",0.0141685507843084,0.425731433268167,0.495919293544757,0.576928195613578
"Modified stretched exponential","Unnormalised decay, g(t)",0.0148814850525915,0.41339781737868,0.483111884701395,0.56439333434241
"Modified stretched exponential","Unnormalised decay, g(t)",0.0156302928042415,0.401084735641349,0.470318484259625,0.55174911925714
"Modified stretched exponential","Unnormalised decay, g(t)",0.0164167791240551,0.388885952745414,0.457555125443037,0.539021987909424
"Modified stretched exponential","Unnormalised decay, g(t)",0.0172428399252301,0.376856595967732,0.444808132020887,0.526223485219906
"Modified stretched exponential","Unnormalised decay, g(t)",0.0181104665196756,0.365089483402981,0.432102231318431,0.513369172940985
"Modified stretched exponential","Unnormalised decay, g(t)",0.0190217504182922,0.353254179187606,0.419493908161894,0.500460069853612
"Modified stretched exponential","Unnormalised decay, g(t)",0.0199788883727927,0.341671161386277,0.406997822841858,0.487554464421844
"Modified stretched exponential","Unnormalised decay, g(t)",0.020984187671218,0.330286435610275,0.394602107252033,0.474640906284016
"Modified stretched exponential","Unnormalised decay, g(t)",0.0220400716999123,0.319086334573242,0.382283194800139,0.46173698753476
"Modified stretched exponential","Unnormalised decay, g(t)",0.0231490857853676,0.308093166505317,0.370090647979796,0.44887152591291
"Modified stretched exponential","Unnormalised decay, g(t)",0.0243139033300167,0.2973380733558,0.358076478947929,0.436063458518781
"Modified stretched exponential","Unnormalised decay, g(t)",0.0255373322567698,0.286701282315556,0.346210815764538,0.423310881796617
"Modified stretched exponential","Unnormalised decay, g(t)",0.0268223217778257,0.276293739969815,0.334510734577398,0.410628451983288
"Modified stretched exponential","Unnormalised decay, g(t)",0.0281719695040778,0.266167229096272,0.323015809107216,0.398035054748591
"Modified stretched exponential","Unnormalised decay, g(t)",0.0295895289122516,0.256179675343612,0.311706436735731,0.385558824442417
"Modified stretched exponential","Unnormalised decay, g(t)",0.031078417187774,0.246461500279144,0.300603396296122,0.373201902440787
"Modified stretched exponential","Unnormalised decay, g(t)",0.0326422234622804,0.236972430312082,0.289725243876593,0.360969006091719
"Modified stretched exponential","Unnormalised decay, g(t)",0.0342847174656184,0.227761154919659,0.279031453568987,0.348887096811245
"Modified stretched exponential","Unnormalised decay, g(t)",0.0360098586132025,0.218791524911345,0.268551551297504,0.33697313830653
"Modified stretched exponential","Unnormalised decay, g(t)",0.0378218055506278,0.209991698035387,0.25833000329366,0.325239481105237
"Modified stretched exponential","Unnormalised decay, g(t)",0.0397249261785503,0.201395440651583,0.248336235573312,0.313697240627444
"Modified stretched exponential","Unnormalised decay, g(t)",0.0417238081819993,0.193236933224468,0.238590834105162,0.302397054093733
"Modified stretched exponential","Unnormalised decay, g(t)",0.0438232700895054,0.185316437314255,0.229092654304869,0.291315001010441
"Modified stretched exponential","Unnormalised decay, g(t)",0.0460283728887019,0.177572957522467,0.21986446362239,0.280454698280158
"Modified stretched exponential","Unnormalised decay, g(t)",0.0483444322264017,0.169983814553197,0.210883609851851,0.269781612762068
"Modified stretched exponential","Unnormalised decay, g(t)",0.0507770312225578,0.162699660444193,0.202168641138982,0.259329981551227
"Modified stretched exponential","Unnormalised decay, g(t)",0.0533320339289981,0.155686276607165,0.193679495584961,0.249123763399218
"Modified stretched exponential","Unnormalised decay, g(t)",0.0560155994653783,0.148852521154552,0.185454547848875,0.239174442926175
"Modified stretched exponential","Unnormalised decay, g(t)",0.058834196866428,0.142352230814035,0.177486316673007,0.229517486200528
"Modified stretched exponential","Unnormalised decay, g(t)",0.0617946206762821,0.135958250002228,0.169798227044967,0.220118756864109
"Modified stretched exponential","Unnormalised decay, g(t)",0.0649040073274894,0.129881753712232,0.162390494035466,0.210981191018193
"Modified stretched exponential","Unnormalised decay, g(t)",0.0681698523441805,0.12400537459501,0.155223315758412,0.20210521355385
"Modified stretched exponential","Unnormalised decay, g(t)",0.0716000284108672,0.118426594606056,0.148289808381024,0.193438389625434
"Modified stretched exponential","Unnormalised decay, g(t)",0.0752028043504282,0.11298198999617,0.141549841432466,0.185036000468468
"Modified stretched exponential","Unnormalised decay, g(t)",0.0789868650570315,0.107764998231129,0.135115361753643,0.176947322592897
"Modified stretched exponential","Unnormalised decay, g(t)",0.0829613324320421,0.102729380052367,0.128931736465428,0.169123847294678
"Modified stretched exponential","Unnormalised decay, g(t)",0.0871357873733857,0.0979201178377607,0.12296050700054,0.161598284196737
"Modified stretched exponential","Unnormalised decay, g(t)",0.0915202928713737,0.0932989919682713,0.117220523714446,0.154299886282871
"Modified stretched exponential","Unnormalised decay, g(t)",0.0961254182666664,0.0888713430463979,0.111727417868289,0.147250613276154
"Modified stretched exponential","Unnormalised decay, g(t)",0.10096226472885,0.0846814574424405,0.106459992018855,0.140471024480477
"Modified stretched exponential","Unnormalised decay, g(t)",0.106042492017049,0.0806561428405423,0.101372203959152,0.133966697381922
"Modified stretched exponential","Unnormalised decay, g(t)",0.111378346587075,0.0767782884151167,0.0964970983182433,0.127666823567031
"Modified stretched exponential","Unnormalised decay, g(t)",0.116982691112881,0.0729994359816412,0.0918192020336196,0.121610070909953
"Modified stretched exponential","Unnormalised decay, g(t)",0.122869035493474,0.0694411865490138,0.0873481632748595,0.115800676774029
"Modified stretched exponential","Unnormalised decay, g(t)",0.129051569420036,0.0660244319560507,0.0830805072551043,0.110252505165311
"Modified stretched exponential","Unnormalised decay, g(t)",0.135545196581761,0.062767990756155,0.0789927309368153,0.104884851591045
"Modified stretched exponential","Unnormalised decay, g(t)",0.142365570592866,0.0596966670120204,0.0750738606387269,0.0997340098703969
"Modified stretched exponential","Unnormalised decay, g(t)",0.149529132727375,0.0567408262891533,0.0713344052084779,0.0948171839812286
"Modified stretched exponential","Unnormalised decay, g(t)",0.15705315155265,0.0539178841192785,0.0677706770987093,0.0901180103184279
"Modified stretched exponential","Unnormalised decay, g(t)",0.164955764557203,0.0512171622929095,0.0643570653000574,0.0856329422940306
"Modified stretched exponential","Unnormalised decay, g(t)",0.17325602187314,0.0486177426114893,0.0611255065838155,0.0813541516109276
"Modified stretched exponential","Unnormalised decay, g(t)",0.181973932198632,0.0461402052478963,0.0580285923657854,0.0772646965629304
"Modified stretched exponential","Unnormalised decay, g(t)",0.191130511031121,0.0437793112226667,0.0550761205333213,0.0733398023955993
"Modified stretched exponential","Unnormalised decay, g(t)",0.200747831327525,0.0415256203249787,0.0522525821272784,0.0695877333990177
"Modified stretched exponential","Unnormalised decay, g(t)",0.210849076713569,0.0393924026631605,0.0495796791636179,0.0660010826107408
"Modified stretched exponential","Unnormalised decay, g(t)",0.221458597370505,0.0373893479994458,0.0470112484963754,0.0625816958689092
"Modified stretched exponential","Unnormalised decay, g(t)",0.232601968733948,0.0354653416549984,0.04457132373727,0.0593573384891062
"Modified stretched exponential","Unnormalised decay, g(t)",0.244306053146322,0.0336439888866013,0.0422546169144021,0.0562907097265026
"Modified stretched exponential","Unnormalised decay, g(t)",0.25659906461154,0.0319036281025065,0.0400459481776079,0.0533353189658234
"Modified stretched exponential","Unnormalised decay, g(t)",0.269510636808012,0.03025051594439,0.0379360419983953,0.0505450872437814
"Modified stretched exponential","Unnormalised decay, g(t)",0.283071894523941,0.0286789985008859,0.0359454304185559,0.0478987866064237
"Modified stretched exponential","Unnormalised decay, g(t)",0.297315528687109,0.0271691623105175,0.0340430041562433,0.0453800817603581
"Modified stretched exponential","Unnormalised decay, g(t)",0.312275875170005,0.0257431724197445,0.0322388509557091,0.0429663891376925
"Modified stretched exponential","Unnormalised decay, g(t)",0.327988997560291,0.0243711331661579,0.0305306706947195,0.0406757404113006
"Modified stretched exponential","Unnormalised decay, g(t)",0.344492774096106,0.0230754878984629,0.0289077478018818,0.0385029557332109
"Modified stretched exponential","Unnormalised decay, g(t)",0.361826988975799,0.0218567234039563,0.0273656577924816,0.0364246533354815
"Modified stretched exponential","Unnormalised decay, g(t)",0.380033428262183,0.0206939634501326,0.0258982022928764,0.0344600830623947
"Modified stretched exponential","Unnormalised decay, g(t)",0.399155980612512,0.0195990429349508,0.0245122459754743,0.032597705126538
"Modified stretched exponential","Unnormalised decay, g(t)",0.419240743076997,0.0185532628979903,0.0231919270512752,0.0308271479084428
"Modified stretched exponential","Unnormalised decay, g(t)",0.440336132220897,0.0175651266173134,0.0219418369157719,0.0291532984737211
"Modified stretched exponential","Unnormalised decay, g(t)",0.462493000838061,0.0166227459688156,0.0207579997371456,0.0275715491244386
"Modified stretched exponential","Unnormalised decay, g(t)",0.485764760537277,0.0157337108785785,0.0196288370376704,0.0260661837934615
"Modified stretched exponential","Unnormalised decay, g(t)",0.510207510496923,0.0148877772668747,0.0185632632786141,0.0246429330039111
"Modified stretched exponential","Unnormalised decay, g(t)",0.535880172698306,0.0140897022891465,0.0175551914769744,0.0232973815104633
"Modified stretched exponential","Unnormalised decay, g(t)",0.562844633963691,0.0133211956374613,0.0166031544317387,0.0220195400631092
"Modified stretched exponential","Unnormalised decay, g(t)",0.591165895141398,0.0126055763739004,0.0156962425181867,0.0208048256484119
"Modified stretched exponential","Unnormalised decay, g(t)",0.620912227797619,0.0119165651856569,0.0148406386209726,0.0196562803304522
"Modified stretched exponential","Unnormalised decay, g(t)",0.652155338792655,0.0112726821104155,0.0140282927059655,0.0185704958462062
"Modified stretched exponential","Unnormalised decay, g(t)",0.684970543138327,0.0106574858217563,0.013260355420399,0.0175364525731364
"Modified stretched exponential","Unnormalised decay, g(t)",0.719436945553221,0.0100764545360476,0.0125301663078384,0.0165589068752862
"Modified stretched exponential","Unnormalised decay, g(t)",0.755637631153466,0.00952482071662233,0.0118416099899647,0.0156368385896194
"Modified stretched exponential","Unnormalised decay, g(t)",0.793659865738689,0.00900225598853659,0.0111883828462736,0.0147612681880774
"Modified stretched exponential","Unnormalised decay, g(t)",0.83359530615598,0.0085072034184635,0.0105685573145602,0.0139355300708865
"Modified stretched exponential","Unnormalised decay, g(t)",0.875540221248974,0.00803702868146067,0.00998340469255118,0.0131553374338889
"Modified stretched exponential","Unnormalised decay, g(t)",0.919595723924655,0.00759388998868909,0.00942891354058882,0.0124256871663312
"Modified stretched exponential","Unnormalised decay, g(t)",0.965868014897323,0.00717525851193525,0.00890534493824128,0.011729483662984
"Modified stretched exponential","Unnormalised decay, g(t)",1.01446863869729,0.00678088287472937,0.00840801067456927,0.0110710046784021
"Modified stretched exponential","Unnormalised decay, g(t)",1.06551475256145,0.00640311330750974,0.00793973644376044,0.0104473885754675
"Modified stretched exponential","Unnormalised decay, g(t)",1.11912940885386,0.00604894800041333,0.0074984085538333,0.00986021442489849
"Modified stretched exponential","Unnormalised decay, g(t)",1.17544185169728,0.0057149688804621,0.00708072549022779,0.00931061122763927
"Modified stretched exponential","Unnormalised decay, g(t)",1.23458782853051,0.00539741626938276,0.00668448669366977,0.00879306322889576
"Modified stretched exponential","Unnormalised decay, g(t)",1.29670991734283,0.00509905478769516,0.00631072702041552,0.00829748817336643
"Modified stretched exponential","Unnormalised decay, g(t)",1.36195787037414,0.00481555823953778,0.0059564373142459,0.00782783380232998
"Modified stretched exponential","Unnormalised decay, g(t)",1.4304889751095,0.0045484444121043,0.00562252991765398,0.00738503875267153
"Modified stretched exponential","Unnormalised decay, g(t)",1.50246843343818,0.00429483361254321,0.00530645683144732,0.00696896831003309
"Modified stretched exponential","Unnormalised decay, g(t)",1.57806975989127,0.00405609989333571,0.00500819624361587,0.00658237831216033
"Modified stretched exponential","Unnormalised decay, g(t)",1.65747519991792,0.00382870065491829,0.00472668622737074,0.00620735089741138
"Modified stretched exponential","Unnormalised decay, g(t)",1.74087616920828,0.00361512852936849,0.00445999204139632,0.0058561472693869
"Modified stretched exponential","Unnormalised decay, g(t)",1.82847371512247,0.00341165649286958,0.00420883714341088,0.00552837198961855
"Modified stretched exponential","Unnormalised decay, g(t)",1.92047900133774,0.00321945006323762,0.00397121103218144,0.00521522883372146
"Modified stretched exponential","Unnormalised decay, g(t)",2.01711381688205,0.0030380855359147,0.0037460703033846,0.00492035878064056
"Modified stretched exponential","Unnormalised decay, g(t)",2.11861111078139,0.00286558455644866,0.0035333921811568,0.00464272830580958
"Modified stretched exponential","Unnormalised decay, g(t)",2.2252155536094,0.00270540086188762,0.00333312620949658,0.00437934046706787
"Modified stretched exponential","Unnormalised decay, g(t)",2.33718412729315,0.00255216700253469,0.00314449461362018,0.00412874234207783
"Modified stretched exponential","Unnormalised decay, g(t)",2.45478674459683,0.00240738949278519,0.00296631246925436,0.00389300774345934
"Modified stretched exponential","Unnormalised decay, g(t)",2.57830689977661,0.00227115949106203,0.00279718103116142,0.00367075948075693
"Modified stretched exponential","Unnormalised decay, g(t)",2.70804235197525,0.00214302352199166,0.00263832074501677,0.00346291641984537
"Modified stretched exponential","Unnormalised decay, g(t)",2.8443058430038,0.00202121089764091,0.00248842478623669,0.00326452668551086
"Modified stretched exponential","Unnormalised decay, g(t)",2.98742585124072,0.00190648079769778,0.00234668105506784,0.00307820451378567
"Modified stretched exponential","Unnormalised decay, g(t)",3.13774738346569,0.00179856885125338,0.00221332256338849,0.00290242328753593
"Modified stretched exponential","Unnormalised decay, g(t)",3.29563280653705,0.00169612248690766,0.00208692906200348,0.00273661920401804
"Modified stretched exponential","Unnormalised decay, g(t)",3.4614627209176,0.00159940059430939,0.00196780487882215,0.00258018646712497
"Modified stretched exponential","Unnormalised decay, g(t)",3.63563687815462,0.00150839658244307,0.00185512065248883,0.00243261167270162
"Modified stretched exponential","Unnormalised decay, g(t)",3.8185751445256,0.00142267242172808,0.0017493834137918,0.00229340000484274
"Modified stretched exponential","Unnormalised decay, g(t)",4.01071851317284,0.00134130282280798,0.00164917287347356,0.002162133907619
"Modified stretched exponential","Unnormalised decay, g(t)",4.21253016716679,0.00126494561472353,0.00155456789186146,0.0020382978196042
"Modified stretched exponential","Unnormalised decay, g(t)",4.42449659606056,0.00119275674418628,0.0014653203762532,0.00192267096165362
"Modified stretched exponential","Unnormalised decay, g(t)",4.64712876862737,0.00112503770635987,0.00138112770457745,0.00181263931173017
"Modified stretched exponential","Unnormalised decay, g(t)",4.88096336460794,0.00106092074000039,0.00130194307801449,0.0017074347090045
"Modified stretched exponential","Unnormalised decay, g(t)",5.12656406843699,0.00100037514451588,0.00122719554203409,0.00160888610370466
"Modified stretched exponential","Unnormalised decay, g(t)",5.38452292806754,0.000943126691326744,0.00115653738279052,0.00151568428997737
"Modified stretched exponential","Unnormalised decay, g(t)",5.65546178216878,0.000888979980495934,0.00109009744387579,0.00142770284757838
"Modified stretched exponential","Unnormalised decay, g(t)",5.94003375913761,0.000838250386651683,0.00102731321578258,0.00134500283718368
"Modified stretched exponential","Unnormalised decay, g(t)",6.2389248515377,0.000790267370471343,0.000967791488331882,0.00126724193539236
"Modified stretched exponential","Unnormalised decay, g(t)",6.55285556976123,0.000744877504923164,0.00091177116545176,0.00119508965312211
"Modified stretched exponential","Unnormalised decay, g(t)",6.8825826788998,0.000701890350014801,0.000859133641596211,0.00112585114660022
"Modified stretched exponential","Unnormalised decay, g(t)",7.22890102301119,0.000661100693269249,0.000809330876899983,0.00106071207292546
"Modified stretched exponential","Unnormalised decay, g(t)",7.59264544117988,0.000623090566382117,0.000762515064077446,0.000999984239915191
"Modified stretched exponential","Unnormalised decay, g(t)",7.97469277999,0.000586846164812298,0.00071824925310015,0.000941994258205553
"Modified stretched exponential","Unnormalised decay, g(t)",8.37596400726201,0.000552828677016199,0.000676612325839212,0.000887628695006549
"Modified stretched exponential","Unnormalised decay, g(t)",8.79742643214859,0.000521121840374954,0.000637487976033111,0.000836976108849553
"Modified stretched exponential","Unnormalised decay, g(t)",9.24009603694156,0.000491187448245001,0.000600396045353728,0.000789755345481573
"Modified stretched exponential","Unnormalised decay, g(t)",9.70503992621065,0.000462953679009637,0.000565554750768675,0.000744179456298072
"Modified stretched exponential","Unnormalised decay, g(t)",10.1933788991785,0.000436218864158385,0.00053267291627063,0.000701618057340889
"Modified stretched exponential","Unnormalised decay, g(t)",10.7062901515324,0.000410852920213114,0.000501569425309904,0.000660640096498887
"Modified stretched exponential","Unnormalised decay, g(t)",11.245010113186,0.000387121513524071,0.00047234845191391,0.000622153079322062
"Modified stretched exponential","Unnormalised decay, g(t)",11.8108374288321,0.00036460829000484,0.000444754482359835,0.000586405163926115
"Modified stretched exponential","Unnormalised decay, g(t)",12.4051360884707,0.000343336858963353,0.000418803995804221,0.000552641493764607
"Modified stretched exponential","Unnormalised decay, g(t)",13.0293387154593,0.00032338071589009,0.000394403847389087,0.000520471806645423
"Modified stretched exponential","Unnormalised decay, g(t)",13.6849500200118,0.000304433926434068,0.000371373785318501,0.000490117999844479
"Modified stretched exponential","Unnormalised decay, g(t)",14.3735504264708,0.000286547032486113,0.000349661992441878,0.000461842732614074
"Modified stretched exponential","Unnormalised decay, g(t)",15.0967998830966,0.000269858858038584,0.000329166372406904,0.000434612237783364
"Modified stretched exponential","Unnormalised decay, g(t)",15.8564418635589,0.000254039687932529,0.00030990296646147,0.000409517438716282
"Modified stretched exponential","Unnormalised decay, g(t)",16.6543075697743,0.000239147281165456,0.000291814240409578,0.000385742673528589
"Modified stretched exponential","Unnormalised decay, g(t)",17.4923203462235,0.00022521251825025,0.000274723210490017,0.000363178148729397
"Modified stretched exponential","Unnormalised decay, g(t)",18.3725003163882,0.000212054589430306,0.000258608080869125,0.000341847783517006
"Modified stretched exponential","Unnormalised decay, g(t)",19.2969692524845,0.00019965525941864,0.000243412290579929,0.000321831781768784
"Modified stretched exponential","Unnormalised decay, g(t)",20.2679556902322,0.000187969379028931,0.000229099976543468,0.00030301564090789
"Modified stretched exponential","Unnormalised decay, g(t)",21.287800300989,0.000176980163526861,0.000215629548271438,0.000285404545189001
"Modified stretched exponential","Unnormalised decay, g(t)",22.3589615342008,0.000166628821143108,0.000202937808730983,0.000268851975008086
"Modified stretched exponential","Unnormalised decay, g(t)",23.4840215437686,0.000156835849799891,0.000190963152867046,0.000253216854189177
"Modified stretched exponential","Unnormalised decay, g(t)",24.6656924126196,0.00014767852138073,0.00017969896459236,0.000238497859909924
"Modified stretched exponential","Unnormalised decay, g(t)",25.9068226904857,0.000139005835605676,0.000169071099274147,0.000224622761429257
"Modified stretched exponential","Unnormalised decay, g(t)",27.2104042606515,0.00013077699179689,0.000159090138874618,0.000211433846428139
"Modified stretched exponential","Unnormalised decay, g(t)",28.5795795522234,0.000122991865005224,0.000149672991326345,0.000198900968587575
"Modified stretched exponential","Unnormalised decay, g(t)",30.0176491153061,0.000115773619776504,0.000140826133664892,0.000187319427060616
"Modified stretched exponential","Unnormalised decay, g(t)",31.5280795773476,0.000108919540963656,0.000132483226163903,0.000176253322866296
"Modified stretched exponential","Unnormalised decay, g(t)",33.1145119998324,0.000102471241376128,0.000124631609074631,0.000165937995666377
"Modified stretched exponential","Unnormalised decay, g(t)",34.7807706554672,9.63980656780188e-05,0.000117223738474207,0.000156160583012867
"Modified stretched exponential","Unnormalised decay, g(t)",36.5308722470174,9.06629795529893e-05,0.000110283998603236,0.000146971636423614
"Modified stretched exponential","Unnormalised decay, g(t)",38.3690355900191,8.52759214677999e-05,0.000103734507721608,0.000138396229092602
"Modified stretched exponential","Unnormalised decay, g(t)",40.2996917827044,8.02149216238208e-05,9.75655047001073e-05,0.000130245895002083
"Modified stretched exponential","Unnormalised decay, g(t)",42.3274948876598,7.54551413764568e-05,9.17552595783944e-05,0.000122515888679106
"Modified stretched exponential","Unnormalised decay, g(t)",44.4573331509643,7.0978566799335e-05,8.62912713563286e-05,0.000115220652211789
"Modified stretched exponential","Unnormalised decay, g(t)",46.6943407858529,6.67540418394702e-05,8.11427523082001e-05,0.000108399823099047
"Modified stretched exponential","Unnormalised decay, g(t)",49.0439103493112,6.27725208896036e-05,7.62999690628424e-05,0.000101956463674641
"Modified stretched exponential","Unnormalised decay, g(t)",51.5117057414381,5.90402031040332e-05,7.17542330938606e-05,9.59591887375116e-05
"Modified stretched exponential","Unnormalised decay, g(t)",54.1036758589086,5.5519520262532e-05,6.74688241608399e-05,9.0292495348198e-05
"Modified stretched exponential","Unnormalised decay, g(t)",56.8260689354551,5.22040174166344e-05,6.34423351901716e-05,8.49687450451312e-05
"Modified stretched exponential","Unnormalised decay, g(t)",59.6854476039337,4.90857417965432e-05,5.96577367550892e-05,7.98904575813499e-05
"Modified stretched exponential","Unnormalised decay, g(t)",62.6887047162836,4.61393647202323e-05,5.6084269225485e-05,7.51827613092882e-05
"Modified stretched exponential","Unnormalised decay, g(t)",65.8430799595172,4.33902425829505e-05,5.27291203576096e-05,7.07582414147837e-05
"Modified stretched exponential","Unnormalised decay, g(t)",69.1561773077962,4.08021011314921e-05,4.95660293197749e-05,6.65931848061636e-05
"Modified stretched exponential","Unnormalised decay, g(t)",72.6359833526599,3.8343137060723e-05,4.65999295741276e-05,6.26196619712111e-05
"Modified stretched exponential","Unnormalised decay, g(t)",76.2908865555977,3.60345631333466e-05,4.38033548892845e-05,5.88780709614905e-05
"Modified stretched exponential","Unnormalised decay, g(t)",80.1296974693735,3.38698995901759e-05,4.11819573123286e-05,5.54062531234143e-05
"Modified stretched exponential","Unnormalised decay, g(t)",84.1616699768472,3.18359711645641e-05,3.86998394458898e-05,5.21404866463053e-05
"Modified stretched exponential","Unnormalised decay, g(t)",88.3965235984953,2.99220656514463e-05,3.63678211070523e-05,4.90659505503175e-05
"Modified stretched exponential","Unnormalised decay, g(t)",92.8444669224,2.81221041921341e-05,3.41780947374444e-05,4.61711166315901e-05
"Modified stretched exponential","Unnormalised decay, g(t)",97.5162222131928,2.64265142640914e-05,3.21126675242342e-05,4.33974344650589e-05
"Modified stretched exponential","Unnormalised decay, g(t)",102.423051259273,2.48349534768856e-05,3.01753253157884e-05,4.08547370117359e-05
"Modified stretched exponential","Unnormalised decay, g(t)",107.576782520605,2.33486897806671e-05,2.83513827034192e-05,3.8431751867564e-05
"Modified stretched exponential","Unnormalised decay, g(t)",112.989839642545,2.19456372361798e-05,2.66409347181778e-05,3.61532391408514e-05
"Modified stretched exponential","Unnormalised decay, g(t)",118.675271404431,2.06123494191583e-05,2.50257490234683e-05,3.40345462421926e-05
"Modified stretched exponential","Unnormalised decay, g(t)",124.646783175114,1.93642751378271e-05,2.351398912866e-05,3.20039709969026e-05
"Modified stretched exponential","Unnormalised decay, g(t)",130.918769951293,1.8199483856998e-05,2.20892439260545e-05,3.01316600513573e-05
"Modified stretched exponential","Unnormalised decay, g(t)",137.506351058256,1.70945487596208e-05,2.07478968023449e-05,2.83521512987129e-05
"Modified stretched exponential","Unnormalised decay, g(t)",144.425406596708,1.60541252976984e-05,1.9490088567021e-05,2.66589891885561e-05
"Modified stretched exponential","Unnormalised decay, g(t)",151.692615723526,1.50798913218817e-05,1.83077701184471e-05,2.50594479998967e-05
"Modified stretched exponential","Unnormalised decay, g(t)",159.325496858736,1.41604831522701e-05,1.71970734526221e-05,2.35778558839798e-05
"Modified stretched exponential","Unnormalised decay, g(t)",167.342449915617,1.33034272405994e-05,1.61481856594131e-05,2.218821518192e-05
"Modified stretched exponential","Unnormalised decay, g(t)",175.762800655753,1.24958031445085e-05,1.51627821033565e-05,2.08802109072721e-05
"Modified stretched exponential","Unnormalised decay, g(t)",184.60684727594,1.17350575886901e-05,1.42391088295895e-05,1.96326655476723e-05
"Modified stretched exponential","Unnormalised decay, g(t)",193.895909339259,1.10183685587802e-05,1.33678767738307e-05,1.84639385566651e-05
"Modified stretched exponential","Unnormalised decay, g(t)",203.652379168268,1.03431491959805e-05,1.25547863024952e-05,1.73473069735493e-05
"Modified stretched exponential","Unnormalised decay, g(t)",213.899775824195,9.71231453158018e-06,1.17904992374076e-05,1.63172002883908e-05
"Modified stretched exponential","Unnormalised decay, g(t)",224.662801802268,9.11308238729142e-06,1.10702779278244e-05,1.53479554898462e-05
"Modified stretched exponential","Unnormalised decay, g(t)",235.967402579838,8.5506657204195e-06,1.03944779096337e-05,1.44370206829332e-05
"Modified stretched exponential","Unnormalised decay, g(t)",247.840829160858,8.02447486079694e-06,9.75821948507396e-06,1.35789426227709e-05
"Modified stretched exponential","Unnormalised decay, g(t)",260.311703767468,7.52965715286691e-06,9.15843207379271e-06,1.27726311964429e-05
"Modified stretched exponential","Unnormalised decay, g(t)",273.410088837064,7.0647672506475e-06,8.59392310088844e-06,1.20116580521378e-05
"Modified stretched exponential","Unnormalised decay, g(t)",287.167559491166,6.62321495069593e-06,8.06854195553101e-06,1.12973706708439e-05
"Modified stretched exponential","Unnormalised decay, g(t)",301.617279650778,6.20866060496992e-06,7.57389113816396e-06,1.06284441261656e-05
"Modified stretched exponential","Unnormalised decay, g(t)",316.794081981721,5.82396036066282e-06,7.10826151918127e-06,9.99672801999471e-06
"Modified stretched exponential","Unnormalised decay, g(t)",332.734551862678,5.4626579215564e-06,6.66910977752877e-06,9.39686785777261e-06
"Modified stretched exponential","Unnormalised decay, g(t)",349.477115578331,5.12455943080218e-06,6.2580388308775e-06,8.83717150439346e-06
"Modified stretched exponential","Unnormalised decay, g(t)",367.062132950219,4.8075575363686e-06,5.87278487748231e-06,8.31086496670705e-06
"Modified stretched exponential","Unnormalised decay, g(t)",385.531994628602,4.50687817032008e-06,5.50980113104483e-06,7.81919638987673e-06
"Modified stretched exponential","Unnormalised decay, g(t)",404.931224279859,4.22767400593963e-06,5.1703073520046e-06,7.3532167500788e-06
"Modified stretched exponential","Unnormalised decay, g(t)",425.306585915763,3.96490821650327e-06,4.85017168183001e-06,6.92185639182325e-06
"Modified stretched exponential","Unnormalised decay, g(t)",446.707196623364,3.71740207718152e-06,4.54938789512619e-06,6.51024290961734e-06
"Modified stretched exponential","Unnormalised decay, g(t)",469.184644967214,3.48673104176357e-06,4.26655403324389e-06,6.12665785947414e-06
"Modified stretched exponential","Unnormalised decay, g(t)",492.793115349368,3.26871657990956e-06,4.00127342207839e-06,5.76107619817377e-06
"Modified stretched exponential","Unnormalised decay, g(t)",517.589518626948,3.06186126084145e-06,3.75260237787125e-06,5.41704880252433e-06
"Modified stretched exponential","Unnormalised decay, g(t)",543.633629302121,2.86792307487287e-06,3.52000200240008e-06,5.09151607675804e-06
"Modified stretched exponential","Unnormalised decay, g(t)",570.988229615221,2.68658145303907e-06,3.30116598573483e-06,4.78795552045633e-06
"Modified stretched exponential","Unnormalised decay, g(t)",599.71926088836,2.51783526485561e-06,3.09616900744458e-06,4.50529888779327e-06
"Modified stretched exponential","Unnormalised decay, g(t)",629.895982484354,2.36013686158118e-06,2.90303967135281e-06,4.23753698316476e-06
"Modified stretched exponential","Unnormalised decay, g(t)",661.591138764156,2.21213168882968e-06,2.72199527836505e-06,3.98633600536902e-06
"Modified stretched exponential","Unnormalised decay, g(t)",694.881134445283,2.07232776900905e-06,2.55162929351474e-06,3.75023409827072e-06
"Modified stretched exponential","Unnormalised decay, g(t)",729.846218783914,1.94104740444059e-06,2.39232854380315e-06,3.52772618612843e-06
"Modified stretched exponential","Unnormalised decay, g(t)",766.570679024703,1.81714034553393e-06,2.2432175888669e-06,3.31674714945714e-06
"Modified stretched exponential","Unnormalised decay, g(t)",805.143043584603,1.70207997119515e-06,2.10271841507549e-06,3.1187642771109e-06
"Modified stretched exponential","Unnormalised decay, g(t)",845.656295460511,1.59329106949999e-06,1.97178981639954e-06,2.93312331840836e-06
"Modified stretched exponential","Unnormalised decay, g(t)",888.208096375173,1.49205272462406e-06,1.84777550281854e-06,2.75847774631e-06
"Modified stretched exponential","Unnormalised decay, g(t)",932.901022201696,1.39728976180913e-06,1.73212364573741e-06,2.59453135942443e-06
"Modified stretched exponential","Unnormalised decay, g(t)",979.842810234145,1.30773525924618e-06,1.62391185008187e-06,2.44062772946303e-06
"Modified stretched exponential","Unnormalised decay, g(t)",1029.14661890034,1.22462468604088e-06,1.52177670780827e-06,2.29461553284434e-06
"Modified stretched exponential","Unnormalised decay, g(t)",1080.93130054289,1.14574072390737e-06,1.42571210943791e-06,2.15896085623222e-06
"Modified stretched exponential","Unnormalised decay, g(t)",1135.32168792608,1.07168345337075e-06,1.33633839735285e-06,2.0316599493894e-06
"Modified stretched exponential","Unnormalised decay, g(t)",1192.44889515916,1.00248214440659e-06,1.25173053854218e-06,1.9118382524997e-06
"Modified stretched exponential","Unnormalised decay, g(t)",1252.45063376159,9.37954955098939e-07,1.17265270340988e-06,1.79903350716541e-06
"Modified stretched exponential","Unnormalised decay, g(t)",1315.47154463206,8.76786731635369e-07,1.0986420188916e-06,1.69290664265727e-06
"Modified stretched exponential","Unnormalised decay, g(t)",1381.66354672152,8.19913619555314e-07,1.02889240265841e-06,1.59299617377432e-06
"Modified stretched exponential","Unnormalised decay, g(t)",1451.18620325082,7.66771291915615e-07,9.63600476060134e-07,1.49873494663393e-06
"Modified stretched exponential","Unnormalised decay, g(t)",1524.20710635568,7.17041409844415e-07,9.02751475843246e-07,1.40951728026135e-06
"Modified stretched exponential","Unnormalised decay, g(t)",1600.90228108626,6.70305811514271e-07,8.45478602404417e-07,1.32518318179962e-06
"Modified stretched exponential","Unnormalised decay, g(t)",1681.45660973525,6.26364721791767e-07,7.91764701740986e-07,1.24567216870985e-06
"Modified stretched exponential","Unnormalised decay, g(t)",1766.06427751727,5.85374856901166e-07,7.41741065558775e-07,1.17122687974861e-06
"Modified stretched exponential","Unnormalised decay, g(t)",1854.92924067407,5.47231731236411e-07,6.9465287239348e-07,1.10189570808437e-06
"Modified stretched exponential","Unnormalised decay, g(t)",1948.26571813383,5.10608336718332e-07,6.50719471170596e-07,1.03608406513685e-06
"Modified stretched exponential","Unnormalised decay, g(t)",2046.29870790983,4.76908992480091e-07,6.09623066548553e-07,9.7336120525178e-07
"Modified stretched exponential","Unnormalised decay, g(t)",2149.26452948336,4.45870573873719e-07,5.71095335666339e-07,9.154633056689e-07
"Modified stretched exponential","Unnormalised decay, g(t)",2257.41139347817,4.16225532558569e-07,5.34816384809099e-07,8.6065244152851e-07
"Modified stretched exponential","Unnormalised decay, g(t)",2371,3.88377641815162e-07,5.00959015861806e-07,8.08751209271208e-07
"Modified stretched exponential","Window-normalised decay, h(t)",0,9.38069642462231,11.9913104638634,14.4015177355958
"Modified stretched exponential","Window-normalised decay, h(t)",0.001,8.92867886113239,11.2139950108362,13.2203822649099
"Modified stretched exponential","Window-normalised decay, h(t)",0.00105031807974833,8.90680945310745,11.1769275418631,13.1696788333119
"Modified stretched exponential","Window-normalised decay, h(t)",0.00110316806864623,8.88428919359952,11.1391319393368,13.1145370198259
"Modified stretched exponential","Window-normalised decay, h(t)",0.00115867736750019,8.86074874419463,11.1001070825216,13.05613574148
"Modified stretched exponential","Window-normalised decay, h(t)",0.00121697978768065,8.83614753829436,11.0593992211034,12.9971531336214
"Modified stretched exponential","Window-normalised decay, h(t)",0.00127821587368928,8.80978970381797,11.0172601717298,12.9373678010942
"Modified stretched exponential","Window-normalised decay, h(t)",0.00134253324195716,8.78342139238315,10.9734106862967,12.8754189010111
"Modified stretched exponential","Window-normalised decay, h(t)",0.00141008693669075,8.75519161011831,10.9261486575027,12.8078576397269
"Modified stretched exponential","Window-normalised decay, h(t)",0.00148103980362324,8.72573333515164,10.8759891221863,12.7354533243618
"Modified stretched exponential","Window-normalised decay, h(t)",0.00155556288257241,8.69499332676762,10.8251967947635,12.6617289664736
"Modified stretched exponential","Window-normalised decay, h(t)",0.00163383581975124,8.66305725104017,10.7714695619607,12.5885834168233
"Modified stretched exponential","Window-normalised decay, h(t)",0.00171604730082517,8.62962238386058,10.7159120594135,12.5131151497995
"Modified stretched exponential","Window-normalised decay, h(t)",0.00180239550576001,8.59476080468685,10.6593577325205,12.4315899422182
"Modified stretched exponential","Window-normalised decay, h(t)",0.00189308858655688,8.55842403858624,10.5997011160626,12.347070305063
"Modified stretched exponential","Window-normalised decay, h(t)",0.00198834516902591,8.52071945267687,10.5365356636217,12.2602711468632
"Modified stretched exponential","Window-normalised decay, h(t)",0.00208839487980817,8.48228028096347,10.4718533451184,12.1719496714045
"Modified stretched exponential","Window-normalised decay, h(t)",0.00219347889991637,8.44132339239142,10.4046608399129,12.0818555964638
"Modified stretched exponential","Window-normalised decay, h(t)",0.00230385054612865,8.3973532896532,10.3338813441907,11.9826161122491
"Modified stretched exponential","Window-normalised decay, h(t)",0.002419775881637,8.35289675042894,10.2634071452218,11.8791812430313
"Modified stretched exponential","Window-normalised decay, h(t)",0.00254153435742231,8.30644339912224,10.1896572239972,11.7740596947285
"Modified stretched exponential","Window-normalised decay, h(t)",0.00266941948590221,8.25791557726195,10.1141401586356,11.6662464076419
"Modified stretched exponential","Window-normalised decay, h(t)",0.0028037395484756,8.20758029707766,10.0345750477568,11.5537449808323
"Modified stretched exponential","Window-normalised decay, h(t)",0.00294481833866936,8.15610020482474,9.95328716510733,11.4393886902343
"Modified stretched exponential","Window-normalised decay, h(t)",0.00309299594267888,8.10219746967216,9.86820780245585,11.3228527121748
"Modified stretched exponential","Window-normalised decay, h(t)",0.00324862955918387,8.04622833657367,9.78245621659262,11.2011792851522
"Modified stretched exponential","Window-normalised decay, h(t)",0.00341209436041568,7.98828621512073,9.68978934481122,11.0745819695475
"Modified stretched exponential","Window-normalised decay, h(t)",0.00358378439655192,7.92831080257977,9.59679600875727,10.9477396210492
"Modified stretched exponential","Window-normalised decay, h(t)",0.00376411354561846,7.86153643449947,9.50023123605615,10.8157936120774
"Modified stretched exponential","Window-normalised decay, h(t)",0.00395351651118867,7.79845718055886,9.40032775512467,10.681629713946
"Modified stretched exponential","Window-normalised decay, h(t)",0.00415244987028502,7.73270745999316,9.2977357563833,10.546907650316
"Modified stretched exponential","Window-normalised decay, h(t)",0.00436139317400899,7.65626250540658,9.19120737996341,10.4034444147109
"Modified stretched exponential","Window-normalised decay, h(t)",0.00458085010355261,7.58378261974944,9.08250115086109,10.2588909805456
"Modified stretched exponential","Window-normalised decay, h(t)",0.00481134968437834,7.51028011485302,8.97008935308938,10.1177729159043
"Modified stretched exponential","Window-normalised decay, h(t)",0.00505344756149402,7.43281650632001,8.85674688967922,9.96741523198301
"Modified stretched exponential","Window-normalised decay, h(t)",0.0053077273388973,7.35378192378726,8.73937218905209,9.81566722421107
"Modified stretched exponential","Window-normalised decay, h(t)",0.00557480198641835,7.26924794208936,8.61990820601875,9.65705608841927
"Modified stretched exponential","Window-normalised decay, h(t)",0.00585531531735212,7.18774776466536,8.49670124305133,9.49337485026062
"Modified stretched exponential","Window-normalised decay, h(t)",0.00614994354044229,7.10251623161135,8.37231935155282,9.32776213390971
"Modified stretched exponential","Window-normalised decay, h(t)",0.00645939688995802,7.01684878825506,8.2444677274291,9.16422997980955
"Modified stretched exponential","Window-normalised decay, h(t)",0.00678442133779308,6.92649543122389,8.11390594887059,8.99948753127369
"Modified stretched exponential","Window-normalised decay, h(t)",0.00712580039171445,6.8269348894439,7.98123462968109,8.82753228285192
"Modified stretched exponential","Window-normalised decay, h(t)",0.00748435698409545,6.72972324634043,7.84604277128023,8.65738772242232
"Modified stretched exponential","Window-normalised decay, h(t)",0.00786095545568617,6.63101442500223,7.70675616763815,8.48286572879327
"Modified stretched exponential","Window-normalised decay, h(t)",0.00825650363920349,6.52451913188395,7.56826774131603,8.30759492168606
"Modified stretched exponential","Window-normalised decay, h(t)",0.00867195504776335,6.41663522183969,7.42566970889652,8.13552171671298
"Modified stretched exponential","Window-normalised decay, h(t)",0.00910831117343068,6.31183572885523,7.28158405603073,7.95845919477484
"Modified stretched exponential","Window-normalised decay, h(t)",0.00956662390142801,6.20472683214498,7.13563193482421,7.78383607698616
"Modified stretched exponential","Window-normalised decay, h(t)",0.0100479980458224,6.09170194266813,6.98871035181175,7.60827620673266
"Modified stretched exponential","Window-normalised decay, h(t)",0.0105535940128032,5.98199196639069,6.84237891632098,7.43071213433838
"Modified stretched exponential","Window-normalised decay, h(t)",0.011084630597971,5.86300468383318,6.69355114972562,7.25146962097782
"Modified stretched exponential","Window-normalised decay, h(t)",0.0116423879243805,5.74928881199273,6.54449344456796,7.07310714763467
"Modified stretched exponential","Window-normalised decay, h(t)",0.0122282105284205,5.63225398262142,6.39369233513959,6.89430444430532
"Modified stretched exponential","Window-normalised decay, h(t)",0.012843510600969,5.51197389147244,6.24140212161282,6.71441994571106
"Modified stretched exponential","Window-normalised decay, h(t)",0.0134897713916372,5.39143355025902,6.08937994391184,6.53734301857173
"Modified stretched exponential","Window-normalised decay, h(t)",0.0141685507843084,5.27013402551611,5.93799732022781,6.35891169390276
"Modified stretched exponential","Window-normalised decay, h(t)",0.0148814850525915,5.14176076850092,5.78543788245177,6.18005318397184
"Modified stretched exponential","Window-normalised decay, h(t)",0.0156302928042415,5.01775125225175,5.63299126835834,6.00488756509301
"Modified stretched exponential","Window-normalised decay, h(t)",0.0164167791240551,4.8967367647543,5.48128603662197,5.83034271838263
"Modified stretched exponential","Window-normalised decay, h(t)",0.0172428399252301,4.77001858726007,5.33005374820033,5.65757800279651
"Modified stretched exponential","Window-normalised decay, h(t)",0.0181104665196756,4.64009769133792,5.17917576424468,5.48688036356767
"Modified stretched exponential","Window-normalised decay, h(t)",0.0190217504182922,4.50837314172873,5.03025882972806,5.31865316767855
"Modified stretched exponential","Window-normalised decay, h(t)",0.0199788883727927,4.3792731120679,4.88099470466905,5.15162342778956
"Modified stretched exponential","Window-normalised decay, h(t)",0.020984187671218,4.24696419252294,4.73291399490804,4.98531839951829
"Modified stretched exponential","Window-normalised decay, h(t)",0.0220400716999123,4.12002310794442,4.58681236920968,4.82226272790454
"Modified stretched exponential","Window-normalised decay, h(t)",0.0231490857853676,3.99148957489823,4.44254585273084,4.66203886117947
"Modified stretched exponential","Window-normalised decay, h(t)",0.0243139033300167,3.86831368909198,4.29911363799372,4.50432903428221
"Modified stretched exponential","Window-normalised decay, h(t)",0.0255373322567698,3.74918910985347,4.15748624514015,4.3494640287444
"Modified stretched exponential","Window-normalised decay, h(t)",0.0268223217778257,3.62689070664241,4.01796848206433,4.19799842397766
"Modified stretched exponential","Window-normalised decay, h(t)",0.0281719695040778,3.50515832335063,3.88116697123193,4.04880312005529
"Modified stretched exponential","Window-normalised decay, h(t)",0.0295895289122516,3.38231415004616,3.74568624135797,3.90501222418262
"Modified stretched exponential","Window-normalised decay, h(t)",0.031078417187774,3.26538446186985,3.61361344431871,3.76387606809506
"Modified stretched exponential","Window-normalised decay, h(t)",0.0326422234622804,3.14725253643649,3.48409031699237,3.62455155426912
"Modified stretched exponential","Window-normalised decay, h(t)",0.0342847174656184,3.03109414592838,3.35655538204256,3.48959766536402
"Modified stretched exponential","Window-normalised decay, h(t)",0.0360098586132025,2.91902209208898,3.23165448081545,3.35715744786127
"Modified stretched exponential","Window-normalised decay, h(t)",0.0378218055506278,2.80830722299475,3.10950832677785,3.22903166471843
"Modified stretched exponential","Window-normalised decay, h(t)",0.0397249261785503,2.69819841138234,2.99025035852498,3.10411016322423
"Modified stretched exponential","Window-normalised decay, h(t)",0.0417238081819993,2.59203609839788,2.8735582496559,2.98192339732189
"Modified stretched exponential","Window-normalised decay, h(t)",0.0438232700895054,2.48998948762227,2.76040982816892,2.86367300113495
"Modified stretched exponential","Window-normalised decay, h(t)",0.0460283728887019,2.3912354350165,2.64981885484854,2.74860261361022
"Modified stretched exponential","Window-normalised decay, h(t)",0.0483444322264017,2.29445046534427,2.54218678152948,2.63715470290545
"Modified stretched exponential","Window-normalised decay, h(t)",0.0507770312225578,2.2001295700011,2.43760786248715,2.52910353866127
"Modified stretched exponential","Window-normalised decay, h(t)",0.0533320339289981,2.10810514740269,2.33590179703039,2.42506563263176
"Modified stretched exponential","Window-normalised decay, h(t)",0.0560155994653783,2.02040059099429,2.23711759211115,2.32337589500119
"Modified stretched exponential","Window-normalised decay, h(t)",0.058834196866428,1.9344935487324,2.1416218812414,2.2245773390885
"Modified stretched exponential","Window-normalised decay, h(t)",0.0617946206762821,1.85101817268889,2.04900580755021,2.12940940452468
"Modified stretched exponential","Window-normalised decay, h(t)",0.0649040073274894,1.7706600460298,1.95938986957121,2.03778207042058
"Modified stretched exponential","Window-normalised decay, h(t)",0.0681698523441805,1.6936994239951,1.87278021461598,1.94845505057251
"Modified stretched exponential","Window-normalised decay, h(t)",0.0716000284108672,1.61872815576985,1.78922318410686,1.86250095377445
"Modified stretched exponential","Window-normalised decay, h(t)",0.0752028043504282,1.54713321448051,1.70853828049125,1.77963796862832
"Modified stretched exponential","Window-normalised decay, h(t)",0.0789868650570315,1.4788890680386,1.63082882568512,1.69948710293446
"Modified stretched exponential","Window-normalised decay, h(t)",0.0829613324320421,1.41264813773036,1.55590719757181,1.62223291099504
"Modified stretched exponential","Window-normalised decay, h(t)",0.0871357873733857,1.34887288301362,1.48381369024714,1.548360802532
"Modified stretched exponential","Window-normalised decay, h(t)",0.0915202928713737,1.28762740523451,1.41437885795785,1.47723485576853
"Modified stretched exponential","Window-normalised decay, h(t)",0.0961254182666664,1.228161250334,1.34778275935004,1.40858668629763
"Modified stretched exponential","Window-normalised decay, h(t)",0.10096226472885,1.17151999540355,1.28382872430568,1.34272089813012
"Modified stretched exponential","Window-normalised decay, h(t)",0.106042492017049,1.11692756150924,1.22231272120715,1.27941276821038
"Modified stretched exponential","Window-normalised decay, h(t)",0.111378346587075,1.06430281000253,1.16347137115544,1.2183778376718
"Modified stretched exponential","Window-normalised decay, h(t)",0.116982691112881,1.01452832047303,1.10693969847434,1.16005386741205
"Modified stretched exponential","Window-normalised decay, h(t)",0.122869035493474,0.966387154639498,1.05289379786765,1.103736989383
"Modified stretched exponential","Window-normalised decay, h(t)",0.129051569420036,0.920388182692474,1.00114997041009,1.05016499366114
"Modified stretched exponential","Window-normalised decay, h(t)",0.135545196581761,0.876117532897224,0.951584239813787,0.998826511478476
"Modified stretched exponential","Window-normalised decay, h(t)",0.142365570592866,0.834203772178859,0.904171754722183,0.949543788255851
"Modified stretched exponential","Window-normalised decay, h(t)",0.149529132727375,0.793626508841951,0.858968651973405,0.902400368020526
"Modified stretched exponential","Window-normalised decay, h(t)",0.15705315155265,0.755041734431397,0.815890533584356,0.857256814556456
"Modified stretched exponential","Window-normalised decay, h(t)",0.164955764557203,0.71826395037376,0.774750986622204,0.814156531098267
"Modified stretched exponential","Window-normalised decay, h(t)",0.17325602187314,0.683101600951455,0.735407318155099,0.772836732551814
"Modified stretched exponential","Window-normalised decay, h(t)",0.181973932198632,0.649343181697116,0.697842975016821,0.733465459893434
"Modified stretched exponential","Window-normalised decay, h(t)",0.191130511031121,0.617244899944471,0.662068305045481,0.69603798432788
"Modified stretched exponential","Window-normalised decay, h(t)",0.200747831327525,0.586474101395352,0.627998741959249,0.660403301907778
"Modified stretched exponential","Window-normalised decay, h(t)",0.210849076713569,0.557132263519338,0.595596353519477,0.626321798430138
"Modified stretched exponential","Window-normalised decay, h(t)",0.221458597370505,0.529214163898449,0.564685497611389,0.593879327230734
"Modified stretched exponential","Window-normalised decay, h(t)",0.232601968733948,0.50269905696379,0.535297967989476,0.562919721144968
"Modified stretched exponential","Window-normalised decay, h(t)",0.244306053146322,0.477252717703143,0.507313433013807,0.533433848601193
"Modified stretched exponential","Window-normalised decay, h(t)",0.25659906461154,0.452853268658618,0.480745339645665,0.505377906096196
"Modified stretched exponential","Window-normalised decay, h(t)",0.269510636808012,0.42985644354553,0.455481056243759,0.478816265347432
"Modified stretched exponential","Window-normalised decay, h(t)",0.283071894523941,0.407791326479798,0.4314377751261,0.453458108263084
"Modified stretched exponential","Window-normalised decay, h(t)",0.297315528687109,0.386806697950442,0.408573783652625,0.429247594993004
"Modified stretched exponential","Window-normalised decay, h(t)",0.312275875170005,0.366853031030637,0.386877501604626,0.406358981275157
"Modified stretched exponential","Window-normalised decay, h(t)",0.327988997560291,0.347861717020622,0.366335264662949,0.384671250376199
"Modified stretched exponential","Window-normalised decay, h(t)",0.344492774096106,0.329792544888895,0.34677414692151,0.364103620834116
"Modified stretched exponential","Window-normalised decay, h(t)",0.361826988975799,0.312589994181994,0.328211523217436,0.344460781185014
"Modified stretched exponential","Window-normalised decay, h(t)",0.380033428262183,0.296175623888572,0.310637024484259,0.32587544104377
"Modified stretched exponential","Window-normalised decay, h(t)",0.399155980612512,0.280622899380168,0.293928115610035,0.308152725767072
"Modified stretched exponential","Window-normalised decay, h(t)",0.419240743076997,0.265733120456411,0.278133720705297,0.291424382563955
"Modified stretched exponential","Window-normalised decay, h(t)",0.440336132220897,0.251659817056538,0.263103263069036,0.275584000718923
"Modified stretched exponential","Window-normalised decay, h(t)",0.462493000838061,0.238192229104828,0.248907360568695,0.260597325987604
"Modified stretched exponential","Window-normalised decay, h(t)",0.485764760537277,0.225455022928983,0.235412574112618,0.246361334989331
"Modified stretched exponential","Window-normalised decay, h(t)",0.510207510496923,0.21337010841924,0.222640463753518,0.232922835772937
"Modified stretched exponential","Window-normalised decay, h(t)",0.535880172698306,0.201908031397929,0.210551850356173,0.220120706596585
"Modified stretched exponential","Window-normalised decay, h(t)",0.562844633963691,0.191006550096907,0.19908422724039,0.208035390458552
"Modified stretched exponential","Window-normalised decay, h(t)",0.591165895141398,0.180699131976574,0.188207873532528,0.196595566718016
"Modified stretched exponential","Window-normalised decay, h(t)",0.620912227797619,0.170833271411525,0.177900069040625,0.185757007034632
"Modified stretched exponential","Window-normalised decay, h(t)",0.652155338792655,0.161476085430073,0.168149740331075,0.175529547131465
"Modified stretched exponential","Window-normalised decay, h(t)",0.684970543138327,0.152655760083952,0.158914259128676,0.165820595497981
"Modified stretched exponential","Window-normalised decay, h(t)",0.719436945553221,0.144255078852365,0.150167219977738,0.156687599432019
"Modified stretched exponential","Window-normalised decay, h(t)",0.755637631153466,0.136314928858098,0.141896803429248,0.148040389909566
"Modified stretched exponential","Window-normalised decay, h(t)",0.793659865738689,0.128825684148784,0.134059286429884,0.139868389027162
"Modified stretched exponential","Window-normalised decay, h(t)",0.83359530615598,0.121697489562379,0.12664804475955,0.13217149535745
"Modified stretched exponential","Window-normalised decay, h(t)",0.875540221248974,0.114980723093462,0.119632338816791,0.124939061999323
"Modified stretched exponential","Window-normalised decay, h(t)",0.919595723924655,0.108613587711933,0.112981443932869,0.118030674634927
"Modified stretched exponential","Window-normalised decay, h(t)",0.965868014897323,0.102581331632336,0.106694264252801,0.111494776134905
"Modified stretched exponential","Window-normalised decay, h(t)",1.01446863869729,0.0968795768263079,0.100759897537485,0.105335785908607
"Modified stretched exponential","Window-normalised decay, h(t)",1.06551475256145,0.0914717302601774,0.0951383085866376,0.0995586060324183
"Modified stretched exponential","Window-normalised decay, h(t)",1.11912940885386,0.0863841969257683,0.0898295717373234,0.0941223229177979
"Modified stretched exponential","Window-normalised decay, h(t)",1.17544185169728,0.0815626428549085,0.0848145020180153,0.0889030881380527
"Modified stretched exponential","Window-normalised decay, h(t)",1.23458782853051,0.0770018451207217,0.0800556835723729,0.0840153096619731
"Modified stretched exponential","Window-normalised decay, h(t)",1.29670991734283,0.0726921404368335,0.0755627896089192,0.0793884794018468
"Modified stretched exponential","Window-normalised decay, h(t)",1.36195787037414,0.0686214778294889,0.0713237208182487,0.0750067724819491
"Modified stretched exponential","Window-normalised decay, h(t)",1.4304889751095,0.0647623942150106,0.0673153999138696,0.0708758399286204
"Modified stretched exponential","Window-normalised decay, h(t)",1.50246843343818,0.0611127834323917,0.0635267536986905,0.0669657725012963
"Modified stretched exponential","Window-normalised decay, h(t)",1.57806975989127,0.0576658938311988,0.0599434410784455,0.0632972072936442
"Modified stretched exponential","Window-normalised decay, h(t)",1.65747519991792,0.0544090810699873,0.0565515509641065,0.0598196056124385
"Modified stretched exponential","Window-normalised decay, h(t)",1.74087616920828,0.051335308163794,0.0533518106453479,0.0565476374073843
"Modified stretched exponential","Window-normalised decay, h(t)",1.82847371512247,0.0484315915652326,0.0503316051085383,0.0534369580982948
"Modified stretched exponential","Window-normalised decay, h(t)",1.92047900133774,0.045692709798343,0.0474787068027631,0.0505156278147122
"Modified stretched exponential","Window-normalised decay, h(t)",2.01711381688205,0.0431061397886968,0.0447830627675322,0.0477610458683051
"Modified stretched exponential","Window-normalised decay, h(t)",2.11861111078139,0.0406650355723153,0.0422403196664155,0.0451322323444334
"Modified stretched exponential","Window-normalised decay, h(t)",2.2252155536094,0.0383530678310216,0.0398407144758633,0.0426548028645211
"Modified stretched exponential","Window-normalised decay, h(t)",2.33718412729315,0.0361696732675735,0.0375702025131585,0.0403261173285416
"Modified stretched exponential","Window-normalised decay, h(t)",2.45478674459683,0.0341142871260209,0.0354305339032516,0.038112003279486
"Modified stretched exponential","Window-normalised decay, h(t)",2.57830689977661,0.0321698950222063,0.0334100149134572,0.0360082896399027
"Modified stretched exponential","Window-normalised decay, h(t)",2.70804235197525,0.0303357619365308,0.0315032443667798,0.0340292066756715
"Modified stretched exponential","Window-normalised decay, h(t)",2.8443058430038,0.0286088731962108,0.0297021445593944,0.0321475489397906
"Modified stretched exponential","Window-normalised decay, h(t)",2.98742585124072,0.026976937469135,0.0280046177000468,0.0303693828405871
"Modified stretched exponential","Window-normalised decay, h(t)",3.13774738346569,0.0254354827350675,0.0264049098308048,0.0286798690611209
"Modified stretched exponential","Window-normalised decay, h(t)",3.29563280653705,0.0239783208594365,0.0248904714664864,0.0270869944774311
"Modified stretched exponential","Window-normalised decay, h(t)",3.4614627209176,0.0226034011874987,0.0234623665803148,0.0255847155731438
"Modified stretched exponential","Window-normalised decay, h(t)",3.63563687815462,0.0213070678766347,0.0221166548082871,0.0241610844121748
"Modified stretched exponential","Window-normalised decay, h(t)",3.8185751445256,0.0200807942984196,0.0208454846936598,0.022818268325796
"Modified stretched exponential","Window-normalised decay, h(t)",4.01071851317284,0.0189247372140905,0.0196485071079737,0.021538009019333
"Modified stretched exponential","Window-normalised decay, h(t)",4.21253016716679,0.0178370679600781,0.0185180833325608,0.0203295201907523
"Modified stretched exponential","Window-normalised decay, h(t)",4.42449659606056,0.0168106412119732,0.0174521846525218,0.0191879389275278
"Modified stretched exponential","Window-normalised decay, h(t)",4.64712876862737,0.0158424087313852,0.0164477460248127,0.0181166785249285
"Modified stretched exponential","Window-normalised decay, h(t)",4.88096336460794,0.0149277022922933,0.0155000016947703,0.0171076457892389
"Modified stretched exponential","Window-normalised decay, h(t)",5.12656406843699,0.0140647323152053,0.0146049601233909,0.0161511582279514
"Modified stretched exponential","Window-normalised decay, h(t)",5.38452292806754,0.0132503897426552,0.0137622074725964,0.0152424610222648
"Modified stretched exponential","Window-normalised decay, h(t)",5.65546178216878,0.012484291700382,0.0129673343198232,0.0143903812336103
"Modified stretched exponential","Window-normalised decay, h(t)",5.94003375913761,0.011759632224382,0.0122188584391511,0.0135723565430393
"Modified stretched exponential","Window-normalised decay, h(t)",6.2389248515377,0.0110763055641697,0.0115117191696543,0.0128098335483329
"Modified stretched exponential","Window-normalised decay, h(t)",6.55285556976123,0.0104333413272785,0.0108460170814691,0.0120887607245612
"Modified stretched exponential","Window-normalised decay, h(t)",6.8825826788998,0.00982788513288672,0.0102184468501191,0.0114066488648714
"Modified stretched exponential","Window-normalised decay, h(t)",7.22890102301119,0.00925599623105719,0.00962706290668472,0.0107599775876997
"Modified stretched exponential","Window-normalised decay, h(t)",7.59264544117988,0.00871789639970231,0.00906935129822642,0.0101484662596149
"Modified stretched exponential","Window-normalised decay, h(t)",7.97469277999,0.00820897629924552,0.00854274378258659,0.00956747053168301
"Modified stretched exponential","Window-normalised decay, h(t)",8.37596400726201,0.00772989853140002,0.00804671930823924,0.00901939049850742
"Modified stretched exponential","Window-normalised decay, h(t)",8.79742643214859,0.00727898394916267,0.0075793471692913,0.00850794241440198
"Modified stretched exponential","Window-normalised decay, h(t)",9.24009603694156,0.00685329245533595,0.0071389721397427,0.00801741630401656
"Modified stretched exponential","Window-normalised decay, h(t)",9.70503992621065,0.00645130432341008,0.0067244204841082,0.00755795099180668
"Modified stretched exponential","Window-normalised decay, h(t)",10.1933788991785,0.00607257435131745,0.00633317637959174,0.00712835828839149
"Modified stretched exponential","Window-normalised decay, h(t)",10.7062901515324,0.00571574621294768,0.0059649861826576,0.0067192948816905
"Modified stretched exponential","Window-normalised decay, h(t)",11.245010113186,0.00538001986103934,0.00561742932315139,0.00633301290298491
"Modified stretched exponential","Window-normalised decay, h(t)",11.8108374288321,0.00506482619613873,0.00528990939662149,0.00597093023454395
"Modified stretched exponential","Window-normalised decay, h(t)",12.4051360884707,0.0047673364669401,0.00498172041652037,0.00562970976062586
"Modified stretched exponential","Window-normalised decay, h(t)",13.0293387154593,0.00448664708895655,0.00469067177944868,0.00530410079659981
"Modified stretched exponential","Window-normalised decay, h(t)",13.6849500200118,0.00422192127693033,0.00441674692312273,0.00499867497942787
"Modified stretched exponential","Window-normalised decay, h(t)",14.3735504264708,0.00397390992671612,0.00415848270487107,0.00470994585756813
"Modified stretched exponential","Window-normalised decay, h(t)",15.0967998830966,0.00373909127520817,0.00391548585669078,0.00443811603593655
"Modified stretched exponential","Window-normalised decay, h(t)",15.8564418635589,0.00351843923839612,0.00368615052006808,0.00418103414882355
"Modified stretched exponential","Window-normalised decay, h(t)",16.6543075697743,0.00331008836302433,0.00347025635981591,0.00393930969547282
"Modified stretched exponential","Window-normalised decay, h(t)",17.4923203462235,0.00311404592271423,0.00326716626442646,0.00371199098685201
"Modified stretched exponential","Window-normalised decay, h(t)",18.3725003163882,0.00292931630380817,0.00307562339687822,0.00349678235665227
"Modified stretched exponential","Window-normalised decay, h(t)",19.2969692524845,0.00275536951518866,0.00289538923759279,0.00329556941324591
"Modified stretched exponential","Window-normalised decay, h(t)",20.2679556902322,0.00259189417094965,0.00272533421776502,0.0031028185735983
"Modified stretched exponential","Window-normalised decay, h(t)",21.287800300989,0.00243810577909124,0.00256542026608355,0.00292148899079295
"Modified stretched exponential","Window-normalised decay, h(t)",22.3589615342008,0.00229331331818913,0.00241462482218701,0.00275198079584653
"Modified stretched exponential","Window-normalised decay, h(t)",23.4840215437686,0.00215694365730971,0.00227275898788846,0.00259178877360603
"Modified stretched exponential","Window-normalised decay, h(t)",24.6656924126196,0.00202886071659245,0.00213914535583705,0.00243887253458322
"Modified stretched exponential","Window-normalised decay, h(t)",25.9068226904857,0.00190813916550381,0.00201312136683814,0.00229588672456791
"Modified stretched exponential","Window-normalised decay, h(t)",27.2104042606515,0.00179466275515443,0.00189465978232818,0.00216065702877491
"Modified stretched exponential","Window-normalised decay, h(t)",28.5795795522234,0.00168741406768396,0.00178287915251869,0.00203415036904279
"Modified stretched exponential","Window-normalised decay, h(t)",30.0176491153061,0.00158691516967525,0.00167780623038906,0.00191414406376153
"Modified stretched exponential","Window-normalised decay, h(t)",31.5280795773476,0.00149186478230286,0.00157871558609913,0.00180155287152129
"Modified stretched exponential","Window-normalised decay, h(t)",33.1145119998324,0.00140267209971753,0.00148552174389743,0.00169519630840292
"Modified stretched exponential","Window-normalised decay, h(t)",34.7807706554672,0.00131861793758364,0.00139773219514301,0.00159344708941408
"Modified stretched exponential","Window-normalised decay, h(t)",36.5308722470174,0.00123946534593788,0.0013150360611262,0.00150008080245661
"Modified stretched exponential","Window-normalised decay, h(t)",38.3690355900191,0.00116516962067097,0.00123725188861309,0.00141062226126914
"Modified stretched exponential","Window-normalised decay, h(t)",40.2996917827044,0.00109504045058981,0.0011640016645563,0.00132683173955908
"Modified stretched exponential","Window-normalised decay, h(t)",42.3274948876598,0.00102929205819066,0.00109507127941096,0.00124800147199519
"Modified stretched exponential","Window-normalised decay, h(t)",44.4573331509643,0.000967515113666658,0.00103012439396872,0.00117391462219593
"Modified stretched exponential","Window-normalised decay, h(t)",46.6943407858529,0.000909293127158788,0.00096905179552963,0.00110447633764997
"Modified stretched exponential","Window-normalised decay, h(t)",49.0439103493112,0.000854540920643718,0.000911534156587156,0.0010384876308062
"Modified stretched exponential","Window-normalised decay, h(t)",51.5117057414381,0.000802979563749462,0.00085734774738788,0.000976421869471345
"Modified stretched exponential","Window-normalised decay, h(t)",54.1036758589086,0.000754558945954086,0.000806397949331816,0.000918820311612937
"Modified stretched exponential","Window-normalised decay, h(t)",56.8260689354551,0.000708961203242433,0.000758351338590197,0.000864138959969982
"Modified stretched exponential","Window-normalised decay, h(t)",59.6854476039337,0.000666010554536367,0.000713155825822357,0.000813056981393871
"Modified stretched exponential","Window-normalised decay, h(t)",62.6887047162836,0.000625780364376881,0.00067061952556348,0.000764146531602316
"Modified stretched exponential","Window-normalised decay, h(t)",65.8430799595172,0.000587830806631978,0.00063068600720874,0.000718287167056916
"Modified stretched exponential","Window-normalised decay, h(t)",69.1561773077962,0.000552168440493656,0.000593019857592507,0.000675027984797416
"Modified stretched exponential","Window-normalised decay, h(t)",72.6359833526599,0.000518761727534441,0.000557608778635784,0.000634492190108073
"Modified stretched exponential","Window-normalised decay, h(t)",76.2908865555977,0.000487339104163674,0.000524313465746127,0.000596315889104812
"Modified stretched exponential","Window-normalised decay, h(t)",80.1296974693735,0.000457746076955474,0.000492962513791946,0.000560797660362867
"Modified stretched exponential","Window-normalised decay, h(t)",84.1616699768472,0.000430002395537771,0.000463417552868568,0.000527096311953619
"Modified stretched exponential","Window-normalised decay, h(t)",88.3965235984953,0.000403800034553578,0.000435668627629538,0.000495283988478944
"Modified stretched exponential","Window-normalised decay, h(t)",92.8444669224,0.000379163464068698,0.0004095842925503,0.000465491266424377
"Modified stretched exponential","Window-normalised decay, h(t)",97.5162222131928,0.000356071821619758,0.000385012611198105,0.000438039672219905
"Modified stretched exponential","Window-normalised decay, h(t)",102.423051259273,0.000334227930736075,0.0003618908799436,0.000411960883152907
"Modified stretched exponential","Window-normalised decay, h(t)",107.576782520605,0.00031378548731918,0.000340160168903258,0.000387244406888556
"Modified stretched exponential","Window-normalised decay, h(t)",112.989839642545,0.000294493058238637,0.000319707489187082,0.000363912957879104
"Modified stretched exponential","Window-normalised decay, h(t)",118.675271404431,0.000276422957915918,0.000300479596370886,0.000341912472869789
"Modified stretched exponential","Window-normalised decay, h(t)",124.646783175114,0.000259435121891997,0.000282386971938047,0.000321172170210039
"Modified stretched exponential","Window-normalised decay, h(t)",130.918769951293,0.000243499058219355,0.000265361319968053,0.00030161452346516
"Modified stretched exponential","Window-normalised decay, h(t)",137.506351058256,0.0002285227945861,0.000249353832744786,0.000283275980703983
"Modified stretched exponential","Window-normalised decay, h(t)",144.425406596708,0.000214464736990505,0.000234316772499092,0.000266427317427937
"Modified stretched exponential","Window-normalised decay, h(t)",151.692615723526,0.000201265387629426,0.000220164136344288,0.000250133863250926
"Modified stretched exponential","Window-normalised decay, h(t)",159.325496858736,0.000188832690957122,0.000206800436937133,0.000234990197685408
"Modified stretched exponential","Window-normalised decay, h(t)",167.342449915617,0.00017721608576926,0.000194274751226294,0.000220890258658214
"Modified stretched exponential","Window-normalised decay, h(t)",175.762800655753,0.000166282407987605,0.000182530442922445,0.000207429589183433
"Modified stretched exponential","Window-normalised decay, h(t)",184.60684727594,0.000155991566905608,0.000171444123644461,0.000194855308020284
"Modified stretched exponential","Window-normalised decay, h(t)",193.895909339259,0.000146324208190054,0.000161032906368741,0.000183137088256033
"Modified stretched exponential","Window-normalised decay, h(t)",203.652379168268,0.000137275491498193,0.000151279183737249,0.000172264214266459
"Modified stretched exponential","Window-normalised decay, h(t)",213.899775824195,0.00012879090030166,0.000142055974447727,0.000161709111575891
"Modified stretched exponential","Window-normalised decay, h(t)",224.662801802268,0.000120777376025543,0.000133413744766286,0.00015171629155266
"Modified stretched exponential","Window-normalised decay, h(t)",235.967402579838,0.000113242694152676,0.000125283300230693,0.000142569368345409
"Modified stretched exponential","Window-normalised decay, h(t)",247.840829160858,0.000106232797318588,0.000117652245517555,0.000134003654735028
"Modified stretched exponential","Window-normalised decay, h(t)",260.311703767468,9.96214031435647e-05,0.000110481946739387,0.000125903590935532
"Modified stretched exponential","Window-normalised decay, h(t)",273.410088837064,9.34073479789548e-05,0.000103737959328329,0.000118374772366215
"Modified stretched exponential","Window-normalised decay, h(t)",287.167559491166,8.75098537719695e-05,9.74052662287597e-05,0.000111246583091334
"Modified stretched exponential","Window-normalised decay, h(t)",301.617279650778,8.20289450468909e-05,9.14382295314932e-05,0.000104583766540455
"Modified stretched exponential","Window-normalised decay, h(t)",316.794081981721,7.6890276968083e-05,8.58345414057636e-05,9.82629046491994e-05
"Modified stretched exponential","Window-normalised decay, h(t)",332.734551862678,7.2070907326135e-05,8.05831380522466e-05,9.23524096892548e-05
"Modified stretched exponential","Window-normalised decay, h(t)",349.477115578331,6.75605629431948e-05,7.56321658791895e-05,8.68384827200455e-05
"Modified stretched exponential","Window-normalised decay, h(t)",367.062132950219,6.33306377796685e-05,7.09856270928384e-05,8.16290399245085e-05
"Modified stretched exponential","Window-normalised decay, h(t)",385.531994628602,5.93132959359228e-05,6.66284714782144e-05,7.66493833114235e-05
"Modified stretched exponential","Window-normalised decay, h(t)",404.931224279859,5.55688285104399e-05,6.25456608870321e-05,7.20141270343606e-05
"Modified stretched exponential","Window-normalised decay, h(t)",425.306585915763,5.20725871114201e-05,5.86908247280273e-05,6.77304756342254e-05
"Modified stretched exponential","Window-normalised decay, h(t)",446.707196623364,4.87824598540735e-05,5.50690627214138e-05,6.36897116240311e-05
"Modified stretched exponential","Window-normalised decay, h(t)",469.184644967214,4.56942146928945e-05,5.16642254697177e-05,5.98612189591903e-05
"Modified stretched exponential","Window-normalised decay, h(t)",492.793115349368,4.27995781138535e-05,4.8483023811533e-05,5.63149278062205e-05
"Modified stretched exponential","Window-normalised decay, h(t)",517.589518626948,4.00864186554015e-05,4.54825658224819e-05,5.29828543247792e-05
"Modified stretched exponential","Window-normalised decay, h(t)",543.633629302121,3.75105885859969e-05,4.26557725554985e-05,4.98176430605475e-05
"Modified stretched exponential","Window-normalised decay, h(t)",570.988229615221,3.51021413463139e-05,4.00167378127932e-05,4.68700251641826e-05
"Modified stretched exponential","Window-normalised decay, h(t)",599.71926088836,3.28670050475284e-05,3.75339247335031e-05,4.41049052176409e-05
"Modified stretched exponential","Window-normalised decay, h(t)",629.895982484354,3.07685510123677e-05,3.52050364824467e-05,4.14997178635509e-05
"Modified stretched exponential","Window-normalised decay, h(t)",661.591138764156,2.87839026472534e-05,3.30191356972222e-05,3.90219538066835e-05
"Modified stretched exponential","Window-normalised decay, h(t)",694.881134445283,2.6949621184847e-05,3.09635426428082e-05,3.67050872504329e-05
"Modified stretched exponential","Window-normalised decay, h(t)",729.846218783914,2.52105723329788e-05,2.90370417695167e-05,3.45257148029069e-05
"Modified stretched exponential","Window-normalised decay, h(t)",766.570679024703,2.35829845385374e-05,2.7223797153341e-05,3.24860084429218e-05
"Modified stretched exponential","Window-normalised decay, h(t)",805.143043584603,2.20600832798833e-05,2.55267942859532e-05,3.05619677869954e-05
"Modified stretched exponential","Window-normalised decay, h(t)",845.656295460511,2.06393169867622e-05,2.39390087971201e-05,2.87542972912088e-05
"Modified stretched exponential","Window-normalised decay, h(t)",888.208096375173,1.92996226166208e-05,2.24400681699795e-05,2.70535515024428e-05
"Modified stretched exponential","Window-normalised decay, h(t)",932.901022201696,1.80451817395782e-05,2.10408345894718e-05,2.54527421506344e-05
"Modified stretched exponential","Window-normalised decay, h(t)",979.842810234145,1.68730188614268e-05,1.97188029702904e-05,2.39475412159051e-05
"Modified stretched exponential","Window-normalised decay, h(t)",1029.14661890034,1.57698542132116e-05,1.84828145345945e-05,2.25318800875614e-05
"Modified stretched exponential","Window-normalised decay, h(t)",1080.93130054289,1.47414536996741e-05,1.73264212719924e-05,2.11995508795938e-05
"Modified stretched exponential","Window-normalised decay, h(t)",1135.32168792608,1.37775522020468e-05,1.62429435515852e-05,1.99407907820901e-05
"Modified stretched exponential","Window-normalised decay, h(t)",1192.44889515916,1.28714180500733e-05,1.52227798422655e-05,1.87583863242876e-05
"Modified stretched exponential","Window-normalised decay, h(t)",1252.45063376159,1.20223257880749e-05,1.42653838137487e-05,1.76400721457956e-05
"Modified stretched exponential","Window-normalised decay, h(t)",1315.47154463206,1.123158696048e-05,1.33682147552929e-05,1.65972130710084e-05
"Modified stretched exponential","Window-normalised decay, h(t)",1381.66354672152,1.0485895469621e-05,1.25269903157e-05,1.56157620564031e-05
"Modified stretched exponential","Window-normalised decay, h(t)",1451.18620325082,9.79010118721994e-06,1.17355369308319e-05,1.46906903427994e-05
"Modified stretched exponential","Window-normalised decay, h(t)",1524.20710635568,9.13868866007324e-06,1.09951920080481e-05,1.38193509939052e-05
"Modified stretched exponential","Window-normalised decay, h(t)",1600.90228108626,8.52736044051204e-06,1.03028093904233e-05,1.29994876603049e-05
"Modified stretched exponential","Window-normalised decay, h(t)",1681.45660973525,7.95812290457454e-06,9.65160484635119e-06,1.22287045485531e-05
"Modified stretched exponential","Window-normalised decay, h(t)",1766.06427751727,7.43462885044837e-06,9.04222382718518e-06,1.15042322849125e-05
"Modified stretched exponential","Window-normalised decay, h(t)",1854.92924067407,6.93866018936267e-06,8.46789687293139e-06,1.0822467870705e-05
"Modified stretched exponential","Window-normalised decay, h(t)",1948.26571813383,6.47638903957862e-06,7.93298356148126e-06,1.01804643269279e-05
"Modified stretched exponential","Window-normalised decay, h(t)",2046.29870790983,6.03982178190653e-06,7.43153800343323e-06,9.57616450697567e-06
"Modified stretched exponential","Window-normalised decay, h(t)",2149.26452948336,5.63257988191196e-06,6.96029126390014e-06,9.00800278663423e-06
"Modified stretched exponential","Window-normalised decay, h(t)",2257.41139347817,5.2520278361977e-06,6.51995787896791e-06,8.47252928285235e-06
"Modified stretched exponential","Window-normalised decay, h(t)",2371,4.89733606879536e-06,6.10695606468777e-06,7.96942456877441e-06
"Rate-state","Unnormalised decay, g(t)",0,1,1,1
"Rate-state","Unnormalised decay, g(t)",0.001,0.792823771532809,0.831156437372702,0.86356022108078
"Rate-state","Unnormalised decay, g(t)",0.00105031807974833,0.784644024858503,0.824154457783644,0.857671922587189
"Rate-state","Unnormalised decay, g(t)",0.00110316806864623,0.776232472493662,0.816926060415225,0.8515731792851
"Rate-state","Unnormalised decay, g(t)",0.00115867736750019,0.767589686029744,0.809469218013739,0.845260251572745
"Rate-state","Unnormalised decay, g(t)",0.00121697978768065,0.758716841160465,0.80178234088837,0.838729666768952
"Rate-state","Unnormalised decay, g(t)",0.00127821587368928,0.749615745821844,0.793864310997442,0.83197825111252
"Rate-state","Unnormalised decay, g(t)",0.00134253324195716,0.740288865993293,0.785714515601472,0.825003162621512
"Rate-state","Unnormalised decay, g(t)",0.00141008693669075,0.73073934874218,0.777332880168683,0.817801924618362
"Rate-state","Unnormalised decay, g(t)",0.00148103980362324,0.720971042086202,0.768719900173933,0.810372459719288
"Rate-state","Unnormalised decay, g(t)",0.00155556288257241,0.710988511287561,0.75987667139721,0.802713124019088
"Rate-state","Unnormalised decay, g(t)",0.00163383581975124,0.700797051158198,0.750804918344626,0.794822741192754
"Rate-state","Unnormalised decay, g(t)",0.00171604730082517,0.690402694025959,0.741507020380961,0.786700636227568
"Rate-state","Unnormalised decay, g(t)",0.00180239550576001,0.679812213011729,0.731986035146594,0.778346668436302
"Rate-state","Unnormalised decay, g(t)",0.00189308858655688,0.669033120300979,0.722245718863852,0.769761263404085
"Rate-state","Unnormalised decay, g(t)",0.00198834516902591,0.658073660176289,0.712290543110353,0.760945443490858
"Rate-state","Unnormalised decay, g(t)",0.00208839487980817,0.646942796575748,0.702125707667136,0.751900856500428
"Rate-state","Unnormalised decay, g(t)",0.00219347889991637,0.635650195056535,0.691757149064689,0.742629802102994
"Rate-state","Unnormalised decay, g(t)",0.00230385054612865,0.624206199062692,0.681191544486649,0.733135255602932
"Rate-state","Unnormalised decay, g(t)",0.002419775881637,0.612621800510116,0.670436310706539,0.723420888642983
"Rate-state","Unnormalised decay, g(t)",0.00254153435742231,0.600908604745926,0.659499597811324,0.713491086415721
"Rate-state","Unnormalised decay, g(t)",0.00266941948590221,0.589078790033919,0.648390277480152,0.703350961006092
"Rate-state","Unnormalised decay, g(t)",0.0028037395484756,0.57714506179281,0.637117925674331,0.693006360472049
"Rate-state","Unnormalised decay, g(t)",0.00294481833866936,0.565120601899662,0.625692799651464,0.682463873317012
"Rate-state","Unnormalised decay, g(t)",0.00309299594267888,0.553019013437854,0.614125809278548,0.671730828043493
"Rate-state","Unnormalised decay, g(t)",0.00324862955918387,0.540854261354981,0.60242848271765,0.660815287506089
"Rate-state","Unnormalised decay, g(t)",0.00341209436041568,0.528640609541873,0.590612926605221,0.649726037855438
"Rate-state","Unnormalised decay, g(t)",0.00358378439655192,0.516392554939895,0.578691780957127,0.638472571903367
"Rate-state","Unnormalised decay, g(t)",0.00376411354561846,0.504124759287241,0.5666781690897,0.627065066816385
"Rate-state","Unnormalised decay, g(t)",0.00395351651118867,0.491851979203906,0.554585642935174,0.615514356113416
"Rate-state","Unnormalised decay, g(t)",0.00415244987028502,0.479588995301266,0.5424281241945,0.603831896015905
"Rate-state","Unnormalised decay, g(t)",0.00436139317400899,0.46735054105219,0.530219841855736,0.592029726276967
"Rate-state","Unnormalised decay, g(t)",0.00458085010355261,0.455151232137036,0.517975266645178,0.580120425705815
"Rate-state","Unnormalised decay, g(t)",0.00481134968437834,0.443005496994214,0.505709043043499,0.568117062664114
"Rate-state","Unnormalised decay, g(t)",0.00505344756149402,0.430927509265082,0.493435919545715,0.556033140910979
"Rate-state","Unnormalised decay, g(t)",0.0053077273388973,0.418931122797257,0.481170677855549,0.543882541228999
"Rate-state","Unnormalised decay, g(t)",0.00557480198641835,0.407029809831431,0.468928061743456,0.531679459346445
"Rate-state","Unnormalised decay, g(t)",0.00585531531735212,0.395236602934869,0.45672270629246,0.519438340722854
"Rate-state","Unnormalised decay, g(t)",0.00614994354044229,0.38356404118754,0.444569068248836,0.507173812822861
"Rate-state","Unnormalised decay, g(t)",0.00645939688995802,0.372024121049999,0.432481358182593,0.494900615548154
"Rate-state","Unnormalised decay, g(t)",0.00678442133779308,0.360628252286675,0.420473475124561,0.482633530520257
"Rate-state","Unnormalised decay, g(t)",0.00712580039171445,0.349387219208302,0.40855894430461,0.470387309942367
"Rate-state","Unnormalised decay, g(t)",0.00748435698409545,0.338311147451939,0.396750858570112,0.458176605756524
"Rate-state","Unnormalised decay, g(t)",0.00786095545568617,0.32740947641194,0.385061823992134,0.446015899826868
"Rate-state","Unnormalised decay, g(t)",0.00825650363920349,0.316690937370258,0.373503910107737,0.433919435845901
"Rate-state","Unnormalised decay, g(t)",0.00867195504776335,0.306163537290285,0.362088605165371,0.421901153638459
"Rate-state","Unnormalised decay, g(t)",0.00910831117343068,0.295834548179239,0.35082677666775,0.409974626499377
"Rate-state","Unnormalised decay, g(t)",0.00956662390142801,0.285710501850519,0.33972863742413,0.398153002140019
"Rate-state","Unnormalised decay, g(t)",0.0100479980458224,0.275797189858192,0.328803717244357,0.386448947769215
"Rate-state","Unnormalised decay, g(t)",0.0105535940128032,0.266099668335214,0.318060840329145,0.374874599758448
"Rate-state","Unnormalised decay, g(t)",0.011084630597971,0.256622267411678,0.307508108336283,0.363441518269688
"Rate-state","Unnormalised decay, g(t)",0.0116423879243805,0.247368604863698,0.297152889028344,0.352160647152123
"Rate-state","Unnormalised decay, g(t)",0.0122282105284205,0.238341603609837,0.287001810344957,0.341042279324746
"Rate-state","Unnormalised decay, g(t)",0.012843510600969,0.229543512658369,0.27706075968395,0.330096027790363
"Rate-state","Unnormalised decay, g(t)",0.0134897713916372,0.220975931092643,0.267334888119666,0.31933080234331
"Rate-state","Unnormalised decay, g(t)",0.0141685507843084,0.212639834681386,0.257828619247448,0.308754791959402
"Rate-state","Unnormalised decay, g(t)",0.0148814850525915,0.204535604698654,0.248545662305254,0.298375452781341
"Rate-state","Unnormalised decay, g(t)",0.0156302928042415,0.196663058550866,0.239489029193916,0.288199501552868
"Rate-state","Unnormalised decay, g(t)",0.0164167791240551,0.1890214818171,0.230661055000251,0.278232914288246
"Rate-state","Unnormalised decay, g(t)",0.0172428399252301,0.181609661329132,0.22206342161263,0.268480929915661
"Rate-state","Unnormalised decay, g(t)",0.0181104665196756,0.174425918938177,0.213697184014468,0.258948058585448
"Rate-state","Unnormalised decay, g(t)",0.0190217504182922,0.167468145638777,0.205562798841501,0.249638094298687
"Rate-state","Unnormalised decay, g(t)",0.0199788883727927,0.160733835745986,0.197660154797385,0.240554131481824
"Rate-state","Unnormalised decay, g(t)",0.020984187671218,0.154220120851569,0.189988604532519,0.231698585111317
"Rate-state","Unnormalised decay, g(t)",0.0220400716999123,0.147923803310473,0.182546997610469,0.223073213981766
"Rate-state","Unnormalised decay, g(t)",0.0231490857853676,0.141841389040179,0.175333714205217,0.214679146699848
"Rate-state","Unnormalised decay, g(t)",0.0243139033300167,0.135969119441601,0.168346699196535,0.206516909993232
"Rate-state","Unnormalised decay, g(t)",0.0255373322567698,0.130303002279251,0.161583496357242,0.198586458924268
"Rate-state","Unnormalised decay, g(t)",0.0268223217778257,0.124838841385287,0.155041282352688,0.190887208614728
"Rate-state","Unnormalised decay, g(t)",0.0281719695040778,0.11957226507593,0.148716900301897,0.183418067101211
"Rate-state","Unnormalised decay, g(t)",0.0295895289122516,0.114498753194113,0.142606892677254,0.176177468963177
"Rate-state","Unnormalised decay, g(t)",0.031078417187774,0.109613662713468,0.136707533349643,0.169163409387791
"Rate-state","Unnormalised decay, g(t)",0.0326422234622804,0.104912251859526,0.13101485861226,0.162373478361777
"Rate-state","Unnormalised decay, g(t)",0.0342847174656184,0.100389702721765,0.125524697043875,0.155804894707454
"Rate-state","Unnormalised decay, g(t)",0.0360098586132025,0.0960411423472028,0.120232698098109,0.149454539709034
"Rate-state","Unnormalised decay, g(t)",0.0378218055506278,0.0918616623207258,0.115134359328538,0.143318990102636
"Rate-state","Unnormalised decay, g(t)",0.0397249261785503,0.0878463368500409,0.110225052182424,0.137394550233305
"Rate-state","Unnormalised decay, g(t)",0.0417238081819993,0.0839902393839349,0.105500046316126,0.131677283209392
"Rate-state","Unnormalised decay, g(t)",0.0438232700895054,0.0802884578022442,0.100954594714345,0.126163040911549
"Rate-state","Unnormalised decay, g(t)",0.0460283728887019,0.0767361082233916,0.0965838460872959,0.12084749274002
"Rate-state","Unnormalised decay, g(t)",0.0483444322264017,0.0733283474817353,0.092382813288807,0.115726153007436
"Rate-state","Unnormalised decay, g(t)",0.0507770312225578,0.0700603843319417,0.0883465717584669,0.110794406907002
"Rate-state","Unnormalised decay, g(t)",0.0533320339289981,0.0669274894410676,0.0844701941161655,0.106047535007026
"Rate-state","Unnormalised decay, g(t)",0.0560155994653783,0.06392500423216,0.0807487655339888,0.101480736241436
"Rate-state","Unnormalised decay, g(t)",0.058834196866428,0.061048348644256,0.0771773977191,0.0970891493824654
"Rate-state","Unnormalised decay, g(t)",0.0617946206762821,0.0582930278749779,0.0737512415596312,0.0928678729976515
"Rate-state","Unnormalised decay, g(t)",0.0649040073274894,0.0556546381715882,0.0704654984897677,0.0888119839057393
"Rate-state","Unnormalised decay, g(t)",0.0681698523441805,0.0531288717359855,0.0673154306347254,0.0849165541578419
"Rate-state","Unnormalised decay, g(t)",0.0716000284108672,0.0507115208080461,0.0642963697987683,0.0811766665798541
"Rate-state","Unnormalised decay, g(t)",0.0752028043504282,0.0483984809899029,0.0614037253612834,0.0775874289204781
"Rate-state","Unnormalised decay, g(t)",0.0789868650570315,0.0461857538720583,0.0586329911468197,0.0741439866552779
"Rate-state","Unnormalised decay, g(t)",0.0829613324320421,0.0440694490199361,0.0559797513351397,0.0708415345031857
"Rate-state","Unnormalised decay, g(t)",0.0871357873733857,0.0420457853768541,0.0534396854768575,0.0676753267153014
"Rate-state","Unnormalised decay, g(t)",0.0915202928713737,0.0401110921369973,0.0510085726791112,0.0646406861990072
"Rate-state","Unnormalised decay, g(t)",0.0961254182666664,0.0382618091391233,0.0486822950242528,0.0617330125422064
"Rate-state","Unnormalised decay, g(t)",0.10096226472885,0.0364944868288855,0.0464568402826699,0.0589477890036058
"Rate-state","Unnormalised decay, g(t)",0.106042492017049,0.0348057858348966,0.0443283039785189,0.056280588535005
"Rate-state","Unnormalised decay, g(t)",0.111378346587075,0.0331924762007721,0.0422928908649131,0.0537270789013051
"Rate-state","Unnormalised decay, g(t)",0.116982691112881,0.0316514363125983,0.0403469218018449,0.0512830269628976
"Rate-state","Unnormalised decay, g(t)",0.122869035493474,0.0301796515585428,0.0384868493790466,0.0489443021835176
"Rate-state","Unnormalised decay, g(t)",0.129051569420036,0.0287742127545839,0.0367091751976341,0.0467068794249766
"Rate-state","Unnormalised decay, g(t)",0.135545196581761,0.0274323143678128,0.0350105177679602,0.0445668410878605
"Rate-state","Unnormalised decay, g(t)",0.142365570592866,0.0261512525662781,0.0333876573511057,0.0425203786549774
"Rate-state","Unnormalised decay, g(t)",0.149529132727375,0.0249284231218561,0.0318374635192484,0.0405637887394967
"Rate-state","Unnormalised decay, g(t)",0.15705315155265,0.023761319190536,0.0303569053989062,0.0386934866152747
"Rate-state","Unnormalised decay, g(t)",0.164955764557203,0.0226475289922089,0.028943036216523,0.0369059972066964
"Rate-state","Unnormalised decay, g(t)",0.17325602187314,0.0215847334101124,0.0275930650136488,0.0351979536430267
"Rate-state","Unnormalised decay, g(t)",0.181973932198632,0.020570703528173,0.026304274900376,0.0335660986926738
"Rate-state","Unnormalised decay, g(t)",0.191130511031121,0.0196032981226647,0.0250740488701401,0.0320072837630669
"Rate-state","Unnormalised decay, g(t)",0.200747831327525,0.0186804611229785,0.0238998522744594,0.0305184676237591
"Rate-state","Unnormalised decay, g(t)",0.210849076713569,0.0178002190547538,0.0227791773948501,0.029096714887433
"Rate-state","Unnormalised decay, g(t)",0.221458597370505,0.0169606784771395,0.0217098158784137,0.0277391942808636
"Rate-state","Unnormalised decay, g(t)",0.232601968733948,0.0161600234246817,0.0206895938200313,0.0264431767353957
"Rate-state","Unnormalised decay, g(t)",0.244306053146322,0.0153965128630724,0.0197162687167469,0.025206033324094
"Rate-state","Unnormalised decay, g(t)",0.25659906461154,0.0146684781668733,0.0187877736129684,0.024025233070395
"Rate-state","Unnormalised decay, g(t)",0.269510636808012,0.0139743206263151,0.0179021729588659,0.0228983406509549
"Rate-state","Unnormalised decay, g(t)",0.283071894523941,0.0133125089892912,0.0170575614318194,0.0218230140133196
"Rate-state","Unnormalised decay, g(t)",0.297315528687109,0.0126815770438332,0.0162520620863229,0.0207970019270922
"Rate-state","Unnormalised decay, g(t)",0.312275875170005,0.0120801212455578,0.0154839245034045,0.0198181414854926
"Rate-state","Unnormalised decay, g(t)",0.327988997560291,0.0115067983938508,0.0147514709923099,0.0188843555724922
"Rate-state","Unnormalised decay, g(t)",0.344492774096106,0.0109603233599336,0.014053055349796,0.017993650309126
"Rate-state","Unnormalised decay, g(t)",0.361826988975799,0.0104394668693467,0.0133871532481915,0.0171441124911452
"Rate-state","Unnormalised decay, g(t)",0.380033428262183,0.00994305334088668,0.0127523165515041,0.0163339070287867
"Rate-state","Unnormalised decay, g(t)",0.399155980612512,0.00946995878353905,0.012147133759138,0.015561274398213
"Rate-state","Unnormalised decay, g(t)",0.419240743076997,0.00901910875254946,0.0115702540115438,0.0148245281130084
"Rate-state","Unnormalised decay, g(t)",0.440336132220897,0.00858947636538681,0.0110203848114244,0.0141220522230661
"Rate-state","Unnormalised decay, g(t)",0.462493000838061,0.00818008037802537,0.0104962897990689,0.0134522988472308
"Rate-state","Unnormalised decay, g(t)",0.485764760537277,0.00778998332167849,0.00999678658389901,0.0128137857451878
"Rate-state","Unnormalised decay, g(t)",0.510207510496923,0.00741828969985419,0.00952074463384313,0.0122051232133205
"Rate-state","Unnormalised decay, g(t)",0.535880172698306,0.00706414424538263,0.00906708322372214,0.0116249831113088
"Rate-state","Unnormalised decay, g(t)",0.562844633963691,0.0067267302368598,0.008634733978607,0.0110720027378757
"Rate-state","Unnormalised decay, g(t)",0.591165895141398,0.00640526787378693,0.00822270755327379,0.0105449392446502
"Rate-state","Unnormalised decay, g(t)",0.620912227797619,0.00609901270953611,0.00783010213485413,0.0100426040048195
"Rate-state","Unnormalised decay, g(t)",0.652155338792655,0.00580725414114583,0.00745601675896062,0.00956386049562688
"Rate-state","Unnormalised decay, g(t)",0.684970543138327,0.00552931395484831,0.00709959091871379,0.00910762223976672
"Rate-state","Unnormalised decay, g(t)",0.719436945553221,0.00526454492613954,0.00676000287333921,0.00867285080651699
"Rate-state","Unnormalised decay, g(t)",0.755637631153466,0.00501232947313067,0.00643646801556616,0.00825855387311881
"Rate-state","Unnormalised decay, g(t)",0.793659865738689,0.004772078361866,0.0061282372969754,0.00786378334660061
"Rate-state","Unnormalised decay, g(t)",0.83359530615598,0.00454322946224156,0.0058345957103177,0.00748763354598247
"Rate-state","Unnormalised decay, g(t)",0.875540221248974,0.00432524889028337,0.00555491446042874,0.007129239444558
"Rate-state","Unnormalised decay, g(t)",0.919595723924655,0.00411762364624095,0.00528846496115922,0.00678777497174905
"Rate-state","Unnormalised decay, g(t)",0.965868014897323,0.00391986498628269,0.00503457960836794,0.00646245137385097
"Rate-state","Unnormalised decay, g(t)",1.01446863869729,0.00373150772447272,0.00479271075612906,0.00615251563283152
"Rate-state","Unnormalised decay, g(t)",1.06551475256145,0.00355208012730816,0.00456243024315117,0.0058572489422191
"Rate-state","Unnormalised decay, g(t)",1.11912940885386,0.00338114660739813,0.00434300338794955,0.00557596523900365
"Rate-state","Unnormalised decay, g(t)",1.17544185169728,0.00321834793702612,0.00413401230401441,0.00530800979038231
"Rate-state","Unnormalised decay, g(t)",1.23458782853051,0.00306329948803761,0.00393497714695008,0.00505275783410637
"Rate-state","Unnormalised decay, g(t)",1.29670991734283,0.00291563458860513,0.00374538967370849,0.00480961327112455
"Rate-state","Unnormalised decay, g(t)",1.36195787037414,0.00277500370664538,0.00356488380414314,0.00457800740916975
"Rate-state","Unnormalised decay, g(t)",1.4304889751095,0.00264107366834163,0.00339285335096481,0.00435741504151283
"Rate-state","Unnormalised decay, g(t)",1.50246843343818,0.00251352691045735,0.00322899208218538,0.00414729936164381
"Rate-state","Unnormalised decay, g(t)",1.57806975989127,0.00239206076515623,0.00307298270909194,0.00394713180118769
"Rate-state","Unnormalised decay, g(t)",1.65747519991792,0.00227641678502233,0.0029244258066807,0.00375650760604687
"Rate-state","Unnormalised decay, g(t)",1.74087616920828,0.00216637863408666,0.00278293949986066,0.00357494883582391
"Rate-state","Unnormalised decay, g(t)",1.82847371512247,0.00206159004456324,0.0026482656994633,0.00340202754462915
"Rate-state","Unnormalised decay, g(t)",1.92047900133774,0.00196180165037588,0.00251994731751279,0.00323739044321154
"Rate-state","Unnormalised decay, g(t)",2.01711381688205,0.0018667042280013,0.0023978217082771,0.00308054677928551
"Rate-state","Unnormalised decay, g(t)",2.11861111078139,0.00177606186032492,0.00228144150376575,0.00293108791178294
"Rate-state","Unnormalised decay, g(t)",2.2252155536094,0.00168974736852719,0.00217068079004713,0.00278882391941492
"Rate-state","Unnormalised decay, g(t)",2.33718412729315,0.00160755487934566,0.00206530833869881,0.00265333893743532
"Rate-state","Unnormalised decay, g(t)",2.45478674459683,0.00152928825123044,0.00196469349322272,0.00252431177834955
"Rate-state","Unnormalised decay, g(t)",2.57830689977661,0.00145476062058694,0.00186886368898232,0.00240143101134651
"Rate-state","Unnormalised decay, g(t)",2.70804235197525,0.00138379396861382,0.00177762861372423,0.00228440929536944
"Rate-state","Unnormalised decay, g(t)",2.8443058430038,0.00131621870785578,0.00169099123946037,0.00217296978977836
"Rate-state","Unnormalised decay, g(t)",2.98742585124072,0.00125187328762328,0.00160849319402043,0.0020668475204728
"Rate-state","Unnormalised decay, g(t)",3.13774738346569,0.00119061601103732,0.0015297497999681,0.00196578998999838
"Rate-state","Unnormalised decay, g(t)",3.29563280653705,0.00113237277974793,0.00145483866389784,0.00186955660057846
"Rate-state","Unnormalised decay, g(t)",3.4614627209176,0.00107691493283391,0.00138346903247863,0.0017779181028929
"Rate-state","Unnormalised decay, g(t)",3.63563687815462,0.00102411266717066,0.00131563465120566,0.00169065538172232
"Rate-state","Unnormalised decay, g(t)",3.8185751445256,0.000973880549067564,0.00125088782905682,0.00160752471378512
"Rate-state","Unnormalised decay, g(t)",4.01071851317284,0.0009260946844903,0.00118925046021778,0.00152823390460497
"Rate-state","Unnormalised decay, g(t)",4.21253016716679,0.000880377824129502,0.00113057873421384,0.00145305061660078
"Rate-state","Unnormalised decay, g(t)",4.42449659606056,0.000836975761343834,0.00107476918345717,0.00138105885736714
"Rate-state","Unnormalised decay, g(t)",4.64712876862737,0.000795621534612637,0.00102160991245057,0.00131245268039324
"Rate-state","Unnormalised decay, g(t)",4.88096336460794,0.000756222233979803,0.000970993868092546,0.00124718688800178
"Rate-state","Unnormalised decay, g(t)",5.12656406843699,0.000718660575813549,0.000922823453724058,0.00118512755962429
"Rate-state","Unnormalised decay, g(t)",5.38452292806754,0.000683057738671832,0.00087698414570416,0.00112624959382823
"Rate-state","Unnormalised decay, g(t)",5.65546178216878,0.000649119597395107,0.000833315179383861,0.00107015401312205
"Rate-state","Unnormalised decay, g(t)",5.94003375913761,0.000616644363319536,0.000791713152093027,0.00101654230049617
"Rate-state","Unnormalised decay, g(t)",6.2389248515377,0.000585726609370408,0.000752164148208692,0.00096549755946817
"Rate-state","Unnormalised decay, g(t)",6.55285556976123,0.000556291294573746,0.000714489874530532,0.000916941744628152
"Rate-state","Unnormalised decay, g(t)",6.8825826788998,0.000528266952284789,0.000678593242506046,0.000870648864391917
"Rate-state","Unnormalised decay, g(t)",7.22890102301119,0.000501586258451644,0.000644404073590517,0.000826808109770835
"Rate-state","Unnormalised decay, g(t)",7.59264544117988,0.000476196213401531,0.000611923984904266,0.000785267574879188
"Rate-state","Unnormalised decay, g(t)",7.97469277999,0.000452086996553277,0.000580910489565435,0.000745532700818173
"Rate-state","Unnormalised decay, g(t)",8.37596400726201,0.000429134336295111,0.000551422518826037,0.000707384294438892
"Rate-state","Unnormalised decay, g(t)",8.79742643214859,0.000407283058018364,0.000523296333053092,0.000671066734288395
"Rate-state","Unnormalised decay, g(t)",9.24009603694156,0.000386486329676768,0.000496578629673907,0.000636577419838321
"Rate-state","Unnormalised decay, g(t)",9.70503992621065,0.000366743378311426,0.000471110969485819,0.000603793466480953
"Rate-state","Unnormalised decay, g(t)",10.1933788991785,0.000347889184168971,0.000446843737543447,0.000572655044552891
"Rate-state","Unnormalised decay, g(t)",10.7062901515324,0.000329910913001345,0.000423773321631813,0.000543108111572158
"Rate-state","Unnormalised decay, g(t)",11.245010113186,0.000312809980441208,0.000401754887143603,0.000514945002943602
"Rate-state","Unnormalised decay, g(t)",11.8108374288321,0.000296578651983555,0.000380866512189396,0.000488256403342503
"Rate-state","Unnormalised decay, g(t)",12.4051360884707,0.000281067532828333,0.000360956496931303,0.000462793222641989
"Rate-state","Unnormalised decay, g(t)",13.0293387154593,0.000266333031110227,0.000341992239337269,0.000438313724948469
"Rate-state","Unnormalised decay, g(t)",13.6849500200118,0.000252309943005327,0.000323983311019099,0.000415206592642135
"Rate-state","Unnormalised decay, g(t)",14.3735504264708,0.000238985334849321,0.000306793940713827,0.000393305823205652
"Rate-state","Unnormalised decay, g(t)",15.0967998830966,0.000226363400643049,0.000290431983921445,0.000372397249081386
"Rate-state","Unnormalised decay, g(t)",15.8564418635589,0.000214346471320548,0.000274915647553141,0.000352524428704009
"Rate-state","Unnormalised decay, g(t)",16.6543075697743,0.000202911306213069,0.000260102246501611,0.000333503131008503
"Rate-state","Unnormalised decay, g(t)",17.4923203462235,0.000191901841485967,0.000245996225016381,0.000315427104793257
"Rate-state","Unnormalised decay, g(t)",18.3725003163882,0.000181390202885417,0.000232598788042163,0.00029833737903937
"Rate-state","Unnormalised decay, g(t)",19.2969692524845,0.000171559704129938,0.000219867651147182,0.000282070399524154
"Rate-state","Unnormalised decay, g(t)",20.2679556902322,0.00016198746921881,0.000207726831633691,0.00026649097607329
"Rate-state","Unnormalised decay, g(t)",21.287800300989,0.000152964516440202,0.000196180651414817,0.000251547260757426
"Rate-state","Unnormalised decay, g(t)",22.3589615342008,0.000144426288435528,0.000185223652518062,0.00023739299238061
"Rate-state","Unnormalised decay, g(t)",23.4840215437686,0.00013631748314908,0.000174782209787929,0.000223921211093778
"Rate-state","Unnormalised decay, g(t)",24.6656924126196,0.000128618994418556,0.000164840740252625,0.000211115551593951
"Rate-state","Unnormalised decay, g(t)",25.9068226904857,0.000121293178417471,0.000155371020721133,0.000199096525067084
"Rate-state","Unnormalised decay, g(t)",27.2104042606515,0.000114260591522117,0.000146406830637107,0.000187523666474423
"Rate-state","Unnormalised decay, g(t)",28.5795795522234,0.000107712398058925,0.000137860581944419,0.000176567383896613
"Rate-state","Unnormalised decay, g(t)",30.0176491153061,0.000101385142521099,0.000129747277948721,0.00016618017174023
"Rate-state","Unnormalised decay, g(t)",31.5280795773476,9.53499455815401e-05,0.000122034104346146,0.000156316256545647
"Rate-state","Unnormalised decay, g(t)",33.1145119998324,8.95986839175852e-05,0.00011470860907255,0.000146988939712428
"Rate-state","Unnormalised decay, g(t)",34.7807706554672,8.4220427708496e-05,0.000107748017109458,0.000137981564623846
"Rate-state","Unnormalised decay, g(t)",36.5308722470174,7.90715181630211e-05,0.000101118390102421,0.000129471389199364
"Rate-state","Unnormalised decay, g(t)",38.3690355900191,7.41212030072031e-05,9.48335856919871e-05,0.000121357053287995
"Rate-state","Unnormalised decay, g(t)",40.2996917827044,6.94889150841554e-05,8.88742952529401e-05,0.000113707314272417
"Rate-state","Unnormalised decay, g(t)",42.3274948876598,6.50582338671992e-05,8.32360091272954e-05,0.000106317200995889
"Rate-state","Unnormalised decay, g(t)",44.4573331509643,6.08883909408957e-05,7.78619116517337e-05,9.94513246058435e-05
"Rate-state","Unnormalised decay, g(t)",46.6943407858529,5.68878676471432e-05,7.27662160544225e-05,9.29495088076993e-05
"Rate-state","Unnormalised decay, g(t)",49.0439103493112,5.31369166298083e-05,6.79144921881603e-05,8.67943343025918e-05
"Rate-state","Unnormalised decay, g(t)",51.5117057414381,4.96085301579131e-05,6.3319231725036e-05,8.08565239405022e-05
"Rate-state","Unnormalised decay, g(t)",54.1036758589086,4.61962675196262e-05,5.89839394307676e-05,7.53057384879416e-05
"Rate-state","Unnormalised decay, g(t)",56.8260689354551,4.29704098450357e-05,5.48657424592869e-05,7.00410400661534e-05
"Rate-state","Unnormalised decay, g(t)",59.6854476039337,3.9924308222504e-05,5.09811137247011e-05,6.50547036578572e-05
"Rate-state","Unnormalised decay, g(t)",62.6887047162836,3.70741245682781e-05,4.73113592513584e-05,6.03355587671359e-05
"Rate-state","Unnormalised decay, g(t)",65.8430799595172,3.43639714859869e-05,4.3828926654932e-05,5.58939942121889e-05
"Rate-state","Unnormalised decay, g(t)",69.1561773077962,3.1757298272929e-05,4.0534846576368e-05,5.16849897596656e-05
"Rate-state","Unnormalised decay, g(t)",72.6359833526599,2.9332082863822e-05,3.74286084137973e-05,4.76507884483125e-05
"Rate-state","Unnormalised decay, g(t)",76.2908865555977,2.70409419081677e-05,3.44964273758475e-05,4.39413414481555e-05
"Rate-state","Unnormalised decay, g(t)",80.1296974693735,2.48625038198577e-05,3.17556192833332e-05,4.04236170577846e-05
"Rate-state","Unnormalised decay, g(t)",84.1616699768472,2.28269239380834e-05,2.91725776417776e-05,3.71285085955628e-05
"Rate-state","Unnormalised decay, g(t)",88.3965235984953,2.09029710633507e-05,2.673270646838e-05,3.40417042694211e-05
"Rate-state","Unnormalised decay, g(t)",92.8444669224,1.91124795824942e-05,2.44416460081851e-05,3.11386474008361e-05
"Rate-state","Unnormalised decay, g(t)",97.5162222131928,1.74078103575736e-05,2.22875132263167e-05,2.84142803706809e-05
"Rate-state","Unnormalised decay, g(t)",102.423051259273,1.58039874281533e-05,2.02818254983546e-05,2.5879165228764e-05
"Rate-state","Unnormalised decay, g(t)",107.576782520605,1.43281519044136e-05,1.83963836926488e-05,2.34958605247096e-05
"Rate-state","Unnormalised decay, g(t)",112.989839642545,1.29463908897849e-05,1.66355257934397e-05,2.12674792944471e-05
"Rate-state","Unnormalised decay, g(t)",118.675271404431,1.16317846312417e-05,1.50007060574891e-05,1.92108650912136e-05
"Rate-state","Unnormalised decay, g(t)",124.646783175114,1.0431132988058e-05,1.34840974768209e-05,1.73147739468816e-05
"Rate-state","Unnormalised decay, g(t)",130.918769951293,9.30139282580766e-06,1.20711455126925e-05,1.55559751321832e-05
"Rate-state","Unnormalised decay, g(t)",137.506351058256,8.26932941638575e-06,1.077707911615e-05,1.39295707368267e-05
"Rate-state","Unnormalised decay, g(t)",144.425406596708,7.32028308381664e-06,9.58091870517466e-06,1.24318373871165e-05
"Rate-state","Unnormalised decay, g(t)",151.692615723526,6.44404797155795e-06,8.48375700034653e-06,1.10430714276194e-05
"Rate-state","Unnormalised decay, g(t)",159.325496858736,5.65107633606988e-06,7.47364664005156e-06,9.76486243851187e-06
"Rate-state","Unnormalised decay, g(t)",167.342449915617,4.92931657038315e-06,6.55364636544659e-06,8.60692132718862e-06
"Rate-state","Unnormalised decay, g(t)",175.762800655753,4.27365513293945e-06,5.71629859312074e-06,7.54400164610734e-06
"Rate-state","Unnormalised decay, g(t)",184.60684727594,3.68425189329556e-06,4.96000469184995e-06,6.58870904536912e-06
"Rate-state","Unnormalised decay, g(t)",193.895909339259,3.14706241399807e-06,4.27863491954045e-06,5.73424389136646e-06
"Rate-state","Unnormalised decay, g(t)",203.652379168268,2.67275221076389e-06,3.66810684057022e-06,4.95620056636208e-06
"Rate-state","Unnormalised decay, g(t)",213.899775824195,2.25419240311608e-06,3.12243476321389e-06,4.26303857004663e-06
"Rate-state","Unnormalised decay, g(t)",224.662801802268,1.87986267326743e-06,2.64137244411751e-06,3.63648803620595e-06
"Rate-state","Unnormalised decay, g(t)",235.967402579838,1.55425892835075e-06,2.21649952236606e-06,3.09424704513749e-06
"Rate-state","Unnormalised decay, g(t)",247.840829160858,1.27495651713085e-06,1.84580231298408e-06,2.61162935294511e-06
"Rate-state","Unnormalised decay, g(t)",260.311703767468,1.03799373173581e-06,1.52422310801205e-06,2.18068130119619e-06
"Rate-state","Unnormalised decay, g(t)",273.410088837064,8.35932908460514e-07,1.24851865667814e-06,1.81292386536574e-06
"Rate-state","Unnormalised decay, g(t)",287.167559491166,6.6467511288706e-07,1.01311525939977e-06,1.49290029475259e-06
"Rate-state","Unnormalised decay, g(t)",301.617279650778,5.22390968854563e-07,8.14521799350275e-07,1.22187034708073e-06
"Rate-state","Unnormalised decay, g(t)",316.794081981721,4.06572421830211e-07,6.4812163232222e-07,9.9057307507387e-07
"Rate-state","Unnormalised decay, g(t)",332.734551862678,3.12338927708467e-07,5.10131378722783e-07,7.95498057999152e-07
"Rate-state","Unnormalised decay, g(t)",349.477115578331,2.36892543812807e-07,3.96616645570007e-07,6.32686580077653e-07
"Rate-state","Unnormalised decay, g(t)",367.062132950219,1.77034539825512e-07,3.04585515697031e-07,4.97365961638331e-07
"Rate-state","Unnormalised decay, g(t)",385.531994628602,1.30000591588853e-07,2.3109298180533e-07,3.87235930568717e-07
"Rate-state","Unnormalised decay, g(t)",404.931224279859,9.3888674138863e-08,1.72779789916037e-07,2.97360743862312e-07
"Rate-state","Unnormalised decay, g(t)",425.306585915763,6.68834357253452e-08,1.27176410440718e-07,2.25202723752349e-07
"Rate-state","Unnormalised decay, g(t)",446.707196623364,4.68841006347915e-08,9.23183442416088e-08,1.68090091917796e-07
"Rate-state","Unnormalised decay, g(t)",469.184644967214,3.21766548326419e-08,6.59523741025448e-08,1.2379263083094e-07
"Rate-state","Unnormalised decay, g(t)",492.793115349368,2.16951566488756e-08,4.63537802503651e-08,8.98591022455337e-08
"Rate-state","Unnormalised decay, g(t)",517.589518626948,1.43667267438626e-08,3.20061444107653e-08,6.45283497429001e-08
"Rate-state","Unnormalised decay, g(t)",543.633629302121,9.27554612726536e-09,2.16848025718916e-08,4.53255560399375e-08
"Rate-state","Unnormalised decay, g(t)",570.988229615221,5.86438503834206e-09,1.44138976734869e-08,3.13188332548381e-08
"Rate-state","Unnormalised decay, g(t)",599.71926088836,3.61967386505522e-09,9.3719710233681e-09,2.12585536316096e-08
"Rate-state","Unnormalised decay, g(t)",629.895982484354,2.18988227966381e-09,5.97013926206544e-09,1.4166063400495e-08
"Rate-state","Unnormalised decay, g(t)",661.591138764156,1.2938634892158e-09,3.71644939542815e-09,9.23052254950702e-09
"Rate-state","Unnormalised decay, g(t)",694.881134445283,7.39858985707908e-10,2.25962190586839e-09,5.8936693026365e-09
"Rate-state","Unnormalised decay, g(t)",729.846218783914,4.12386233105599e-10,1.33963298689316e-09,3.68713007475836e-09
"Rate-state","Unnormalised decay, g(t)",766.570679024703,2.23403166388411e-10,7.73111577339254e-10,2.25523160224908e-09
"Rate-state","Unnormalised decay, g(t)",805.143043584603,1.17182933717829e-10,4.34673032798952e-10,1.34404317085183e-09
"Rate-state","Unnormalised decay, g(t)",845.656295460511,5.95000836294825e-11,2.37007925165384e-10,7.82185298606236e-10
"Rate-state","Unnormalised decay, g(t)",888.208096375173,2.92797256269399e-11,1.25362422443348e-10,4.42427687092158e-10
"Rate-state","Unnormalised decay, g(t)",932.901022201696,1.38437330073682e-11,6.4194325974712e-11,2.43297208582126e-10
"Rate-state","Unnormalised decay, g(t)",979.842810234145,6.31650969651646e-12,3.17966155889674e-11,1.29907196496471e-10
"Rate-state","Unnormalised decay, g(t)",1029.14661890034,2.76139430839338e-12,1.51871753099804e-11,6.70484186504115e-11
"Rate-state","Unnormalised decay, g(t)",1080.93130054289,1.15353422615369e-12,7.00607242604936e-12,3.34583824068126e-11
"Rate-state","Unnormalised decay, g(t)",1135.32168792608,4.63559068737471e-13,3.10581946834902e-12,1.61756581661907e-11
"Rate-state","Unnormalised decay, g(t)",1192.44889515916,1.78208675053374e-13,1.32091323100414e-12,7.51504205626437e-12
"Rate-state","Unnormalised decay, g(t)",1252.45063376159,6.50172612963262e-14,5.38404463396447e-13,3.37488224266816e-12
"Rate-state","Unnormalised decay, g(t)",1315.47154463206,2.26457224678253e-14,2.09555743242642e-13,1.45229681400293e-12
"Rate-state","Unnormalised decay, g(t)",1381.66354672152,7.4874306829018e-15,7.7832725446222e-14,5.96923338146289e-13
"Rate-state","Unnormalised decay, g(t)",1451.18620325082,2.33780729188467e-15,2.74883282897161e-14,2.35841898286355e-13
"Rate-state","Unnormalised decay, g(t)",1524.20710635568,6.88731704021525e-16,9.22606100576003e-15,8.87642952595283e-14
"Rate-state","Unnormalised decay, g(t)",1600.90228108626,1.90340834643494e-16,2.93486301568447e-15,3.18806637094779e-14
"Rate-state","Unnormalised decay, g(t)",1681.45660973525,4.92140679509588e-17,8.8153046346779e-16,1.08362171105968e-14
"Rate-state","Unnormalised decay, g(t)",1766.06427751727,1.19101322395459e-17,2.49142931313432e-16,3.48593010770452e-15
"Rate-state","Unnormalised decay, g(t)",1854.92924067407,2.69340870603822e-18,6.59745411666414e-17,1.06209945591615e-15
"Rate-state","Unnormalised decay, g(t)",1948.26571813383,5.60368396470891e-19,1.63303969761135e-17,3.04946231192454e-16
"Rate-state","Unnormalised decay, g(t)",2046.29870790983,1.08644646597421e-19,3.76711594169768e-18,8.28155616933149e-17
"Rate-state","Unnormalised decay, g(t)",2149.26452948336,1.94784490587567e-20,8.09217638590119e-19,2.10261293616229e-17
"Rate-state","Unnormalised decay, g(t)",2257.41139347817,3.18968189700408e-21,1.60653629945245e-19,4.94292023695497e-18
"Rate-state","Unnormalised decay, g(t)",2371,4.77793272930326e-22,2.93560391711207e-20,1.07834899204418e-18
"Rate-state","Window-normalised decay, h(t)",0,17.0866184431318,21.3378232956113,26.6775605263546
"Rate-state","Window-normalised decay, h(t)",0.001,14.7473503244442,17.7392067478386,21.143085857648
"Rate-state","Window-normalised decay, h(t)",0.00105031807974833,14.6484986942955,17.5897738239139,20.9233636785582
"Rate-state","Window-normalised decay, h(t)",0.00110316806864623,14.5447695046726,17.4350264515794,20.6993187406594
"Rate-state","Window-normalised decay, h(t)",0.00115867736750019,14.4362268513347,17.2756659342711,20.4701588154335
"Rate-state","Window-normalised decay, h(t)",0.00121697978768065,14.3239532466179,17.1108269185065,20.2371465716805
"Rate-state","Window-normalised decay, h(t)",0.00127821587368928,14.2078952912395,16.9411696821837,19.9980537720827
"Rate-state","Window-normalised decay, h(t)",0.00134253324195716,14.0880053505112,16.7667885951618,19.7519795236618
"Rate-state","Window-normalised decay, h(t)",0.00141008693669075,13.9643932464838,16.5880167691916,19.5007851148183
"Rate-state","Window-normalised decay, h(t)",0.00148103980362324,13.8379201432664,16.4040898773111,19.2437395285806
"Rate-state","Window-normalised decay, h(t)",0.00155556288257241,13.7075264722074,16.2154208567026,18.9809431925055
"Rate-state","Window-normalised decay, h(t)",0.00163383581975124,13.5717501586097,16.0216997389463,18.7101040220029
"Rate-state","Window-normalised decay, h(t)",0.00171604730082517,13.4316691761308,15.8230022454339,18.4321483011134
"Rate-state","Window-normalised decay, h(t)",0.00180239550576001,13.2876278628613,15.6197998520162,18.1458744883164
"Rate-state","Window-normalised decay, h(t)",0.00189308858655688,13.1412574245328,15.413072239034,17.8557127372853
"Rate-state","Window-normalised decay, h(t)",0.00198834516902591,12.9920288141654,15.199939408882,17.5640400824961
"Rate-state","Window-normalised decay, h(t)",0.00208839487980817,12.8389264152235,14.9826320090083,17.2685859154239
"Rate-state","Window-normalised decay, h(t)",0.00219347889991637,12.6819577775561,14.7615271808572,16.9671814142638
"Rate-state","Window-normalised decay, h(t)",0.00230385054612865,12.5211708550044,14.5363834335657,16.6620377177545
"Rate-state","Window-normalised decay, h(t)",0.002419775881637,12.3549934117096,14.3065394384903,16.3506912097495
"Rate-state","Window-normalised decay, h(t)",0.00254153435742231,12.1838654707512,14.0735296606109,16.0374533103901
"Rate-state","Window-normalised decay, h(t)",0.00266941948590221,12.0117462941345,13.8363578397793,15.720385047188
"Rate-state","Window-normalised decay, h(t)",0.0028037395484756,11.8361165473739,13.5961953493391,15.4022439385988
"Rate-state","Window-normalised decay, h(t)",0.00294481833866936,11.6570760711302,13.3535293459428,15.0773120109752
"Rate-state","Window-normalised decay, h(t)",0.00309299594267888,11.4744899006611,13.1064025953636,14.7532924905211
"Rate-state","Window-normalised decay, h(t)",0.00324862955918387,11.2890777530738,12.8570526140605,14.4306381865515
"Rate-state","Window-normalised decay, h(t)",0.00341209436041568,11.1000918157586,12.6049452308974,14.1064006058166
"Rate-state","Window-normalised decay, h(t)",0.00358378439655192,10.9059795057295,12.3510058221251,13.7815184257312
"Rate-state","Window-normalised decay, h(t)",0.00376411354561846,10.7093413990253,12.0942764326491,13.4558712726907
"Rate-state","Window-normalised decay, h(t)",0.00395351651118867,10.5121740038981,11.8354014728684,13.1266744257027
"Rate-state","Window-normalised decay, h(t)",0.00415244987028502,10.3145139308907,11.5760502050598,12.8017393422725
"Rate-state","Window-normalised decay, h(t)",0.00436139317400899,10.1141460801066,11.31570619024,12.4736533044686
"Rate-state","Window-normalised decay, h(t)",0.00458085010355261,9.91049130226558,11.0545403777878,12.1465837077717
"Rate-state","Window-normalised decay, h(t)",0.00481134968437834,9.70478580357231,10.7918244537967,11.821923327222
"Rate-state","Window-normalised decay, h(t)",0.00505344756149402,9.4968761485825,10.5298400658999,11.5021981936773
"Rate-state","Window-normalised decay, h(t)",0.0053077273388973,9.28772147062558,10.2680557183257,11.1830378791275
"Rate-state","Window-normalised decay, h(t)",0.00557480198641835,9.07921805846831,10.0070374282143,10.8659844245099
"Rate-state","Window-normalised decay, h(t)",0.00585531531735212,8.86935898610101,9.74745109282709,10.5505580456895
"Rate-state","Window-normalised decay, h(t)",0.00614994354044229,8.65835993789305,9.48738533497955,10.2399944101043
"Rate-state","Window-normalised decay, h(t)",0.00645939688995802,8.4490548563722,9.22918104434096,9.9298548009179
"Rate-state","Window-normalised decay, h(t)",0.00678442133779308,8.24041115911576,8.97264938784789,9.62467110094954
"Rate-state","Window-normalised decay, h(t)",0.00712580039171445,8.03200373890861,8.71789456837903,9.32376289938762
"Rate-state","Window-normalised decay, h(t)",0.00748435698409545,7.82348507821693,8.46567446258074,9.02937908994676
"Rate-state","Window-normalised decay, h(t)",0.00786095545568617,7.6166530634402,8.21608222016349,8.73957907544358
"Rate-state","Window-normalised decay, h(t)",0.00825650363920349,7.41071732211058,7.96881938423413,8.45368780250704
"Rate-state","Window-normalised decay, h(t)",0.00867195504776335,7.2052682897443,7.72501373094361,8.17409256207411
"Rate-state","Window-normalised decay, h(t)",0.00910831117343068,7.00144991658654,7.48518688253374,7.89761665109755
"Rate-state","Window-normalised decay, h(t)",0.00956662390142801,6.79927671640373,7.24846544721968,7.626645409522
"Rate-state","Window-normalised decay, h(t)",0.0100479980458224,6.5988064324541,7.01535551377206,7.36306019654433
"Rate-state","Window-normalised decay, h(t)",0.0105535940128032,6.40029457710397,6.78609476052477,7.10507396542615
"Rate-state","Window-normalised decay, h(t)",0.011084630597971,6.20487776313596,6.56076628887156,6.85174976395357
"Rate-state","Window-normalised decay, h(t)",0.0116423879243805,6.01253488247181,6.33946264862532,6.6056049060705
"Rate-state","Window-normalised decay, h(t)",0.0122282105284205,5.82340347188156,6.12281644382757,6.36505461237744
"Rate-state","Window-normalised decay, h(t)",0.012843510600969,5.63637952440495,5.91098541128516,6.13048706414731
"Rate-state","Window-normalised decay, h(t)",0.0134897713916372,5.45229813794238,5.70332501571398,5.90247276024187
"Rate-state","Window-normalised decay, h(t)",0.0141685507843084,5.27147725874326,5.50026953289467,5.68008600008693
"Rate-state","Window-normalised decay, h(t)",0.0148814850525915,5.09358312062112,5.3017072637988,5.4649490704265
"Rate-state","Window-normalised decay, h(t)",0.0156302928042415,4.91903299506709,5.10830441722554,5.25574827883634
"Rate-state","Window-normalised decay, h(t)",0.0164167791240551,4.74941089896336,4.91962448283187,5.05259735862152
"Rate-state","Window-normalised decay, h(t)",0.0172428399252301,4.58274416994296,4.73629487470358,4.85612129164357
"Rate-state","Window-normalised decay, h(t)",0.0181104665196756,4.41989611969691,4.55788608255626,4.66571587835352
"Rate-state","Window-normalised decay, h(t)",0.0190217504182922,4.2595540835544,4.38406724107256,4.48101302163899
"Rate-state","Window-normalised decay, h(t)",0.0199788883727927,4.10407690587222,4.21567182668909,4.30227605121813
"Rate-state","Window-normalised decay, h(t)",0.020984187671218,3.95189737887552,4.05203118067004,4.12907955672979
"Rate-state","Window-normalised decay, h(t)",0.0220400716999123,3.80417662566037,3.89311800223716,3.96199646630555
"Rate-state","Window-normalised decay, h(t)",0.0231490857853676,3.66014965214795,3.73910816394881,3.80097411660077
"Rate-state","Window-normalised decay, h(t)",0.0243139033300167,3.5200513536004,3.58973200474368,3.64566388472712
"Rate-state","Window-normalised decay, h(t)",0.0255373322567698,3.38349424815993,3.44540591591443,3.49638022843675
"Rate-state","Window-normalised decay, h(t)",0.0268223217778257,3.25034813437747,3.30578782573368,3.35174024346597
"Rate-state","Window-normalised decay, h(t)",0.0281719695040778,3.12161133608895,3.17095814127666,3.21300777273401
"Rate-state","Window-normalised decay, h(t)",0.0295895289122516,2.99692508066471,3.04049628675779,3.07931472628113
"Rate-state","Window-normalised decay, h(t)",0.031078417187774,2.87581036511566,2.91470840754454,2.95053015141366
"Rate-state","Window-normalised decay, h(t)",0.0326422234622804,2.75790125599636,2.79318541403124,2.82686697918127
"Rate-state","Window-normalised decay, h(t)",0.0342847174656184,2.64383176861868,2.67607722596235,2.70806283889619
"Rate-state","Window-normalised decay, h(t)",0.0360098586132025,2.53337584741402,2.56323147394355,2.5935733339093
"Rate-state","Window-normalised decay, h(t)",0.0378218055506278,2.42614638450879,2.4545077697096,2.48369568648473
"Rate-state","Window-normalised decay, h(t)",0.0397249261785503,2.32257685790138,2.34987720605965,2.37821466093296
"Rate-state","Window-normalised decay, h(t)",0.0417238081819993,2.22242259211862,2.24923159307209,2.27650488581171
"Rate-state","Window-normalised decay, h(t)",0.0438232700895054,2.12591443546712,2.15242804983058,2.17898116140193
"Rate-state","Window-normalised decay, h(t)",0.0460283728887019,2.03305639229657,2.05928648532555,2.08530584305348
"Rate-state","Window-normalised decay, h(t)",0.0483444322264017,1.94381831151554,1.96985716259729,1.99538295863428
"Rate-state","Window-normalised decay, h(t)",0.0507770312225578,1.85791053101272,1.8839386520181,1.90908789745813
"Rate-state","Window-normalised decay, h(t)",0.0533320339289981,1.77541296381698,1.80137845651423,1.82614658061157
"Rate-state","Window-normalised decay, h(t)",0.0560155994653783,1.69629940690013,1.7220984178667,1.74675771097675
"Rate-state","Window-normalised decay, h(t)",0.058834196866428,1.62022238937685,1.64599119214347,1.6704217307113
"Rate-state","Window-normalised decay, h(t)",0.0617946206762821,1.54750731706511,1.57299424652188,1.59702643902443
"Rate-state","Window-normalised decay, h(t)",0.0649040073274894,1.47781759283525,1.50295257052693,1.52674420974935
"Rate-state","Window-normalised decay, h(t)",0.0681698523441805,1.41090514290145,1.43586500927078,1.45925437937882
"Rate-state","Window-normalised decay, h(t)",0.0716000284108672,1.34686144443475,1.37143217758983,1.39451186196242
"Rate-state","Window-normalised decay, h(t)",0.0752028043504282,1.28562925073527,1.309773908131,1.33245613318247
"Rate-state","Window-normalised decay, h(t)",0.0789868650570315,1.22693898558451,1.25072497857723,1.27300710633945
"Rate-state","Window-normalised decay, h(t)",0.0829613324320421,1.17085100319677,1.19411078879482,1.21605145027381
"Rate-state","Window-normalised decay, h(t)",0.0871357873733857,1.11713161515149,1.1399091591236,1.16163848510545
"Rate-state","Window-normalised decay, h(t)",0.0915202928713737,1.06578654831095,1.08808698035115,1.10941614042004
"Rate-state","Window-normalised decay, h(t)",0.0961254182666664,1.01677724187025,1.03848462518911,1.05938590503004
"Rate-state","Window-normalised decay, h(t)",0.10096226472885,0.969907208831564,0.991033383588509,1.01140372419167
"Rate-state","Window-normalised decay, h(t)",0.106042492017049,0.925027520748384,0.945607933823611,0.965536758425065
"Rate-state","Window-normalised decay, h(t)",0.111378346587075,0.882148500861086,0.902168149256763,0.921638657904515
"Rate-state","Window-normalised decay, h(t)",0.116982691112881,0.841252889699985,0.860677953425435,0.879594870770177
"Rate-state","Window-normalised decay, h(t)",0.122869035493474,0.802196457455305,0.821000402473793,0.839389406777465
"Rate-state","Window-normalised decay, h(t)",0.129051569420036,0.764877231908985,0.783109530986833,0.800933520960414
"Rate-state","Window-normalised decay, h(t)",0.135545196581761,0.729221299816702,0.746839173936098,0.764159294276104
"Rate-state","Window-normalised decay, h(t)",0.142365570592866,0.69518891228275,0.71222781482057,0.728999447009346
"Rate-state","Window-normalised decay, h(t)",0.149529132727375,0.66271952073575,0.679154671251493,0.695378251895481
"Rate-state","Window-normalised decay, h(t)",0.15705315155265,0.631745770582742,0.64756196250189,0.663258432081806
"Rate-state","Window-normalised decay, h(t)",0.164955764557203,0.602179295791323,0.617415158311588,0.632563502251721
"Rate-state","Window-normalised decay, h(t)",0.17325602187314,0.57394662566038,0.588617494997759,0.603274873379889
"Rate-state","Window-normalised decay, h(t)",0.181973932198632,0.5470129834832,0.561114490036294,0.575237397865409
"Rate-state","Window-normalised decay, h(t)",0.191130511031121,0.52130805626993,0.534869931487968,0.54848228330164
"Rate-state","Window-normalised decay, h(t)",0.200747831327525,0.496782027250482,0.509812427627383,0.522932202472462
"Rate-state","Window-normalised decay, h(t)",0.210849076713569,0.473387834079964,0.485904510717916,0.498536832634345
"Rate-state","Window-normalised decay, h(t)",0.221458597370505,0.451070159961097,0.463097802755266,0.475261924828074
"Rate-state","Window-normalised decay, h(t)",0.232601968733948,0.429765234635158,0.441338034337234,0.453056827513874
"Rate-state","Window-normalised decay, h(t)",0.244306053146322,0.409469596147067,0.420573029474397,0.431837180725864
"Rate-state","Window-normalised decay, h(t)",0.25659906461154,0.390115955347339,0.40076874353657,0.411585763280959
"Rate-state","Window-normalised decay, h(t)",0.269510636808012,0.371650409357886,0.381874076429488,0.392276161206427
"Rate-state","Window-normalised decay, h(t)",0.283071894523941,0.354048394114937,0.363860978587971,0.373831143105429
"Rate-state","Window-normalised decay, h(t)",0.297315528687109,0.337281023720337,0.34667633501564,0.356228810417379
"Rate-state","Window-normalised decay, h(t)",0.312275875170005,0.321288687993697,0.330293206308433,0.339450939081022
"Rate-state","Window-normalised decay, h(t)",0.327988997560291,0.306045416715996,0.314665978320698,0.323431510190042
"Rate-state","Window-normalised decay, h(t)",0.344492774096106,0.291516701765766,0.299761598840446,0.308180880360066
"Rate-state","Window-normalised decay, h(t)",0.361826988975799,0.277668532836666,0.28556030336488,0.293613047704641
"Rate-state","Window-normalised decay, h(t)",0.380033428262183,0.264469793284678,0.272017766029198,0.279735014085004
"Rate-state","Window-normalised decay, h(t)",0.399155980612512,0.251890660637111,0.259107217507524,0.266505368274229
"Rate-state","Window-normalised decay, h(t)",0.419240743076997,0.239902428584738,0.246801921699982,0.253885755131126
"Rate-state","Window-normalised decay, h(t)",0.440336132220897,0.228468263073415,0.235071863600656,0.241842802605885
"Rate-state","Window-normalised decay, h(t)",0.462493000838061,0.217581900855626,0.223892878278489,0.230371116229266
"Rate-state","Window-normalised decay, h(t)",0.485764760537277,0.207202501052962,0.213237674218354,0.219425608437561
"Rate-state","Window-normalised decay, h(t)",0.510207510496923,0.197309562043618,0.203084781888342,0.2090009058127
"Rate-state","Window-normalised decay, h(t)",0.535880172698306,0.187898401724906,0.193404024229089,0.199065503419236
"Rate-state","Window-normalised decay, h(t)",0.562844633963691,0.178928108489023,0.184179452689275,0.189586506363757
"Rate-state","Window-normalised decay, h(t)",0.591165895141398,0.170378544060186,0.175392936972367,0.180553317160426
"Rate-state","Window-normalised decay, h(t)",0.620912227797619,0.16223390002408,0.167020780892667,0.171949686400965
"Rate-state","Window-normalised decay, h(t)",0.652155338792655,0.154475985071953,0.159041419845892,0.163756887144711
"Rate-state","Window-normalised decay, h(t)",0.684970543138327,0.147082597272055,0.151438964273436,0.155948858792242
"Rate-state","Window-normalised decay, h(t)",0.719436945553221,0.140039544787846,0.144194589928347,0.148507881127731
"Rate-state","Window-normalised decay, h(t)",0.755637631153466,0.133330585691384,0.137291927521629,0.141413904164114
"Rate-state","Window-normalised decay, h(t)",0.793659865738689,0.126940243773435,0.130717576159179,0.134648320769028
"Rate-state","Window-normalised decay, h(t)",0.83359530615598,0.120853448529002,0.124454917699911,0.128195428469564
"Rate-state","Window-normalised decay, h(t)",0.875540221248974,0.115054083999135,0.118489260365592,0.122057366835966
"Rate-state","Window-normalised decay, h(t)",0.919595723924655,0.10953168238322,0.112803545585332,0.116207794684803
"Rate-state","Window-normalised decay, h(t)",0.965868014897323,0.104269914231237,0.107389790556809,0.110630534971778
"Rate-state","Window-normalised decay, h(t)",1.01446863869729,0.0992600071801149,0.102233356216753,0.105318284717699
"Rate-state","Window-normalised decay, h(t)",1.06551475256145,0.0944885909619575,0.0973224090900048,0.100263627951022
"Rate-state","Window-normalised decay, h(t)",1.11912940885386,0.089945138951901,0.0926422276653867,0.0954446588267814
"Rate-state","Window-normalised decay, h(t)",1.17544185169728,0.0856172441034072,0.0881860741257874,0.0908523170524101
"Rate-state","Window-normalised decay, h(t)",1.23458782853051,0.0814943563024325,0.0839417325964289,0.0864839422469537
"Rate-state","Window-normalised decay, h(t)",1.29670991734283,0.0775691042751931,0.0798985703050185,0.0823247788493504
"Rate-state","Window-normalised decay, h(t)",1.36195787037414,0.0738295552985857,0.0760465864631223,0.0783575468099969
"Rate-state","Window-normalised decay, h(t)",1.4304889751095,0.0702703810578486,0.0723793517176698,0.0745763225528989
"Rate-state","Window-normalised decay, h(t)",1.50246843343818,0.0668810653525468,0.0688854593271436,0.0709778479063472
"Rate-state","Window-normalised decay, h(t)",1.57806975989127,0.0636504100060148,0.0655585698434093,0.0675477488780625
"Rate-state","Window-normalised decay, h(t)",1.65747519991792,0.0605759735849727,0.0623898415870618,0.0642832871096251
"Rate-state","Window-normalised decay, h(t)",1.74087616920828,0.057648203625806,0.0593720262264294,0.0611752909036006
"Rate-state","Window-normalised decay, h(t)",1.82847371512247,0.054860073385038,0.0564983845135307,0.0582136253813522
"Rate-state","Window-normalised decay, h(t)",1.92047900133774,0.0522057039107792,0.0537619812655922,0.0553970317473037
"Rate-state","Window-normalised decay, h(t)",2.01711381688205,0.0496774277909013,0.0511543029080987,0.0527127784859673
"Rate-state","Window-normalised decay, h(t)",2.11861111078139,0.0472686545773984,0.0486723552897977,0.0501544959679109
"Rate-state","Window-normalised decay, h(t)",2.2252155536094,0.0449745022851736,0.0463083203905454,0.047716702259167
"Rate-state","Window-normalised decay, h(t)",2.33718412729315,0.0427919750708941,0.0440581590314062,0.0453950227769458
"Rate-state","Window-normalised decay, h(t)",2.45478674459683,0.0407121049765467,0.0419149680083826,0.0431840305325005
"Rate-state","Window-normalised decay, h(t)",2.57830689977661,0.0387326800620037,0.0398737481400766,0.0410793872613316
"Rate-state","Window-normalised decay, h(t)",2.70804235197525,0.0368450913815713,0.0379301116743167,0.039076359818192
"Rate-state","Window-normalised decay, h(t)",2.8443058430038,0.0350481107590318,0.03607927178094,0.0371700975624609
"Rate-state","Window-normalised decay, h(t)",2.98742585124072,0.0333379136539561,0.034316996327348,0.0353532676971865
"Rate-state","Window-normalised decay, h(t)",3.13774738346569,0.0317082188383296,0.0326382607200212,0.0336235353323065
"Rate-state","Window-normalised decay, h(t)",3.29563280653705,0.0301571462073743,0.0310399893115464,0.0319749411847669
"Rate-state","Window-normalised decay, h(t)",3.4614627209176,0.0286804659825782,0.0295178745682158,0.0304050040068999
"Rate-state","Window-normalised decay, h(t)",3.63563687815462,0.0272735883766614,0.028068232766701,0.0289103470336883
"Rate-state","Window-normalised decay, h(t)",3.8185751445256,0.0259341358215397,0.0266881719329394,0.0274864467625846
"Rate-state","Window-normalised decay, h(t)",4.01071851317284,0.0246595612226077,0.0253743984666655,0.0261321087262547
"Rate-state","Window-normalised decay, h(t)",4.21253016716679,0.0234439346355892,0.0241228349923241,0.0248426956815726
"Rate-state","Window-normalised decay, h(t)",4.42449659606056,0.022287945567663,0.0229315443771411,0.0236139403574476
"Rate-state","Window-normalised decay, h(t)",4.64712876862737,0.0211878054869016,0.0217971210682986,0.0224458397933443
"Rate-state","Window-normalised decay, h(t)",4.88096336460794,0.0201396275216352,0.020717039317629,0.0213330963007547
"Rate-state","Window-normalised decay, h(t)",5.12656406843699,0.0191420734578763,0.0196889959975302,0.0202727328228788
"Rate-state","Window-normalised decay, h(t)",5.38452292806754,0.0181916979262762,0.0187101792948204,0.0192636496587049
"Rate-state","Window-normalised decay, h(t)",5.65546178216878,0.0172869146245527,0.0177780785578633,0.0183031371052314
"Rate-state","Window-normalised decay, h(t)",5.94003375913761,0.0164258944290722,0.016890196910574,0.017388387232443
"Rate-state","Window-normalised decay, h(t)",6.2389248515377,0.0156060950688354,0.0160451506421458,0.0165156478762917
"Rate-state","Window-normalised decay, h(t)",6.55285556976123,0.0148256112357773,0.0152404989332569,0.0156859449422414
"Rate-state","Window-normalised decay, h(t)",6.8825826788998,0.014081425934504,0.014474713289633,0.0148955271763478
"Rate-state","Window-normalised decay, h(t)",7.22890102301119,0.0133723891146599,0.0137451686291403,0.0141434807340902
"Rate-state","Window-normalised decay, h(t)",7.59264544117988,0.0126979209009747,0.0130508769628772,0.013426312286843
"Rate-state","Window-normalised decay, h(t)",7.97469277999,0.0120561708089203,0.0123896523020543,0.0127452836802358
"Rate-state","Window-normalised decay, h(t)",8.37596400726201,0.011445367004119,0.0117601380714437,0.0120950114392087
"Rate-state","Window-normalised decay, h(t)",8.79742643214859,0.010864264202437,0.0111606930795026,0.0114770007111686
"Rate-state","Window-normalised decay, h(t)",9.24009603694156,0.0103093517693854,0.0105901503730919,0.0108903083603116
"Rate-state","Window-normalised decay, h(t)",9.70503992621065,0.00978171924922867,0.0100472151663174,0.0103317832206609
"Rate-state","Window-normalised decay, h(t)",10.1933788991785,0.00927981566470509,0.00953055391435549,0.00979921868915825
"Rate-state","Window-normalised decay, h(t)",10.7062901515324,0.0088021489438277,0.00903889113968124,0.00929199005904275
"Rate-state","Window-normalised decay, h(t)",11.245010113186,0.00834745475120961,0.00857049685961992,0.00880807422414074
"Rate-state","Window-normalised decay, h(t)",11.8108374288321,0.00791423161306548,0.00812507515624126,0.0083477062035962
"Rate-state","Window-normalised decay, h(t)",12.4051360884707,0.00750193337180921,0.00770080552507041,0.0079109633659362
"Rate-state","Window-normalised decay, h(t)",13.0293387154593,0.00710800304667524,0.00729698835301089,0.00749540416977219
"Rate-state","Window-normalised decay, h(t)",13.6849500200118,0.00673451292840274,0.00691235482627908,0.00709986574610442
"Rate-state","Window-normalised decay, h(t)",14.3735504264708,0.00637800233361359,0.00654596229204859,0.00672179459679195
"Rate-state","Window-normalised decay, h(t)",15.0967998830966,0.00603874935010331,0.00619760636416708,0.00636363445102313
"Rate-state","Window-normalised decay, h(t)",15.8564418635589,0.0057165496441762,0.00586576744094553,0.00602290739711045
"Rate-state","Window-normalised decay, h(t)",16.6543075697743,0.00540974951902222,0.00555005735362333,0.00569835908312765
"Rate-state","Window-normalised decay, h(t)",17.4923203462235,0.00511712302778105,0.00524978666587772,0.00539025969486092
"Rate-state","Window-normalised decay, h(t)",18.3725003163882,0.00483918255946948,0.00496414260908102,0.00509524205286324
"Rate-state","Window-normalised decay, h(t)",19.2969692524845,0.0045746709036942,0.00469211194841829,0.0048156786677051
"Rate-state","Window-normalised decay, h(t)",20.2679556902322,0.00432290243474615,0.00443346868467931,0.00454985464903831
"Rate-state","Window-normalised decay, h(t)",21.287800300989,0.00408287984375348,0.00418745113127109,0.00429685715128153
"Rate-state","Window-normalised decay, h(t)",22.3589615342008,0.00385444352166938,0.00395332754306665,0.00405635305813465
"Rate-state","Window-normalised decay, h(t)",23.4840215437686,0.00363686154382237,0.0037309323981221,0.0038280199899334
"Rate-state","Window-normalised decay, h(t)",24.6656924126196,0.00342960018172166,0.00351919467770973,0.00361078937976827
"Rate-state","Window-normalised decay, h(t)",25.9068226904857,0.00323270930456123,0.00331773508279777,0.00340459221924141
"Rate-state","Window-normalised decay, h(t)",27.2104042606515,0.00304461927579094,0.00312602527857565,0.00320871073912817
"Rate-state","Window-normalised decay, h(t)",28.5795795522234,0.00286595648098822,0.00294397575500791,0.00302226117809552
"Rate-state","Window-normalised decay, h(t)",30.0176491153061,0.00269564090811928,0.00277065644181792,0.00284576956331399
"Rate-state","Window-normalised decay, h(t)",31.5280795773476,0.00253363381613464,0.00260617245036692,0.00267830753437165
"Rate-state","Window-normalised decay, h(t)",33.1145119998324,0.00237988838229164,0.00244997320244873,0.0025191772159381
"Rate-state","Window-normalised decay, h(t)",34.7807706554672,0.00223385015802755,0.00230124842119139,0.00236764789861055
"Rate-state","Window-normalised decay, h(t)",36.5308722470174,0.00209491380544035,0.0021599810163098,0.00222403171239168
"Rate-state","Window-normalised decay, h(t)",38.3690355900191,0.00196234035116489,0.00202587757141135,0.00208767300736805
"Rate-state","Window-normalised decay, h(t)",40.2996917827044,0.00183677656534179,0.00189841713846957,0.00195865734730502
"Rate-state","Window-normalised decay, h(t)",42.3274948876598,0.00171704447891966,0.0017774949232352,0.00183599126621066
"Rate-state","Window-normalised decay, h(t)",44.4573331509643,0.00160327734723016,0.00166272120476822,0.001719760480169
"Rate-state","Window-normalised decay, h(t)",46.6943407858529,0.00149535568096165,0.0015537483011495,0.00160974734514342
"Rate-state","Window-normalised decay, h(t)",49.0439103493112,0.00139327653300699,0.00145042478733281,0.00150537690871059
"Rate-state","Window-normalised decay, h(t)",51.5117057414381,0.00129650564258837,0.00135257923499175,0.00140592892211435
"Rate-state","Window-normalised decay, h(t)",54.1036758589086,0.00120459915676688,0.00125989576646531,0.00131198502676366
"Rate-state","Window-normalised decay, h(t)",56.8260689354551,0.00111762323655696,0.00117218423513834,0.00122337749768906
"Rate-state","Window-normalised decay, h(t)",59.6854476039337,0.00103562267721515,0.00108923355706433,0.0011394335843882
"Rate-state","Window-normalised decay, h(t)",62.6887047162836,0.000957983320887936,0.00101059681497176,0.00105991249232033
"Rate-state","Window-normalised decay, h(t)",65.8430799595172,0.000884660616059256,0.00093632239195636,0.000984627382610835
"Rate-state","Window-normalised decay, h(t)",69.1561773077962,0.000815180736316488,0.000866195537892022,0.00091379425701439
"Rate-state","Window-normalised decay, h(t)",72.6359833526599,0.000749559678297685,0.000799950092038428,0.000846630647875317
"Rate-state","Window-normalised decay, h(t)",76.2908865555977,0.000688182302204833,0.000737333787104258,0.000783101386095692
"Rate-state","Window-normalised decay, h(t)",80.1296974693735,0.000630371168136602,0.00067841162212874,0.000723015527131798
"Rate-state","Window-normalised decay, h(t)",84.1616699768472,0.000576040413367824,0.000622989570300735,0.000666485810303225
"Rate-state","Window-normalised decay, h(t)",88.3965235984953,0.000525037620422739,0.000570937218974483,0.000613467087844893
"Rate-state","Window-normalised decay, h(t)",92.8444669224,0.000477216928435848,0.000522005781862382,0.000563369871094491
"Rate-state","Window-normalised decay, h(t)",97.5162222131928,0.000432542240585314,0.000476120977562935,0.000516396539341246
"Rate-state","Window-normalised decay, h(t)",102.423051259273,0.000390986921399304,0.000433104680622987,0.000472208176768475
"Rate-state","Window-normalised decay, h(t)",107.576782520605,0.000352448497796255,0.00039299925259241,0.000430843816749611
"Rate-state","Window-normalised decay, h(t)",112.989839642545,0.00031646906330614,0.000355515326856598,0.000391991515727541
"Rate-state","Window-normalised decay, h(t)",118.675271404431,0.000283192023177574,0.000320631179096452,0.000355799064262871
"Rate-state","Window-normalised decay, h(t)",124.646783175114,0.000252477233211601,0.000288189737346561,0.000322142288219481
"Rate-state","Window-normalised decay, h(t)",130.918769951293,0.000224154282095087,0.000258184448724214,0.00029072742616125
"Rate-state","Window-normalised decay, h(t)",137.506351058256,0.000198235521107815,0.000230382790322366,0.000261555460851801
"Rate-state","Window-normalised decay, h(t)",144.425406596708,0.000174411255080211,0.000204776308072623,0.000234523140175988
"Rate-state","Window-normalised decay, h(t)",151.692615723526,0.00015273721245297,0.000181231066298192,0.000209513123952303
"Rate-state","Window-normalised decay, h(t)",159.325496858736,0.000133003827941972,0.000159672581724349,0.000186407703894061
"Rate-state","Window-normalised decay, h(t)",167.342449915617,0.00011514052057966,0.000140025764454326,0.000165145048245946
"Rate-state","Window-normalised decay, h(t)",175.762800655753,9.91810767492998e-05,0.000122156921588925,0.00014570534892564
"Rate-state","Window-normalised decay, h(t)",184.60684727594,8.48357969132847e-05,0.000106009502853379,0.000127937413875979
"Rate-state","Window-normalised decay, h(t)",193.895909339259,7.21266317629313e-05,9.14412556682108e-05,0.000111799467620734
"Rate-state","Window-normalised decay, h(t)",203.652379168268,6.08978851766019e-05,7.84005860076011e-05,9.7116023350755e-05
"Rate-state","Window-normalised decay, h(t)",213.899775824195,5.10138083743709e-05,6.67823175654103e-05,8.39274665782076e-05
"Rate-state","Window-normalised decay, h(t)",224.662801802268,4.2409551519959e-05,5.65045095081612e-05,7.20834922998746e-05
"Rate-state","Window-normalised decay, h(t)",235.967402579838,3.49295710197174e-05,4.74585775260596e-05,6.15260013536909e-05
"Rate-state","Window-normalised decay, h(t)",247.840829160858,2.85251962922733e-05,3.95526856903667e-05,5.21344738660575e-05
"Rate-state","Window-normalised decay, h(t)",260.311703767468,2.30840033654466e-05,3.26812302948393e-05,4.38739436658163e-05
"Rate-state","Window-normalised decay, h(t)",273.410088837064,1.84764713830788e-05,2.67645211837554e-05,3.66446723837149e-05
"Rate-state","Window-normalised decay, h(t)",287.167559491166,1.46536729123176e-05,2.17242565270675e-05,3.03839506468179e-05
"Rate-state","Window-normalised decay, h(t)",301.617279650778,1.14859118845508e-05,1.7456187797042e-05,2.49497245742472e-05
"Rate-state","Window-normalised decay, h(t)",316.794081981721,8.90021526768644e-06,1.38795691590122e-05,2.02906063275679e-05
"Rate-state","Window-normalised decay, h(t)",332.734551862678,6.80833713482042e-06,1.09159907768868e-05,1.63358214992294e-05
"Rate-state","Window-normalised decay, h(t)",349.477115578331,5.14092469338732e-06,8.48858289413601e-06,1.3027801217897e-05
"Rate-state","Window-normalised decay, h(t)",367.062132950219,3.82797873415302e-06,6.5175980602436e-06,1.02801505957158e-05
"Rate-state","Window-normalised decay, h(t)",385.531994628602,2.80473582263931e-06,4.9391515049154e-06,8.02418154945009e-06
"Rate-state","Window-normalised decay, h(t)",404.931224279859,2.02452469293038e-06,3.69225242192218e-06,6.18032455089863e-06
"Rate-state","Window-normalised decay, h(t)",425.306585915763,1.43834315015196e-06,2.72070981961346e-06,4.70294190880506e-06
"Rate-state","Window-normalised decay, h(t)",446.707196623364,1.00496237053541e-06,1.97469899249369e-06,3.52898393792251e-06
"Rate-state","Window-normalised decay, h(t)",469.184644967214,6.89505746038245e-07,1.41009804268439e-06,2.61100020310985e-06
"Rate-state","Window-normalised decay, h(t)",492.793115349368,4.64340533399025e-07,9.90274337641755e-07,1.90454136580512e-06
"Rate-state","Window-normalised decay, h(t)",517.589518626948,3.06504023580735e-07,6.83256729380248e-07,1.36712226667517e-06
"Rate-state","Window-normalised decay, h(t)",543.633629302121,1.98062194740497e-07,4.6290961955889e-07,9.65018205358212e-07
"Rate-state","Window-normalised decay, h(t)",570.988229615221,1.25073242680017e-07,3.07427697520738e-07,6.69194052258259e-07
"Rate-state","Window-normalised decay, h(t)",599.71926088836,7.7248133194094e-08,2.00137129965674e-07,4.55540879645307e-07
"Rate-state","Window-normalised decay, h(t)",629.895982484354,4.65803156782453e-08,1.27476604317666e-07,3.04119277360632e-07
"Rate-state","Window-normalised decay, h(t)",661.591138764156,2.73820438179323e-08,7.9331463820413e-08,1.98969790614859e-07
"Rate-state","Window-normalised decay, h(t)",694.881134445283,1.56718810017692e-08,4.82199485923408e-08,1.27450848762169e-07
"Rate-state","Window-normalised decay, h(t)",729.846218783914,8.7213430174889e-09,2.85879068897465e-08,7.98610340233673e-08
"Rate-state","Window-normalised decay, h(t)",766.570679024703,4.71248747893344e-09,1.65085550107823e-08,4.88440012985842e-08
"Rate-state","Window-normalised decay, h(t)",805.143043584603,2.46868628037162e-09,9.27094266816587e-09,2.91641989787797e-08
"Rate-state","Window-normalised decay, h(t)",845.656295460511,1.25185304009109e-09,5.05807542927808e-09,1.69709603336445e-08
"Rate-state","Window-normalised decay, h(t)",888.208096375173,6.13481564595074e-10,2.67584769426156e-09,9.61023014232424e-09
"Rate-state","Window-normalised decay, h(t)",932.901022201696,2.90043844717085e-10,1.37166038752013e-09,5.28865354999167e-09
"Rate-state","Window-normalised decay, h(t)",979.842810234145,1.32055185566999e-10,6.79497854810704e-10,2.82421351834609e-09
"Rate-state","Window-normalised decay, h(t)",1029.14661890034,5.77900660439454e-11,3.25065187471494e-10,1.46063041804062e-09
"Rate-state","Window-normalised decay, h(t)",1080.93130054289,2.4259794325425e-11,1.4990597294759e-10,7.31468556133542e-10
"Rate-state","Window-normalised decay, h(t)",1135.32168792608,9.7492732501859e-12,6.64861531783534e-11,3.53799770074892e-10
"Rate-state","Window-normalised decay, h(t)",1192.44889515916,3.74419934835184e-12,2.83004451082193e-11,1.64915241080753e-10
"Rate-state","Window-normalised decay, h(t)",1252.45063376159,1.37035417245064e-12,1.15443773403281e-11,7.39647132746282e-11
"Rate-state","Window-normalised decay, h(t)",1315.47154463206,4.7676438640466e-13,4.50145365244548e-12,3.18594788748136e-11
"Rate-state","Window-normalised decay, h(t)",1381.66354672152,1.57142315217315e-13,1.67254912241131e-12,1.31536754345169e-11
"Rate-state","Window-normalised decay, h(t)",1451.18620325082,4.89811118344887e-14,5.91540870499105e-13,5.19426136412183e-12
"Rate-state","Window-normalised decay, h(t)",1524.20710635568,1.43975924107447e-14,1.9855832994225e-13,1.9595563132433e-12
"Rate-state","Window-normalised decay, h(t)",1600.90228108626,3.97919332091224e-15,6.30805475089827e-14,7.03291196960624e-13
"Rate-state","Window-normalised decay, h(t)",1681.45660973525,1.03123614799434e-15,1.89122684373935e-14,2.39721534796734e-13
"Rate-state","Window-normalised decay, h(t)",1766.06427751727,2.49718380343356e-16,5.33833296216414e-15,7.74000896306934e-14
"Rate-state","Window-normalised decay, h(t)",1854.92924067407,5.63056018670951e-17,1.41384078044082e-15,2.36086655123065e-14
"Rate-state","Window-normalised decay, h(t)",1948.26571813383,1.177882564649e-17,3.50448305308432e-16,6.78350105581029e-15
"Rate-state","Window-normalised decay, h(t)",2046.29870790983,2.27752831579136e-18,8.09101416424843e-17,1.83048694982364e-15
"Rate-state","Window-normalised decay, h(t)",2149.26452948336,4.05430742274217e-19,1.73516462364744e-17,4.62039960453363e-16
"Rate-state","Window-normalised decay, h(t)",2257.41139347817,6.6168882625404e-20,3.4456395308692e-18,1.0881979880162e-16
"Rate-state","Window-normalised decay, h(t)",2371,9.85774032698458e-21,6.30391535247821e-19,2.38307650282463e-17
