"truth_kernel","fitted_kernel","rep","posterior_mean_tv","posterior_q025_tv","posterior_q10_tv","posterior_median_tv","posterior_q90_tv","posterior_q975_tv","posterior_iqr_tv"
"mse","mse",1,0.0232465457985884,0.00793381999136941,0.0123174184238276,0.0225374240483352,0.0345405636856578,0.0412695939222829,0.0114095698402246
"mse","mse",2,0.0361430077895027,0.0216446261581317,0.0265351914909067,0.0358966086001132,0.0457067017741591,0.0520861431338966,0.0107310955913997
"mse","mse",3,0.0252818875611053,0.0089484253923594,0.0132854884687276,0.0246426285628742,0.0377441100623943,0.0446812622973301,0.0129808481217143
"mse","mse",4,0.0231169361804621,0.0061205872448262,0.0111837052765459,0.0224207161497046,0.0367270328802345,0.043512012880824,0.0138895626153262
"mse","mse",5,0.0218804564949046,0.00695913240556257,0.0110110181709807,0.0211402157191245,0.0342828097471964,0.041393237500536,0.0123472769731732
"mse","mse",6,0.011371095133318,0.00369144677877352,0.00561915919363736,0.0106187809408877,0.017936619557455,0.0231850005904346,0.00642538357037293
"mse","mse",7,0.0231637691154728,0.00837522902381204,0.0129323841541514,0.0225363230190109,0.0339844576326581,0.041168556946486,0.0111600323844502
"mse","mse",8,0.0264705125078019,0.014964709953616,0.0182998563604772,0.0260768752477669,0.0355409685411949,0.0419533528844762,0.00913904038328221
"mse","mse",9,0.021738956890711,0.00840839880907453,0.0117783929285402,0.0213105933606257,0.0318070642686691,0.0378617910950725,0.0103932127784695
"mse","mse",10,0.0209682562806994,0.00765407175600987,0.0114542162611756,0.0203986323991248,0.0306407289551867,0.0368228149424239,0.0108070205599275
"mse","mse",11,0.0261093160221726,0.0114852757310896,0.0158579882038633,0.0260965221448586,0.0359181787990767,0.0414822366492182,0.0102440472350334
"mse","mse",12,0.0312469185674142,0.015381177547467,0.0205271662352514,0.0306629117128148,0.0433722546278362,0.0501610770088453,0.0116966455008617
"mse","mse",13,0.0157519732003228,0.00483454845011347,0.007718238214842,0.0149541253988205,0.0250665680122174,0.0294195038988191,0.00924180663677861
"mse","mse",14,0.0291180150513403,0.0138828548135159,0.0183444504933105,0.0284690547542883,0.0399369656337699,0.0474803272178544,0.0113100348360448
"mse","mse",15,0.0283278915779362,0.0113667834622673,0.0167994886068676,0.0279529989023757,0.040938419622263,0.0485180316385452,0.0128217417140601
"mse","mse",16,0.0205501729706514,0.00595549998072193,0.00937113676424202,0.0194894198131661,0.032275094514894,0.0407820319002087,0.012477154782024
"mse","mse",17,0.0424395062749577,0.0216381233498885,0.0282487172575942,0.0416329321244734,0.057875873073288,0.0671850024982162,0.0158492552846306
"mse","mse",18,0.0182686003786962,0.00576135682194173,0.0097488956664672,0.0178887883277119,0.027267359580219,0.0321671597584143,0.00907684218400544
"mse","mse",19,0.0225865078380612,0.00836926715516266,0.0127554931950629,0.0220476880419756,0.0333937937342517,0.0389532845986857,0.0111989619515057
"mse","mse",20,0.0234551639254376,0.00787633111537153,0.012448651380842,0.0230836695010805,0.0348381921119877,0.0416663400480079,0.0120834348199251
"mse","mse",21,0.0145467661187798,0.00378887271781296,0.0066916156636458,0.0137940677772384,0.0233135321083519,0.028500019296105,0.00853099476652054
"mse","mse",22,0.0198503627417948,0.00550048516557897,0.00960140604068697,0.0190690344747231,0.0308543845408463,0.0374302397292773,0.0112221407640692
"mse","mse",23,0.021051627508713,0.00801395447604478,0.0117553668787467,0.0204307748691236,0.0312683056447009,0.0363720775148875,0.0100878333797676
"mse","mse",24,0.0157624101181654,0.00486483029085488,0.00827452649842684,0.0155639392818641,0.0233524701018943,0.0284600357957865,0.00828884258496842
"mse","mse",25,0.0199101469416952,0.00747251983963912,0.0112272583757632,0.0188193621219119,0.0303699262515004,0.0361818965540148,0.0100714523598253
"mse","mse",26,0.0275349401095897,0.0107585349538488,0.0165000540245503,0.0272676318466259,0.0400088379374127,0.04491179120662,0.0119700165594803
"mse","mse",27,0.0213247353386937,0.00818951150099317,0.0119806815987916,0.0206499229840008,0.0307041224582412,0.0384221085209662,0.00972078229458946
"mse","mse",28,0.0189682990148199,0.00620077481828146,0.00910885060507016,0.0180971059964705,0.030034362475728,0.0371089597590748,0.0111004233682525
"mse","mse",29,0.0137960605004331,0.00395925980398801,0.00642873301278827,0.0134324241460379,0.0217327670880992,0.0261710004396732,0.0081324119682668
"mse","mse",30,0.015536663778922,0.00577316998829248,0.0082743803755981,0.0152868588916287,0.0231606131371639,0.0272438253413606,0.00761810500068661
"mse","mse",31,0.0273846789861848,0.00871243888774892,0.0137442959923056,0.026704678803349,0.0413745775841984,0.0486693651013505,0.0146040631126919
"mse","mse",32,0.0136432376086042,0.00430065047002024,0.00692761545412228,0.013219592494606,0.0212163982158354,0.0255619953771692,0.00715346425010829
"mse","mse",33,0.0262971057509977,0.0144704884425128,0.0182735570714102,0.0256750200530198,0.0352359265213313,0.040905893021553,0.00893610777245132
"mse","mse",34,0.0299772074491227,0.012866642942703,0.0179227701971793,0.0287351102197194,0.0440182863457444,0.0532916282201437,0.0139427641686824
"mse","mse",35,0.0230902727483451,0.00827673088693297,0.0124738208486322,0.0228553707366459,0.0333947875736896,0.0387788532585792,0.011308797469368
"mse","mse",36,0.0165921702364663,0.00436142430945724,0.0075888125052374,0.0157966383164221,0.0261797949443582,0.033109724598367,0.0103906293936416
"mse","mse",37,0.026027182333209,0.00864720837270081,0.0138532391612737,0.025676461986444,0.0383045878573584,0.0457225672708185,0.0134063062176374
"mse","mse",38,0.0263635584473491,0.014833744429405,0.0181598367380875,0.0259159661716741,0.0351665820277871,0.0411507949641611,0.00892059159991304
"mse","mse",39,0.0200068652463684,0.00874942074448589,0.012618685985736,0.019811477683227,0.0279979115513645,0.0320986038589879,0.0077711910742678
"mse","mse",40,0.0168121900624018,0.00462258862379278,0.00741484929682819,0.0162808972193945,0.0273470570642762,0.0333906520500303,0.0100970917840358
"mse","mse",41,0.0230771839316616,0.00933254674001069,0.0131738264172443,0.0228126248069013,0.0336012871479589,0.0390214411162658,0.0108454822124191
"mse","mse",42,0.0222251456111256,0.00597660794289633,0.0108966806480213,0.021441764539247,0.0342201785434391,0.0415281863148272,0.0136182802817813
"mse","mse",43,0.0146565617701809,0.00508057187309847,0.00761629400688194,0.0140189285500763,0.022577917099721,0.0286167087624325,0.00786665332923442
"mse","mse",44,0.0188237303977604,0.0072857272325463,0.00975814014387468,0.0179949103574628,0.0286788259048344,0.0352336059427755,0.00993440854949767
"mse","mse",45,0.0245191178523577,0.00691143188967181,0.0112674473429174,0.0235049445261533,0.0393377975663327,0.0491515458455976,0.0146997315397402
"mse","mse",46,0.0137786519838558,0.00353596650105404,0.00605948962343576,0.013199171669549,0.0219046377987441,0.0262452481389291,0.00887675902033313
"mse","mse",47,0.0205842344797,0.00523335384926039,0.00914884108932256,0.0196262388798074,0.0333820064300774,0.0418536642796001,0.0130437505340017
"mse","mse",48,0.0323857600559321,0.0120361044115127,0.0186183016228724,0.0325244026764509,0.045972163381617,0.0517872001666955,0.0145530236488955
"mse","mse",49,0.0147255867434338,0.00519030356051016,0.00815093658526419,0.0140106891738165,0.0227173690752267,0.0273748487696566,0.00736465027351281
"mse","mse",50,0.0146171750335928,0.00368291638370216,0.00640899332645378,0.0136492950603285,0.0244595634927285,0.0301326366869734,0.00929400525942363
"mse","mse",51,0.0110950754408139,0.00328501087498299,0.00523984563122556,0.01090113027275,0.0167466122098837,0.0206086496161402,0.00688497875964759
"mse","mse",52,0.0141395854612668,0.0053838747234196,0.0076270281323991,0.013313927377043,0.0216145335908036,0.0275198388735046,0.00656048208822728
"mse","mse",53,0.0284548723765667,0.0121635857090728,0.0165484692144454,0.0279710542765124,0.0413774121505627,0.0467807779822826,0.0127052827306823
"mse","mse",54,0.026454982099171,0.00810968781808867,0.0139191414561118,0.0262314598034907,0.0388886256452119,0.0463949841565148,0.013170670796076
"mse","mse",55,0.0280550265634401,0.00897804206268036,0.0144062192460597,0.0277709200217161,0.0413129349437369,0.0487639647731225,0.0141715855821727
"mse","mse",56,0.0192600856760308,0.00546185377440267,0.00874035365870819,0.0183670904181551,0.0308301170588648,0.0383254646674066,0.0128067448204373
"mse","mse",57,0.0238193009870505,0.00734934357433537,0.0113827945011973,0.0225644978524239,0.0379955077853468,0.0472381342930992,0.0137063239864041
"mse","mse",58,0.0156284314610226,0.00403143314857059,0.00682663649399793,0.0148712257739082,0.0248294572161519,0.0306823277350224,0.00996118850169099
"mse","mse",59,0.0292961055518692,0.0109295997662067,0.016518794730178,0.0283095496087204,0.0431586725261828,0.0517937288826208,0.014694164791213
"mse","mse",60,0.0221647995010864,0.00489312482716537,0.00923010530449533,0.0206684351762994,0.0373553914981843,0.0463759018065051,0.014522076357211
"mse","mse",61,0.0256620804021653,0.00978853955442071,0.01372016703949,0.0260398458105502,0.0371463765479411,0.0417368082500264,0.0128327470769264
"mse","mse",62,0.0303218532847008,0.0118795977501,0.0169481044668141,0.0293926430013599,0.0451872101710685,0.0527873146507025,0.0151509064884574
"mse","mse",63,0.0321377640053128,0.012421223181189,0.018365030420718,0.03091105466396,0.0480140788338849,0.0579724550460245,0.0162281122438487
"mse","mse",64,0.0203256928292738,0.00697522013661288,0.00991586468441207,0.0204346061047492,0.0303629364796316,0.0356322044798821,0.0107226163537641
"mse","mse",65,0.0235962135907185,0.00811144861756761,0.0120389252269065,0.0226679302799091,0.0364173802495338,0.0429133323467467,0.0136238338737486
"mse","mse",66,0.0217992737817183,0.0120450640281316,0.014712800472219,0.0210615762771784,0.0296751188036248,0.0358195378163701,0.00744498606343444
"mse","mse",67,0.0261152474844495,0.0100586679983279,0.0152944797151538,0.0264238240061455,0.0361789294138679,0.0410088804639749,0.0113531501737562
"mse","mse",68,0.0204962399627387,0.0103873395413789,0.0128027711530287,0.0200299749049572,0.0282465674980916,0.0336411031931726,0.00855735502270178
"mse","mse",69,0.0138014469023393,0.00444115341537732,0.00767142920179023,0.0132518701828213,0.0209661962835975,0.0255827002318599,0.0071591887624716
"mse","mse",70,0.0268575950176479,0.0102458992570418,0.0152696653455781,0.0272094645661622,0.0377683748502246,0.0427821076004381,0.0118837454111087
"mse","mse",71,0.0236273853906098,0.0103940555806516,0.0147282974283062,0.023821263121121,0.0322617385555281,0.0362053575624827,0.00962150331211761
"mse","mse",72,0.0333267694520351,0.0125402784281036,0.018631138425984,0.0328972733410084,0.0491005433799942,0.0564990284314217,0.0164749953487805
"mse","mse",73,0.0245535116562803,0.00833758930043401,0.0136592206225807,0.024635594814394,0.0357014987798771,0.0411590710261637,0.0117971186686759
"mse","mse",74,0.0328360418750743,0.0155001000100843,0.0203493531376902,0.0323398713020987,0.0458093482563587,0.0532471458334678,0.0138157504404411
"mse","mse",75,0.0169743178150215,0.00512412850337223,0.00864802051656685,0.0161139337114937,0.0264585164879596,0.0327219975264341,0.00898875730458859
"mse","mse",76,0.0305204234886286,0.0127531647849465,0.0178078812230261,0.0304094451600762,0.0429377621719891,0.0500690732708573,0.0135596718602894
"mse","mse",77,0.0163137627474788,0.00440618427005736,0.00709510416573949,0.0153324539840162,0.0263263548590975,0.0338720808461818,0.0102416117803245
"mse","mse",78,0.0263470456297636,0.00983746120441434,0.0147009030202697,0.0259327145081901,0.0390992462454034,0.0472116002828125,0.0130456295555173
"mse","mse",79,0.0229398426410511,0.00554771556039409,0.00954616681074372,0.0221210500098711,0.0375168827933743,0.0447751107192387,0.0150124722920752
"mse","mse",80,0.025471614416664,0.0151631672382724,0.0183630593862852,0.0255679454435359,0.0325801324826472,0.0365386637233776,0.00754340563015166
"mse","mse",81,0.0342050161877545,0.0131407277177283,0.0200636982481826,0.0337602381644387,0.0488984851196661,0.0579337029211152,0.014762560278503
"mse","mse",82,0.013901512926093,0.00429704764394334,0.00683477014436565,0.01374746361647,0.0209517391868709,0.0246318203406371,0.00778190476562373
"mse","mse",83,0.0217795166273388,0.00725218428427644,0.0114491587253349,0.0214596328449171,0.0324234883781409,0.0387368899364374,0.0112116731867222
"mse","mse",84,0.0230699411931804,0.0111582979208521,0.0142865988602478,0.0220672838985487,0.0329646024978687,0.039592253114513,0.00943760692191027
"mse","mse",85,0.0272320623941024,0.0105482152881494,0.0160825543135757,0.0276872524804787,0.0376031718791776,0.0421244375992954,0.0122369010969355
"mse","mse",86,0.0249955011995601,0.0109490855280447,0.0147628048389906,0.0246746876889454,0.0354188255590539,0.0429368166009517,0.0108282837655403
"mse","mse",87,0.0147189099238051,0.00409607501923408,0.00674523841757107,0.0139900330801881,0.0234504424158432,0.0280628035981357,0.00883412562748613
"mse","mse",88,0.0234409219567871,0.00786755188247128,0.0120644669630431,0.0220314437826035,0.0364055317397502,0.0466547542426304,0.0121646515271403
"mse","mse",89,0.0236227074689617,0.0110075921999201,0.0151346412736188,0.023623064410408,0.0321519741338857,0.0367558187248262,0.00967077876146443
"mse","mse",90,0.0242360509732319,0.00875030541854525,0.0131084398622342,0.0245892773481685,0.0347589864752853,0.0403668465862687,0.0112946513683266
"mse","mse",91,0.0184252601628155,0.00768719080126358,0.0109035113781675,0.0181528512989929,0.0265049151251504,0.0306436723800431,0.00814454145214903
"mse","mse",92,0.0183563533627036,0.00829937811002632,0.0114170655330976,0.0183272786618325,0.025232405106321,0.0293381691590322,0.00727856606139604
"mse","mse",93,0.0155752196079933,0.00449148193076911,0.00743402394356373,0.0152041634331959,0.0239831248140561,0.0291761192955471,0.00927253030454585
"mse","mse",94,0.0137105893945238,0.00560246627145239,0.00816760042292842,0.0135036267357004,0.0197944671885013,0.0234276124897424,0.00632460311620106
"mse","mse",95,0.0268174636330385,0.00777454156888457,0.013699795961579,0.0264371493826895,0.0401430033296435,0.0477386137433002,0.0141256889489017
"mse","mse",96,0.0256062009773771,0.013515671061159,0.0172792356831594,0.0245564071008313,0.0354596575344944,0.0432106843769743,0.0100917295700364
"mse","mse",97,0.0192892971769652,0.00568787406720791,0.00912284072603609,0.0187520420403339,0.0298349111035375,0.0363612712203804,0.0107314609245047
"mse","mse",98,0.0342092899641662,0.0129331541942268,0.0197394678290757,0.0332942808721979,0.0498739915609603,0.0587236498192064,0.0152244918747077
"mse","mse",99,0.0114859330745438,0.00315771302052214,0.00487649535643874,0.0106357884657349,0.0191660754209349,0.0253687596119433,0.00724010014321917
"mse","mse",100,0.0175674384520877,0.00498118965054175,0.00857227379039915,0.0170072643250006,0.0269675173000045,0.0331985838591849,0.00986241407537764
"mse","ou",1,0.070240983452684,0.0656359071274846,0.0669042471779809,0.0701646041948807,0.0737004833096422,0.0758495904797048,0.00354772752574356
"mse","ou",2,0.0754263067191434,0.0696888187197457,0.0719083543027553,0.0753606560770023,0.0791726949111168,0.081211758582169,0.00395688387653012
"mse","ou",3,0.0640096236183448,0.0625908587685933,0.0627482371255674,0.0636631774840851,0.0656765266404238,0.0672116691983121,0.00155083406855934
"mse","ou",4,0.0703175377589192,0.0645552883417699,0.0661008705567399,0.0696979875553995,0.0754015727568915,0.0790831558714913,0.00499440074626716
"mse","ou",5,0.0640871488830854,0.0625908059791672,0.0626931713450721,0.0635873916478413,0.0660832070670964,0.0684926468270079,0.00165504483701653
"mse","ou",6,0.0698533224183741,0.0663257799908753,0.0674622695946739,0.0697098413133737,0.0723615638614817,0.0738526906517293,0.00254924654386053
"mse","ou",7,0.0668748155060423,0.0638522194827496,0.0645736692483674,0.0667417561888623,0.069506410061205,0.0709881895712892,0.00252033716571198
"mse","ou",8,0.079828683174408,0.0721242942372723,0.0744752744998259,0.079546094293691,0.0854451051079126,0.0889149313774049,0.00562535762866656
"mse","ou",9,0.0700481981197907,0.0657954700998857,0.067061758829118,0.0699133849639756,0.0732091994979294,0.0754510605784498,0.00330529951168493
"mse","ou",10,0.07038286611446,0.0662854279831788,0.0674145220235378,0.0702639176051473,0.0733467890295101,0.0752840915513177,0.00313589654244049
"mse","ou",11,0.0764433533253336,0.0708542191446751,0.0725295727642736,0.0765003926004939,0.0804319235928322,0.082305099370344,0.00421136985947447
"mse","ou",12,0.08654883899594,0.0734851088621092,0.0773149703998667,0.0859820419911051,0.0960810947569342,0.101460900587099,0.0102701312934814
"mse","ou",13,0.0690867168633277,0.0657543935265915,0.0666675948735119,0.068945088822458,0.0716714684630801,0.0736774647596396,0.00260160864399281
"mse","ou",14,0.0635452147820965,0.0625749060694592,0.0626557260056911,0.0632669273631075,0.0647289986272888,0.066221258963543,0.00106673312595329
"mse","ou",15,0.077801130888764,0.0702672918970059,0.0729384818088201,0.077746952129454,0.0827843383817834,0.0857909975441615,0.00539342515826194
"mse","ou",16,0.0680402268088465,0.0637383249707659,0.0647709498185341,0.0676974680125753,0.0718151650140553,0.0737056349517444,0.0035869555551508
"mse","ou",17,0.0683580328068377,0.062908286562629,0.0637565872610061,0.0671682323282139,0.0746975673302425,0.0813276937019865,0.00541614801823205
"mse","ou",18,0.0688090042688457,0.0653220707955216,0.0663610051769428,0.0686304002179712,0.0713015221604278,0.0730187003364247,0.00264292526157019
"mse","ou",19,0.0672637810068428,0.0640350177994341,0.0648966121339955,0.067152623370042,0.0697611052094896,0.0715526612103871,0.00265702864197269
"mse","ou",20,0.0732319945192171,0.0647464859288596,0.0666488851629279,0.0720582150576347,0.0813210787488532,0.0876331443773908,0.00736430627755326
"mse","ou",21,0.0676393431895689,0.0637847004938364,0.064681719539063,0.0672801072387471,0.0711101732750638,0.0738743337184258,0.00328920862769312
"mse","ou",22,0.0725571032348705,0.0659560872443796,0.0678210684645425,0.072050291398169,0.0780145840192008,0.0818334475505993,0.00539973502382901
"mse","ou",23,0.0809046917060014,0.0718731796867245,0.0747269370102112,0.0802646200118947,0.0881255878336102,0.0937139256282315,0.00662927405407511
"mse","ou",24,0.0700988325118361,0.065931430279206,0.0673372311779807,0.0699236366050139,0.0731579846410376,0.075199852966619,0.00293901484932098
"mse","ou",25,0.0727742255255318,0.0666183524185121,0.0685232304107478,0.0723498920866346,0.0775607207296693,0.0807936846990953,0.00473326453687783
"mse","ou",26,0.0782402104222668,0.0712151681560902,0.073327158221643,0.0780644033977377,0.0832819571531958,0.0855993566489111,0.00519218911096539
"mse","ou",27,0.0719941343614226,0.0657103911142194,0.0672885929004556,0.0714472953187895,0.0773739913014664,0.0809931633849832,0.00553599139869083
"mse","ou",28,0.0661491373345267,0.0628083305159193,0.0633005866053306,0.0655820880000573,0.0699637833354674,0.0725355766026844,0.00323195903810196
"mse","ou",29,0.0715668101900338,0.0677084402497391,0.0688952328987416,0.071454086763784,0.0744309861298137,0.076310391528359,0.0029522383725477
"mse","ou",30,0.0747757215560865,0.0692282212867515,0.0708928512976208,0.0744246190977646,0.0787800303603623,0.0819703668117434,0.00415176195169366
"mse","ou",31,0.0670644601573615,0.0631528070464192,0.0640151097459396,0.0667474838354401,0.0703735209390229,0.0728782772891719,0.00351759412078728
"mse","ou",32,0.0737995159509459,0.0689589868707154,0.0705613940618934,0.0735516852763999,0.0774452381348053,0.0795573680527446,0.00331033707231265
"mse","ou",33,0.0719989366185569,0.0673232278412559,0.0688816841926472,0.0719025336172235,0.0753554023170794,0.077470152427336,0.0035142022320056
"mse","ou",34,0.0681689413233945,0.0638459495438909,0.0648997913749512,0.0679333933756826,0.0717824578426194,0.0742087412998355,0.00356097435361832
"mse","ou",35,0.0763346303927752,0.0696485324391866,0.0716901846727722,0.0759755635690325,0.0815478347538662,0.0847012209306958,0.00491146771078307
"mse","ou",36,0.0736360456754624,0.0676485494974722,0.06931418255378,0.0734976670718675,0.0780094696591759,0.080749513555383,0.00474919069860853
"mse","ou",37,0.0664621301683022,0.0631710375782167,0.0637112983670872,0.0660147831218677,0.0697950626403994,0.0719140824929258,0.00313337193479449
"mse","ou",38,0.066210889959474,0.0635648253389635,0.0643276912625471,0.0660103352899163,0.0683304529441984,0.0699400251735312,0.00218415643627155
"mse","ou",39,0.0777495371958751,0.0723679826651619,0.0741855467935722,0.0774061276027762,0.0819593253370061,0.0841796976634745,0.00385030465014355
"mse","ou",40,0.0680627879720664,0.0640446329023677,0.0650807947639517,0.0677702356952883,0.0712825681040676,0.0738291005340999,0.00343738483408496
"mse","ou",41,0.0674691105958677,0.0638398949045168,0.0647920972742578,0.0671248721455897,0.0705021334460495,0.0727627166812858,0.00302566446525836
"mse","ou",42,0.0705351692447059,0.0648207893237558,0.0664622551770224,0.070222106388531,0.0746928700407479,0.0782088128376495,0.00432910031323845
"mse","ou",43,0.0667146518716745,0.06356672212708,0.0643305291149732,0.0664462105825502,0.0694291012858317,0.0712909606275995,0.00250422597310015
"mse","ou",44,0.0676261546450191,0.0637600553286857,0.0648441525131678,0.0672647586701729,0.0709693784563119,0.0730650092584601,0.00325958136512419
"mse","ou",45,0.0648441348896562,0.0626459745842852,0.0628359364597291,0.0643593582452099,0.0673897637079334,0.0700366815511976,0.00237546137255532
"mse","ou",46,0.0799945665353463,0.0739349299483717,0.0759259324340631,0.0798572378165197,0.0840647867503735,0.0869723268171056,0.00422500556122224
"mse","ou",47,0.0648047016548012,0.0626434932573443,0.0628684759088408,0.0642543452517339,0.0673651650871139,0.0702328668199682,0.0023566470055576
"mse","ou",48,0.078838962960751,0.0697347696785006,0.0729846065725546,0.078687655059009,0.0847315596674734,0.089004420737097,0.00645408317807385
"mse","ou",49,0.0735046068744328,0.069276472724395,0.0706264272362578,0.0732905695620484,0.0766108041507994,0.078617271569569,0.00330153391722822
"mse","ou",50,0.0680190225332067,0.0640199331401167,0.0650912532503012,0.067779986164329,0.0710504784212997,0.0733005220209653,0.00333541739009076
"mse","ou",51,0.0840678970747391,0.0789203590106876,0.0805489523694525,0.0839283128034906,0.087757933652021,0.0898824144190382,0.00405875219310392
"mse","ou",52,0.077395591247269,0.0721891718628039,0.0735816525211911,0.0771519916968503,0.0814964690086078,0.0837369258980466,0.00434250906917058
"mse","ou",53,0.0683561844874628,0.0638887117095921,0.0650849753190409,0.0680258875964613,0.0720277157720311,0.0742215978456907,0.00369572433057044
"mse","ou",54,0.0658424769757114,0.0629764759668949,0.0636060762936717,0.0655931224651511,0.0685143823320215,0.0699797338778225,0.00260396784855947
"mse","ou",55,0.0643301617505918,0.0626376717299769,0.0628862516554871,0.063999737317542,0.066168306241357,0.0680106664176984,0.00173082211891916
"mse","ou",56,0.0655821618455291,0.0627986826427582,0.0632696828677472,0.0652434227736171,0.0682306379647007,0.0705969095508235,0.00269076519157525
"mse","ou",57,0.0650356259736808,0.062646101335543,0.0629051725114838,0.0644025939575898,0.0678235736094547,0.0702032277452563,0.0026108622474372
"mse","ou",58,0.0719497541859433,0.0670682660165317,0.0686274509353546,0.0718134248224823,0.0753380242984891,0.0774567376329392,0.0036471144663482
"mse","ou",59,0.0647957697327527,0.0626154477987692,0.0628134810004768,0.0641355725093425,0.0675587560214851,0.0708901016294059,0.0022309532255618
"mse","ou",60,0.0700823776538491,0.063770366763274,0.0649918736001311,0.06897686824677,0.0770356801715577,0.0818204361269978,0.00584172090298302
"mse","ou",61,0.0671635658793513,0.063196248459655,0.0639056542011531,0.0667164233646014,0.071088682711056,0.0736748933262776,0.00371763330733352
"mse","ou",62,0.0641595089897593,0.0625866205752064,0.0627004176156945,0.0635407611686627,0.0663692015575607,0.0688411429945611,0.00185657107959476
"mse","ou",63,0.0666485119737273,0.0627309922783042,0.0631473230498423,0.0657667028404582,0.0708975436960742,0.0750845969653552,0.00421762295133285
"mse","ou",64,0.0712351774590303,0.0668372018544938,0.0680462741135043,0.0710130212237881,0.0745741078584356,0.0769084589009893,0.00364640011680331
"mse","ou",65,0.0653742901339185,0.0627318044573895,0.063166338272314,0.0649904409147843,0.068043378917321,0.0701564459388212,0.00261895171893346
"mse","ou",66,0.0717794612944051,0.0669179041077556,0.068324070239414,0.0715214567251584,0.0755392084535999,0.0776750357648445,0.00377103392241962
"mse","ou",67,0.0672375925975479,0.0635471886144063,0.064315622259876,0.0668625441119233,0.0703572676049469,0.0734293599711885,0.00307926552909736
"mse","ou",68,0.0671651609011674,0.0636357684255146,0.0644030263160854,0.0668917783035706,0.0702169386677033,0.0725211948451014,0.00330787031024125
"mse","ou",69,0.070099624236323,0.0662007206844899,0.067309383672402,0.0699636447760235,0.0730905572996461,0.0745105806089099,0.0029658560251475
"mse","ou",70,0.0734920606363678,0.0664202400160107,0.0681476151160296,0.0728933771262021,0.0794427581018359,0.0844218906764693,0.00583394198816252
"mse","ou",71,0.0680943199516249,0.0643535282393172,0.0653911921346577,0.067865303323146,0.0710584820751591,0.0729380783658147,0.00316513549888818
"mse","ou",72,0.0644867208920188,0.062595465771061,0.0627200868257298,0.0638610801055847,0.0671316428405123,0.0699827541024597,0.0021418491713811
"mse","ou",73,0.069332724810214,0.0652121084373303,0.0663074106225191,0.0691068711566906,0.0726539522706181,0.0744746392520218,0.00323578822840953
"mse","ou",74,0.0770893667283519,0.0701225306292312,0.0722183954610447,0.0770496936885059,0.0824625571861287,0.0856799167780609,0.00518723308828566
"mse","ou",75,0.0741347004215328,0.0676556524116298,0.0696975336959982,0.073860412652056,0.0789908656822487,0.0821092860621538,0.00507507001236374
"mse","ou",76,0.0825603199802307,0.0693306295382575,0.0728536989725931,0.082136283522593,0.0927520347588631,0.09822549657346,0.010996592080562
"mse","ou",77,0.0647043887771485,0.0626903632933246,0.0629905335562442,0.064436108305118,0.0667354098773681,0.0686893381791388,0.00194732885600372
"mse","ou",78,0.0673307950348669,0.0636004433934892,0.0644342322804258,0.0671372568331906,0.0703448848665976,0.0724739937546492,0.00331123825433237
"mse","ou",79,0.0651592344391305,0.0626946306422417,0.063012482131943,0.0647498956958685,0.0680116849169279,0.06987500311869,0.00252311349280285
"mse","ou",80,0.0824048216228856,0.0776368095288458,0.0792854812212059,0.0823750261608479,0.0855284446448674,0.0875713180477806,0.00328102491614522
"mse","ou",81,0.0653383914206913,0.0627590102956345,0.0631171523096382,0.0648847974341906,0.0681678430938102,0.0703048990717258,0.00268257054678721
"mse","ou",82,0.0740373700210141,0.0698440330294225,0.0711669413988473,0.0739244175547237,0.0768964677558788,0.0783917557120876,0.00295171715910371
"mse","ou",83,0.0769427454871139,0.0694596736448753,0.0718287414221951,0.0766141712942389,0.082566234612891,0.0869925681499142,0.0054425711491053
"mse","ou",84,0.0738601663055625,0.0675829971585601,0.0696768741712485,0.0737139139287004,0.0782040554502493,0.0811305914031561,0.00451400868394151
"mse","ou",85,0.0691012823689231,0.0644799589773282,0.0655794725564717,0.068820248563233,0.0728015674742881,0.07603033660416,0.0038513838370508
"mse","ou",86,0.0677912709622601,0.06456856972951,0.0654045461852753,0.0676174074379501,0.0704057485081182,0.0719791680625322,0.0027039617931814
"mse","ou",87,0.0767664406855951,0.0698977926494956,0.071854203482028,0.0764145927413553,0.0822701150458225,0.0860052769075969,0.0055439698761813
"mse","ou",88,0.0691552227343317,0.0637256340776367,0.0650353589224888,0.06871138819637,0.0736673865799859,0.0774627511867252,0.00464534553993408
"mse","ou",89,0.0683272836502041,0.0646993959622576,0.0658769511697682,0.0681752392655512,0.0709458252353114,0.0728477603864064,0.00267512027759158
"mse","ou",90,0.0763765743158262,0.0699879805257935,0.0721805292627272,0.0761818632230108,0.0810477396419792,0.0835555116019726,0.00418656373441367
"mse","ou",91,0.0707571431309527,0.067417099072803,0.0683714541241903,0.0706505417407705,0.0731502336726561,0.0741766225693853,0.00271096212805433
"mse","ou",92,0.0715267298820464,0.0680938715331068,0.0693160807796545,0.0714267837329053,0.0739388401438842,0.0753242407642012,0.00241478782714429
"mse","ou",93,0.0695545803994116,0.0653788815372304,0.0665289001633348,0.069316270487007,0.0729201365899845,0.0751521410709141,0.00333040070701848
"mse","ou",94,0.0721438917304143,0.0682243340841932,0.0694866754152872,0.072084498245806,0.0749349641932634,0.0765305189974176,0.0029634515417299
"mse","ou",95,0.067399308876926,0.0634090740684863,0.0643984097076404,0.0670113550234332,0.0709526928867741,0.0731455880768377,0.00346648505759345
"mse","ou",96,0.071057625387191,0.0662299561612517,0.067512757864684,0.0707516339975853,0.0749473605880525,0.0775973508547417,0.00391882960959399
"mse","ou",97,0.0685694938080775,0.0634659150915938,0.0645927818045971,0.0678313817941422,0.0733908666316269,0.0773825775067462,0.00471693044097567
"mse","ou",98,0.0653621971428414,0.0627195430118089,0.0631338746602696,0.0649941301220394,0.0681900137370496,0.0701679488758402,0.00266817826677476
"mse","ou",99,0.0726839816402303,0.068299288885199,0.069819897812741,0.0724546385924938,0.0759250727735434,0.0776806511905881,0.00320676920724254
"mse","ou",100,0.0705766196126723,0.0664809950091651,0.0675107997951114,0.070399184162628,0.0736904755825072,0.0758392043131458,0.00335749876444125
"ou","mse",1,0.0323664508760348,0.0133575515244186,0.018901337112107,0.0301732085104663,0.0470763772900756,0.0697613672359582,0.0136259367976972
"ou","mse",2,0.0405494824073121,0.0168262203245709,0.0226401331790804,0.0380727795464402,0.0582739043540886,0.0841972826551756,0.0179523893388154
"ou","mse",3,0.0256254473147944,0.0111925442052195,0.015553948049839,0.0235248757425682,0.0371874676222482,0.0561533577994821,0.00984821121810734
"ou","mse",5,0.048670873430516,0.0187797476862262,0.0260731569017834,0.0419134258524773,0.0785520359300014,0.119507828621484,0.0229715831905309
"ou","mse",6,0.038348413156578,0.0174967331119653,0.0226611417194899,0.0362697668132626,0.0552639414919181,0.0760551441528686,0.0160254936976254
"ou","mse",7,0.0279654720417313,0.0181666629177916,0.0203703468735901,0.0267589612756524,0.0367109550134048,0.0447448268887475,0.00858913296385697
"ou","mse",8,0.0411215717321146,0.02983032056065,0.0337964147585933,0.040906991493484,0.0487766312681473,0.0542034535684751,0.00770886683368806
"ou","mse",9,0.0284620600300368,0.0127349403283334,0.0157471689379906,0.0257626333512725,0.042722461001769,0.0617508623701667,0.0130032857092068
"ou","mse",10,0.0310399699587722,0.0127956457808412,0.015986529176487,0.0274934219943813,0.0491444462529865,0.0695260108880047,0.0166853452112911
"ou","mse",11,0.0378354828010126,0.0121019265484876,0.0178460635516035,0.0315997839887731,0.0633648966596243,0.107650417956588,0.0218417636728034
"ou","mse",12,0.0262834468183815,0.00835181142712824,0.012001052359897,0.0227461813724868,0.043793551999893,0.0715359793082385,0.0144745888472513
"ou","mse",13,0.0163032365766515,0.00697916581048673,0.00875647813472833,0.0144161793080887,0.0261388973496087,0.0384925292445493,0.00757792232215687
"ou","mse",14,0.0189887253155218,0.00840057537807652,0.0101973165711514,0.016312846999265,0.0314158309001401,0.046972082866972,0.00943538196542073
"ou","mse",15,0.0269036819247958,0.0100547280524997,0.0139207204216101,0.024571493537604,0.0426476732435519,0.0583894075409288,0.0132612884680062
"ou","mse",16,0.0447965605235295,0.0191364791408635,0.0258517607045361,0.0397387720953521,0.070936226572809,0.0998981981556706,0.0211896745672089
"ou","mse",17,0.0389107733615549,0.018379723048932,0.0248399820314846,0.0374245876821973,0.0529883985680797,0.067470115968673,0.015386077017668
"ou","mse",18,0.0210348680312094,0.00685722981348039,0.0092870612628524,0.0171798213892926,0.0383429928969746,0.0594814723451668,0.0104638013054241
"ou","mse",19,0.0242120117280907,0.00948345872595814,0.0121551072428948,0.0209729422089912,0.0388717561131113,0.059870573203933,0.0124252381415026
"ou","mse",20,0.0280352197723366,0.0113325068752118,0.0159795941168401,0.0263102749545653,0.0410553438056611,0.0548698569755663,0.0134587570262414
"ou","mse",21,0.0330035870927679,0.015354609165595,0.0198501991556052,0.0308282549899708,0.0468552659995316,0.0650110923988284,0.0141726626003895
"ou","mse",22,0.0500748915274174,0.0329332162905743,0.0377918867393675,0.049619866203549,0.0630082924464258,0.0705804842872034,0.0129315206741915
"ou","mse",23,0.0350751293735833,0.0171573119527955,0.0207529799009839,0.0323814673317791,0.0515507184483418,0.0710230148522198,0.0160534941117541
"ou","mse",24,0.0289415094518267,0.0129834807241608,0.0183864633345208,0.0284621002710262,0.0391702852096152,0.0485111354065765,0.0105668729902183
"ou","mse",25,0.0516320699761662,0.0309931989833267,0.0368430248656534,0.0493294627687541,0.0684536295130024,0.0881843866623885,0.0146771409707856
"ou","mse",26,0.0257218528941552,0.00948359740827874,0.0122302120581071,0.0217446244402318,0.0443474677490153,0.0693805870879381,0.0141623399942614
"ou","mse",27,0.0295752151467702,0.0131985107382163,0.0163512767977341,0.0268468990879026,0.0458072379448855,0.063473196471503,0.0142741059245879
"ou","mse",28,0.037674632628318,0.0206369558949873,0.0246214421655701,0.0354605064721216,0.0529631601454758,0.0683531759463737,0.0140594739146471
"ou","mse",29,0.023823573430631,0.00873997843465303,0.012564284441795,0.0221491365922008,0.036758963249848,0.0501841932744018,0.0119937754627774
"ou","mse",30,0.030161375100812,0.0152955659628192,0.0197304424650016,0.0296993104016876,0.0398194242773717,0.0514716563430504,0.0106475556564842
"ou","mse",31,0.0307587558250008,0.0144514420077413,0.0178098529304723,0.0281979035179323,0.0438231364587687,0.0640734629195719,0.0127971777240925
"ou","mse",32,0.0239566838002587,0.00835204628769792,0.0116378925495648,0.0207951321880008,0.0393767382925834,0.0585801098168067,0.0127129749355819
"ou","mse",33,0.0175821759449617,0.00867868261170271,0.0100712728685276,0.0154585716416751,0.0271795846924739,0.0423233911690895,0.0075903562332517
"ou","mse",34,0.0285086557993585,0.0120639907336318,0.0187675774967657,0.027953880614702,0.0386364631920234,0.048000370060542,0.00992855304223267
"ou","mse",35,0.0251070255833451,0.00962335666015988,0.0124465953774734,0.02066555286033,0.0421594671624098,0.0685853724383965,0.0134764352495992
"ou","mse",36,0.0514774378203083,0.0356451384882395,0.0403542530165682,0.0510061923183068,0.0631835851980296,0.0699996726479998,0.0118701391782879
"ou","mse",37,0.0480469921028161,0.0320563037070425,0.0370219913794441,0.0473994362824237,0.0600911885207338,0.0658923383739849,0.0120546974884663
"ou","mse",38,0.0287805255929587,0.0168080772962038,0.0200559316892375,0.0279294532092236,0.0385727524835755,0.0463307274154419,0.00895094319196651
"ou","mse",39,0.0373152798799347,0.0167770996870843,0.02218518599419,0.035064206271751,0.0523091344735233,0.071999167728823,0.0150684095674348
"ou","mse",40,0.0344878361391,0.0181510049753295,0.0230189308541089,0.0332909678173194,0.047232580577269,0.0560250459949957,0.0113918881634723
"ou","mse",42,0.0275701456998889,0.00936560843026569,0.0129398583945789,0.0231702780786977,0.0455323840881737,0.0804192343974342,0.0141812723392274
"ou","mse",43,0.025116025837608,0.00826449967843534,0.0124100297153912,0.0220213977582537,0.0373457434195576,0.0670399994148089,0.0125858091000696
"ou","mse",45,0.0248964998795043,0.0101714782974147,0.0135011649198522,0.0223643174675105,0.0386798238101977,0.0557276969769567,0.0122069971730686
"ou","mse",46,0.0350777517840179,0.0191290678366883,0.0234149967856394,0.0336871253678396,0.0479118503529564,0.0574337402153289,0.0127546471974874
"ou","mse",47,0.0304231747438904,0.0125070514485902,0.0161754607452067,0.0264896355556207,0.0485949397323506,0.076505425484226,0.0150592914314153
"ou","mse",48,0.0365126557219704,0.0174476607958336,0.0221879411217181,0.0345341819587132,0.0517178898055287,0.0696896113786155,0.0148080558872148
"ou","mse",49,0.0328702297725715,0.01583738701113,0.0193478927238517,0.0300808708547795,0.0492304665993968,0.0690602686379763,0.0136561735821966
"ou","mse",50,0.0336398954054655,0.0202343423117585,0.0232524427585039,0.0321958027206133,0.0449976930415956,0.0556804433453223,0.0109078955551316
"ou","mse",51,0.027337438840338,0.0107214320978838,0.0153592951752004,0.0255935966290562,0.0397673291715607,0.0630664179744367,0.0114550857942654
"ou","mse",52,0.0404328015825428,0.0226230840877278,0.0281710643869712,0.0383489338099723,0.0549974160800209,0.0664874907914068,0.0127820816717406
"ou","mse",53,0.0391122126862002,0.0163037653679114,0.020959633269965,0.036851153238943,0.0594281923194664,0.077616337435951,0.0182413470843993
"ou","mse",54,0.0438045443799746,0.0287913449834007,0.0328631276054213,0.0423685763198911,0.0565010694222126,0.067249884079017,0.0122502950162337
"ou","mse",55,0.0450248910842509,0.02875387142605,0.0339140744698278,0.0443669376297052,0.0565348631894492,0.0670970075360443,0.0118207698243974
"ou","mse",56,0.0201340722086353,0.00956618365718863,0.0114291124529384,0.018093329809315,0.0311357724767674,0.0458913956890767,0.00922589094930457
"ou","mse",57,0.0307876942236033,0.0128793520427173,0.0165095119240438,0.0266673931004599,0.0490875998288442,0.0736873826299466,0.0150223209053097
"ou","mse",58,0.0356338807273568,0.0176062972613925,0.0221173847670088,0.0335162567315932,0.0506524031947822,0.0662322024468555,0.0144261991058255
"ou","mse",59,0.0323962368165558,0.014656283492175,0.0187134125083862,0.030007373188615,0.0468023013819747,0.0675296390160304,0.0135631177597159
"ou","mse",60,0.0344660493156787,0.018495402017465,0.0223239418311419,0.031839795902771,0.0494426264753812,0.0680526557975034,0.0134791119660075
"ou","mse",61,0.0247450140605962,0.0104577737293722,0.0132137020139175,0.0211736428709444,0.0394657034951775,0.0554399966894963,0.0125769045825251
"ou","mse",62,0.0408875975686046,0.0245110311979306,0.028967289957116,0.0403792106768922,0.0522245214772138,0.0601085153131691,0.0118723402670209
"ou","mse",63,0.0250332162222393,0.0118721426742228,0.0141521858031855,0.022625487750661,0.0391213708546766,0.0564090787704047,0.0113157827195573
"ou","mse",64,0.0346961596774795,0.0198667985424689,0.0245832849498283,0.0338943614734496,0.045607839939036,0.0542603812588028,0.011162391757843
"ou","mse",65,0.0397023894105591,0.023369638259184,0.0276156368859916,0.038340682380393,0.0534854115287019,0.0647001176411287,0.0135862821752665
"ou","mse",66,0.0232823432118132,0.00694430374679891,0.010200062898608,0.0197302358664666,0.0361337528428894,0.0668453198986913,0.0120715219763978
"ou","mse",67,0.0369563198729314,0.0176972422258204,0.0234043371729672,0.0354896189794058,0.0509829013666672,0.0651291194841145,0.0140485812322407
"ou","mse",68,0.0357227038025227,0.0181446334120741,0.0226014369172504,0.0332499494293462,0.051054953810312,0.0675311441671974,0.0142597899882904
"ou","mse",69,0.0247116724554543,0.0079636950628818,0.0124851955288202,0.0222593761575604,0.0375317449631692,0.0617531320789168,0.0114551140521746
"ou","mse",70,0.0295342760547109,0.0142343453771663,0.0182151508697406,0.028656933970403,0.0415568852891569,0.0523130058779654,0.0120940242478173
"ou","mse",71,0.0366214660342423,0.0138307041336748,0.0187600243277433,0.0322537900956435,0.0585733250696038,0.0897258011021247,0.0175102083436892
"ou","mse",72,0.0328951202610381,0.0129301814772468,0.017291850016635,0.0299763481330203,0.052541359816782,0.0706491542351192,0.0167554046005133
"ou","mse",73,0.0301718089550851,0.00982979206626487,0.0149134624762535,0.028814459002394,0.0438794035591174,0.0601152415203971,0.0140500564287749
"ou","mse",74,0.0261756997729619,0.0117481898851737,0.0159294007453172,0.0252399801694858,0.036478114535331,0.0454567216651938,0.0108635742601207
"ou","mse",75,0.0308306037275619,0.0121371720352887,0.018995530978687,0.0299662086765401,0.0418032699322232,0.0528173960582838,0.0110438089312352
"ou","mse",76,0.0202251469268139,0.0110986638013515,0.0138204774665663,0.0195683562862763,0.0269352333435775,0.0345832147158093,0.00698384366874287
"ou","mse",77,0.0388297781361794,0.020979133114434,0.0261782159247926,0.0371934587961086,0.0533281609722894,0.065620342526828,0.0131616982933045
"ou","mse",78,0.0283645255097675,0.0110312443224425,0.0142748705309756,0.024915280759747,0.043688613176351,0.0724835620882862,0.0139413146747767
"ou","mse",79,0.0385570180946636,0.0201943315926105,0.0238399864550738,0.0361528683876797,0.0548279074793244,0.0749174999892166,0.0144603608691469
"ou","mse",80,0.0373502401564305,0.0151213825251121,0.0200629362689917,0.0330606417045868,0.0593638835895946,0.0845444651098824,0.0179703429029179
"ou","mse",81,0.0274863613473619,0.0156597293872003,0.018529987616771,0.0260879058501671,0.0377999603126574,0.0486082343654073,0.009321880640752
"ou","mse",82,0.0349392655907756,0.0154216202746067,0.0205764827386351,0.0308586802678903,0.0536086213584596,0.0741502787432307,0.0155711929276902
"ou","mse",83,0.0331684499609023,0.011721037484366,0.0176430443817293,0.0309090305541728,0.0490258315460206,0.0760991975874059,0.0151460008372364
"ou","mse",84,0.0334151014279066,0.0216214607707995,0.0245589151999726,0.0326921105616336,0.0427600402339695,0.0506306159668658,0.00971617123872066
"ou","mse",85,0.0297963451714871,0.0153345942986797,0.0195516271820994,0.0286465352198751,0.0411687610398683,0.0501674450577682,0.0107341272942399
"ou","mse",86,0.0239818865311803,0.0101870247624957,0.0131708115146743,0.0218320836504122,0.0360935204477365,0.0525620397232819,0.0109545465896237
"ou","mse",87,0.023486915712272,0.00985355363892753,0.0133414078674476,0.0217956213823218,0.0339049513829421,0.0500908257035251,0.00954699702476057
"ou","mse",88,0.0505000984555569,0.0317301533289137,0.0372340387544284,0.0498325478629024,0.0634998408532698,0.0726208905347866,0.0141755431593169
"ou","mse",89,0.0257433508545902,0.0119647504953701,0.0150225351884508,0.022735011538755,0.0402655791232866,0.0541919106945253,0.0119407164874093
"ou","mse",90,0.0190760956124606,0.00599886570631944,0.00888105157172146,0.0162640420399954,0.0305796711387865,0.0490349485322743,0.00966972649244465
"ou","mse",91,0.0400646545181754,0.0220198522703219,0.0263130113787878,0.0378289804060408,0.0561107705178048,0.0729135733939673,0.0144570352658261
"ou","mse",92,0.0394191318848734,0.0239881197368872,0.0281383153642654,0.0378204065400899,0.0522829784216363,0.061058481058654,0.0124602609953846
"ou","mse",93,0.0373911818820511,0.0192856428154082,0.0228228760273487,0.0352273195450059,0.0555244385573776,0.0698827674845444,0.0155665310760993
"ou","mse",94,0.0254567243386173,0.0100418810578622,0.013051156647935,0.0228379938172378,0.0392563223876291,0.058617375651241,0.0130676808251343
"ou","mse",95,0.0559007773498712,0.0393587824993953,0.0447792384133381,0.0554518835911338,0.0673700423927075,0.0757497341013246,0.011951501878424
"ou","mse",96,0.0274472142389729,0.0126195015288598,0.0166343405097852,0.0247933109781563,0.0407772598431985,0.057537585167678,0.0110734209092225
"ou","mse",97,0.0276995448864162,0.0125943895390788,0.0156563457947357,0.024743545734059,0.043055362720202,0.0602007422084956,0.0123798137047922
"ou","mse",98,0.0429495862582459,0.0240201567363112,0.028449029610688,0.0409888509439738,0.0595183072960252,0.0746048141929333,0.0157715913285451
"ou","mse",99,0.0424310468096246,0.0263277279504278,0.0307467899471181,0.0411315703895587,0.0549730974163377,0.0670720760208251,0.0122490555212864
"ou","mse",100,0.033308407265302,0.0169742414234516,0.0217092921084694,0.0316213902970505,0.0460728141416564,0.0589903316982879,0.0122871714802382
"ou","ou",1,0.0216531400648405,0.00605512796690868,0.0111067128523237,0.0214773757147919,0.0319597712118537,0.0393449119347277,0.0105993207554406
"ou","ou",2,0.0241488015071463,0.00636086491085802,0.0113519024126318,0.0236082409181205,0.037031783300514,0.0441285652774936,0.0132221688415055
"ou","ou",3,0.0173991369304982,0.00420689417940959,0.0078788095587672,0.0168308813452118,0.0273810686718337,0.0332707776454975,0.01060180898793
"ou","ou",4,0.0081315967105637,0.00165772451155596,0.00320669896344517,0.00766685363846651,0.0138347996189343,0.0174648391981384,0.00582159911140841
"ou","ou",5,0.0292158194345604,0.00883856119714311,0.0157397926511567,0.0289949347160901,0.0428707830165122,0.049644764312217,0.0136017884015242
"ou","ou",6,0.0231411844371175,0.00767262297675653,0.012349390608995,0.0229720747805683,0.0342699019588302,0.0394289482740726,0.0118250252609087
"ou","ou",7,0.00889287078333586,0.00130621981003444,0.00317255100879697,0.00836920540936192,0.0154559121925368,0.0189083595476661,0.00654571222348131
"ou","ou",8,0.0235770931725459,0.00970363841429947,0.0144231822931281,0.0233514479496939,0.0336874156828888,0.0380804217644699,0.0105082814600638
"ou","ou",9,0.0159679355937644,0.00278912882208486,0.00585533418469311,0.01492832535588,0.0278638067202478,0.033594719311787,0.0119063925261307
"ou","ou",10,0.0193511354451167,0.00388460694364966,0.00768246370672744,0.0187356180857165,0.0320460263686998,0.0385470645143549,0.0133297786065577
"ou","ou",11,0.0197021964329669,0.00509848721796833,0.0087073874828183,0.0193819441645126,0.0310595471102901,0.0367984821406847,0.0121957075858268
"ou","ou",12,0.0175038121923041,0.00397841405766642,0.00697809075703596,0.0164792696036629,0.0288962955780379,0.0362859749322111,0.0119910810125545
"ou","ou",13,0.0107030769552506,0.00233184286663688,0.00479518263157633,0.0103338734589174,0.0172690815880257,0.0213321468042222,0.00679294955875424
"ou","ou",14,0.0102531748648474,0.00181483587843934,0.00387474810950597,0.00998451751150676,0.0168265188242805,0.0212982048187521,0.00664984516239567
"ou","ou",15,0.0229659844822766,0.0076780873150748,0.012430783932829,0.0225227924751165,0.0340775589852026,0.0407796954585025,0.0115545392443773
"ou","ou",16,0.0272788997792215,0.0100097737449639,0.0167314294939829,0.0273480611599206,0.0379934465781426,0.0438138112150955,0.0115736514582968
"ou","ou",17,0.0423463158227964,0.0221790997522548,0.0292666853788204,0.0427113901549258,0.054803121349501,0.0605492399962029,0.014064893567688
"ou","ou",18,0.0129108410895926,0.00288977063078181,0.00531758898378324,0.0120750139930241,0.0211499495621952,0.0268157981255848,0.00865980272364016
"ou","ou",19,0.0115918932781734,0.00251769330305433,0.00485897372978519,0.0110408893831893,0.0192123016201649,0.0227535905231399,0.00791342145284712
"ou","ou",20,0.0213128387510035,0.00570390152664278,0.0103720803533151,0.0208384554138317,0.0326780776294732,0.039107955910534,0.0117508046611053
"ou","ou",21,0.0190826421262676,0.00410906124858274,0.00839392110174822,0.0190515390200921,0.0296002893544806,0.0359441689544632,0.0107405269817772
"ou","ou",22,0.0277784936302986,0.00796709695397468,0.0155778428195975,0.0275880464282355,0.0406036926790913,0.0470627210760261,0.0131591759922287
"ou","ou",23,0.0193809600629745,0.00367304583648455,0.00851758149058239,0.0188472514313539,0.0309955810442345,0.0381095541122202,0.0124514980147351
"ou","ou",24,0.0200741659333817,0.00420648097046987,0.00981049983015478,0.0199692838430972,0.0302209798292965,0.036280952030363,0.0115832774549625
"ou","ou",25,0.038811813584549,0.0225489680350641,0.0284119724973574,0.0389714740733762,0.0488067837756491,0.0544711209350526,0.0115577056079096
"ou","ou",26,0.0123277031458173,0.00252000366456212,0.00465503269713662,0.0115836405811315,0.0217479900679393,0.0265242734372928,0.00937139047473424
"ou","ou",27,0.01346110490203,0.00241715904591438,0.00505138047596309,0.012709722241683,0.0228968996512744,0.0295708394306109,0.00943784791327755
"ou","ou",28,0.0144733064256297,0.00248344100080418,0.00512294226116624,0.0139085020374469,0.0240228458825462,0.0301102098016525,0.00976140696454807
"ou","ou",29,0.0171995688927396,0.00386235047739465,0.00718945218479257,0.016284412358108,0.0281981704601949,0.0358357337817559,0.0105784504916001
"ou","ou",30,0.0243947678149328,0.0110398716990182,0.015557074812818,0.024102276137756,0.0337057288357829,0.0381327778022065,0.00920826519304797
"ou","ou",31,0.0158065093716311,0.00319673376598717,0.00624293139741763,0.0152936273051085,0.0255651517589739,0.0322521874422308,0.0104950712272437
"ou","ou",32,0.0139657239023701,0.00263658943834261,0.00527215865345473,0.0133258358346638,0.0234528474078273,0.0293633797803665,0.00978642956598742
"ou","ou",33,0.00745556654141174,0.00115074675936966,0.00260066496646815,0.00684141180727447,0.0130590599629079,0.0161886485214467,0.00557797262646678
"ou","ou",34,0.0268905158561869,0.0120300750856685,0.0160962594842246,0.0267080389722198,0.0368789961734088,0.0444597520655366,0.0110102564693326
"ou","ou",35,0.0133086930535383,0.00248216652701202,0.00481905592545739,0.0127085828465229,0.0225737368680271,0.0288490634227008,0.00971161545218451
"ou","ou",36,0.0349016975080338,0.0141716557591533,0.0218133116305059,0.034512229814767,0.0483741250090425,0.0557242133597547,0.0143531316840949
"ou","ou",37,0.0341014222765305,0.0158357918009018,0.022195333214169,0.0338238452793808,0.0462433939674369,0.0530358136320858,0.012797465040488
"ou","ou",38,0.0197432172388009,0.00646043713289895,0.0105586083942918,0.019766486777636,0.0288401804732553,0.0348317309406553,0.00987735431603898
"ou","ou",39,0.0369583537867102,0.0164399718666344,0.0223868977029009,0.0369533207917282,0.0521362228825138,0.0591045005197256,0.0151214811196344
"ou","ou",40,0.0301414556109945,0.0120642693496376,0.0179934288302891,0.0300844738407606,0.0418121758670092,0.0498669578383191,0.0127513269368627
"ou","ou",41,0.00796338169112981,0.00148139517573073,0.00298879023828377,0.00742623398687918,0.0135632988554324,0.0173559487843313,0.00595513804816905
"ou","ou",42,0.0143354298170732,0.00265707314576692,0.00535373424502614,0.0134456104572344,0.0248370333324154,0.0313921385409623,0.0107497113094138
"ou","ou",43,0.0198103699661384,0.00463851497832744,0.00840638455293947,0.019701278819105,0.0317694315786742,0.0379204819062699,0.01175460110138
"ou","ou",44,0.0192703740778142,0.00504737646895747,0.0102511907769358,0.0190153566335186,0.0295381180528958,0.0345145296758537,0.00998917082298467
"ou","ou",45,0.0145081148494062,0.00294358457303267,0.00572404927869351,0.0142350135699402,0.0234588114263505,0.0278413173033977,0.009422090791977
"ou","ou",46,0.0254302433055971,0.00864476653207926,0.0139458952232457,0.0249906629967985,0.0370922977665434,0.0433083328232244,0.0119557352387131
"ou","ou",47,0.0174228878242868,0.00459526256152625,0.00782701030039464,0.0171453527880271,0.0274722292617365,0.0325258740654165,0.0106081150282848
"ou","ou",48,0.0180991962993717,0.00353717992257613,0.00673115447757417,0.017502625978511,0.0303371089718315,0.0369726743434302,0.0131018270080689
"ou","ou",49,0.0190449011981546,0.00567487310828224,0.0103639936677566,0.0191494444443328,0.0274334548009816,0.0319328897853118,0.00924082966877761
"ou","ou",50,0.0122352620388929,0.00232165444344454,0.00467753425521616,0.0115773917763776,0.0203676357812436,0.0263169941870767,0.0089586625569694
"ou","ou",51,0.022634907034571,0.00620733985632126,0.0108946701671697,0.0224072391562616,0.0350251792009732,0.0415014882526727,0.0127963024098392
"ou","ou",52,0.0242601463710949,0.00538396682266499,0.0110054530426876,0.0234050615856148,0.0382381120380099,0.0464678130165241,0.0139093037689833
"ou","ou",53,0.0225081075094614,0.00443795242105796,0.00864185049564704,0.0221794274545021,0.0367322761320658,0.0433493541213528,0.0145654871516361
"ou","ou",54,0.0290637809151095,0.014121621251896,0.0193017251580524,0.0289844617121467,0.0381849279299155,0.0444507330489533,0.0103474453174823
"ou","ou",55,0.0194789803233991,0.00350813501261511,0.0081075987719657,0.0188740744379908,0.0317866086161558,0.038264861770199,0.0133650678308104
"ou","ou",56,0.0108061825759899,0.00187543756455592,0.00427697723209211,0.0100914806079922,0.0186258220828349,0.0233700772092678,0.00766369974414287
"ou","ou",57,0.0171203669570806,0.00359517239007683,0.0069919643055173,0.0168295412523363,0.0278435009781852,0.0344451424439036,0.0110171200634164
"ou","ou",58,0.0186859491639078,0.00455807772922239,0.00786576447513486,0.018499690068293,0.0298432838618168,0.0351197774661937,0.0120144393717039
"ou","ou",59,0.0242572984522427,0.00726306469052713,0.0127964759803317,0.0242015431495657,0.0365088979740631,0.0427390949880439,0.0127675011615665
"ou","ou",60,0.0194690134376441,0.00582298231450282,0.00957765787343066,0.0193796787029999,0.0294671644143926,0.0348578382544726,0.0109643173588817
"ou","ou",61,0.014434682947077,0.00296033989342281,0.00618509257967976,0.0142243114142561,0.023227965717046,0.0280489171050164,0.00882863342063299
"ou","ou",62,0.0287576248915992,0.0109229600584966,0.0172015184340264,0.0285795216161764,0.0412886664055381,0.0475618979456006,0.012445105465746
"ou","ou",63,0.0159883521075537,0.00292021007898229,0.0065914897666498,0.0153600666101145,0.0260374195580218,0.0324018707225605,0.00996179495676613
"ou","ou",64,0.0308413948036863,0.0142589119215777,0.0199810841084488,0.0309768956536545,0.0415463743761488,0.0471433335472453,0.0115876240721006
"ou","ou",65,0.0177462121575691,0.00415859961872481,0.0071035871869198,0.0168907254542411,0.0307560688915698,0.0366369620477433,0.0126019942018226
"ou","ou",66,0.0192669980258502,0.00452740686316956,0.00899048836632413,0.018787361273535,0.0303762325101305,0.0369123945914446,0.0119182419207532
"ou","ou",67,0.0274488528966795,0.00831040232183333,0.0141760575253233,0.0269520231967424,0.0413308332321018,0.0499723590907289,0.0144946022673081
"ou","ou",68,0.0164582669947679,0.00322553466281425,0.00630043839655225,0.0163223761510055,0.0267304319462384,0.0330767516640048,0.0110015141318371
"ou","ou",69,0.0216189879386658,0.00536262792430246,0.0103629580292439,0.0212344478647038,0.0334019240586331,0.0402088775919019,0.0119466379928482
"ou","ou",70,0.0186468993654023,0.00395786222676905,0.00862424748595028,0.0182069856873094,0.030090540358285,0.0350346587468851,0.0119592621198202
"ou","ou",71,0.0206476030901299,0.00689506226228713,0.011071584007412,0.0202012121675677,0.0303262901004764,0.0369912661211865,0.0100045554316379
"ou","ou",72,0.017396803556192,0.00354527029817044,0.00721223097883146,0.0166464915446053,0.0288723293218009,0.035789296927747,0.0113704104539625
"ou","ou",73,0.028512779344437,0.00923149834936683,0.0149668907941982,0.0283747843240149,0.0418071399527456,0.0478790632878557,0.0144708741146062
"ou","ou",74,0.0174162371681816,0.00360608796349419,0.00721528386296273,0.0169265356090966,0.0284177917050497,0.0337191432636303,0.0116576025322519
"ou","ou",75,0.0299395990026144,0.0123928833680331,0.018313031269858,0.0298834309400912,0.0417568487731435,0.0478675405969038,0.0121397868981631
"ou","ou",76,0.014001706780022,0.00446539110494469,0.00691055230024561,0.0139043215890553,0.0208344008390303,0.0244664061229907,0.0069859830701494
"ou","ou",77,0.0211186264185688,0.00532088125663802,0.00933882289583005,0.0205367812279633,0.0337149290225709,0.0412770342652224,0.0131946210050387
"ou","ou",78,0.0175158534135816,0.00404437978955673,0.00770800676919006,0.0171997306772087,0.0272324459745992,0.0331815839317108,0.0106334677541495
"ou","ou",79,0.024602326872253,0.00795732362546774,0.0130932793828052,0.0247023767262878,0.0357595051706448,0.0408870910531543,0.0124238326719575
"ou","ou",80,0.0248477715962079,0.00636233245520528,0.0112103838753533,0.0244241434173023,0.0394408643416553,0.0453837316669406,0.0140995684770681
"ou","ou",81,0.0105957796639305,0.0020020352898452,0.00394693524452621,0.0101430882956483,0.0180039085869402,0.0233624414940264,0.00764385959881184
"ou","ou",82,0.0208192796031696,0.00650880399637121,0.0114694548843213,0.0206058085636347,0.0304187899085755,0.0356207195457285,0.0105812464748454
"ou","ou",83,0.0275597976451069,0.00785534062267158,0.0136700703054699,0.0269001990760108,0.0418512571271749,0.049848997072606,0.0156333721985354
"ou","ou",84,0.0194610581428633,0.00534712172566728,0.00961496842464608,0.0193587673334591,0.0296503844940938,0.0341639762566107,0.0107149577866204
"ou","ou",85,0.0262702098175431,0.0113547333517741,0.0157950419118407,0.0261715795600269,0.0368046410300774,0.0429810967586019,0.0110906217413762
"ou","ou",86,0.0131572874325413,0.00250991458679117,0.00491658239023713,0.0121924564762424,0.0223932469434543,0.0285268802997539,0.00889252877975328
"ou","ou",87,0.0156874667777303,0.00446342709617342,0.00795248218575898,0.0153949103694355,0.0239620203709787,0.0273292569728443,0.00874285124710205
"ou","ou",88,0.0401330640555518,0.0199730306240044,0.0262974957294089,0.0401478174136933,0.0544307294333385,0.0621205370326612,0.0146153211236672
"ou","ou",89,0.013707339188786,0.00247309898706884,0.00517971979869594,0.0131643464483897,0.0233587572214539,0.0293023746162175,0.00938859938246666
"ou","ou",90,0.0143411832311782,0.0027803716456417,0.006384954616194,0.0140937064378895,0.0227447617457142,0.0270148596047459,0.00874788044679097
"ou","ou",91,0.0256946394338305,0.00890479889738911,0.0142568271823469,0.0257206094252368,0.0373406395726349,0.0429086606924379,0.0120522070788111
"ou","ou",92,0.0154444855964876,0.00316393417343957,0.00609253625806041,0.0149766678294203,0.0260728644725793,0.0323521976027368,0.0106533412877271
"ou","ou",93,0.0219175950574826,0.00459113148910112,0.00916956521140568,0.0214803763835188,0.035123673648679,0.0421093375022958,0.0133969595454178
"ou","ou",94,0.0132462315978082,0.00195284756021694,0.0046621993519059,0.0126656512687235,0.0226429730005701,0.0283033757409863,0.00974112793380686
"ou","ou",95,0.0450762155530198,0.0229066290710265,0.0316629988624811,0.0451986351317699,0.0589440078503393,0.0660157310646346,0.0140213850255624
"ou","ou",96,0.0133236119468527,0.00229183908247447,0.00495712954525344,0.0127308077655354,0.0218706049338358,0.0266367549927152,0.00912484352591951
"ou","ou",97,0.0151527149465395,0.00530686031360307,0.00768104778770188,0.0150720012027239,0.0227626714200343,0.0267962776323581,0.00799796022876581
"ou","ou",98,0.0173050474439548,0.00310123454047102,0.00626411323073121,0.0161336227407802,0.0295654655681681,0.0386546008073231,0.0123944825868183
"ou","ou",99,0.0188097257899902,0.00372099130655326,0.00776578610795923,0.0180386433354162,0.0303995107148188,0.0390284582094309,0.0123559514458365
"ou","ou",100,0.0200410017528329,0.00405238223559357,0.00826060357834168,0.0193413564971787,0.0326905077245265,0.0388439468106488,0.0129392781149809
"ou","rate_state",1,0.128406264032948,0.12624082593916,0.126444148769295,0.127764204600263,0.131334526069401,0.134630759284936,0.00238772118276201
"ou","rate_state",2,0.129702864388315,0.125983269248284,0.126118759820846,0.128233165783535,0.135946520939496,0.141320284462725,0.00477756609402671
"ou","rate_state",3,0.12856979631041,0.127480182354939,0.127790621908825,0.128456473738683,0.129509076237307,0.130168383636053,0.000844788029032817
"ou","rate_state",4,0.126579798457639,0.126003363274672,0.126042563980355,0.126333207145578,0.127397124230974,0.128569555069821,0.000660287011083088
"ou","rate_state",5,0.129251985928417,0.12622310841749,0.126454118837991,0.128094582837167,0.133884405675214,0.138594443924901,0.00344237239109729
"ou","rate_state",6,0.128555570758926,0.125997189437253,0.126114349381159,0.127440727199886,0.132884141125242,0.137534348041037,0.00278576395840083
"ou","rate_state",7,0.126725961294135,0.126287283068015,0.12637466588875,0.126610062495236,0.127206201200566,0.127979762985338,0.000361007473546726
"ou","rate_state",8,0.130090056960056,0.128870128283781,0.129189742761145,0.129968944177741,0.13105161175936,0.132179606478292,0.00104170034857637
"ou","rate_state",9,0.127086130092769,0.126026466482335,0.12613354236304,0.126659306642095,0.128511400774952,0.130322818240057,0.00106816627579975
"ou","rate_state",10,0.127201334017069,0.125978629295114,0.126023973898771,0.12676068854205,0.129025017135543,0.13063618467202,0.00158617321939317
"ou","rate_state",11,0.1275364208911,0.12625475721767,0.126408885798701,0.126984667376161,0.129275884704133,0.131915032094632,0.00115624706394452
"ou","rate_state",12,0.127179386610152,0.126141721878149,0.12627770356237,0.126797190890228,0.128593052486758,0.130169452308284,0.00103792287274357
"ou","rate_state",13,0.126265406249982,0.12596320836474,0.125987133844109,0.12613163855102,0.126698411349273,0.127262292000204,0.000361962331563687
"ou","rate_state",14,0.126903801212984,0.12648167828661,0.126571930069172,0.126823826687185,0.127343934038571,0.127817533041847,0.000340107673681811
"ou","rate_state",15,0.127162343031469,0.125971411855918,0.126051660107649,0.126841848241641,0.128759895994108,0.130286450367306,0.00141250003233109
"ou","rate_state",16,0.130714508835398,0.12701423680789,0.127437804923981,0.129826369847755,0.135555346876652,0.139836101486636,0.00398711977682895
"ou","rate_state",17,0.127737118540256,0.126546942437943,0.126822890627223,0.127474048935353,0.128975150643017,0.130370555687017,0.000993963320742253
"ou","rate_state",18,0.127395742772628,0.126584337100693,0.12677716854733,0.127230017444088,0.128243385745416,0.129109068076008,0.000653847908216487
"ou","rate_state",19,0.126766542898624,0.126006812933337,0.126069660551095,0.126446841520869,0.127858620625391,0.129238798105175,0.000856963933198229
"ou","rate_state",20,0.127283289025067,0.126033775144385,0.126147073924159,0.126906908520159,0.128948881733773,0.130369565178697,0.0014704092284385
"ou","rate_state",21,0.127208114541259,0.125963786433185,0.126004416040446,0.126586087099437,0.129265226210386,0.131730623350808,0.00146035437703668
"ou","rate_state",22,0.129959440118234,0.12641202041316,0.12672223446189,0.128769382875644,0.135043057719281,0.139877303793339,0.00385464659529686
"ou","rate_state",23,0.127332057985597,0.125963106251208,0.126008530152618,0.126506121880706,0.129715870809605,0.133036378758243,0.00150886354084845
"ou","rate_state",24,0.129780948783156,0.128274179233227,0.128699975664183,0.129662602302841,0.131033513964577,0.131871222193973,0.0011709439390819
"ou","rate_state",25,0.130881924903615,0.129007502648089,0.129370552302921,0.130404998837052,0.132849060602207,0.135763518747003,0.00162116603146678
"ou","rate_state",26,0.126625597801737,0.125962116652797,0.125979283622266,0.126232692397426,0.127617805417032,0.129637501579486,0.000677738352601376
"ou","rate_state",27,0.126836830217077,0.125982858104,0.126035688377669,0.126425023679778,0.128031791737359,0.129949621718648,0.000812675874321656
"ou","rate_state",28,0.127283333294834,0.126133235326506,0.126283763753135,0.126857412142211,0.128686744321589,0.131142641285422,0.000995112138025805
"ou","rate_state",29,0.12770069604992,0.126424723973543,0.126626968254857,0.127333509288306,0.129267405218159,0.130735531419353,0.0012813782273868
"ou","rate_state",30,0.128648727070747,0.127412274509373,0.127661006866994,0.128314346775637,0.130077926694006,0.131940994755404,0.00103919637990049
"ou","rate_state",31,0.127881296445087,0.126234302692168,0.126384026873926,0.127208847240552,0.130236352053359,0.133278906653119,0.00176908367803943
"ou","rate_state",32,0.126915083968361,0.126010412587824,0.126062652304881,0.126450591431429,0.12829513016921,0.130322685302441,0.00103131438425111
"ou","rate_state",33,0.127036547298163,0.126412766303893,0.126509421519276,0.126835407590437,0.127818169680408,0.128696342062837,0.000597404876742508
"ou","rate_state",34,0.127832205739598,0.126708971372086,0.1269307364739,0.127602137964279,0.129122095647472,0.130185504243724,0.00105473663952924
"ou","rate_state",35,0.126378020374113,0.125961094087109,0.125974644971976,0.126144893781487,0.127098691719856,0.12816768364022,0.000451686900070553
"ou","rate_state",36,0.129169318067546,0.127564661807558,0.127882361876768,0.128850271998618,0.130628682141428,0.132912330016744,0.00123675020175268
"ou","rate_state",37,0.128451864624223,0.126817020885856,0.127093152603126,0.127893837035717,0.130226593623255,0.133508448461267,0.00139669296136918
"ou","rate_state",38,0.126738973614218,0.126009412751555,0.126080833204438,0.12641657415151,0.127876561884862,0.129346571514919,0.000784213266069839
"ou","rate_state",39,0.127292462155611,0.126080356657744,0.126221544075449,0.126797669709958,0.128765551563687,0.131976877220802,0.00114885074758361
"ou","rate_state",40,0.127095739628245,0.126178129854657,0.126283295939,0.126763077902656,0.128299851755772,0.130089180286496,0.000882198912012994
"ou","rate_state",41,0.12697539303844,0.126404403750965,0.126519393787931,0.126807500052948,0.127639003263526,0.128402001757102,0.000490743618534822
"ou","rate_state",42,0.126978784318054,0.125965828496248,0.126005177975639,0.12641527708568,0.128713601576237,0.131044388342729,0.00108999740923688
"ou","rate_state",43,0.127097610412381,0.126092606532822,0.126202473281811,0.126712951814402,0.128578353401282,0.1301163305116,0.00106260000846106
"ou","rate_state",44,0.128356062601779,0.127314789647224,0.127531401039708,0.128185409419505,0.129420883588256,0.130310775763473,0.000902021882119686
"ou","rate_state",45,0.127264729888259,0.125967971779818,0.126040469125891,0.126774762270832,0.129238069764879,0.130910959456163,0.00157594720565496
"ou","rate_state",46,0.12703981475754,0.126007385339057,0.126065043631902,0.126478948256165,0.128698986261398,0.131245820436518,0.00110047187102308
"ou","rate_state",47,0.126784302122153,0.125962808628586,0.125998834173096,0.12633632346222,0.128060831395633,0.130573729453242,0.000890700950422957
"ou","rate_state",48,0.127457228555348,0.126151460643112,0.126340777733231,0.127019878342429,0.129274851217836,0.131068826047557,0.00132430264917288
"ou","rate_state",49,0.130211810140415,0.12780554747268,0.128234076619626,0.129655364911902,0.132732086597492,0.136029232523884,0.00237723335866047
"ou","rate_state",50,0.126637431617851,0.125997190357855,0.126059510119393,0.126359450992004,0.127558422153179,0.128650253049677,0.000662800596743257
"ou","rate_state",51,0.126888508640343,0.126079645931418,0.126169633023011,0.126554290443012,0.128067959434669,0.129449640333118,0.000809801404249993
"ou","rate_state",52,0.132460519701662,0.12996112835501,0.130548656374822,0.131996568116542,0.134709933883775,0.138247597783822,0.00188073044708034
"ou","rate_state",53,0.129524785803197,0.126270421236709,0.126518561480963,0.128128385170033,0.134359592683742,0.140238660855701,0.00379563626637772
"ou","rate_state",54,0.128628868060908,0.126321352050372,0.126519010160942,0.127882308095358,0.131743180256498,0.135035114152202,0.00257101840339785
"ou","rate_state",55,0.129158189484743,0.127567116114837,0.127872395255827,0.128858873175087,0.130482910267813,0.132738421428586,0.00128891221921684
"ou","rate_state",56,0.126352724376759,0.125966550975577,0.125993623150213,0.126168844093187,0.126956726962706,0.127786733172896,0.000426485017778783
"ou","rate_state",57,0.126896141114887,0.125961625718583,0.125990960523618,0.126314349342521,0.12842061691947,0.131162137841738,0.00102744641004357
"ou","rate_state",58,0.128244526795385,0.125976142217212,0.126022079138631,0.127180467440813,0.131952403179506,0.136629885570972,0.00269113457497619
"ou","rate_state",59,0.128588349730906,0.126917299069694,0.127214343069539,0.128032911885165,0.130506862810625,0.13395041963909,0.00133692848612377
"ou","rate_state",60,0.127951672479383,0.126261972367205,0.126412770047115,0.127204885445872,0.130742426941762,0.13352693757796,0.00184370352622298
"ou","rate_state",61,0.126316982096116,0.125960111077026,0.125974710176643,0.126139594427211,0.126880249422325,0.127637166986997,0.000437889261004021
"ou","rate_state",62,0.131054900407734,0.128031705361523,0.128507705487171,0.13022543125531,0.134813679159878,0.139406447306133,0.00296106721538048
"ou","rate_state",63,0.126428319844166,0.125982311472354,0.126016493840201,0.126229334737782,0.127161817593052,0.127925684408539,0.000502329848972527
"ou","rate_state",64,0.127374362851891,0.126203996895417,0.126343958761972,0.126858069117533,0.128870268836474,0.131006506662908,0.00106842554193237
"ou","rate_state",65,0.126715015505032,0.125962025222676,0.1259857013957,0.126368467175969,0.127962109621414,0.129365112032171,0.000950998698494687
"ou","rate_state",66,0.12659106755949,0.125962714747865,0.125988146274838,0.126287117680086,0.127680886626503,0.128702724134502,0.000733323021040982
"ou","rate_state",67,0.128427914916211,0.126709258150289,0.126918192379831,0.127713392892632,0.130500770838617,0.134879236084717,0.0015748586138625
"ou","rate_state",68,0.127679722827996,0.125975492667488,0.126028812393984,0.126688279818786,0.13058376153451,0.135303336572972,0.00201355775292392
"ou","rate_state",69,0.126978704856722,0.126125588514232,0.126275254324078,0.126716500600328,0.128063243612596,0.129206652003688,0.000833955380414975
"ou","rate_state",70,0.128507553913636,0.126932307028601,0.1271733046795,0.127941718020382,0.130258911437752,0.133711582971286,0.0013791582547662
"ou","rate_state",71,0.127933027599162,0.125981141737176,0.126064496977913,0.127175182152965,0.130600053177346,0.134488203170168,0.00218719135119216
"ou","rate_state",72,0.128200197575377,0.125967910592234,0.126016524351664,0.127058287861857,0.132061519499055,0.13686568607699,0.00277973644891596
"ou","rate_state",73,0.129338509677264,0.126785822875056,0.127173084461256,0.128950945091647,0.13218577458313,0.134718542145418,0.00256115095234197
"ou","rate_state",74,0.126961196845573,0.126127145394472,0.12622473731445,0.126687604451203,0.128096296196975,0.12926642902619,0.000839763949577327
"ou","rate_state",75,0.128070353543755,0.126654216112328,0.126893787254967,0.127756182192994,0.129669549190525,0.131128678453146,0.00140714245148163
"ou","rate_state",76,0.126297375763186,0.125980087698195,0.126009150232085,0.126155188655471,0.126731077307114,0.12758201372223,0.000326028002690826
"ou","rate_state",77,0.128165281088027,0.126615703790121,0.126930147318822,0.127815304320734,0.129808660900054,0.13164310056167,0.00136814988885359
"ou","rate_state",78,0.127403109737688,0.126025063086157,0.126123325814787,0.126934142068591,0.129336810513478,0.131516618590142,0.00158841008191876
"ou","rate_state",79,0.128342559154959,0.126633207337852,0.12684464998234,0.127580716266402,0.130542278702077,0.13427873010941,0.00163380514389566
"ou","rate_state",80,0.127543567537368,0.125965720397689,0.126013817579256,0.126603933775492,0.130328846123492,0.134140356331738,0.00183305713519333
"ou","rate_state",81,0.127436896502064,0.126487914053122,0.126654458739871,0.127131272251845,0.128540322969551,0.130180704083314,0.000760181189237263
"ou","rate_state",82,0.127285758069509,0.126149472296316,0.126260447296887,0.126736523184,0.129002840468661,0.131128932538183,0.00119768586409899
"ou","rate_state",83,0.127122842808104,0.125965551282088,0.126011562082852,0.126451733134156,0.128944702006207,0.131561829439573,0.0012085046533673
"ou","rate_state",84,0.128017945480544,0.12676855951109,0.126984916233597,0.127601227344666,0.129537273179028,0.131324482507408,0.00114188063539411
"ou","rate_state",85,0.126876941770087,0.126033895777559,0.12609731249509,0.126442123665323,0.12814001299992,0.130458407782457,0.000834990925265233
"ou","rate_state",86,0.127034153410183,0.126285033255806,0.126407438361164,0.126792166245425,0.127909345950216,0.129410999013695,0.000639504676587022
"ou","rate_state",87,0.127382327965095,0.126190888660737,0.126315103413021,0.127032311456247,0.128941964115561,0.13059790479218,0.00128137858824537
"ou","rate_state",88,0.130213371610185,0.128021777218757,0.128433645299373,0.129616990695487,0.132339812441055,0.136334129313822,0.00180795153895624
"ou","rate_state",89,0.12639275099053,0.12596259556415,0.125985752033796,0.126161196973846,0.127099085884039,0.128160153818655,0.000502828010556455
"ou","rate_state",90,0.126797840891091,0.126192146791681,0.126294239800168,0.126626879207995,0.127530817405305,0.128496870912491,0.000578628827502814
"ou","rate_state",91,0.127496126142276,0.125981302908104,0.126061200751305,0.126712438988817,0.129849792617084,0.132910757752937,0.00169376846969777
"ou","rate_state",92,0.127190721344549,0.125964258937734,0.126009884036624,0.126587357536201,0.129221166188575,0.131609446755502,0.00145101544531775
"ou","rate_state",93,0.126938579117593,0.125995118875505,0.126069470571186,0.126531709703623,0.128362494565048,0.129854812564954,0.0010836026200956
"ou","rate_state",94,0.126558611612884,0.125963671542528,0.125983770246872,0.126226869841535,0.127465048167789,0.129149167329977,0.000679959493385396
"ou","rate_state",95,0.130592882858785,0.128643012786632,0.129223291317328,0.130361246401049,0.132113604699309,0.133910212585451,0.00152313981015911
"ou","rate_state",96,0.127382695816635,0.126298401668865,0.126442958948429,0.126941551551011,0.128744445134628,0.130832637168928,0.000991402123770357
"ou","rate_state",97,0.127893219116986,0.127089795320779,0.127211183225728,0.127648675455542,0.128785990092123,0.130018582939376,0.000735326997781255
"ou","rate_state",98,0.128732612125358,0.126434165381743,0.126730052158514,0.127709965907798,0.131861352307309,0.138309245168933,0.00201974189868323
"ou","rate_state",99,0.127618395222674,0.126377638086649,0.126584818382578,0.127235496316762,0.129208757350958,0.131084016961051,0.000997679969913512
"ou","rate_state",100,0.12888621572993,0.127359946910886,0.127665940540027,0.128542710337312,0.130392254204326,0.132713541890866,0.00122339518392983
"rate_state","mse",3,0.0578684188140408,0.0490013082459501,0.0515248416697283,0.0574838572841513,0.064847753661292,0.0694130232407049,0.00671495267945492
"rate_state","mse",4,0.0569086256383075,0.0493267762012698,0.0508305770485335,0.0557337615674883,0.0643044304832605,0.0701379805225362,0.00717882220107958
"rate_state","mse",6,0.0526775729271104,0.0504295163760579,0.0512449584365905,0.0526078514845194,0.0541677468897057,0.0552044490715517,0.00166827359640722
"rate_state","mse",7,0.0544514475701448,0.0459143542079555,0.0472615036357453,0.0523871472882034,0.0643530743909959,0.0715870127506074,0.0089789871854092
"rate_state","mse",8,0.0542989166373612,0.0470154489658714,0.048853188308015,0.0540387586303177,0.0599397167883296,0.0638792186395316,0.00606217316476796
"rate_state","mse",9,0.060722271658935,0.0488123768206576,0.0521469250431377,0.0599789504478101,0.0702906476239216,0.0759285157804772,0.00994136858088725
"rate_state","mse",10,0.055520186134061,0.049997982115428,0.0511054720722638,0.0545902334889645,0.060929569197779,0.066482030110611,0.00505370538186567
"rate_state","mse",11,0.058971037459594,0.0485898928224716,0.0509780633184811,0.0579776348937957,0.0684104108824285,0.0756335052015952,0.0094586293914027
"rate_state","mse",13,0.0519195347189103,0.0453107524311147,0.046604128585475,0.0510407378629239,0.0584750228186698,0.0626048819177847,0.00621770802578174
"rate_state","mse",14,0.0526659590482119,0.044882581871477,0.0458181478775915,0.0509142119774165,0.0618178272290135,0.0686236718609459,0.00957083505305107
"rate_state","mse",16,0.0549703303693465,0.0517928550545113,0.0526988780924672,0.0547001939514205,0.0576086317080626,0.0601357099450743,0.00235566388042779
"rate_state","mse",17,0.0485546890313697,0.0448955514772175,0.045517633370826,0.0477896902117249,0.052478211891261,0.0575677403066564,0.00337766856242761
"rate_state","mse",18,0.0561462296063066,0.0492224377310542,0.0510909071147497,0.055302059563565,0.0624566375703666,0.0660007597463398,0.00581376628393562
"rate_state","mse",19,0.0568306598457589,0.0451633380440736,0.0465706758692506,0.055520951865188,0.0690977542929192,0.0766047956686917,0.0131028620525179
"rate_state","mse",21,0.0699638904001665,0.0576469126371525,0.0616031585672076,0.0696211356950558,0.0788267338865015,0.0839794376532626,0.00948992189814186
"rate_state","mse",22,0.0559901961702439,0.0491086850248858,0.0509686558862222,0.0555740785882722,0.0614672599497257,0.0653133693087622,0.00545769577040407
"rate_state","mse",23,0.0613770753001648,0.0490986805450855,0.0519581489651012,0.0605531262056943,0.0715464837262791,0.0786277776060752,0.0112291658092347
"rate_state","mse",25,0.0555991175946941,0.0478066928392412,0.0495719154209107,0.0545474381561888,0.0630452811941885,0.0688796650111084,0.00724457229456081
"rate_state","mse",26,0.053521962016259,0.0466945691932149,0.0482926446817215,0.0522995140495788,0.0600376317179179,0.0665501106383003,0.00585914177068492
"rate_state","mse",27,0.0511063030309633,0.0453998487126179,0.0463388484560341,0.0496510157351742,0.0581825938353302,0.06371324882256,0.00602674255928199
"rate_state","mse",28,0.0530926483867522,0.0456831405095667,0.0470876291695664,0.0522238534411112,0.0599429240247147,0.0665301238240296,0.0067923412407031
"rate_state","mse",29,0.0516246467828371,0.0448178600465229,0.0453646207825538,0.0496610727558933,0.060543165000976,0.0691100307670025,0.00804693345392342
"rate_state","mse",30,0.0564821555472158,0.0474744537367167,0.0491923445747391,0.054908566649825,0.0659751531783156,0.0734704185352062,0.00843738164224044
"rate_state","mse",31,0.0589483351668264,0.0516172894365239,0.0537265396416472,0.0584699923903048,0.0648636391197017,0.0681179127552613,0.00601667727891838
"rate_state","mse",33,0.0496531583154497,0.0453153025533503,0.0460499977019543,0.0483325124013523,0.0554025789415087,0.0598522898881539,0.00432496220943372
"rate_state","mse",34,0.0505448256284038,0.0463102924915886,0.0472420787801033,0.0497445509990129,0.0549117830348461,0.0593595971328844,0.00396397922395743
"rate_state","mse",35,0.0496355896699473,0.0449576699446735,0.045690556528051,0.0485708163909952,0.0547865424727476,0.0604868343799265,0.00466537978184852
"rate_state","mse",36,0.0482675350653777,0.0458959161102162,0.0464131543783399,0.047841136890661,0.0505469965202321,0.0540001445249443,0.00187241363750443
"rate_state","mse",37,0.0569145513057444,0.0453344251174923,0.0469928005016627,0.0553648752264375,0.0684246427872508,0.0774606865901703,0.0118376719365658
"rate_state","mse",38,0.0505896602334948,0.0449570907079865,0.0457558837419498,0.0497529570660104,0.0566426450748922,0.0606986661261979,0.00606041355497894
"rate_state","mse",40,0.0541748821336201,0.0457505573651082,0.0470641992357835,0.0529510375278177,0.0634151838842877,0.0692956427094209,0.00919720640388814
"rate_state","mse",41,0.0530147598516426,0.0469463907836818,0.0483876614386595,0.0522722147126788,0.0586430380422457,0.063026872613692,0.00528875433286957
"rate_state","mse",42,0.0505978345007533,0.045075680971884,0.0460227561405477,0.0495373558566587,0.0566312998341305,0.0616668550639362,0.00545410621160304
"rate_state","mse",44,0.0514859765315062,0.0476476053154081,0.0486367563090004,0.0509558585597261,0.0549459269518991,0.05822699872491,0.00334908959011433
"rate_state","mse",45,0.0581258056176713,0.0454672097798054,0.0473395448503054,0.0572799490258083,0.070195629740087,0.0771366419045262,0.0130301264074985
"rate_state","mse",47,0.0519751086443069,0.0456684950084391,0.0466672391673858,0.0504303040782695,0.0597315553960973,0.066851025660681,0.00669646917333128
"rate_state","mse",48,0.049316712412257,0.0447565134749765,0.0453817028588804,0.0482466096610284,0.0545199005381111,0.0594609707400946,0.00481262376836157
"rate_state","mse",49,0.0505988792252048,0.0449655796220703,0.045631622872177,0.0489948330527595,0.0579743856226337,0.0649961561085538,0.0055997200644094
"rate_state","mse",50,0.0514875589069887,0.0464686319404065,0.0476266036858118,0.0505109844452577,0.0568359525397714,0.0618230054794501,0.00418916167524713
"rate_state","mse",51,0.0496303812810272,0.0446771501342094,0.0452915585250485,0.0484722394992558,0.0555348907812256,0.0610748859313114,0.00519366313154147
"rate_state","mse",53,0.0500569857099367,0.0446999192062451,0.0451718078258866,0.0482575230677506,0.0573138042856347,0.0635477938289212,0.00641180910960319
"rate_state","mse",54,0.0591706135480581,0.0504899851188566,0.0528133215808334,0.0587594837856491,0.0664033763547959,0.0709600690805565,0.00692950839128744
"rate_state","mse",55,0.0543303897529677,0.0467431345643763,0.0483093837349595,0.0537235166361055,0.0611641511704104,0.0656063606364413,0.00689754772750234
"rate_state","mse",56,0.0581317258584722,0.0491344941018036,0.0513837967604807,0.0570115075706739,0.0667445475341096,0.0718551184393288,0.00797863606869971
"rate_state","mse",57,0.0608816448526062,0.0509441518625985,0.0534869585970312,0.06040372091221,0.0687476278789282,0.0740233008917096,0.00733796899765692
"rate_state","mse",58,0.0489013826023385,0.0445959923009958,0.0450824832325666,0.0475980357673432,0.055026277486689,0.0599623430227117,0.00427219097296261
"rate_state","mse",59,0.0584451727960184,0.0501600515823854,0.0522009432976303,0.0578479037873778,0.0655375208119965,0.070321920998986,0.00656742180468611
"rate_state","mse",60,0.054641305586653,0.0455180248312808,0.0465820139889133,0.0533000968374996,0.0647243357117443,0.0715312655181718,0.0100128151810657
"rate_state","mse",61,0.0505976713009098,0.0451258193554838,0.0459937689603976,0.0495822319232974,0.0567593992115233,0.0606987239336637,0.00614947460205741
"rate_state","mse",62,0.0539065848990502,0.0508087298810292,0.0515888096255016,0.0534066663811072,0.0568383630566728,0.0598806028443795,0.00249559245881741
"rate_state","mse",63,0.04832253811353,0.0448113941425937,0.0453201679389095,0.0475764607756411,0.0522814802219486,0.0567542735577238,0.00340800660644235
"rate_state","mse",65,0.0493118721754913,0.0446559696927176,0.0451347939235886,0.0478000312755272,0.0560354020635593,0.0631953414743542,0.00485268051691882
"rate_state","mse",66,0.0504950994875749,0.0451311644755519,0.0457319859889456,0.0491060696099316,0.0577046905828994,0.0620303715944414,0.00569892638391058
"rate_state","mse",68,0.0657848480053074,0.0507405011722753,0.0543337176068644,0.0655890011625268,0.0771948022948613,0.0827980049170479,0.0117415386094957
"rate_state","mse",69,0.0518756507834834,0.0450891960540226,0.0463684791249337,0.0510683007357653,0.05829613072575,0.0633805243513609,0.00654750776982872
"rate_state","mse",70,0.054169718872476,0.0452673458293433,0.046698608279713,0.0527422301098593,0.0640597707798104,0.0709590630518487,0.00872980301525422
"rate_state","mse",71,0.0506298465473742,0.0453334379114956,0.0464199641373349,0.04999406846214,0.05574921784621,0.059911355375053,0.00466537220301497
"rate_state","mse",73,0.0546477911798963,0.0453444831990566,0.0470936865787235,0.0540309190039503,0.0626803792036118,0.0694637399661392,0.00855216754197287
"rate_state","mse",74,0.0552683281343709,0.0477036683937372,0.0496902575565179,0.0545816730874232,0.0618367216888008,0.0666045005735269,0.00631812879794261
"rate_state","mse",75,0.0573655114318822,0.0456519253838595,0.0474489317069743,0.0559746886631513,0.0693906773356125,0.0758162583461762,0.0130717274269895
"rate_state","mse",76,0.0557464893164662,0.0468174711027354,0.048651453557433,0.0548455039786478,0.0641991390510896,0.0694890412597508,0.00810577098979352
"rate_state","mse",78,0.0520781133087193,0.0495068559703399,0.050318470057098,0.0519527146344949,0.053945041384941,0.0553055482039419,0.0018989279684657
"rate_state","mse",80,0.0478379531545858,0.0445869653312544,0.0448777070817643,0.0467019880579377,0.0525480388185066,0.0570795347634219,0.00349847628326894
"rate_state","mse",81,0.0516905168212053,0.04482685242254,0.0456127152003652,0.0498415970597924,0.0598860820690412,0.0681758925352891,0.0075755752720358
"rate_state","mse",82,0.0547988416317399,0.049666664270718,0.0509899381487948,0.0543112861452037,0.0595486832702937,0.0629154610565302,0.00472939220869856
"rate_state","mse",84,0.0601530307230661,0.0518867208114891,0.0539008863242187,0.0594212745985393,0.0675270659881438,0.073341342186232,0.00695150002395184
"rate_state","mse",87,0.0495491329244602,0.0449796777555386,0.0456936500670595,0.0485724216726512,0.0548871519732482,0.0594622415050616,0.00462047924201524
"rate_state","mse",88,0.0514784748640543,0.0464421859459731,0.0473908288364927,0.0507513797998413,0.0565273195974257,0.0608475996713467,0.00460647529120999
"rate_state","mse",89,0.0550530587427455,0.0489666308974637,0.0503331270744214,0.0543168294699741,0.0604518210417272,0.0656480697050365,0.00517776548212028
"rate_state","mse",90,0.0567638443714027,0.0456674304802547,0.0474901109329084,0.0556705849414876,0.067535337981044,0.0746218795234627,0.0106518102154253
"rate_state","mse",92,0.0561670377914405,0.0483458091700169,0.0498637764513591,0.0546025801847713,0.0646192961587058,0.0706977347893416,0.00729593438617308
"rate_state","mse",93,0.0525905387170311,0.0454967891015476,0.0470554715059368,0.0516549078796444,0.0590209640941799,0.0653868100206248,0.00619116701832568
"rate_state","mse",94,0.0591737186422643,0.0515566553953596,0.0532199189938873,0.0583910558066352,0.0661463483261894,0.0704754291184648,0.00703080010995481
"rate_state","mse",97,0.0627941524507883,0.0516157024438093,0.054714474939029,0.0623280922011402,0.0718036525469731,0.0768534284588176,0.00918028022008799
"rate_state","mse",98,0.050444885586161,0.0449584820659354,0.0457565904775402,0.0494825626907816,0.056378156079428,0.0609508516047425,0.0056502743009608
"rate_state","mse",99,0.0513795411079393,0.0451436346099484,0.0461487201411096,0.0505731531777927,0.057498936332705,0.0625996655632565,0.00562734512069062
"rate_state","ou",1,0.110102933699087,0.103843968314352,0.105490136859855,0.109604993770747,0.115321825936934,0.118951198656371,0.00523847297531822
"rate_state","ou",2,0.107390199986223,0.103640690489336,0.10481829434083,0.107265986122513,0.110274921516129,0.112139102676547,0.00282677321936602
"rate_state","ou",3,0.106279675177902,0.102383079689233,0.103338955594348,0.105943712384905,0.109580092981606,0.111393254370538,0.00335348890179057
"rate_state","ou",4,0.114616076487407,0.109177797963866,0.110705489774912,0.11452319641199,0.118587166848922,0.121072170244467,0.00409377816050045
"rate_state","ou",5,0.110347532393562,0.102471444344041,0.103791081906914,0.109352580417375,0.118084571884336,0.124565825515758,0.00795048996003249
"rate_state","ou",6,0.144998357703013,0.140618909365497,0.142182224763243,0.145063407584178,0.147770373841545,0.149128313777508,0.00295421796526701
"rate_state","ou",7,0.108235566984462,0.10217942510104,0.103436358109828,0.107513605390649,0.113866246465551,0.118115437067141,0.00559058333147609
"rate_state","ou",8,0.112818585756898,0.107380123562185,0.108997776713392,0.112558963989301,0.116902418851479,0.119480683977147,0.00419706692360022
"rate_state","ou",9,0.113062285594444,0.106840320053361,0.108633505144114,0.112706916354975,0.117966014249986,0.120484967211229,0.00489220818545776
"rate_state","ou",10,0.125063605441114,0.119125527568272,0.1210803837296,0.125011789539347,0.129053003890554,0.131584191084411,0.00408200762199086
"rate_state","ou",11,0.107044102431071,0.102342453597754,0.103443760366576,0.106604548369072,0.110966131624524,0.11408240800351,0.00416170734965202
"rate_state","ou",12,0.122917416136318,0.118215724607051,0.119789142075788,0.122890613196343,0.126182257964185,0.128392392213409,0.00342213974034673
"rate_state","ou",13,0.10833838743746,0.103621599872611,0.104861989556954,0.108100558963174,0.112149328465293,0.114529589675443,0.00376410769625803
"rate_state","ou",14,0.103587547970329,0.101426957281526,0.101612931386169,0.103122655336248,0.106043961741942,0.108452370694304,0.00250446428339289
"rate_state","ou",15,0.121415763953702,0.114979289948164,0.116924692782935,0.12141590181132,0.125663374939966,0.128460015397215,0.00461328420705649
"rate_state","ou",16,0.137280222068447,0.132970337157087,0.134191197540782,0.137236603514893,0.140314899697557,0.142069690627199,0.00321252500822261
"rate_state","ou",17,0.10807288598734,0.103490177571417,0.104878151111693,0.107826436060885,0.111675800206306,0.113705823695266,0.00356235583934721
"rate_state","ou",18,0.127081414511339,0.121364225110243,0.123056987771765,0.126907192612261,0.131190102777463,0.133354681674186,0.0043804046679166
"rate_state","ou",19,0.111087815707113,0.105088150043009,0.106720430430897,0.11077528982065,0.115885071813139,0.119186026048385,0.00482577531526562
"rate_state","ou",20,0.110681333124886,0.106225737294483,0.107463323504007,0.110382671649612,0.11430691546478,0.116552349879743,0.00349472001185948
"rate_state","ou",21,0.140727874263654,0.134234646076517,0.136360105817242,0.140590019094849,0.145472878005976,0.147749098618439,0.00470423728413549
"rate_state","ou",22,0.108329678314292,0.103936837143804,0.10524939186028,0.108119716330058,0.111615915293104,0.113652033977188,0.00338658530000091
"rate_state","ou",23,0.115805317303019,0.109440840194712,0.111365170394655,0.115780529492708,0.120464611097849,0.122905112738963,0.00481927485135614
"rate_state","ou",24,0.109820484760585,0.105292530902698,0.106711902812206,0.109638682982723,0.113035567821796,0.115130612175118,0.00334452224768514
"rate_state","ou",25,0.120402488773684,0.113599911690381,0.115393394155995,0.120306592948671,0.125545083979599,0.128491458829863,0.00562067198523578
"rate_state","ou",26,0.111224129488008,0.104181580928066,0.106204562554683,0.110744341069626,0.116936225046452,0.120514448631901,0.00536522197044915
"rate_state","ou",27,0.11180320477133,0.106799571721744,0.108065819350451,0.111654961974716,0.115804656644856,0.118228117286277,0.0038135430388347
"rate_state","ou",28,0.104210867554811,0.101420822827315,0.101598592960553,0.10302065227825,0.108502187208569,0.113690698787467,0.00305801195579861
"rate_state","ou",29,0.106361867161141,0.102172735583342,0.103107511118304,0.105851118788756,0.110538012595287,0.112870865933441,0.00376127215118516
"rate_state","ou",30,0.114024774263332,0.107383348624133,0.109038677079121,0.113788977464502,0.119202067056218,0.122068150674874,0.00526340354221712
"rate_state","ou",31,0.123047577117289,0.116885549808599,0.118929225572592,0.122797624357954,0.127427494290683,0.129724069136463,0.00462181474978417
"rate_state","ou",32,0.104604932495539,0.101498564133169,0.101781660859033,0.103427795452727,0.108946769292293,0.114066003556883,0.00341568023219033
"rate_state","ou",33,0.119922575951028,0.114225887888565,0.115947800985598,0.119830093629446,0.124108796986891,0.126168135649494,0.00421263388168676
"rate_state","ou",34,0.107312241934608,0.103523795431792,0.104612259174929,0.107145614637692,0.110285199784378,0.112123829723949,0.00304651794027645
"rate_state","ou",35,0.1073688855907,0.102445267833714,0.103421377486672,0.106814065997507,0.111717452525941,0.115668404245174,0.00424504411345764
"rate_state","ou",36,0.120972013909989,0.116225114413409,0.117801753178669,0.120760282143735,0.124360403092282,0.126522669563445,0.00332481940552043
"rate_state","ou",37,0.106064865360452,0.101672332709385,0.102603535114842,0.105401651654498,0.110448955747189,0.113324764952585,0.00406465884007894
"rate_state","ou",38,0.109022289879796,0.104953573614542,0.106133337571125,0.108912847265008,0.111987325550253,0.114065616628019,0.00314547820685132
"rate_state","ou",39,0.113582741395707,0.108346041431535,0.109787813219946,0.1133249151556,0.11762350352808,0.120284993201831,0.0040839820423456
"rate_state","ou",40,0.116129241212894,0.110245118942271,0.112237876802473,0.115898921366057,0.120206074743493,0.122685345217375,0.00415662126724531
"rate_state","ou",41,0.113136959754697,0.107589248278404,0.10918649963975,0.112859048863274,0.117248822862214,0.120198121330196,0.00426497884353666
"rate_state","ou",42,0.104823590710415,0.101641761622149,0.102180556361476,0.104387029716965,0.107909987349336,0.110685106962898,0.00306880552768263
"rate_state","ou",43,0.108470675380447,0.103730497984416,0.105124524325687,0.108213903436718,0.112436981866999,0.114517200803181,0.00377863642004554
"rate_state","ou",44,0.126138640423185,0.121053814615428,0.122698444895599,0.126139314150133,0.129800956743244,0.13187775466294,0.00364276883005421
"rate_state","ou",45,0.113199353091206,0.106616384064435,0.108362152228812,0.112866074821727,0.118207188828734,0.122035492180954,0.00517635246219293
"rate_state","ou",46,0.108159164096346,0.101884606599989,0.102782142204751,0.106751640162484,0.115324128289394,0.121255545092943,0.00632817833660304
"rate_state","ou",47,0.113129173838392,0.107441811048622,0.109069583108325,0.112944113281091,0.117412377437221,0.120065135064234,0.00443352188761757
"rate_state","ou",48,0.105170939726868,0.101486128762696,0.101744990744311,0.103826570525691,0.110976506130756,0.11586520128022,0.00417327880505741
"rate_state","ou",49,0.111564817567018,0.105315886599186,0.10692619659731,0.111122244124623,0.11679313452596,0.120678191798699,0.00541492197536528
"rate_state","ou",50,0.111021056251965,0.106099552127456,0.107525186358807,0.110810652003993,0.114761902186651,0.117159546601966,0.00376172987635238
"rate_state","ou",51,0.103048079863213,0.101423790479058,0.101536129517099,0.102369800784773,0.105320318413793,0.108635729220961,0.00184528647610266
"rate_state","ou",52,0.125786984581772,0.120025734664437,0.121759794597992,0.125570256830206,0.129965099643234,0.132361329780562,0.00441558848495427
"rate_state","ou",53,0.110054150908917,0.10463484671516,0.106190635432978,0.109766945983134,0.114163678264428,0.116960724407954,0.00401215822552961
"rate_state","ou",54,0.106435069688242,0.102628673588946,0.103537504363041,0.106024704944495,0.109774529249346,0.112068946362308,0.00345554606531932
"rate_state","ou",55,0.11520765974181,0.109624649422454,0.111528189473059,0.115044756612874,0.119049979568261,0.121286573754676,0.00383996495541608
"rate_state","ou",56,0.109935212729569,0.104087669976785,0.105545999808394,0.109475131021866,0.114677815200899,0.117630127623019,0.00487656554401554
"rate_state","ou",57,0.104242851547572,0.101463004461157,0.101658639708874,0.103249701878606,0.108296013756639,0.112932663193184,0.00306911525492359
"rate_state","ou",58,0.110549054413266,0.10522249225595,0.106568057439046,0.110120281362681,0.114974227147107,0.118134796390532,0.00426502941750699
"rate_state","ou",59,0.116285357235903,0.109625434772656,0.111718763100979,0.116231420746323,0.121060158444117,0.124148493543127,0.00507343827315758
"rate_state","ou",60,0.103171081462544,0.101440798391169,0.101643921933885,0.102802062258903,0.105214344380162,0.106759905612855,0.00191798730678218
"rate_state","ou",61,0.107803469800626,0.104538143883506,0.10548380358364,0.107652345777991,0.110241565923268,0.112040968545185,0.00253388546232058
"rate_state","ou",62,0.148523826932925,0.144398913716825,0.14571532898372,0.148566775198179,0.151335707254801,0.152758451954464,0.00315584676939967
"rate_state","ou",63,0.106747352582354,0.103136060065141,0.104263371886138,0.106617519845887,0.1094112793758,0.111029677164359,0.00274562480082614
"rate_state","ou",64,0.120853105162278,0.115718327359302,0.1171380039537,0.120719880563266,0.124482691018911,0.126752305911392,0.00404843633186902
"rate_state","ou",65,0.10569964694437,0.101942903424294,0.102626468280522,0.105179388709373,0.109355712686889,0.112671076549405,0.0033971559856046
"rate_state","ou",66,0.110400893780687,0.105145690894507,0.106615117313132,0.110079992340239,0.114732365964191,0.117683432349942,0.00407917888675767
"rate_state","ou",67,0.107427269716526,0.103576878205981,0.104827798821043,0.1071351094265,0.110375788222972,0.112920755052398,0.00285995471379871
"rate_state","ou",68,0.123788091570512,0.116283402883546,0.118557702377653,0.123609009339382,0.129006071477985,0.133430946415843,0.00595560379306245
"rate_state","ou",69,0.111677006666936,0.10661064480466,0.107958341313325,0.111573033390046,0.115542401305418,0.117797874395772,0.00359825458400038
"rate_state","ou",70,0.103797189202986,0.101431440990634,0.101605581491457,0.102854078845918,0.107550433510569,0.111349098786498,0.00252601557710606
"rate_state","ou",71,0.103497933288142,0.101496034769346,0.101683064779416,0.103078473552661,0.105766862161729,0.108094398049742,0.00219526763256134
"rate_state","ou",72,0.111350849335454,0.105196304328192,0.106968471962706,0.110826931485747,0.116323749243093,0.119589412485617,0.00500015507912982
"rate_state","ou",73,0.107664308440599,0.10287617700571,0.104151735998305,0.107345824642042,0.11167453807976,0.114195590236409,0.00406844204716954
"rate_state","ou",74,0.106397301357193,0.10252634079171,0.103600201858529,0.105950259705039,0.10971843330296,0.111859796283399,0.00316184372240436
"rate_state","ou",75,0.10844756503563,0.101931355787184,0.102943382004313,0.107383529042216,0.115598530927656,0.120874849840812,0.00648204980865266
"rate_state","ou",76,0.105036463716306,0.10161327213556,0.102116216614472,0.104515836951442,0.108434405096875,0.111307901143361,0.0035565104374551
"rate_state","ou",77,0.127586121796185,0.114281928472241,0.118109067652948,0.12762604394729,0.137053475643864,0.142665897131111,0.0100886390060916
"rate_state","ou",78,0.139849093308325,0.135158394341524,0.136689989317968,0.139824677101439,0.14300592161603,0.144675608396464,0.0031989071653237
"rate_state","ou",79,0.105469822177711,0.101830450521372,0.102725813946955,0.10514443028632,0.108698480541127,0.110995962560479,0.00316544134950063
"rate_state","ou",80,0.106056623163546,0.10262687739427,0.103590522622355,0.105821201003713,0.108783802240064,0.110772037081163,0.00269031471711505
"rate_state","ou",81,0.104014371547661,0.101452711750793,0.101669755661794,0.103193931183519,0.107551728815442,0.111323729251266,0.00292188152057185
"rate_state","ou",82,0.133384591645046,0.128187666055033,0.129963175158218,0.133402301757307,0.136821478499934,0.138667773666502,0.00354803246788093
"rate_state","ou",83,0.110442065735522,0.10486214469837,0.106517520058684,0.110057940659193,0.115119484477376,0.118555132951902,0.0045463044845607
"rate_state","ou",84,0.118184477288112,0.110069344047222,0.112662780870967,0.118050861455299,0.123817147915013,0.127124210255724,0.00592834276226525
"rate_state","ou",85,0.113526755293134,0.108816965375094,0.110063873423332,0.113345829150505,0.117503489252173,0.119365340869187,0.00386574071135448
"rate_state","ou",86,0.135120481339778,0.129251899286649,0.131067333736919,0.135037321657291,0.139263778525068,0.141561464624973,0.00429687737873741
"rate_state","ou",87,0.106720916518527,0.102561004300903,0.103648187458358,0.106421841233067,0.110036476534728,0.112574448701675,0.00333637062729099
"rate_state","ou",88,0.11278836512112,0.107938752637133,0.109252313493853,0.112671594720989,0.116370454784636,0.118319114800299,0.00373606443092764
"rate_state","ou",89,0.130460232770382,0.122141949441087,0.125162005778104,0.130210245827073,0.136185483539291,0.139412046626516,0.00569728347439127
"rate_state","ou",90,0.105614956581096,0.101748072255517,0.102393945827693,0.105059992855004,0.109731011862873,0.11296665837981,0.00406720939480544
"rate_state","ou",91,0.108723221506784,0.104097692013344,0.105368326324345,0.108446837189842,0.112431029009776,0.114966528064271,0.00377444911304363
"rate_state","ou",92,0.114730177375554,0.108202651537234,0.110261629380001,0.114579559377395,0.119244874950298,0.122859786186959,0.00496731952906174
"rate_state","ou",93,0.103512919243066,0.101446350966048,0.101673228678277,0.102867646651686,0.106164916456975,0.10946918847812,0.00199523474149556
"rate_state","ou",94,0.122200826631428,0.115717696276076,0.117669906327026,0.121991887510847,0.126845400684701,0.129442023517495,0.0049183455068675
"rate_state","ou",95,0.111161487448147,0.10648738654005,0.107835162863448,0.110841889845486,0.11481649208989,0.117232785972455,0.00365646036348696
"rate_state","ou",96,0.113485628358744,0.107922113468776,0.109587314517854,0.113351409480455,0.117501474818284,0.120259403471561,0.00398708686355236
"rate_state","ou",97,0.117892311668719,0.111241765326854,0.113048503477272,0.117623311248373,0.12293728720862,0.12577403577565,0.00521501047302585
"rate_state","ou",98,0.102561693839942,0.10141088197664,0.101503180368231,0.102148562686457,0.104106210096715,0.106010398316201,0.00126610745665823
"rate_state","ou",99,0.108913919011846,0.104799657175932,0.105832221558447,0.108604513772379,0.112273948889653,0.114614585766832,0.0034310308963602
"rate_state","ou",100,0.110597415470888,0.105894423691253,0.107413553759824,0.110420474027003,0.114157334428307,0.116149596072628,0.00347018713196418
"rate_state","rate_state",1,0.0151910406860098,0.00343928233649519,0.0069271969749963,0.0149439930695661,0.0234290228161119,0.0290756943757731,0.00885654877961436
"rate_state","rate_state",2,0.0146901052316763,0.00333296505477666,0.00656345485544424,0.0142668253040189,0.0232833266814713,0.0274426730330802,0.00901525330927164
"rate_state","rate_state",3,0.0201705242006038,0.00712605442681855,0.0110987919860844,0.0195315109777713,0.0298313772991704,0.0364079695588049,0.00977746652147602
"rate_state","rate_state",4,0.0276904379731442,0.0166281505102722,0.0203438626094513,0.0274025322876758,0.0352339883805185,0.0395708144454136,0.00786250797474432
"rate_state","rate_state",5,0.01631268728003,0.0029582543160432,0.0059097131051594,0.0155105015828859,0.0276161967942775,0.0348287862286965,0.0116092808822099
"rate_state","rate_state",6,0.00725743661403012,0.00338100133219403,0.0045836181597663,0.00719549179291418,0.00995819715348361,0.011570260802909,0.00281312702501753
"rate_state","rate_state",7,0.0288145693859174,0.0149940413242347,0.0191257737339502,0.0284940938135476,0.0388723214048201,0.0437674514780019,0.010190431213809
"rate_state","rate_state",8,0.0264847643546596,0.0158385445101205,0.0189910982530056,0.0260976018803743,0.0340389004966384,0.0391290198701964,0.00768507486430945
"rate_state","rate_state",9,0.0229972087830218,0.0070839251059039,0.012336996964306,0.022798786283956,0.0338931665554252,0.0404628825884214,0.0114103401119459
"rate_state","rate_state",10,0.0168521006678939,0.00927103228112695,0.0115201458075019,0.0165331560533749,0.0226779204199391,0.026315382354222,0.0059457795088621
"rate_state","rate_state",11,0.0326850904418064,0.0171028412275045,0.0224188702868112,0.0324172696867062,0.0430318776926145,0.0494212581043552,0.0108777001252732
"rate_state","rate_state",12,0.00780735023526476,0.00145581035854932,0.00326575488632029,0.00736613531635946,0.0131287300406404,0.0168026233311286,0.0052796669850105
"rate_state","rate_state",13,0.0123711361584452,0.00235038234404738,0.00463131684850665,0.0113639999304625,0.0212724195925002,0.0269776455909328,0.00902995032517962
"rate_state","rate_state",14,0.0174870781572781,0.00476407257608977,0.00889750524459323,0.0170568868755325,0.0264311590041641,0.0316075207952115,0.00915913511388935
"rate_state","rate_state",15,0.0110977943006687,0.00264083842384473,0.00436951565459175,0.0105119332821223,0.0185548469663669,0.0232791428031257,0.00743264905650908
"rate_state","rate_state",16,0.0123855365787677,0.00712035858004258,0.00878505595929857,0.0121691527452076,0.0163248796859375,0.018995425116473,0.00388350068910033
"rate_state","rate_state",17,0.0118364424058096,0.00251051351967996,0.00520161117720743,0.0111851548138662,0.0191507446509401,0.0233308560168234,0.00679652700035641
"rate_state","rate_state",18,0.0165066715929007,0.00525700755417439,0.00889251755723937,0.0165042138139832,0.0241665773584367,0.0283028647030306,0.00810083593098343
"rate_state","rate_state",19,0.0118636503054656,0.00217984969544881,0.00472526521608398,0.0108935157511476,0.0205087205805912,0.0268130219824325,0.00813713307264924
"rate_state","rate_state",20,0.0106229835851994,0.00217964269495479,0.00432695517092084,0.0103563726698418,0.0166412765401847,0.020789596621301,0.00712237280630036
"rate_state","rate_state",21,0.0247136952886908,0.0139173836134212,0.0172530478946818,0.0246102561682439,0.0323346434742172,0.0359663502082501,0.0077336760828195
"rate_state","rate_state",22,0.010479393525738,0.00158484599782814,0.0033541635120149,0.0096701582165268,0.0187746382432246,0.0244513163069213,0.00823273876395888
"rate_state","rate_state",23,0.0272295517193391,0.0131939570880351,0.017270762566477,0.0273059149043854,0.0372363333869106,0.0411394929960939,0.010856612889829
"rate_state","rate_state",24,0.0177899454523552,0.00904647016247194,0.0122811213167108,0.0178174693607421,0.0232697483803876,0.0270218055204395,0.00611796723081342
"rate_state","rate_state",25,0.0186503295280344,0.00648269874908445,0.00995350518233424,0.0181498511910096,0.0283252698579425,0.033481851955614,0.00970663192658422
"rate_state","rate_state",26,0.0244134917430646,0.0114018488803264,0.0159325932629435,0.0241792800306542,0.0332128344655312,0.0376652199740145,0.00934156172170664
"rate_state","rate_state",27,0.0126194335780629,0.0023657941004208,0.00506317657425923,0.0118671278157912,0.0216178937156495,0.0255106859304313,0.00867528145503786
"rate_state","rate_state",28,0.0117950126639906,0.00184941752666641,0.00400217722367946,0.0109291457956005,0.0209355132964788,0.0266613161319415,0.00929685355749928
"rate_state","rate_state",29,0.0122059716780655,0.00193836353559661,0.00398390975522604,0.0113297954629092,0.0217548520319665,0.0276490344570404,0.00849963847129882
"rate_state","rate_state",30,0.0235640051896493,0.010669769075281,0.0149100889171675,0.0227458654373862,0.0330889022438299,0.0395493897553379,0.0103134529644233
"rate_state","rate_state",31,0.0174026188413739,0.00524912766419478,0.00942918957360302,0.0168434156762306,0.0257899495728033,0.0306007721862454,0.00847162647416497
"rate_state","rate_state",32,0.0250300163650815,0.0133393016453939,0.0168507189668856,0.0246715000143629,0.0327870385406312,0.037170050738077,0.00821695229024908
"rate_state","rate_state",33,0.00907267223421709,0.00194903763580128,0.00355036680877564,0.00846948620384064,0.0151868707497695,0.0198443645242076,0.00614375250585783
"rate_state","rate_state",34,0.0138921666044814,0.00548542808917157,0.00813806823147324,0.0138577830854676,0.0196809561655493,0.0234057284077314,0.00587093824108321
"rate_state","rate_state",35,0.0191720780688619,0.00784958883740218,0.0116928995976391,0.0187487239543281,0.0272925479794147,0.0319296291840011,0.00857315085230842
"rate_state","rate_state",36,0.00676837116128249,0.00123449440676772,0.00250330799188173,0.00631128509043634,0.0114476079129998,0.0148914189285198,0.00452713467398747
"rate_state","rate_state",37,0.0291964840907139,0.0102849942631189,0.0167406779116096,0.0289004545440803,0.0422799682662936,0.0496895847279201,0.0136650648914442
"rate_state","rate_state",38,0.0108889499210268,0.00193600993247393,0.00421881182384308,0.0106179062220703,0.0178824608507017,0.0217916350636111,0.0074927845695478
"rate_state","rate_state",39,0.0156135266698142,0.00720267883903498,0.00950733616124147,0.0153171002524493,0.0219785072063596,0.0253134923235185,0.0062972089684729
"rate_state","rate_state",40,0.0140045112701278,0.00464329071067814,0.00744929688361031,0.0134405068099227,0.0215787762942775,0.026696073124496,0.00738573028483211
"rate_state","rate_state",41,0.0118049895228686,0.00249586527265519,0.00500704880261311,0.011151766797015,0.0197474228767645,0.0246682243503111,0.00784294092874798
"rate_state","rate_state",42,0.0104732273804864,0.00171387414630223,0.00382465012459486,0.0095054799114804,0.0182434332204131,0.0240146051236991,0.00789447087031155
"rate_state","rate_state",43,0.00934650651894179,0.0016619542330037,0.00337542457704534,0.00847262027934902,0.0164391160527488,0.0211465404624732,0.00718615027152555
"rate_state","rate_state",44,0.0111395516991768,0.00472418518900397,0.00661096807642929,0.0109929818544759,0.0155149502531614,0.0182479526854229,0.00477123821483132
"rate_state","rate_state",45,0.015921269928559,0.00257431962093332,0.00576833813651554,0.0155749607422535,0.0273798717679249,0.033030500699214,0.0124438314840252
"rate_state","rate_state",46,0.0141968741870131,0.0028159474536578,0.00497728518490989,0.0131001974081722,0.0245137091982671,0.0304339890073102,0.0108922849603375
"rate_state","rate_state",47,0.0089309018848681,0.0016571544232996,0.00304024178433999,0.00801736943823386,0.0158947053777638,0.021156025382108,0.00672915164865494
"rate_state","rate_state",48,0.0138763600233496,0.00288011950429793,0.00546986000027957,0.012746795601255,0.0229641040898453,0.0300796917125104,0.00959357066266828
"rate_state","rate_state",49,0.0112477301322473,0.00187687842652338,0.00416193909654965,0.0105206232313119,0.0195479341875893,0.0243014606581322,0.00820992207899711
"rate_state","rate_state",50,0.0218130212651812,0.0120375757069191,0.0153080868700275,0.02165016381807,0.0284494172772422,0.0320977481570679,0.00665823317914286
"rate_state","rate_state",51,0.0146552031837832,0.00359070571236175,0.00711738386894652,0.0142703970510387,0.0227797844716287,0.0284950057434562,0.00803618315243275
"rate_state","rate_state",52,0.0107360653196204,0.00218656903561895,0.00449508052785444,0.0102303347093379,0.0174811170128476,0.022546973430209,0.00707521535793909
"rate_state","rate_state",53,0.0142950020963695,0.00404129885560205,0.00746264545362752,0.0143453587032249,0.0211655859084346,0.0258963560553635,0.00738890765912578
"rate_state","rate_state",54,0.0208923116436491,0.00560068022781561,0.0102115856474863,0.020716831662027,0.0316541408343768,0.0377501723366422,0.0117424350836537
"rate_state","rate_state",55,0.0140796464934553,0.0026171708921954,0.00589957574341334,0.0139025830926672,0.0223344295857381,0.0266578978302683,0.00881052759521057
"rate_state","rate_state",56,0.0398318553303354,0.0281464237726792,0.0314313683438658,0.0394256723442634,0.0485796895602928,0.0548174933462139,0.00848058450247481
"rate_state","rate_state",57,0.0221589491415742,0.0107880151384629,0.0146775960406051,0.0215749379876536,0.0305355968972133,0.0360704857371883,0.00840155184543964
"rate_state","rate_state",58,0.0112769503302633,0.00224161882728095,0.00446407039098028,0.0104514135374266,0.0193668347959491,0.0235919419586958,0.00774315596796219
"rate_state","rate_state",59,0.0200457221150576,0.00613710629374757,0.0105195072627445,0.0192977796219889,0.030774802257336,0.0361902404570994,0.0103424765222816
"rate_state","rate_state",60,0.0292620597234141,0.0150148473738961,0.0196765269414973,0.0286238068575996,0.0395583776114872,0.0477848469787533,0.0112179504410772
"rate_state","rate_state",61,0.0105674586569201,0.0029906749320713,0.00524601869536571,0.0103998263641098,0.0162908656911442,0.0199087880528843,0.00581669558950844
"rate_state","rate_state",62,0.0105562254004401,0.00465233897521019,0.00652371532343904,0.0102753795454355,0.0150728535481216,0.017585264421809,0.00457011832166937
"rate_state","rate_state",63,0.0118058504515158,0.00354814438286102,0.00597173416848841,0.0115524765527494,0.0177887031655696,0.0209120979189025,0.00641057891298092
"rate_state","rate_state",64,0.00759562103705824,0.00139459246027365,0.00272544213328542,0.00695578961145768,0.0136882820420455,0.0172923920958718,0.00613471342318089
"rate_state","rate_state",65,0.0101192305921313,0.00191201149439885,0.00356172394869804,0.00922306240244955,0.0186140823090874,0.0236358165923969,0.00756911863273696
"rate_state","rate_state",66,0.0191052804295746,0.0104635100372885,0.0130213003245222,0.0190118874622724,0.0252549730367949,0.029234091333165,0.00617635170890967
"rate_state","rate_state",67,0.00789449794937476,0.00134182211640095,0.00277640319946293,0.00729120150555333,0.0136703299314189,0.018390227000714,0.00586747731905671
"rate_state","rate_state",68,0.0258394032184355,0.0119364390338158,0.0163367894647214,0.0254390667728513,0.0355186955801345,0.0418178085778194,0.0104332752744691
"rate_state","rate_state",69,0.0135690882644924,0.00274724807092742,0.00551569201136758,0.0131079235590149,0.0223763706114965,0.0277964892367823,0.0089830641504856
"rate_state","rate_state",70,0.0129697582480733,0.00229673660752429,0.00446121869888437,0.0117406379391171,0.0233075309264863,0.0302192506338488,0.00964846009159499
"rate_state","rate_state",71,0.0138643898887574,0.00412773406647435,0.00712339767375991,0.0135115402935712,0.0212021500631063,0.0251966422891033,0.00716809231029382
"rate_state","rate_state",72,0.0133927083041034,0.00316750616818548,0.00587201170871015,0.0128456420359635,0.0219360148355594,0.0267092004689781,0.00863560347215851
"rate_state","rate_state",73,0.0175373963274193,0.00330202132986109,0.0066521784298736,0.0167698729903876,0.0287560224231048,0.034762095454842,0.011832095500977
"rate_state","rate_state",74,0.0142657290013874,0.00285902530333532,0.00487850565059116,0.0133969911843059,0.0248960245990078,0.0299076780319393,0.0109520933252504
"rate_state","rate_state",75,0.0230418397713425,0.00857191177353749,0.0132231499586419,0.0229408093385222,0.0326366890822773,0.0392366619609526,0.0104450941901111
"rate_state","rate_state",76,0.0309051590607202,0.0140411426253576,0.0201475307991514,0.0302880551982963,0.0417351419308262,0.0494825058182876,0.0122058712608926
"rate_state","rate_state",77,0.0381391386471436,0.0228999919487339,0.0286959739480229,0.0381704663441903,0.0478669487631908,0.054224978994084,0.0105892609028948
"rate_state","rate_state",78,0.0045513174241134,0.0007158380605144,0.00147430360227715,0.00418707379682373,0.00794823023309727,0.0106712468643686,0.00347964836237385
"rate_state","rate_state",79,0.015809416906508,0.00474883017183901,0.00819284490828674,0.0155115900523547,0.0229815850275293,0.0284668083080745,0.00789551414307007
"rate_state","rate_state",80,0.0121858185524543,0.0040574822991096,0.0065014319597554,0.0118283970217416,0.0180157555626121,0.0223658315316158,0.00640034105137506
"rate_state","rate_state",81,0.0155842959504307,0.00283065966497791,0.00584903912637711,0.014942168599329,0.0261667493045248,0.0329299692769005,0.0110019414072867
"rate_state","rate_state",82,0.00938137386996612,0.00215335669499028,0.00419706346493388,0.00923378235420685,0.0149554885665696,0.0184561173169151,0.00574271375977778
"rate_state","rate_state",83,0.0243204011433601,0.013310377374769,0.0171281708829183,0.0243662945734979,0.0315249580266422,0.0349634209403158,0.00729081553012267
"rate_state","rate_state",84,0.0298670554468689,0.0181753534075018,0.0215921192254632,0.0299233607061743,0.0378231500091779,0.0425111989881159,0.008286893435414
"rate_state","rate_state",85,0.009229779814003,0.00166908685558723,0.00319938683826023,0.00840792621445865,0.0164205253970848,0.021404034826913,0.00738792894689225
"rate_state","rate_state",86,0.0115075877335142,0.00458888330461825,0.00674701381234303,0.0112996384525607,0.0165440961310854,0.019268495320647,0.00496706683461021
"rate_state","rate_state",87,0.00946934050034423,0.00173999690694934,0.00345985891026707,0.00865851284502436,0.0166587357488173,0.0215302038022641,0.00674558917072732
"rate_state","rate_state",88,0.0118292150805765,0.00287495845663465,0.00504681858565492,0.0112423428040006,0.0190572071003944,0.0240838178282221,0.00742328741229015
"rate_state","rate_state",89,0.0171600200201516,0.00700572623349907,0.0100145192073971,0.0168120645824702,0.0246146836471405,0.028842770513381,0.00775736771965554
"rate_state","rate_state",90,0.0218156684309617,0.00422517944564976,0.00892882370630343,0.0214451772905064,0.0355458119853853,0.0429241865528996,0.0140630847586717
"rate_state","rate_state",91,0.0102669489862757,0.00187192485629785,0.00414960921839607,0.00964380782659953,0.0174074108381361,0.0225535945484336,0.00693000604396891
"rate_state","rate_state",92,0.0286404762706473,0.0179981574308215,0.0209636850108461,0.0283304646238969,0.036722747700633,0.0417127368998844,0.00781605114553147
"rate_state","rate_state",93,0.0168930005782351,0.00522500682406933,0.00890652105588126,0.0166013114935442,0.0253663116918245,0.0306270743617535,0.00872339579723211
"rate_state","rate_state",94,0.0262966208288739,0.0180237172734561,0.0207136706131561,0.0262830274066825,0.0318949222504801,0.0344234021917535,0.00562084720506222
"rate_state","rate_state",95,0.00877339813399254,0.00161793969708855,0.00318289249651932,0.00809067934913879,0.0152178088330985,0.0194563480720947,0.00626650128269156
"rate_state","rate_state",96,0.0158136261341455,0.00601012484282422,0.00901773406742158,0.015349508898358,0.0234704398877193,0.0284906531560056,0.00751434281877644
"rate_state","rate_state",97,0.0371965134589515,0.0222051579115421,0.0267836007888418,0.0371778782976824,0.0477345334930903,0.0520849160983662,0.0109727031054212
"rate_state","rate_state",98,0.00996913203780764,0.00158132115179606,0.0030937527984858,0.00907105298997391,0.0181116674297921,0.0238249682299572,0.00769676486805319
"rate_state","rate_state",99,0.0175889640273142,0.00715605187104445,0.0103469739744246,0.0172744924469719,0.0250973727744474,0.0304300864414268,0.00756652836783569
"rate_state","rate_state",100,0.0103211659064472,0.00226742699864604,0.00444098188695024,0.0100024472494962,0.0166194067019037,0.0204831127846537,0.00626593542437689
