"model","quantity","time","q025","median","q975"
"OU","Unnormalised decay, g(t)",0,1,1,1
"OU","Unnormalised decay, g(t)",0.001,0.933917054158549,0.945027528935121,0.953987967067349
"OU","Unnormalised decay, g(t)",0.00105031807974833,0.93080320497767,0.94240725622823,0.951773839638853
"OU","Unnormalised decay, g(t)",0.00110316806864623,0.927553066890751,0.939669376910817,0.94945827214546
"OU","Unnormalised decay, g(t)",0.00115867736750019,0.924161677671314,0.936809321689257,0.947037119179631
"OU","Unnormalised decay, g(t)",0.00121697978768065,0.92062399089179,0.933821813707745,0.944506115282683
"OU","Unnormalised decay, g(t)",0.00127821587368928,0.916934884581571,0.93070242392903,0.941860876530342
"OU","Unnormalised decay, g(t)",0.00134253324195716,0.913089171102336,0.927446404600144,0.939096902773635
"OU","Unnormalised decay, g(t)",0.00141008693669075,0.909081608316628,0.924048721960853,0.936209580599423
"OU","Unnormalised decay, g(t)",0.00148103980362324,0.904906912124307,0.920504050410815,0.933194187077959
"OU","Unnormalised decay, g(t)",0.00155556288257241,0.900559770439013,0.916808165142153,0.93004589436767
"OU","Unnormalised decay, g(t)",0.00163383581975124,0.896034858673115,0.912955275414821,0.926759775249914
"OU","Unnormalised decay, g(t)",0.00171604730082517,0.89132685679461,0.908940116087814,0.923330809668634
"OU","Unnormalised decay, g(t)",0.00180239550576001,0.886430468012842,0.904757378940168,0.919753892351515
"OU","Unnormalised decay, g(t)",0.00189308858655688,0.881340439141747,0.900402171179716,0.916023857035071
"OU","Unnormalised decay, g(t)",0.00198834516902591,0.876051582679293,0.895869123711095,0.91213656072085
"OU","Unnormalised decay, g(t)",0.00208839487980817,0.870558800629797,0.891153482037141,0.908085731353365
"OU","Unnormalised decay, g(t)",0.00219347889991637,0.864857110081806,0.886248068625235,0.903866037667532
"OU","Unnormalised decay, g(t)",0.00230385054612865,0.8589403930064,0.881147658209951,0.899472121241238
"OU","Unnormalised decay, g(t)",0.002419775881637,0.85280416570841,0.875847504851626,0.894898612257615
"OU","Unnormalised decay, g(t)",0.00254153435742231,0.846444774478958,0.870342476528992,0.890140146864885
"OU","Unnormalised decay, g(t)",0.00266941948590221,0.839857966034852,0.864628008902266,0.885191386191628
"OU","Unnormalised decay, g(t)",0.0028037395484756,0.833039754797888,0.858699213791777,0.880047037067004
"OU","Unnormalised decay, g(t)",0.00294481833866936,0.825986458272987,0.852552090128814,0.874701874485237
"OU","Unnormalised decay, g(t)",0.00309299594267888,0.818694733704883,0.846181502482793,0.869150730209535
"OU","Unnormalised decay, g(t)",0.00324862955918387,0.811161615834423,0.839585183083774,0.863388570107039
"OU","Unnormalised decay, g(t)",0.00341209436041568,0.803384606314898,0.83275823480615,0.857410570749115
"OU","Unnormalised decay, g(t)",0.00358378439655192,0.795361566897769,0.8256928757729,0.851212039077241
"OU","Unnormalised decay, g(t)",0.00376411354561846,0.787090898648128,0.818385325373907,0.844788489047549
"OU","Unnormalised decay, g(t)",0.00395351651118867,0.778571538034472,0.810835913925329,0.838135066162562
"OU","Unnormalised decay, g(t)",0.00415244987028502,0.769802995659552,0.803046816164844,0.831242086171371
"OU","Unnormalised decay, g(t)",0.00436139317400899,0.760785394942944,0.795013595877195,0.824111412361894
"OU","Unnormalised decay, g(t)",0.00458085010355261,0.751519509693041,0.786729983410875,0.816739675429336
"OU","Unnormalised decay, g(t)",0.00481134968437834,0.742006800123122,0.778200053224262,0.809123890537541
"OU","Unnormalised decay, g(t)",0.00505344756149402,0.732249446841279,0.769419458003319,0.801261496775726
"OU","Unnormalised decay, g(t)",0.0053077273388973,0.72225054249023,0.760382934634378,0.793150397290656
"OU","Unnormalised decay, g(t)",0.00557480198641835,0.712013779212728,0.751096570048685,0.784788999808084
"OU","Unnormalised decay, g(t)",0.00585531531735212,0.701543561172259,0.741565462002745,0.776183081335936
"OU","Unnormalised decay, g(t)",0.00614994354044229,0.690845233230831,0.731791457848394,0.767329920413616
"OU","Unnormalised decay, g(t)",0.00645939688995802,0.679924982587631,0.721776236385784,0.758231567940128
"OU","Unnormalised decay, g(t)",0.00678442133779308,0.668791904810376,0.711517657286048,0.748889196005485
"OU","Unnormalised decay, g(t)",0.00712580039171445,0.657470376358457,0.701023107026869,0.739299754282566
"OU","Unnormalised decay, g(t)",0.00748435698409545,0.645952309761504,0.69028879002522,0.72946564312054
"OU","Unnormalised decay, g(t)",0.00786095545568617,0.634247538206538,0.679337069744119,0.719389980541605
"OU","Unnormalised decay, g(t)",0.00825650363920349,0.622342872868116,0.668184396405137,0.709076674476416
"OU","Unnormalised decay, g(t)",0.00867195504776335,0.610269540920541,0.656814319548195,0.698528535433547
"OU","Unnormalised decay, g(t)",0.00910831117343068,0.598065136502146,0.645248077305156,0.687736173790636
"OU","Unnormalised decay, g(t)",0.00956662390142801,0.585720070372076,0.63350347286911,0.676717992675633
"OU","Unnormalised decay, g(t)",0.0100479980458224,0.573248257980413,0.62156611495516,0.665479649182828
"OU","Unnormalised decay, g(t)",0.0105535940128032,0.560663886957439,0.609470624522112,0.654033494395117
"OU","Unnormalised decay, g(t)",0.011084630597971,0.547981350315211,0.59720367839881,0.642388541574407
"OU","Unnormalised decay, g(t)",0.0116423879243805,0.535215966578166,0.584797488288489,0.630577432618577
"OU","Unnormalised decay, g(t)",0.0122282105284205,0.52238353202899,0.572274431589083,0.618586281747474
"OU","Unnormalised decay, g(t)",0.012843510600969,0.509500248676671,0.559636253039538,0.606412252852891
"OU","Unnormalised decay, g(t)",0.0134897713916372,0.496582647583218,0.546891027455835,0.594084057428863
"OU","Unnormalised decay, g(t)",0.0141685507843084,0.483645511499738,0.534058867173503,0.581614608504502
"OU","Unnormalised decay, g(t)",0.0148814850525915,0.470684911400309,0.521157449616356,0.569017894066038
"OU","Unnormalised decay, g(t)",0.0156302928042415,0.45774002194358,0.508221166780205,0.556308445616916
"OU","Unnormalised decay, g(t)",0.0164167791240551,0.444828266070645,0.495243029626345,0.543504332991739
"OU","Unnormalised decay, g(t)",0.0172428399252301,0.431992486139359,0.482236496391948,0.530622447308518
"OU","Unnormalised decay, g(t)",0.0181104665196756,0.419186776590364,0.469234767653469,0.517658223248394
"OU","Unnormalised decay, g(t)",0.0190217504182922,0.406502668895655,0.456241722158136,0.504656819375647
"OU","Unnormalised decay, g(t)",0.0199788883727927,0.393901742316113,0.443283793742444,0.491629216102742
"OU","Unnormalised decay, g(t)",0.020984187671218,0.381400633214637,0.430387928333577,0.478577610494414
"OU","Unnormalised decay, g(t)",0.0220400716999123,0.369025018609121,0.41755925608806,0.465527427054732
"OU","Unnormalised decay, g(t)",0.0231490857853676,0.356794655607569,0.404815029370484,0.45249682410566
"OU","Unnormalised decay, g(t)",0.0243139033300167,0.344723819087813,0.3921552133928,0.439503411854138
"OU","Unnormalised decay, g(t)",0.0255373322567698,0.332825608730411,0.379638091484063,0.426564524957197
"OU","Unnormalised decay, g(t)",0.0268223217778257,0.321127731735882,0.367246053784595,0.413735488575727
"OU","Unnormalised decay, g(t)",0.0281719695040778,0.309668314940357,0.354985172804905,0.400980402400687
"OU","Unnormalised decay, g(t)",0.0295895289122516,0.298417300880737,0.342894238822233,0.388348654676673
"OU","Unnormalised decay, g(t)",0.031078417187774,0.287385209367732,0.330980888300241,0.375841590882868
"OU","Unnormalised decay, g(t)",0.0326422234622804,0.27655793526687,0.319268241374072,0.363418898639439
"OU","Unnormalised decay, g(t)",0.0342847174656184,0.265945875454575,0.307732068488286,0.351193774458543
"OU","Unnormalised decay, g(t)",0.0360098586132025,0.255576028535947,0.296421398696402,0.339133992972974
"OU","Unnormalised decay, g(t)",0.0378218055506278,0.245454724467071,0.285333251874872,0.327230506212142
"OU","Unnormalised decay, g(t)",0.0397249261785503,0.235585825260116,0.274456404195895,0.315511363197862
"OU","Unnormalised decay, g(t)",0.0417238081819993,0.225970744105627,0.263832882219537,0.303985096116666
"OU","Unnormalised decay, g(t)",0.0438232700895054,0.216618669504703,0.253459794961185,0.292673266318535
"OU","Unnormalised decay, g(t)",0.0460283728887019,0.207516372310627,0.243324614981534,0.28158594593754
"OU","Unnormalised decay, g(t)",0.0483444322264017,0.198699811562524,0.23346537026853,0.270753507976517
"OU","Unnormalised decay, g(t)",0.0507770312225578,0.190101864110867,0.223853481938753,0.260118761012853
"OU","Unnormalised decay, g(t)",0.0533320339289981,0.181780421272448,0.214510383977425,0.249735922721245
"OU","Unnormalised decay, g(t)",0.0560155994653783,0.173759936922735,0.205430809584078,0.23960811652099
"OU","Unnormalised decay, g(t)",0.058834196866428,0.16600623118583,0.196618233649117,0.229767367878795
"OU","Unnormalised decay, g(t)",0.0617946206762821,0.158516929527783,0.188085177163568,0.220213421448768
"OU","Unnormalised decay, g(t)",0.0649040073274894,0.151282689594131,0.179812942095387,0.210926683794447
"OU","Unnormalised decay, g(t)",0.0681698523441805,0.144304942445218,0.171807026088565,0.201911671620068
"OU","Unnormalised decay, g(t)",0.0716000284108672,0.137585173337233,0.164087523451224,0.193167355039961
"OU","Unnormalised decay, g(t)",0.0752028043504282,0.13115671616237,0.156613747284327,0.18468009574267
"OU","Unnormalised decay, g(t)",0.0789868650570315,0.124930126413785,0.149425604561402,0.176430409879469
"OU","Unnormalised decay, g(t)",0.0829613324320421,0.118971548600341,0.142481825275222,0.168483346727599
"OU","Unnormalised decay, g(t)",0.0871357873733857,0.113219580424172,0.135790776088067,0.160817670459051
"OU","Unnormalised decay, g(t)",0.0915202928713737,0.10770712644102,0.129360373407976,0.153420252956539
"OU","Unnormalised decay, g(t)",0.0961254182666664,0.102408214770741,0.123181692336168,0.146307303474592
"OU","Unnormalised decay, g(t)",0.10096226472885,0.0973592156675662,0.117248350061293,0.139464096343465
"OU","Unnormalised decay, g(t)",0.106042492017049,0.0925429079519727,0.111547394177783,0.132844642895458
"OU","Unnormalised decay, g(t)",0.111378346587075,0.0879502039054825,0.106076747049901,0.126454917112191
"OU","Unnormalised decay, g(t)",0.116982691112881,0.083542437447393,0.100845506000213,0.120343138955131
"OU","Unnormalised decay, g(t)",0.122869035493474,0.0793095066819747,0.0958375976686401,0.114468077701778
"OU","Unnormalised decay, g(t)",0.129051569420036,0.0752698592032139,0.091030326378859,0.108845223147378
"OU","Unnormalised decay, g(t)",0.135545196581761,0.0714396459632827,0.086434879827266,0.103451882334634
"OU","Unnormalised decay, g(t)",0.142365570592866,0.067755999334815,0.0820495157987193,0.0982967432378667
"OU","Unnormalised decay, g(t)",0.149529132727375,0.0642559475160094,0.0778587203686996,0.0933625025827766
"OU","Unnormalised decay, g(t)",0.15705315155265,0.0609096275448125,0.0738565811437788,0.088628454270732
"OU","Unnormalised decay, g(t)",0.164955764557203,0.0577392188636722,0.0700434931803955,0.0841234091711205
"OU","Unnormalised decay, g(t)",0.17325602187314,0.0547087284674281,0.0664058290662332,0.0798109338556258
"OU","Unnormalised decay, g(t)",0.181973932198632,0.0518297278956875,0.0629407566663685,0.0756908720049576
"OU","Unnormalised decay, g(t)",0.191130511031121,0.0490956109486883,0.0596398108166911,0.0717538480457295
"OU","Unnormalised decay, g(t)",0.200747831327525,0.0464902602872818,0.0565011678064031,0.0680033883918846
"OU","Unnormalised decay, g(t)",0.210849076713569,0.044011445479628,0.0535061748369267,0.0644315396106131
"OU","Unnormalised decay, g(t)",0.221458597370505,0.041656684923881,0.0506560447352238,0.0610459261485553
"OU","Unnormalised decay, g(t)",0.232601968733948,0.0394198820651405,0.0479479095323365,0.0577931984499612
"OU","Unnormalised decay, g(t)",0.244306053146322,0.0372963305330806,0.0453772835995053,0.0547152198534381
"OU","Unnormalised decay, g(t)",0.25659906461154,0.0352812045032073,0.0429296889292523,0.0518022191489214
"OU","Unnormalised decay, g(t)",0.269510636808012,0.0333768680443957,0.0406123591831984,0.0490193017089932
"OU","Unnormalised decay, g(t)",0.283071894523941,0.0315549732911319,0.0384134193467242,0.0463771148879499
"OU","Unnormalised decay, g(t)",0.297315528687109,0.0298403629884087,0.0363247251552593,0.0438721950018025
"OU","Unnormalised decay, g(t)",0.312275875170005,0.0282143528753993,0.0343434118803998,0.0415015445765995
"OU","Unnormalised decay, g(t)",0.327988997560291,0.0266646319429248,0.0324624109478139,0.0392463747141041
"OU","Unnormalised decay, g(t)",0.344492774096106,0.0251984566386191,0.0306809062641003,0.0370933064723645
"OU","Unnormalised decay, g(t)",0.361826988975799,0.0238096687885315,0.0289939738272625,0.0350566870174696
"OU","Unnormalised decay, g(t)",0.380033428262183,0.0224964313449931,0.0273944851772561,0.0331297622174745
"OU","Unnormalised decay, g(t)",0.399155980612512,0.0212549952028387,0.0258795605106697,0.0312925811036638
"OU","Unnormalised decay, g(t)",0.419240743076997,0.0200762950227585,0.0244449840766476,0.0295519233020901
"OU","Unnormalised decay, g(t)",0.440336132220897,0.0189608176158475,0.0230867611320603,0.0279074713829829
"OU","Unnormalised decay, g(t)",0.462493000838061,0.0179074191412691,0.0218010935040643,0.0263503104415661
"OU","Unnormalised decay, g(t)",0.485764760537277,0.0169137527960903,0.0205850561959508,0.0248741093737265
"OU","Unnormalised decay, g(t)",0.510207510496923,0.0159758718284951,0.0194327109366124,0.0234812560971729
"OU","Unnormalised decay, g(t)",0.535880172698306,0.0150864626816194,0.0183431521118263,0.0221708392735037
"OU","Unnormalised decay, g(t)",0.562844633963691,0.0142429800758887,0.0173140638189011,0.0209254013847666
"OU","Unnormalised decay, g(t)",0.591165895141398,0.013445429067018,0.0163404949335632,0.0197504100305189
"OU","Unnormalised decay, g(t)",0.620912227797619,0.0126918801701409,0.0154195818131958,0.0186341829707812
"OU","Unnormalised decay, g(t)",0.652155338792655,0.0119766968469517,0.014551573225685,0.0175829082332073
"OU","Unnormalised decay, g(t)",0.684970543138327,0.011302284006166,0.0137306818323732,0.0165917646019859
"OU","Unnormalised decay, g(t)",0.719436945553221,0.0106650616175358,0.0129527025652187,0.0156558831740639
"OU","Unnormalised decay, g(t)",0.755637631153466,0.0100631486728496,0.0122178606820237,0.0147624835134147
"OU","Unnormalised decay, g(t)",0.793659865738689,0.00949624513880813,0.0115259460409641,0.0139223349889527
"OU","Unnormalised decay, g(t)",0.83359530615598,0.00896033979606005,0.0108723467818079,0.0131275854208432
"OU","Unnormalised decay, g(t)",0.875540221248974,0.00845397590854343,0.0102547298527814,0.012378644548766
"OU","Unnormalised decay, g(t)",0.919595723924655,0.00797493893799388,0.00967024514384871,0.0116716521177178
"OU","Unnormalised decay, g(t)",0.965868014897323,0.00751992668880266,0.00911915791895013,0.0110055953056931
"OU","Unnormalised decay, g(t)",1.01446863869729,0.00709521447752889,0.00860042392825744,0.0103767673472089
"OU","Unnormalised decay, g(t)",1.06551475256145,0.00669273612116673,0.00810853412851532,0.00978294724976764
"OU","Unnormalised decay, g(t)",1.11912940885386,0.00631506374455764,0.00764569048583603,0.00922267812411714
"OU","Unnormalised decay, g(t)",1.17544185169728,0.00595608361606592,0.00720928357713817,0.00869336879506396
"OU","Unnormalised decay, g(t)",1.23458782853051,0.00561854819724962,0.00679705530875579,0.00819103692829335
"OU","Unnormalised decay, g(t)",1.29670991734283,0.00529880961928741,0.00640841690229307,0.00772039789345073
"OU","Unnormalised decay, g(t)",1.36195787037414,0.00499733387346901,0.00604124899705062,0.00727584243490861
"OU","Unnormalised decay, g(t)",1.4304889751095,0.00471192834170529,0.00569440779779238,0.00685691464995552
"OU","Unnormalised decay, g(t)",1.50246843343818,0.00444260886326197,0.00536757634011721,0.00646066582497504
"OU","Unnormalised decay, g(t)",1.57806975989127,0.00418806793169128,0.00505930209693824,0.00608466663574887
"OU","Unnormalised decay, g(t)",1.65747519991792,0.00394996419666745,0.004767991243299,0.00573454499286895
"OU","Unnormalised decay, g(t)",1.74087616920828,0.00372508059075831,0.00449415181356127,0.00540317684808375
"OU","Unnormalised decay, g(t)",1.82847371512247,0.00351180776101204,0.00423637431074845,0.00508931161697294
"OU","Unnormalised decay, g(t)",1.92047900133774,0.00330955569482218,0.0039918984209735,0.0047944807392895
"OU","Unnormalised decay, g(t)",2.01711381688205,0.00312013560476804,0.00376216477128205,0.00451609966562208
"OU","Unnormalised decay, g(t)",2.11861111078139,0.00294133739682551,0.00354484448237481,0.00425362514396755
"OU","Unnormalised decay, g(t)",2.2252155536094,0.00277304465604393,0.00333996701849536,0.00400627318745924
"OU","Unnormalised decay, g(t)",2.33718412729315,0.00261433586046863,0.00314726951854967,0.00377305415998085
"OU","Unnormalised decay, g(t)",2.45478674459683,0.00246443077840861,0.00296566356671891,0.00355531948806418
"OU","Unnormalised decay, g(t)",2.57830689977661,0.00232268235645157,0.00279413992607739,0.00334895174879942
"OU","Unnormalised decay, g(t)",2.70804235197525,0.00218889885310588,0.00263283719295121,0.00315336022266871
"OU","Unnormalised decay, g(t)",2.8443058430038,0.00206343271770717,0.00248095341056384,0.0029696892104072
"OU","Unnormalised decay, g(t)",2.98742585124072,0.00194514107522905,0.00233754787731109,0.00279554393212952
"OU","Unnormalised decay, g(t)",3.13774738346569,0.00183329929904011,0.00220257369911737,0.00263205639271395
"OU","Unnormalised decay, g(t)",3.29563280653705,0.00172771205396944,0.00207478643491436,0.00247956613677546
"OU","Unnormalised decay, g(t)",3.4614627209176,0.00162757496187426,0.00195465021213109,0.00233483824734598
"OU","Unnormalised decay, g(t)",3.63563687815462,0.00153388979325119,0.00184144621906295,0.00219914144191615
"OU","Unnormalised decay, g(t)",3.8185751445256,0.00144573697338078,0.00173505063614639,0.00207146498343251
"OU","Unnormalised decay, g(t)",4.01071851317284,0.00136269208945685,0.00163440405402811,0.00195111405347176
"OU","Unnormalised decay, g(t)",4.21253016716679,0.00128428954921541,0.00153955587286412,0.00183731763967186
"OU","Unnormalised decay, g(t)",4.42449659606056,0.00121043613820758,0.00145030177157136,0.0017301606964856
"OU","Unnormalised decay, g(t)",4.64712876862737,0.00114081672956599,0.00136636814313224,0.0016293564539207
"OU","Unnormalised decay, g(t)",4.88096336460794,0.00107518991723874,0.00128726558032232,0.00153431377481982
"OU","Unnormalised decay, g(t)",5.12656406843699,0.00101332792297658,0.00121264834993451,0.00144478662548754
"OU","Unnormalised decay, g(t)",5.38452292806754,0.000955015841002216,0.00114239825097437,0.00136061424500254
"OU","Unnormalised decay, g(t)",5.65546178216878,0.000899882903982965,0.00107618560019139,0.00128139752354956
"OU","Unnormalised decay, g(t)",5.94003375913761,0.000848089873111616,0.00101387916797702,0.00120703242622537
"OU","Unnormalised decay, g(t)",6.2389248515377,0.000799337789969924,0.000955004153545831,0.00113654857897398
"OU","Unnormalised decay, g(t)",6.55285556976123,0.000753190617762646,0.000899631541706888,0.00107007202325532
"OU","Unnormalised decay, g(t)",6.8825826788998,0.000709804429913909,0.000847393419787007,0.00100749991552304
"OU","Unnormalised decay, g(t)",7.22890102301119,0.00066893026629039,0.000798129683451328,0.000948689973977554
"OU","Unnormalised decay, g(t)",7.59264544117988,0.000630370630516691,0.000751873565133975,0.000893376605813746
"OU","Unnormalised decay, g(t)",7.97469277999,0.000594080741030487,0.000708188808987025,0.000840842100363099
"OU","Unnormalised decay, g(t)",8.37596400726201,0.000559912756869459,0.0006671181376707,0.000791602512061117
"OU","Unnormalised decay, g(t)",8.79742643214859,0.000527742469090454,0.000628422104135118,0.000745265167487418
"OU","Unnormalised decay, g(t)",9.24009603694156,0.00049722820117174,0.000591925119553784,0.000701558758452484
"OU","Unnormalised decay, g(t)",9.70503992621065,0.000468599768861133,0.000557547527929961,0.000660522178293951
"OU","Unnormalised decay, g(t)",10.1933788991785,0.000441556702777314,0.000525176688895312,0.000622039419987325
"OU","Unnormalised decay, g(t)",10.7062901515324,0.000416151232240635,0.000494635630876542,0.00058575661541393
"OU","Unnormalised decay, g(t)",11.245010113186,0.00039220892964627,0.000465902040974065,0.000551660532198817
"OU","Unnormalised decay, g(t)",11.8108374288321,0.000369599176171222,0.000438771272756524,0.000519435390688667
"OU","Unnormalised decay, g(t)",12.4051360884707,0.000348175512714308,0.000413285828127395,0.000489115055955051
"OU","Unnormalised decay, g(t)",13.0293387154593,0.000328053991795941,0.000389249919719114,0.000460612633152013
"OU","Unnormalised decay, g(t)",13.6849500200118,0.000309124563229045,0.000366619842253631,0.000433692826391115
"OU","Unnormalised decay, g(t)",14.3735504264708,0.000291202251152116,0.000345312166064305,0.000408414245566993
"OU","Unnormalised decay, g(t)",15.0967998830966,0.000274298469856517,0.000325228012178945,0.000384614677616598
"OU","Unnormalised decay, g(t)",15.8564418635589,0.000258503381571716,0.000306295218961769,0.000362070917754182
"OU","Unnormalised decay, g(t)",16.6543075697743,0.000243617821079793,0.000288551670807094,0.0003408635158141
"OU","Unnormalised decay, g(t)",17.4923203462235,0.000229637921860558,0.000271760758414153,0.000320988160072234
"OU","Unnormalised decay, g(t)",18.3725003163882,0.000216367779748588,0.000255940359441025,0.000302155610026936
"OU","Unnormalised decay, g(t)",19.2969692524845,0.000203922573310656,0.000241045773177046,0.000284613006487373
"OU","Unnormalised decay, g(t)",20.2679556902322,0.000192100195089622,0.00022703178506271,0.00026797992049499
"OU","Unnormalised decay, g(t)",21.287800300989,0.00018097222259773,0.000213841665340127,0.000252312276644823
"OU","Unnormalised decay, g(t)",22.3589615342008,0.000170497814167925,0.000201406901962788,0.000237576184085712
"OU","Unnormalised decay, g(t)",23.4840215437686,0.000160610732345025,0.000189693940013499,0.000223660640440853
"OU","Unnormalised decay, g(t)",24.6656924126196,0.000151287233078902,0.000178658915268684,0.000210620211091319
"OU","Unnormalised decay, g(t)",25.9068226904857,0.000142517050366361,0.000168295323432413,0.000198262764900115
"OU","Unnormalised decay, g(t)",27.2104042606515,0.000134262447958322,0.000158515161384505,0.000186696375432949
"OU","Unnormalised decay, g(t)",28.5795795522234,0.000126462409215306,0.000149292486723922,0.000175793410929389
"OU","Unnormalised decay, g(t)",30.0176491153061,0.000119151192147239,0.000140600184201417,0.000165542811203689
"OU","Unnormalised decay, g(t)",31.5280795773476,0.000112252273157349,0.000132431784629153,0.000155868674306151
"OU","Unnormalised decay, g(t)",33.1145119998324,0.000105747091597403,0.000124748509228295,0.000146822077656916
"OU","Unnormalised decay, g(t)",34.7807706554672,9.96105720921238e-05,0.000117469010819618,0.000138258408188082
"OU","Unnormalised decay, g(t)",36.5308722470174,9.38049416071799e-05,0.000110626329312581,0.000130158056535396
"OU","Unnormalised decay, g(t)",38.3690355900191,8.83498636880201e-05,0.000104190158241324,0.000122544918714404
"OU","Unnormalised decay, g(t)",40.2996917827044,8.32698567203769e-05,9.81278524344682e-05,0.000115406087825594
"OU","Unnormalised decay, g(t)",42.3274948876598,7.84261915622762e-05,9.24279020482103e-05,0.000108644500676441
"OU","Unnormalised decay, g(t)",44.4573331509643,7.39098869244693e-05,8.70506317660648e-05,0.000102280420898456
"OU","Unnormalised decay, g(t)",46.6943407858529,6.96206223407372e-05,8.19836812178107e-05,9.63210647956502e-05
"OU","Unnormalised decay, g(t)",49.0439103493112,6.55659280525416e-05,7.72202847726271e-05,9.07076544694213e-05
"OU","Unnormalised decay, g(t)",51.5117057414381,6.17337745176396e-05,7.27263734205938e-05,8.53833250289585e-05
"OU","Unnormalised decay, g(t)",54.1036758589086,5.81657819051814e-05,6.84932826429628e-05,8.03985801576969e-05
"OU","Unnormalised decay, g(t)",56.8260689354551,5.47989849848066e-05,6.45044022926073e-05,7.57152614300335e-05
"OU","Unnormalised decay, g(t)",59.6854476039337,5.16320252359687e-05,6.07519689826546e-05,7.13042107480186e-05
"OU","Unnormalised decay, g(t)",62.6887047162836,4.86163508855408e-05,5.72156051035753e-05,6.71317239570196e-05
"OU","Unnormalised decay, g(t)",65.8430799595172,4.57802531221396e-05,5.38957236401858e-05,6.32158201636916e-05
"OU","Unnormalised decay, g(t)",69.1561773077962,4.3112461797918e-05,5.07648624405405e-05,5.9521450499588e-05
"OU","Unnormalised decay, g(t)",72.6359833526599,4.06040636237584e-05,4.78092064019937e-05,5.60418842400845e-05
"OU","Unnormalised decay, g(t)",76.2908865555977,3.8238526292282e-05,4.50186175793868e-05,5.27615523654423e-05
"OU","Unnormalised decay, g(t)",80.1296974693735,3.60141388083857e-05,4.23997683052959e-05,4.96771746708662e-05
"OU","Unnormalised decay, g(t)",84.1616699768472,3.39310447692157e-05,3.99234246200227e-05,4.67596542107884e-05
"OU","Unnormalised decay, g(t)",88.3965235984953,3.19594921931988e-05,3.76028195355957e-05,4.40280264982308e-05
"OU","Unnormalised decay, g(t)",92.8444669224,3.01168954952123e-05,3.54139659458895e-05,4.14472810194052e-05
"OU","Unnormalised decay, g(t)",97.5162222131928,2.83720918844242e-05,3.3354311878473e-05,3.90353210008062e-05
"OU","Unnormalised decay, g(t)",102.423051259273,2.67240381727023e-05,3.14116180816411e-05,3.67679232560445e-05
"OU","Unnormalised decay, g(t)",107.576782520605,2.51827887194643e-05,2.95840215906033e-05,3.46196727401408e-05
"OU","Unnormalised decay, g(t)",112.989839642545,2.37226997742245e-05,2.78638210248981e-05,3.26011287131371e-05
"OU","Unnormalised decay, g(t)",118.675271404431,2.23535363721527e-05,2.62440866696294e-05,3.07020497772306e-05
"OU","Unnormalised decay, g(t)",124.646783175114,2.10545394392972e-05,2.47154414972359e-05,2.89168902452913e-05
"OU","Unnormalised decay, g(t)",130.918769951293,1.98298689158557e-05,2.32748387735832e-05,2.72317577854132e-05
"OU","Unnormalised decay, g(t)",137.506351058256,1.86965737198749e-05,2.19197761077676e-05,2.56469366471497e-05
"OU","Unnormalised decay, g(t)",144.425406596708,1.76088639011958e-05,2.06460312263496e-05,2.41501986359293e-05
"OU","Unnormalised decay, g(t)",151.692615723526,1.65959038704037e-05,1.94436755585267e-05,2.27392820410254e-05
"OU","Unnormalised decay, g(t)",159.325496858736,1.56281405958033e-05,1.83113078790754e-05,2.14126975498227e-05
"OU","Unnormalised decay, g(t)",167.342449915617,1.47241057272641e-05,1.72466128510955e-05,2.01636035129223e-05
"OU","Unnormalised decay, g(t)",175.762800655753,1.3872948999299e-05,1.62444149445298e-05,1.89879971086959e-05
"OU","Unnormalised decay, g(t)",184.60684727594,1.30655880734036e-05,1.52994312173501e-05,1.7878039085661e-05
"OU","Unnormalised decay, g(t)",193.895909339259,1.23061556508609e-05,1.44096365937076e-05,1.68286679317739e-05
"OU","Unnormalised decay, g(t)",203.652379168268,1.15911825436677e-05,1.35708785207375e-05,1.58428188990167e-05
"OU","Unnormalised decay, g(t)",213.899775824195,1.09139745137138e-05,1.27797318702392e-05,1.49084000768089e-05
"OU","Unnormalised decay, g(t)",224.662801802268,1.02813001651679e-05,1.20335295156151e-05,1.40477080192848e-05
"OU","Unnormalised decay, g(t)",235.967402579838,9.67991803537304e-06,1.13313317214781e-05,1.32264852911887e-05
"OU","Unnormalised decay, g(t)",247.840829160858,9.11901347823828e-06,1.06708813499874e-05,1.24541624813798e-05
"OU","Unnormalised decay, g(t)",260.311703767468,8.58961258825124e-06,1.0048843861546e-05,1.17275289009996e-05
"OU","Unnormalised decay, g(t)",273.410088837064,8.0902704267598e-06,9.46446141173505e-06,1.10422702510703e-05
"OU","Unnormalised decay, g(t)",287.167559491166,7.62095029529838e-06,8.91420598136603e-06,1.03954813426028e-05
"OU","Unnormalised decay, g(t)",301.617279650778,7.17915216738853e-06,8.39606372281651e-06,9.78963177382246e-06
"OU","Unnormalised decay, g(t)",316.794081981721,6.76090672614279e-06,7.9080451892284e-06,9.21878926330317e-06
"OU","Unnormalised decay, g(t)",332.734551862678,6.3673738198245e-06,7.4473174186456e-06,8.68477579348163e-06
"OU","Unnormalised decay, g(t)",349.477115578331,5.99929391811458e-06,7.01356081034483e-06,8.17608800455983e-06
"OU","Unnormalised decay, g(t)",367.062132950219,5.65041340963764e-06,6.60596035269501e-06,7.69838444656917e-06
"OU","Unnormalised decay, g(t)",385.531994628602,5.32277689285452e-06,6.22181587762763e-06,7.24935231838713e-06
"OU","Unnormalised decay, g(t)",404.931224279859,5.01413104142483e-06,5.85885157334044e-06,6.82627640516818e-06
"OU","Unnormalised decay, g(t)",425.306585915763,4.72342498754888e-06,5.51687396325935e-06,6.42840303728563e-06
"OU","Unnormalised decay, g(t)",446.707196623364,4.4492347544156e-06,5.19626103576543e-06,6.05388307227841e-06
"OU","Unnormalised decay, g(t)",469.184644967214,4.1885667311146e-06,4.89368446085735e-06,5.70230237366863e-06
"OU","Unnormalised decay, g(t)",492.793115349368,3.94408132908182e-06,4.60839086542937e-06,5.36939501837924e-06
"OU","Unnormalised decay, g(t)",517.589518626948,3.71465206063381e-06,4.34006617064385e-06,5.05831181219526e-06
"OU","Unnormalised decay, g(t)",543.633629302121,3.49706824726469e-06,4.08732284008613e-06,4.76394666354038e-06
"OU","Unnormalised decay, g(t)",570.988229615221,3.29439277525846e-06,3.84963217531541e-06,4.48562755382243e-06
"OU","Unnormalised decay, g(t)",599.71926088836,3.10271406972417e-06,3.62587214343657e-06,4.22711577156007e-06
"OU","Unnormalised decay, g(t)",629.895982484354,2.92245845874169e-06,3.4152221822732e-06,3.98239512482716e-06
"OU","Unnormalised decay, g(t)",661.591138764156,2.75190265517111e-06,3.21636636513298e-06,3.74952242583121e-06
"OU","Unnormalised decay, g(t)",694.881134445283,2.5917135954527e-06,3.02855138089724e-06,3.53105424212734e-06
"OU","Unnormalised decay, g(t)",729.846218783914,2.4413226122315e-06,2.85214611126611e-06,3.32501914355813e-06
"OU","Unnormalised decay, g(t)",766.570679024703,2.29938051524634e-06,2.68647166979618e-06,3.13159881181649e-06
"OU","Unnormalised decay, g(t)",805.143043584603,2.16490470912948e-06,2.53025619310707e-06,2.94978316807593e-06
"OU","Unnormalised decay, g(t)",845.656295460511,2.03818138631255e-06,2.38306079557003e-06,2.77777033059096e-06
"OU","Unnormalised decay, g(t)",888.208096375173,1.91884236703116e-06,2.24426703704631e-06,2.61501627437405e-06
"OU","Unnormalised decay, g(t)",932.901022201696,1.80744809207978e-06,2.11354646671335e-06,2.46398407906495e-06
"OU","Unnormalised decay, g(t)",979.842810234145,1.70135474906792e-06,1.99047908082829e-06,2.32168448710179e-06
"OU","Unnormalised decay, g(t)",1029.14661890034,1.60313918409599e-06,1.87465508205038e-06,2.18709332610688e-06
"OU","Unnormalised decay, g(t)",1080.93130054289,1.50943997285962e-06,1.76555316971567e-06,2.05982932711015e-06
"OU","Unnormalised decay, g(t)",1135.32168792608,1.42145056353801e-06,1.66251249290797e-06,1.94014424984386e-06
"OU","Unnormalised decay, g(t)",1192.44889515916,1.33807155986832e-06,1.56563222854938e-06,1.82777209682792e-06
"OU","Unnormalised decay, g(t)",1252.45063376159,1.25995295856064e-06,1.47451899435967e-06,1.7215843582346e-06
"OU","Unnormalised decay, g(t)",1315.47154463206,1.1863369879082e-06,1.38859584807108e-06,1.62083247425704e-06
"OU","Unnormalised decay, g(t)",1381.66354672152,1.11660902032415e-06,1.30766040331101e-06,1.52672665566759e-06
"OU","Unnormalised decay, g(t)",1451.18620325082,1.05126391031511e-06,1.23166521764252e-06,1.4376784335094e-06
"OU","Unnormalised decay, g(t)",1524.20710635568,9.89559363499206e-07,1.15985693805488e-06,1.35416532277718e-06
"OU","Unnormalised decay, g(t)",1600.90228108626,9.32171965850761e-07,1.09229758094151e-06,1.27540766745796e-06
"OU","Unnormalised decay, g(t)",1681.45660973525,8.78050319449124e-07,1.02867374626465e-06,1.20148107364171e-06
"OU","Unnormalised decay, g(t)",1766.06427751727,8.26574660070193e-07,9.68716583840068e-07,1.13164836358e-06
"OU","Unnormalised decay, g(t)",1854.92924067407,7.7804079435075e-07,9.12412853010093e-07,1.06603839946304e-06
"OU","Unnormalised decay, g(t)",1948.26571813383,7.32371584756219e-07,8.59385064722413e-07,1.00400675828614e-06
"OU","Unnormalised decay, g(t)",2046.29870790983,6.89912193171817e-07,8.09382215483385e-07,9.45890539585113e-07
"OU","Unnormalised decay, g(t)",2149.26452948336,6.49759347253785e-07,7.62271502278988e-07,8.9108756679521e-07
"OU","Unnormalised decay, g(t)",2257.41139347817,6.11688799815675e-07,7.17858276564861e-07,8.39456521872396e-07
"OU","Unnormalised decay, g(t)",2371,5.7598654664991e-07,6.76108283056889e-07,7.90781764979777e-07
"OU","Window-normalised decay, h(t)",0,9.77910327545079,11.3556954536563,13.2477586820056
"OU","Window-normalised decay, h(t)",0.001,9.32916469310397,10.7305904586158,12.3814310344898
"OU","Window-normalised decay, h(t)",0.00105031807974833,9.30691617513872,10.7008971101289,12.3400714419602
"OU","Window-normalised decay, h(t)",0.00110316806864623,9.28449458411192,10.6700019221568,12.2965672770015
"OU","Window-normalised decay, h(t)",0.00115867736750019,9.26114169776769,10.6373654085126,12.2519907097197
"OU","Window-normalised decay, h(t)",0.00121697978768065,9.23672777542923,10.6032581555107,12.2070231663376
"OU","Window-normalised decay, h(t)",0.00127821587368928,9.21121032712758,10.5684207573522,12.1577005953655
"OU","Window-normalised decay, h(t)",0.00134253324195716,9.18385775133969,10.5322215549473,12.1061922568408
"OU","Window-normalised decay, h(t)",0.00141008693669075,9.15501577082759,10.4939540683336,12.0525204648876
"OU","Window-normalised decay, h(t)",0.00148103980362324,9.12540796606616,10.453528704541,11.997679335176
"OU","Window-normalised decay, h(t)",0.00155556288257241,9.09345732695477,10.4121216521928,11.9410925907453
"OU","Window-normalised decay, h(t)",0.00163383581975124,9.06066365666056,10.368613169283,11.8801874927702
"OU","Window-normalised decay, h(t)",0.00171604730082517,9.02711781147634,10.3228368315766,11.8179006702898
"OU","Window-normalised decay, h(t)",0.00180239550576001,8.99087961863316,10.2748755513415,11.7549128311709
"OU","Window-normalised decay, h(t)",0.00189308858655688,8.95352802365569,10.2252620592532,11.6888325330228
"OU","Window-normalised decay, h(t)",0.00198834516902591,8.91556632339634,10.1737398816456,11.6184276854272
"OU","Window-normalised decay, h(t)",0.00208839487980817,8.87638538948942,10.1201773745829,11.5475951840098
"OU","Window-normalised decay, h(t)",0.00219347889991637,8.83449622203217,10.064410347649,11.4727883464099
"OU","Window-normalised decay, h(t)",0.00230385054612865,8.7919692017683,10.0062334821016,11.3957345971557
"OU","Window-normalised decay, h(t)",0.002419775881637,8.74680211886199,9.94618020254931,11.3158218769356
"OU","Window-normalised decay, h(t)",0.00254153435742231,8.70136832978915,9.88372060541443,11.230934131178
"OU","Window-normalised decay, h(t)",0.00266941948590221,8.65296389135419,9.81856588961504,11.1440968262497
"OU","Window-normalised decay, h(t)",0.0028037395484756,8.60167790291344,9.75162242525727,11.0552335983387
"OU","Window-normalised decay, h(t)",0.00294481833866936,8.54931086315906,9.68153128878738,10.9628261977734
"OU","Window-normalised decay, h(t)",0.00309299594267888,8.4955058699927,9.60923446708845,10.8674657161907
"OU","Window-normalised decay, h(t)",0.00324862955918387,8.43869995944354,9.53437482936334,10.7714387833294
"OU","Window-normalised decay, h(t)",0.00341209436041568,8.38020419002522,9.45651861789101,10.6649920961289
"OU","Window-normalised decay, h(t)",0.00358378439655192,8.31960981754474,9.37577888207093,10.5593801120857
"OU","Window-normalised decay, h(t)",0.00376411354561846,8.25681529905335,9.29282453079708,10.4535052387352
"OU","Window-normalised decay, h(t)",0.00395351651118867,8.19134872881222,9.20782136330124,10.3409059086182
"OU","Window-normalised decay, h(t)",0.00415244987028502,8.12465331719338,9.11962660253577,10.2258639437682
"OU","Window-normalised decay, h(t)",0.00436139317400899,8.05309264624898,9.02891206066113,10.1079671723015
"OU","Window-normalised decay, h(t)",0.00458085010355261,7.97979888454493,8.93419314881144,9.98556533220777
"OU","Window-normalised decay, h(t)",0.00481134968437834,7.90467927243301,8.83747823259422,9.85822925881011
"OU","Window-normalised decay, h(t)",0.00505344756149402,7.82805132104481,8.7373356671806,9.73008469727537
"OU","Window-normalised decay, h(t)",0.0053077273388973,7.74762606780833,8.6347524081424,9.59623237041305
"OU","Window-normalised decay, h(t)",0.00557480198641835,7.66509809638535,8.52884078014538,9.46168828340193
"OU","Window-normalised decay, h(t)",0.00585531531735212,7.58074051913606,8.42038401838055,9.3216483809846
"OU","Window-normalised decay, h(t)",0.00614994354044229,7.4931655353429,8.30920862113169,9.17983548059004
"OU","Window-normalised decay, h(t)",0.00645939688995802,7.4020927116404,8.19524970232753,9.03730424926177
"OU","Window-normalised decay, h(t)",0.00678442133779308,7.3100356381106,8.07859871610371,8.89133388330402
"OU","Window-normalised decay, h(t)",0.00712580039171445,7.21593506248665,7.95941744746258,8.74069608395282
"OU","Window-normalised decay, h(t)",0.00748435698409545,7.11950266052548,7.8373736326122,8.58857831858467
"OU","Window-normalised decay, h(t)",0.00786095545568617,7.02068853757544,7.71306314903402,8.43411270389926
"OU","Window-normalised decay, h(t)",0.00825650363920349,6.91872072272418,7.58588180298095,8.27843242406145
"OU","Window-normalised decay, h(t)",0.00867195504776335,6.81511842039086,7.45670943273789,8.11908063113808
"OU","Window-normalised decay, h(t)",0.00910831117343068,6.71051546009625,7.32523288040596,7.9548789491251
"OU","Window-normalised decay, h(t)",0.00956662390142801,6.60133297905502,7.19203659054246,7.79037402637759
"OU","Window-normalised decay, h(t)",0.0100479980458224,6.49066224496455,7.05673878870352,7.62799504998474
"OU","Window-normalised decay, h(t)",0.0105535940128032,6.37591143589657,6.91894113626462,7.4626286413433
"OU","Window-normalised decay, h(t)",0.011084630597971,6.26145209727907,6.77982562088835,7.29936143065518
"OU","Window-normalised decay, h(t)",0.0116423879243805,6.14416959881277,6.63933433196336,7.12953364332478
"OU","Window-normalised decay, h(t)",0.0122282105284205,6.02632974431438,6.49576742730374,6.96070567231666
"OU","Window-normalised decay, h(t)",0.012843510600969,5.90564077001641,6.35210821232977,6.79358894816285
"OU","Window-normalised decay, h(t)",0.0134897713916372,5.78440016219265,6.20761032866573,6.62436821412133
"OU","Window-normalised decay, h(t)",0.0141685507843084,5.66181883979362,6.06160382495111,6.45361643462428
"OU","Window-normalised decay, h(t)",0.0148814850525915,5.53700428346128,5.91509189613633,6.28351724857992
"OU","Window-normalised decay, h(t)",0.0156302928042415,5.41126244819091,5.76793722525789,6.11284466017528
"OU","Window-normalised decay, h(t)",0.0164167791240551,5.28437561535374,5.62056361932382,5.94294673715659
"OU","Window-normalised decay, h(t)",0.0172428399252301,5.15793380618329,5.4725242668124,5.77322973298908
"OU","Window-normalised decay, h(t)",0.0181104665196756,5.03088395135923,5.32454656017372,5.60400447370089
"OU","Window-normalised decay, h(t)",0.0190217504182922,4.90246438370416,5.17747850332727,5.43760009320996
"OU","Window-normalised decay, h(t)",0.0199788883727927,4.77358737424213,5.03061005984863,5.27213378256756
"OU","Window-normalised decay, h(t)",0.020984187671218,4.64473919733965,4.88415328771672,5.10746274131725
"OU","Window-normalised decay, h(t)",0.0220400716999123,4.51513356291041,4.73801663960233,4.94785245491939
"OU","Window-normalised decay, h(t)",0.0231490857853676,4.38847775211003,4.59341951091311,4.78794532332602
"OU","Window-normalised decay, h(t)",0.0243139033300167,4.2597767056162,4.44978454251343,4.63149584575949
"OU","Window-normalised decay, h(t)",0.0255373322567698,4.13163200035749,4.3075603130181,4.47632205394351
"OU","Window-normalised decay, h(t)",0.0268223217778257,4.00479541396315,4.16669001323524,4.3256777267378
"OU","Window-normalised decay, h(t)",0.0281719695040778,3.87830912494049,4.02738732003361,4.17567453003976
"OU","Window-normalised decay, h(t)",0.0295895289122516,3.75143216036538,3.89024595863384,4.02924199067624
"OU","Window-normalised decay, h(t)",0.031078417187774,3.62610186700778,3.7547218909771,3.88454279132661
"OU","Window-normalised decay, h(t)",0.0326422234622804,3.50252907582249,3.62204000321721,3.7424798790809
"OU","Window-normalised decay, h(t)",0.0342847174656184,3.38035072818832,3.49102805188697,3.60479841399016
"OU","Window-normalised decay, h(t)",0.0360098586132025,3.2586909467233,3.36290269312974,3.46968212606782
"OU","Window-normalised decay, h(t)",0.0378218055506278,3.13900511082291,3.2368198669083,3.33862226133373
"OU","Window-normalised decay, h(t)",0.0397249261785503,3.02036419865229,3.11358245270439,3.2104393921833
"OU","Window-normalised decay, h(t)",0.0417238081819993,2.90472106868348,2.99315508964198,3.08458936462987
"OU","Window-normalised decay, h(t)",0.0438232700895054,2.79036523394979,2.87568876672787,2.96349833071536
"OU","Window-normalised decay, h(t)",0.0460283728887019,2.67888779716554,2.76084224399485,2.84524076790304
"OU","Window-normalised decay, h(t)",0.0483444322264017,2.5695528875784,2.64878982225642,2.72996899307418
"OU","Window-normalised decay, h(t)",0.0507770312225578,2.46244132003124,2.53988759752944,2.61773215719489
"OU","Window-normalised decay, h(t)",0.0533320339289981,2.3595843899056,2.43408331452042,2.50948219789778
"OU","Window-normalised decay, h(t)",0.0560155994653783,2.25803214387975,2.33124539064489,2.40379004162801
"OU","Window-normalised decay, h(t)",0.058834196866428,2.16007239609047,2.23149207436534,2.30134918658819
"OU","Window-normalised decay, h(t)",0.0617946206762821,2.06475842129304,2.13447142115318,2.20244141995708
"OU","Window-normalised decay, h(t)",0.0649040073274894,1.97243062636203,2.04063752126795,2.10655945820286
"OU","Window-normalised decay, h(t)",0.0681698523441805,1.88355379534108,1.94977362194683,2.01391786679462
"OU","Window-normalised decay, h(t)",0.0716000284108672,1.79775998193336,1.86201169030146,1.92416518910343
"OU","Window-normalised decay, h(t)",0.0752028043504282,1.71505259866848,1.77736901962987,1.83738945617069
"OU","Window-normalised decay, h(t)",0.0789868650570315,1.635226852733,1.69574591327844,1.75439675159174
"OU","Window-normalised decay, h(t)",0.0829613324320421,1.55811997127556,1.61704112113353,1.67415698462274
"OU","Window-normalised decay, h(t)",0.0871357873733857,1.4842914178385,1.54140061449411,1.59705264037389
"OU","Window-normalised decay, h(t)",0.0915202928713737,1.41305487444451,1.46848234450911,1.52254010102667
"OU","Window-normalised decay, h(t)",0.0961254182666664,1.34455585303092,1.39832532062419,1.45068244412701
"OU","Window-normalised decay, h(t)",0.10096226472885,1.27900838862179,1.3310410459624,1.381599771385
"OU","Window-normalised decay, h(t)",0.106042492017049,1.21626517477444,1.26635548463324,1.31528674536428
"OU","Window-normalised decay, h(t)",0.111378346587075,1.15602369928186,1.20435967932915,1.25158334398617
"OU","Window-normalised decay, h(t)",0.116982691112881,1.09831428567275,1.1449913506966,1.19051310805415
"OU","Window-normalised decay, h(t)",0.122869035493474,1.04318325312729,1.08807306601476,1.13217774110435
"OU","Window-normalised decay, h(t)",0.129051569420036,0.99045019780832,1.03358771842513,1.07601573025121
"OU","Window-normalised decay, h(t)",0.135545196581761,0.94008441040643,0.981532314257271,1.02237644692083
"OU","Window-normalised decay, h(t)",0.142365570592866,0.892083011013443,0.931750681267777,0.971015839442232
"OU","Window-normalised decay, h(t)",0.149529132727375,0.846188629490148,0.884231612356384,0.922056291268054
"OU","Window-normalised decay, h(t)",0.15705315155265,0.802401122249202,0.838816631908441,0.875166621601899
"OU","Window-normalised decay, h(t)",0.164955764557203,0.76079543957207,0.795522122357621,0.830448104017302
"OU","Window-normalised decay, h(t)",0.17325602187314,0.720996479766881,0.754232754069169,0.787724393341561
"OU","Window-normalised decay, h(t)",0.181973932198632,0.683231235884202,0.714914658074602,0.746988069802765
"OU","Window-normalised decay, h(t)",0.191130511031121,0.64726742768546,0.67744973606856,0.708154349419529
"OU","Window-normalised decay, h(t)",0.200747831327525,0.612962667944657,0.641707986955783,0.671005257611195
"OU","Window-normalised decay, h(t)",0.210849076713569,0.580514879049937,0.607748483618806,0.635676193861
"OU","Window-normalised decay, h(t)",0.221458597370505,0.549527460768542,0.575426198995461,0.602015411562062
"OU","Window-normalised decay, h(t)",0.232601968733948,0.520138831206744,0.544719515476662,0.569845167932345
"OU","Window-normalised decay, h(t)",0.244306053146322,0.492219986543977,0.515506588023327,0.539399447639238
"OU","Window-normalised decay, h(t)",0.25659906461154,0.465733348030637,0.48776490974488,0.510506761412568
"OU","Window-normalised decay, h(t)",0.269510636808012,0.440595487929527,0.461405690426841,0.482980217557857
"OU","Window-normalised decay, h(t)",0.283071894523941,0.416697506773622,0.436427597183545,0.456891224248072
"OU","Window-normalised decay, h(t)",0.297315528687109,0.393988857009884,0.412701384141603,0.432030525547757
"OU","Window-normalised decay, h(t)",0.312275875170005,0.372532823481913,0.390185191602331,0.408390182864032
"OU","Window-normalised decay, h(t)",0.327988997560291,0.352191791552107,0.368820818262066,0.385976458138123
"OU","Window-normalised decay, h(t)",0.344492774096106,0.33296992613849,0.348563581342117,0.364789862018705
"OU","Window-normalised decay, h(t)",0.361826988975799,0.314648362384611,0.329396788520056,0.344676409623633
"OU","Window-normalised decay, h(t)",0.380033428262183,0.297368974366859,0.311198662819035,0.32559425001577
"OU","Window-normalised decay, h(t)",0.399155980612512,0.280999384773909,0.293987970814382,0.307514353185219
"OU","Window-normalised decay, h(t)",0.419240743076997,0.265500548404988,0.277685553221088,0.290402062712336
"OU","Window-normalised decay, h(t)",0.440336132220897,0.250795928092145,0.262244525605973,0.274301662505599
"OU","Window-normalised decay, h(t)",0.462493000838061,0.236905126012751,0.247645818417653,0.258976618929242
"OU","Window-normalised decay, h(t)",0.485764760537277,0.223756695754497,0.233836727347653,0.244460717514463
"OU","Window-normalised decay, h(t)",0.510207510496923,0.211306607674951,0.220744988576105,0.230724699988691
"OU","Window-normalised decay, h(t)",0.535880172698306,0.199529671193285,0.208365683157626,0.217726061406067
"OU","Window-normalised decay, h(t)",0.562844633963691,0.188416404447407,0.196673738998398,0.205443719689822
"OU","Window-normalised decay, h(t)",0.591165895141398,0.177866976671901,0.185624385831587,0.193813985011002
"OU","Window-normalised decay, h(t)",0.620912227797619,0.16787694714144,0.175168261393732,0.18286061315871
"OU","Window-normalised decay, h(t)",0.652155338792655,0.158439373504378,0.165284904395857,0.172500249494193
"OU","Window-normalised decay, h(t)",0.684970543138327,0.149553206935169,0.155953918282263,0.162708157160189
"OU","Window-normalised decay, h(t)",0.719436945553221,0.1411620549156,0.147131706781064,0.153439243345181
"OU","Window-normalised decay, h(t)",0.755637631153466,0.133220492723653,0.138799237568835,0.14469340394845
"OU","Window-normalised decay, h(t)",0.793659865738689,0.125722260752949,0.130925270464172,0.136426477573986
"OU","Window-normalised decay, h(t)",0.83359530615598,0.118626142561631,0.123494225166057,0.128625945667569
"OU","Window-normalised decay, h(t)",0.875540221248974,0.111941439076933,0.116473469341589,0.121246396542956
"OU","Window-normalised decay, h(t)",0.919595723924655,0.105617043576601,0.10985267140857,0.114300282860292
"OU","Window-normalised decay, h(t)",0.965868014897323,0.0996293792878588,0.10359553906874,0.107742118890173
"OU","Window-normalised decay, h(t)",1.01446863869729,0.0939870267108052,0.0976884306084584,0.101558144679889
"OU","Window-normalised decay, h(t)",1.06551475256145,0.0886688153641477,0.0921085575433103,0.0957127539262587
"OU","Window-normalised decay, h(t)",1.11912940885386,0.0836254218582278,0.0868426933279329,0.0901996503659539
"OU","Window-normalised decay, h(t)",1.17544185169728,0.0788897994883141,0.0818761809522699,0.0849982416737519
"OU","Window-normalised decay, h(t)",1.23458782853051,0.0744024859205351,0.0771895141110078,0.0801018610801761
"OU","Window-normalised decay, h(t)",1.29670991734283,0.0701769567074187,0.0727680669513228,0.0754948342454153
"OU","Window-normalised decay, h(t)",1.36195787037414,0.0661825427477683,0.0685943351694147,0.0711363192936002
"OU","Window-normalised decay, h(t)",1.4304889751095,0.0624113798254175,0.0646579783273251,0.0670316365176107
"OU","Window-normalised decay, h(t)",1.50246843343818,0.0588537270818977,0.0609468872470829,0.063160630581772
"OU","Window-normalised decay, h(t)",1.57806975989127,0.0554946752777094,0.0574477781235483,0.0595170692898508
"OU","Window-normalised decay, h(t)",1.65747519991792,0.0523240572718417,0.0541480619438719,0.0560687575412744
"OU","Window-normalised decay, h(t)",1.74087616920828,0.0493305728657248,0.0510328824330909,0.0528267304096919
"OU","Window-normalised decay, h(t)",1.82847371512247,0.0465060646614932,0.0480958854645146,0.0497723474106681
"OU","Window-normalised decay, h(t)",1.92047900133774,0.043841778759996,0.0453260687366623,0.0468863756687721
"OU","Window-normalised decay, h(t)",2.01711381688205,0.0413291191632424,0.0427150883112409,0.0441633097216071
"OU","Window-normalised decay, h(t)",2.11861111078139,0.0389664940078399,0.0402545374525104,0.0416115145588757
"OU","Window-normalised decay, h(t)",2.2252155536094,0.0367336066124083,0.0379339479971866,0.0391990262479632
"OU","Window-normalised decay, h(t)",2.33718412729315,0.0346214206493016,0.0357457369716464,0.0369296623380219
"OU","Window-normalised decay, h(t)",2.45478674459683,0.0326371377518644,0.0336821470185123,0.0347789657016848
"OU","Window-normalised decay, h(t)",2.57830689977661,0.0307588829223627,0.0317377094727066,0.0327669097904533
"OU","Window-normalised decay, h(t)",2.70804235197525,0.0289875181701284,0.0299050241170917,0.030867539424843
"OU","Window-normalised decay, h(t)",2.8443058430038,0.0273159950223169,0.0281782954508309,0.0290747247175855
"OU","Window-normalised decay, h(t)",2.98742585124072,0.0257405180180871,0.0265496048611001,0.0273911844874864
"OU","Window-normalised decay, h(t)",3.13774738346569,0.0242520674744518,0.0250143594695099,0.0258010997515804
"OU","Window-normalised decay, h(t)",3.29563280653705,0.0228510209644437,0.0235679863795466,0.0243058990972097
"OU","Window-normalised decay, h(t)",3.4614627209176,0.0215352298039165,0.0222057667842313,0.0228954785042723
"OU","Window-normalised decay, h(t)",3.63563687815462,0.0202958110201518,0.0209196510239867,0.0215673385022787
"OU","Window-normalised decay, h(t)",3.8185751445256,0.0191253230400939,0.0197090160512091,0.0203144582557429
"OU","Window-normalised decay, h(t)",4.01071851317284,0.0180173400883782,0.0185676029799309,0.0191339482870016
"OU","Window-normalised decay, h(t)",4.21253016716679,0.0169751733222321,0.0174931957956329,0.0180254679323432
"OU","Window-normalised decay, h(t)",4.42449659606056,0.015993979955371,0.0164783489649781,0.0169802566759439
"OU","Window-normalised decay, h(t)",4.64712876862737,0.0150698077777441,0.0155239855321964,0.0159924997045045
"OU","Window-normalised decay, h(t)",4.88096336460794,0.0141941124951718,0.0146249488188984,0.0150638678591393
"OU","Window-normalised decay, h(t)",5.12656406843699,0.0133696268093046,0.0137764532247009,0.0141894931018098
"OU","Window-normalised decay, h(t)",5.38452292806754,0.0125930087991667,0.0129778308423562,0.0133649574554435
"OU","Window-normalised decay, h(t)",5.65546178216878,0.0118616918063191,0.0122252086938427,0.0125908406865151
"OU","Window-normalised decay, h(t)",5.94003375913761,0.0111705530079606,0.011516215656506,0.0118614596895116
"OU","Window-normalised decay, h(t)",6.2389248515377,0.0105184851728564,0.0108477753149109,0.0111744063779996
"OU","Window-normalised decay, h(t)",6.55285556976123,0.00990638088482353,0.0102187044831731,0.0105282731998782
"OU","Window-normalised decay, h(t)",6.8825826788998,0.00932906568198008,0.00962573047032913,0.00991916421417516
"OU","Window-normalised decay, h(t)",7.22890102301119,0.00878641612374366,0.00906744368896701,0.00934338677525838
"OU","Window-normalised decay, h(t)",7.59264544117988,0.00827312782022791,0.00854089915885132,0.00880337716306985
"OU","Window-normalised decay, h(t)",7.97469277999,0.00778998975579011,0.00804529199057354,0.00829364172276576
"OU","Window-normalised decay, h(t)",8.37596400726201,0.00733522639520872,0.0075789660905191,0.0078137477584495
"OU","Window-normalised decay, h(t)",8.79742643214859,0.00690690683661718,0.00713898600311244,0.00736174817481233
"OU","Window-normalised decay, h(t)",9.24009603694156,0.00650254898166599,0.0067240380242582,0.00693588161873634
"OU","Window-normalised decay, h(t)",9.70503992621065,0.00612279967652297,0.00633282307171515,0.00653497251357772
"OU","Window-normalised decay, h(t)",10.1933788991785,0.00576479978978164,0.00596526302046202,0.00615720576060639
"OU","Window-normalised decay, h(t)",10.7062901515324,0.00542638865813014,0.00561867285653262,0.00580258623840508
"OU","Window-normalised decay, h(t)",11.245010113186,0.00510981819415062,0.00529237511862222,0.00546844700661803
"OU","Window-normalised decay, h(t)",11.8108374288321,0.00481092450942109,0.00498470649170026,0.00515233683894905
"OU","Window-normalised decay, h(t)",12.4051360884707,0.00452891075251083,0.00469458934550579,0.00485470384760282
"OU","Window-normalised decay, h(t)",13.0293387154593,0.00426366034576599,0.00442208801719834,0.00457407299321502
"OU","Window-normalised decay, h(t)",13.6849500200118,0.00401370434471224,0.00416518008024083,0.00431000270019428
"OU","Window-normalised decay, h(t)",14.3735504264708,0.0037781572912077,0.00392323383604824,0.00406101560757138
"OU","Window-normalised decay, h(t)",15.0967998830966,0.00355650136131683,0.00369516505690195,0.00382701009172823
"OU","Window-normalised decay, h(t)",15.8564418635589,0.00334776585715176,0.0034803847325073,0.00360600365621839
"OU","Window-normalised decay, h(t)",16.6543075697743,0.00315116951308755,0.00327813669047201,0.00339857764225881
"OU","Window-normalised decay, h(t)",17.4923203462235,0.00296591353410343,0.00308740033678477,0.00320346700050231
"OU","Window-normalised decay, h(t)",18.3725003163882,0.00279195626095165,0.00290797641177699,0.00301898104258773
"OU","Window-normalised decay, h(t)",19.2969692524845,0.00262786927160124,0.00273882611785597,0.00284508388469125
"OU","Window-normalised decay, h(t)",20.2679556902322,0.00247360557647635,0.00257942847582875,0.00268115669675208
"OU","Window-normalised decay, h(t)",21.287800300989,0.00232872217775493,0.00242912728278686,0.00252661680993301
"OU","Window-normalised decay, h(t)",22.3589615342008,0.00219178599874196,0.00228783419131634,0.00238108313820805
"OU","Window-normalised decay, h(t)",23.4840215437686,0.00206271107930981,0.00215480182806499,0.00224438927242678
"OU","Window-normalised decay, h(t)",24.6656924126196,0.00194150675741736,0.00202943554102632,0.00211529570115161
"OU","Window-normalised decay, h(t)",25.9068226904857,0.00182708503365654,0.00191134837453484,0.00199337170490806
"OU","Window-normalised decay, h(t)",27.2104042606515,0.00171975658657401,0.00180013227190879,0.00187852971227793
"OU","Window-normalised decay, h(t)",28.5795795522234,0.00161858847922799,0.00169543118796529,0.00177031810513471
"OU","Window-normalised decay, h(t)",30.0176491153061,0.00152303620027997,0.0015967749701468,0.00166859358977278
"OU","Window-normalised decay, h(t)",31.5280795773476,0.00143351089153574,0.00150389512862173,0.00157271448855197
"OU","Window-normalised decay, h(t)",33.1145119998324,0.00134912658104194,0.00141640924702471,0.00148236455201286
"OU","Window-normalised decay, h(t)",34.7807706554672,0.00126965507318232,0.00133402603170059,0.00139733754728518
"OU","Window-normalised decay, h(t)",36.5308722470174,0.00119496458113097,0.00125644449765877,0.00131699922308438
"OU","Window-normalised decay, h(t)",38.3690355900191,0.00112446945837229,0.00118329023501079,0.00124127494985208
"OU","Window-normalised decay, h(t)",40.2996917827044,0.00105820046282585,0.00111441550171935,0.00116990739712245
"OU","Window-normalised decay, h(t)",42.3274948876598,0.000995754169841309,0.00104952655946566,0.0011026256522199
"OU","Window-normalised decay, h(t)",44.4573331509643,0.000937154162144441,0.00098843418972951,0.00103927024622487
"OU","Window-normalised decay, h(t)",46.6943407858529,0.000881969476851988,0.000930945938086971,0.000979545442827078
"OU","Window-normalised decay, h(t)",49.0439103493112,0.000830123814519156,0.000876815651463782,0.000923217726233315
"OU","Window-normalised decay, h(t)",51.5117057414381,0.000781162217708182,0.000825795060096593,0.000870291496489769
"OU","Window-normalised decay, h(t)",54.1036758589086,0.000735124558026636,0.00077768606530417,0.000820354758795766
"OU","Window-normalised decay, h(t)",56.8260689354551,0.000691750266305917,0.000732442704338887,0.000773144406734306
"OU","Window-normalised decay, h(t)",59.6854476039337,0.000651015423142733,0.000689819356695363,0.00072884131845884
"OU","Window-normalised decay, h(t)",62.6887047162836,0.000612703968281753,0.000649694116617562,0.0006869597580654
"OU","Window-normalised decay, h(t)",65.8430799595172,0.000576526704856564,0.000611857664977906,0.000647464968561468
"OU","Window-normalised decay, h(t)",69.1561773077962,0.000542528616904146,0.000576273869849692,0.000610216018335508
"OU","Window-normalised decay, h(t)",72.6359833526599,0.000510491784608283,0.000542763969402435,0.000575165726927872
"OU","Window-normalised decay, h(t)",76.2908865555977,0.00048047624370263,0.000511147694215582,0.000542148193319627
"OU","Window-normalised decay, h(t)",80.1296974693735,0.00045210758829025,0.00048141246145748,0.00051099644250004
"OU","Window-normalised decay, h(t)",84.1616699768472,0.000425427947899899,0.000453391382453602,0.000481624410192432
"OU","Window-normalised decay, h(t)",88.3965235984953,0.000400339007784092,0.000426985870637758,0.000453904881386141
"OU","Window-normalised decay, h(t)",92.8444669224,0.00037669735116634,0.000402141672452314,0.000427811764522312
"OU","Window-normalised decay, h(t)",97.5162222131928,0.000354502331801032,0.000378744858915841,0.000403261092526724
"OU","Window-normalised decay, h(t)",102.423051259273,0.000333634689296113,0.000356713306547978,0.0003801002445405
"OU","Window-normalised decay, h(t)",107.576782520605,0.000313904194214731,0.00033595760284388,0.000358256502053721
"OU","Window-normalised decay, h(t)",112.989839642545,0.000295405335683016,0.00031640956607596,0.000337682263297543
"OU","Window-normalised decay, h(t)",118.675271404431,0.000278034487714839,0.000297998648209687,0.000318289732843666
"OU","Window-normalised decay, h(t)",124.646783175114,0.000261645134421178,0.000280657627368054,0.000299998019280352
"OU","Window-normalised decay, h(t)",130.918769951293,0.000246206794611516,0.00026432385300033,0.000282762697066284
"OU","Window-normalised decay, h(t)",137.506351058256,0.000231669365344121,0.000248943646060812,0.000266536987616292
"OU","Window-normalised decay, h(t)",144.425406596708,0.000218002298987967,0.000234457994243788,0.000251253721486648
"OU","Window-normalised decay, h(t)",151.692615723526,0.000205136716049812,0.000220810308141153,0.000236801310599342
"OU","Window-normalised decay, h(t)",159.325496858736,0.000193040838165321,0.00020796577341126,0.000223216839851572
"OU","Window-normalised decay, h(t)",167.342449915617,0.000181650632555096,0.000195846804298264,0.000210379681346911
"OU","Window-normalised decay, h(t)",175.762800655753,0.000170941139419344,0.000184430014003148,0.000198299318825736
"OU","Window-normalised decay, h(t)",184.60684727594,0.000160860834988791,0.000173689048333669,0.000186930501449635
"OU","Window-normalised decay, h(t)",193.895909339259,0.000151374754285185,0.000163582189153681,0.000176206307306817
"OU","Window-normalised decay, h(t)",203.652379168268,0.000142448023371584,0.000154061019797406,0.000166094680682499
"OU","Window-normalised decay, h(t)",213.899775824195,0.000134025077704975,0.000145100724598087,0.000156535503618897
"OU","Window-normalised decay, h(t)",224.662801802268,0.000126111208904208,0.000136653595079804,0.000147528839249385
"OU","Window-normalised decay, h(t)",235.967402579838,0.000118683072909822,0.000128701381870639,0.000139050523551323
"OU","Window-normalised decay, h(t)",247.840829160858,0.000111688408041633,0.000121208247544201,0.00013107148459658
"OU","Window-normalised decay, h(t)",260.311703767468,0.00010507908368896,0.000114153408634902,0.000123547359516069
"OU","Window-normalised decay, h(t)",273.410088837064,9.88771949319733e-05,0.000107508839715228,0.000116463649300237
"OU","Window-normalised decay, h(t)",287.167559491166,9.30423479919443e-05,0.000101249932727654,0.000109784870429734
"OU","Window-normalised decay, h(t)",301.617279650778,8.75437523664846e-05,9.53525248200622e-05,0.000103491491199997
"OU","Window-normalised decay, h(t)",316.794081981721,8.23767242423845e-05,8.98014010827275e-05,9.75470414767857e-05
"OU","Window-normalised decay, h(t)",332.734551862678,7.75228260248365e-05,8.45737978977837e-05,9.19564989145453e-05
"OU","Window-normalised decay, h(t)",349.477115578331,7.29480798296204e-05,7.96496946242816e-05,8.66914347214294e-05
"OU","Window-normalised decay, h(t)",367.062132950219,6.86388338719357e-05,7.50078676953438e-05,8.17304108616654e-05
"OU","Window-normalised decay, h(t)",385.531994628602,6.45824903064981e-05,7.06421568452918e-05,7.70356705811402e-05
"OU","Window-normalised decay, h(t)",404.931224279859,6.07677938022076e-05,6.65320697630275e-05,7.26197791931312e-05
"OU","Window-normalised decay, h(t)",425.306585915763,5.71938847563239e-05,6.26598915444364e-05,6.8450942666055e-05
"OU","Window-normalised decay, h(t)",446.707196623364,5.38218192322132e-05,5.9009297933992e-05,6.45109323550339e-05
"OU","Window-normalised decay, h(t)",469.184644967214,5.06390910994152e-05,5.55731160991248e-05,6.08081675552884e-05
"OU","Window-normalised decay, h(t)",492.793115349368,4.76344178064998e-05,5.23385805548631e-05,5.7325057288322e-05
"OU","Window-normalised decay, h(t)",517.589518626948,4.48281490529457e-05,4.92930718057213e-05,5.40339093352787e-05
"OU","Window-normalised decay, h(t)",543.633629302121,4.21853868363872e-05,4.64241621705664e-05,5.09309853965908e-05
"OU","Window-normalised decay, h(t)",570.988229615221,3.96894727148756e-05,4.37230055913825e-05,4.80085488320135e-05
"OU","Window-normalised decay, h(t)",599.71926088836,3.73505207631711e-05,4.11768104835638e-05,4.52556323500136e-05
"OU","Window-normalised decay, h(t)",629.895982484354,3.51455783814413e-05,3.87813679373131e-05,4.26613014358527e-05
"OU","Window-normalised decay, h(t)",661.591138764156,3.30717498171935e-05,3.6522615738125e-05,4.02143592965218e-05
"OU","Window-normalised decay, h(t)",694.881134445283,3.11181045910163e-05,3.43969063854334e-05,3.790495036816e-05
"OU","Window-normalised decay, h(t)",729.846218783914,2.92833430838053e-05,3.23950239403286e-05,3.57338686752653e-05
"OU","Window-normalised decay, h(t)",766.570679024703,2.75508841915446e-05,3.0510313202892e-05,3.3683401921533e-05
"OU","Window-normalised decay, h(t)",805.143043584603,2.59264414562615e-05,2.87347182382807e-05,3.17503580788675e-05
"OU","Window-normalised decay, h(t)",845.656295460511,2.43983690700122e-05,2.70604706803341e-05,2.99281999418472e-05
"OU","Window-normalised decay, h(t)",888.208096375173,2.2954559452472e-05,2.54849126923763e-05,2.82104258470779e-05
"OU","Window-normalised decay, h(t)",932.901022201696,2.15950710659514e-05,2.40004729407461e-05,2.65925170751774e-05
"OU","Window-normalised decay, h(t)",979.842810234145,2.03243221437456e-05,2.26026244871298e-05,2.50689010086047e-05
"OU","Window-normalised decay, h(t)",1029.14661890034,1.91259569946814e-05,2.12864508336779e-05,2.36323938954328e-05
"OU","Window-normalised decay, h(t)",1080.93130054289,1.79964208527088e-05,2.00471983204417e-05,2.22739368279848e-05
"OU","Window-normalised decay, h(t)",1135.32168792608,1.69328393874001e-05,1.88803036667735e-05,2.09973832448351e-05
"OU","Window-normalised decay, h(t)",1192.44889515916,1.5932136621281e-05,1.77817392365799e-05,1.97929067391536e-05
"OU","Window-normalised decay, h(t)",1252.45063376159,1.4990590123498e-05,1.67466494479421e-05,1.86563908368801e-05
"OU","Window-normalised decay, h(t)",1315.47154463206,1.41046751548031e-05,1.57713609523429e-05,1.7583637165892e-05
"OU","Window-normalised decay, h(t)",1381.66354672152,1.32708349635895e-05,1.48525256134713e-05,1.65758334354352e-05
"OU","Window-normalised decay, h(t)",1451.18620325082,1.24855567153559e-05,1.39877668934064e-05,1.56237690695474e-05
"OU","Window-normalised decay, h(t)",1524.20710635568,1.1748579905992e-05,1.31733984206667e-05,1.47265024373548e-05
"OU","Window-normalised decay, h(t)",1600.90228108626,1.10543892486069e-05,1.24067417802772e-05,1.38826801074481e-05
"OU","Window-normalised decay, h(t)",1681.45660973525,1.04010778167569e-05,1.16842045557659e-05,1.30864645205206e-05
"OU","Window-normalised decay, h(t)",1766.06427751727,9.78642644214808e-06,1.10050661293597e-05,1.23360218049359e-05
"OU","Window-normalised decay, h(t)",1854.92924067407,9.21026499118447e-06,1.03645267103107e-05,1.16280843896825e-05
"OU","Window-normalised decay, h(t)",1948.26571813383,8.66632072793525e-06,9.76192256776573e-06,1.09617507168572e-05
"OU","Window-normalised decay, h(t)",2046.29870790983,8.1536381389432e-06,9.19427384272681e-06,1.03321682490043e-05
"OU","Window-normalised decay, h(t)",2149.26452948336,7.67203159106153e-06,8.658998054541e-06,9.74024953225e-06
"OU","Window-normalised decay, h(t)",2257.41139347817,7.21968957223934e-06,8.15514534791697e-06,9.18236986256576e-06
"OU","Window-normalised decay, h(t)",2371,6.79390652241257e-06,7.68081269753475e-06,8.65494720291034e-06
"MSE","Unnormalised decay, g(t)",0,1,1,1
"MSE","Unnormalised decay, g(t)",0.001,0.915555249030676,0.93590475632743,0.9528160067589
"MSE","Unnormalised decay, g(t)",0.00105031807974833,0.91167758535804,0.932883072522123,0.950549770252053
"MSE","Unnormalised decay, g(t)",0.00110316806864623,0.907639624763172,0.929728975627743,0.948180124636054
"MSE","Unnormalised decay, g(t)",0.00115867736750019,0.903437016540987,0.92643762713204,0.945702880955288
"MSE","Unnormalised decay, g(t)",0.00121697978768065,0.899067396929973,0.9230038324718,0.94311373973285
"MSE","Unnormalised decay, g(t)",0.00127821587368928,0.894523057821446,0.919421084859812,0.940408283780056
"MSE","Unnormalised decay, g(t)",0.00134253324195716,0.889785056068801,0.915685824068599,0.937581983384053
"MSE","Unnormalised decay, g(t)",0.00141008693669075,0.8848707088154,0.911792902172059,0.934630200107189
"MSE","Unnormalised decay, g(t)",0.00148103980362324,0.87976652812922,0.907743553137447,0.931548191152223
"MSE","Unnormalised decay, g(t)",0.00155556288257241,0.874467772243426,0.903524078635266,0.928331114626784
"MSE","Unnormalised decay, g(t)",0.00163383581975124,0.868935136246476,0.899129299060577,0.924974035779854
"MSE","Unnormalised decay, g(t)",0.00171604730082517,0.863191306925658,0.894556274939995,0.921471934284713
"MSE","Unnormalised decay, g(t)",0.00180239550576001,0.857256386973487,0.889800357711275,0.917819712643926
"MSE","Unnormalised decay, g(t)",0.00189308858655688,0.851110439240136,0.884859271612345,0.91401220579241
"MSE","Unnormalised decay, g(t)",0.00198834516902591,0.844747311775849,0.87971858034708,0.910044191974301
"MSE","Unnormalised decay, g(t)",0.00208839487980817,0.83816151223165,0.874377519340681,0.90591040496816
"MSE","Unnormalised decay, g(t)",0.00219347889991637,0.831350489537131,0.86883076398853,0.901605547732757
"MSE","Unnormalised decay, g(t)",0.00230385054612865,0.824311398267259,0.863079888821446,0.897124307542266
"MSE","Unnormalised decay, g(t)",0.002419775881637,0.817043689449189,0.857115810626019,0.892461372674934
"MSE","Unnormalised decay, g(t)",0.00254153435742231,0.809558001185265,0.85093222777657,0.887611450713032
"MSE","Unnormalised decay, g(t)",0.00266941948590221,0.801838754593451,0.844527752600445,0.88256928850404
"MSE","Unnormalised decay, g(t)",0.0028037395484756,0.793847390592897,0.837897672014828,0.877329693823365
"MSE","Unnormalised decay, g(t)",0.00294481833866936,0.785605030967863,0.831037619712492,0.871887558767358
"MSE","Unnormalised decay, g(t)",0.00309299594267888,0.777150884204336,0.823942341084184,0.86623788489176
"MSE","Unnormalised decay, g(t)",0.00324862955918387,0.768458439854603,0.816613591239994,0.860375810095023
"MSE","Unnormalised decay, g(t)",0.00341209436041568,0.759528657719699,0.809044888874456,0.854296637227937
"MSE","Unnormalised decay, g(t)",0.00358378439655192,0.750365402057359,0.8012315516936,0.847995864390758
"MSE","Unnormalised decay, g(t)",0.00376411354561846,0.740968336196689,0.79318804495318,0.84147000134883
"MSE","Unnormalised decay, g(t)",0.00395351651118867,0.731343781415766,0.784893399718625,0.834717372118486
"MSE","Unnormalised decay, g(t)",0.00415244987028502,0.721480120561432,0.776348525349154,0.827731580630457
"MSE","Unnormalised decay, g(t)",0.00436139317400899,0.711371330726894,0.767569120435528,0.820509270593576
"MSE","Unnormalised decay, g(t)",0.00458085010355261,0.701058085493047,0.758549502433046,0.813047455375239
"MSE","Unnormalised decay, g(t)",0.00481134968437834,0.690490824973495,0.749283099476387,0.805343556023992
"MSE","Unnormalised decay, g(t)",0.00505344756149402,0.679734510231282,0.739773068350263,0.7973954399307
"MSE","Unnormalised decay, g(t)",0.0053077273388973,0.668946016684704,0.730022685983469,0.78920445724517
"MSE","Unnormalised decay, g(t)",0.00557480198641835,0.657836602121199,0.720034757887816,0.780790072215114
"MSE","Unnormalised decay, g(t)",0.00585531531735212,0.646532573701717,0.709845480495866,0.77212139156655
"MSE","Unnormalised decay, g(t)",0.00614994354044229,0.634991349815869,0.699404993042637,0.76318561806107
"MSE","Unnormalised decay, g(t)",0.00645939688995802,0.623283357696605,0.688772556752952,0.754002267988798
"MSE","Unnormalised decay, g(t)",0.00678442133779308,0.611523675647226,0.677903482180937,0.744573080127278
"MSE","Unnormalised decay, g(t)",0.00712580039171445,0.599647565370641,0.666828662013259,0.734900273622868
"MSE","Unnormalised decay, g(t)",0.00748435698409545,0.587650051978445,0.655579535664258,0.724986638126451
"MSE","Unnormalised decay, g(t)",0.00786095545568617,0.57553548793164,0.644107749687668,0.714835730697597
"MSE","Unnormalised decay, g(t)",0.00825650363920349,0.56328082195771,0.632447836718109,0.704451876250547
"MSE","Unnormalised decay, g(t)",0.00867195504776335,0.5509008778843,0.620629560473019,0.693839982908812
"MSE","Unnormalised decay, g(t)",0.00910831117343068,0.538448494242944,0.608650789304913,0.683006295962725
"MSE","Unnormalised decay, g(t)",0.00956662390142801,0.525980036519451,0.596497365119722,0.671961413727539
"MSE","Unnormalised decay, g(t)",0.0100479980458224,0.513394695592295,0.58425474395666,0.660714155264058
"MSE","Unnormalised decay, g(t)",0.0105535940128032,0.500829113765117,0.571894219690488,0.649268810310452
"MSE","Unnormalised decay, g(t)",0.011084630597971,0.488208069162268,0.559411939828405,0.637634759539869
"MSE","Unnormalised decay, g(t)",0.0116423879243805,0.475726329757695,0.546826896456431,0.625803942717242
"MSE","Unnormalised decay, g(t)",0.0122282105284205,0.463249692560467,0.534169715381451,0.613802339663628
"MSE","Unnormalised decay, g(t)",0.012843510600969,0.450701512200423,0.521456897388072,0.601643173956604
"MSE","Unnormalised decay, g(t)",0.0134897713916372,0.438204647790368,0.508709368217245,0.58935025856738
"MSE","Unnormalised decay, g(t)",0.0141685507843084,0.425731431228175,0.495919288259026,0.57692818588902
"MSE","Unnormalised decay, g(t)",0.0148814850525915,0.413397823743325,0.483111880141927,0.564393324901166
"MSE","Unnormalised decay, g(t)",0.0156302928042415,0.401084744660515,0.470318478552894,0.551749109345226
"MSE","Unnormalised decay, g(t)",0.0164167791240551,0.388885947326195,0.457555120109951,0.5390219779242
"MSE","Unnormalised decay, g(t)",0.0172428399252301,0.37685660499594,0.444808127530299,0.526223475168686
"MSE","Unnormalised decay, g(t)",0.0181104665196756,0.365089483316663,0.432102226217844,0.513369162840361
"MSE","Unnormalised decay, g(t)",0.0190217504182922,0.353254179156398,0.419493901699367,0.500460059924239
"MSE","Unnormalised decay, g(t)",0.0199788883727927,0.341671170734096,0.406997819898656,0.487554453711277
"MSE","Unnormalised decay, g(t)",0.020984187671218,0.330286435953222,0.394602102104097,0.474640896091422
"MSE","Unnormalised decay, g(t)",0.0220400716999123,0.319086337040083,0.382283189972993,0.461736976535021
"MSE","Unnormalised decay, g(t)",0.0231490857853676,0.308093175325247,0.370090645409904,0.448871514929359
"MSE","Unnormalised decay, g(t)",0.0243139033300167,0.297338076159302,0.358076475642006,0.436063447646565
"MSE","Unnormalised decay, g(t)",0.0255373322567698,0.286701285519826,0.346210812069753,0.423310871176599
"MSE","Unnormalised decay, g(t)",0.0268223217778257,0.276293745192547,0.33451073264863,0.410628442337391
"MSE","Unnormalised decay, g(t)",0.0281719695040778,0.266167234424235,0.323015807804832,0.39803504516757
"MSE","Unnormalised decay, g(t)",0.0295895289122516,0.256179677996045,0.311706430872838,0.385558813745806
"MSE","Unnormalised decay, g(t)",0.031078417187774,0.246461505619794,0.300603389323016,0.373201893859026
"MSE","Unnormalised decay, g(t)",0.0326422234622804,0.236972431814294,0.28972524171309,0.360968998443811
"MSE","Unnormalised decay, g(t)",0.0342847174656184,0.227761160036698,0.27903144934914,0.348887089247976
"MSE","Unnormalised decay, g(t)",0.0360098586132025,0.218791529174354,0.268551549657959,0.336973130821852
"MSE","Unnormalised decay, g(t)",0.0378218055506278,0.209991696909695,0.258329998898417,0.325239473762966
"MSE","Unnormalised decay, g(t)",0.0397249261785503,0.201395446702185,0.248336232951916,0.313697233402216
"MSE","Unnormalised decay, g(t)",0.0417238081819993,0.193236939964803,0.238590828445497,0.302397045954341
"MSE","Unnormalised decay, g(t)",0.0438232700895054,0.185316442224679,0.229092653008968,0.291314993020271
"MSE","Unnormalised decay, g(t)",0.0460283728887019,0.17757296236846,0.219864461969827,0.280454690445677
"MSE","Unnormalised decay, g(t)",0.0483444322264017,0.169983817573519,0.210883605710963,0.269781604456974
"MSE","Unnormalised decay, g(t)",0.0507770312225578,0.162699664308955,0.202168638822543,0.259329973417154
"MSE","Unnormalised decay, g(t)",0.0533320339289981,0.155686277142784,0.193679492198695,0.24912375545541
"MSE","Unnormalised decay, g(t)",0.0560155994653783,0.148852523253149,0.18545454533568,0.239174436775563
"MSE","Unnormalised decay, g(t)",0.058834196866428,0.142352235328871,0.177486312396777,0.229517480207035
"MSE","Unnormalised decay, g(t)",0.0617946206762821,0.135958248499816,0.169798223072241,0.220118751029946
"MSE","Unnormalised decay, g(t)",0.0649040073274894,0.129881754166914,0.162390497420838,0.210981185345052
"MSE","Unnormalised decay, g(t)",0.0681698523441805,0.124005386273748,0.155223313864539,0.202105207185455
"MSE","Unnormalised decay, g(t)",0.0716000284108672,0.11842659774854,0.148289805236904,0.193438384147443
"MSE","Unnormalised decay, g(t)",0.0752028043504282,0.112981989163399,0.141549841923566,0.185035995151249
"MSE","Unnormalised decay, g(t)",0.0789868650570315,0.107764999604463,0.135115362890366,0.176947316001805
"MSE","Unnormalised decay, g(t)",0.0829613324320421,0.102729383024874,0.12893173638187,0.169123840906225
"MSE","Unnormalised decay, g(t)",0.0871357873733857,0.0979201206507113,0.122960505393886,0.161598278888266
"MSE","Unnormalised decay, g(t)",0.0915202928713737,0.0932989907579167,0.117220523088051,0.154299880986031
"MSE","Unnormalised decay, g(t)",0.0961254182666664,0.0888713509719606,0.111727417303708,0.147250608167844
"MSE","Unnormalised decay, g(t)",0.10096226472885,0.0846814619168026,0.106459995124789,0.140471019550678
"MSE","Unnormalised decay, g(t)",0.106042492017049,0.0806561455836563,0.101372201390778,0.1339666931389
"MSE","Unnormalised decay, g(t)",0.111378346587075,0.0767782879034283,0.096497095602044,0.127666819479165
"MSE","Unnormalised decay, g(t)",0.116982691112881,0.0729994345910997,0.0918192018617836,0.121610066974538
"MSE","Unnormalised decay, g(t)",0.122869035493474,0.0694411872613992,0.0873481615792163,0.115800671494618
"MSE","Unnormalised decay, g(t)",0.129051569420036,0.0660244346073448,0.0830805076800078,0.110252501634155
"MSE","Unnormalised decay, g(t)",0.135545196581761,0.0627679907292579,0.0789927302989668,0.104884847232878
"MSE","Unnormalised decay, g(t)",0.142365570592866,0.059696668235129,0.0750738600267557,0.0997340066460199
"MSE","Unnormalised decay, g(t)",0.149529132727375,0.0567408261913577,0.0713344036651019,0.0948171798459487
"MSE","Unnormalised decay, g(t)",0.15705315155265,0.0539178885859965,0.0677706757642222,0.0901180063491621
"MSE","Unnormalised decay, g(t)",0.164955764557203,0.0512171654058404,0.0643570640166935,0.0856329387582778
"MSE","Unnormalised decay, g(t)",0.17325602187314,0.0486177429238465,0.0611255069015412,0.0813541482233837
"MSE","Unnormalised decay, g(t)",0.181973932198632,0.0461402055743252,0.0580285921734222,0.077264693319153
"MSE","Unnormalised decay, g(t)",0.191130511031121,0.0437793108532833,0.0550761211666055,0.0733397988020201
"MSE","Unnormalised decay, g(t)",0.200747831327525,0.0415256205161058,0.0522525825496915,0.0695877301222004
"MSE","Unnormalised decay, g(t)",0.210849076713569,0.039392405700568,0.0495796789920647,0.0660010794748924
"MSE","Unnormalised decay, g(t)",0.221458597370505,0.0373893514301712,0.0470112498409203,0.0625816928694193
"MSE","Unnormalised decay, g(t)",0.232601968733948,0.0354653409636046,0.0445713232928108,0.0593573373906792
"MSE","Unnormalised decay, g(t)",0.244306053146322,0.03364399103568,0.042254615685346,0.0562907086998535
"MSE","Unnormalised decay, g(t)",0.25659906461154,0.0319036285730218,0.0400459484924863,0.0533353165491589
"MSE","Unnormalised decay, g(t)",0.269510636808012,0.0302505175034958,0.0379360411183765,0.0505450859935782
"MSE","Unnormalised decay, g(t)",0.283071894523941,0.0286789987316183,0.0359454308133775,0.0478987853857814
"MSE","Unnormalised decay, g(t)",0.297315528687109,0.0271691624181288,0.0340430036600441,0.0453800796803526
"MSE","Unnormalised decay, g(t)",0.312275875170005,0.0257431719631405,0.0322388516524613,0.0429663871436488
"MSE","Unnormalised decay, g(t)",0.327988997560291,0.0243711335134917,0.0305306698969308,0.0406757384720548
"MSE","Unnormalised decay, g(t)",0.344492774096106,0.0230754879785251,0.0289077481014849,0.0385029541560083
"MSE","Unnormalised decay, g(t)",0.361826988975799,0.0218567240004657,0.0273656585802852,0.0364246515966424
"MSE","Unnormalised decay, g(t)",0.380033428262183,0.0206939643722355,0.0258982051326252,0.0344600814118675
"MSE","Unnormalised decay, g(t)",0.399155980612512,0.0195990439134322,0.0245122464878439,0.0325977035699912
"MSE","Unnormalised decay, g(t)",0.419240743076997,0.0185532638864949,0.0231919274662895,0.0308271464346569
"MSE","Unnormalised decay, g(t)",0.440336132220897,0.0175651279924893,0.0219418366864777,0.0291532970185645
"MSE","Unnormalised decay, g(t)",0.462493000838061,0.016622746054295,0.0207579993833663,0.0275715475947142
"MSE","Unnormalised decay, g(t)",0.485764760537277,0.0157337119477798,0.0196288364585592,0.0260661823674439
"MSE","Unnormalised decay, g(t)",0.510207510496923,0.0148877769459686,0.018563262603485,0.0246429316245783
"MSE","Unnormalised decay, g(t)",0.535880172698306,0.0140897029482568,0.0175551915248158,0.0232973801967263
"MSE","Unnormalised decay, g(t)",0.562844633963691,0.0133211956025283,0.0166031556659894,0.0220195388160358
"MSE","Unnormalised decay, g(t)",0.591165895141398,0.0126055763815951,0.0156962425129414,0.0208048248718484
"MSE","Unnormalised decay, g(t)",0.620912227797619,0.0119165651955402,0.0148406385497823,0.0196562792850108
"MSE","Unnormalised decay, g(t)",0.652155338792655,0.0112726825522352,0.0140282931006939,0.0185704949744797
"MSE","Unnormalised decay, g(t)",0.684970543138327,0.010657485877584,0.0132603568748367,0.0175364517433105
"MSE","Unnormalised decay, g(t)",0.719436945553221,0.0100764545673982,0.012530166428772,0.0165589060148093
"MSE","Unnormalised decay, g(t)",0.755637631153466,0.00952482054917056,0.0118416099196392,0.0156368380737334
"MSE","Unnormalised decay, g(t)",0.793659865738689,0.00900225634895775,0.0111883828126972,0.0147612673600378
"MSE","Unnormalised decay, g(t)",0.83359530615598,0.00850720390176875,0.010568557262852,0.0139355292846168
"MSE","Unnormalised decay, g(t)",0.875540221248974,0.00803702859546719,0.00998340496868164,0.0131553367123816
"MSE","Unnormalised decay, g(t)",0.919595723924655,0.00759388991225007,0.00942891328389333,0.0124256880168869
"MSE","Unnormalised decay, g(t)",0.965868014897323,0.00717525842935112,0.00890534503531709,0.0117294830308301
"MSE","Unnormalised decay, g(t)",1.01446863869729,0.00678088293627837,0.00840801055860943,0.011071004078929
"MSE","Unnormalised decay, g(t)",1.06551475256145,0.00640311324015549,0.00793973651777541,0.0104473880263189
"MSE","Unnormalised decay, g(t)",1.11912940885386,0.00604894803648407,0.00749840845241821,0.009860213885218
"MSE","Unnormalised decay, g(t)",1.17544185169728,0.00571496874110283,0.00708072533312251,0.00931061074727973
"MSE","Unnormalised decay, g(t)",1.23458782853051,0.0053974162287964,0.00668448657059629,0.00879306269541153
"MSE","Unnormalised decay, g(t)",1.29670991734283,0.0050990547500934,0.00631072711585337,0.00829748784017287
"MSE","Unnormalised decay, g(t)",1.36195787037414,0.00481555825181282,0.00595643738258342,0.00782783332372475
"MSE","Unnormalised decay, g(t)",1.4304889751095,0.00454844462318046,0.00562252964412711,0.00738503829883049
"MSE","Unnormalised decay, g(t)",1.50246843343818,0.00429483381553155,0.00530645673619764,0.00696896900578476
"MSE","Unnormalised decay, g(t)",1.57806975989127,0.00405610001820697,0.00500819606376951,0.00658237802670694
"MSE","Unnormalised decay, g(t)",1.65747519991792,0.00382870059675552,0.00472668632148928,0.00620735051570089
"MSE","Unnormalised decay, g(t)",1.74087616920828,0.00361512872729048,0.00445999212071708,0.0058561468995163
"MSE","Unnormalised decay, g(t)",1.82847371512247,0.00341165665897184,0.00420883751359666,0.00552837182573067
"MSE","Unnormalised decay, g(t)",1.92047900133774,0.00321945003337548,0.0039712109120773,0.0052152285053675
"MSE","Unnormalised decay, g(t)",2.01711381688205,0.00303808562307457,0.00374607035100268,0.00492035846735838
"MSE","Unnormalised decay, g(t)",2.11861111078139,0.0028655848411915,0.00353339215465196,0.00464272800849156
"MSE","Unnormalised decay, g(t)",2.2252155536094,0.00270540080069926,0.00333312637849632,0.00437934022551707
"MSE","Unnormalised decay, g(t)",2.33718412729315,0.00255216707827934,0.00314449457841957,0.00412874211248945
"MSE","Unnormalised decay, g(t)",2.45478674459683,0.00240738957322951,0.00296631262105543,0.00389300749684162
"MSE","Unnormalised decay, g(t)",2.57830689977661,0.00227115950454697,0.00279718108377283,0.00367075924923953
"MSE","Unnormalised decay, g(t)",2.70804235197525,0.00214302344853666,0.00263832086888395,0.00346291624203116
"MSE","Unnormalised decay, g(t)",2.8443058430038,0.00202121091297823,0.00248842492583314,0.00326452647560139
"MSE","Unnormalised decay, g(t)",2.98742585124072,0.00190648073639549,0.00234668105706395,0.00307820431286971
"MSE","Unnormalised decay, g(t)",3.13774738346569,0.00179856890651292,0.00221332261522682,0.00290242309741218
"MSE","Unnormalised decay, g(t)",3.29563280653705,0.00169612254142492,0.00208692917418822,0.00273661903856892
"MSE","Unnormalised decay, g(t)",3.4614627209176,0.00159940064432319,0.00196780501527733,0.00258018629635786
"MSE","Unnormalised decay, g(t)",3.63563687815462,0.00150839663569928,0.00185512072044461,0.00243261151150041
"MSE","Unnormalised decay, g(t)",3.8185751445256,0.00142267240794392,0.00174938353437091,0.00229339986675551
"MSE","Unnormalised decay, g(t)",4.01071851317284,0.00134130285096827,0.00164917284916313,0.00216213376314299
"MSE","Unnormalised decay, g(t)",4.21253016716679,0.0012649456055131,0.00155456786959381,0.00203829768285326
"MSE","Unnormalised decay, g(t)",4.42449659606056,0.0011927567698856,0.00146532036856456,0.00192267131685995
"MSE","Unnormalised decay, g(t)",4.64712876862737,0.00112503773117179,0.00138112770719191,0.00181263920307847
"MSE","Unnormalised decay, g(t)",4.88096336460794,0.00106092076289774,0.0013019431902781,0.0017074345938099
"MSE","Unnormalised decay, g(t)",5.12656406843699,0.00100037520045683,0.00122719554947634,0.00160888600672628
"MSE","Unnormalised decay, g(t)",5.38452292806754,0.000943126753387862,0.00115653738006374,0.00151568419829526
"MSE","Unnormalised decay, g(t)",5.65546178216878,0.000888980052165717,0.00109009744441624,0.0014277027661621
"MSE","Unnormalised decay, g(t)",5.94003375913761,0.000838250396518225,0.00102731317541505,0.00134500276022662
"MSE","Unnormalised decay, g(t)",6.2389248515377,0.000790267422510037,0.000967791531184895,0.00126724224130142
"MSE","Unnormalised decay, g(t)",6.55285556976123,0.000744877486681661,0.000911771210447636,0.00119508959744375
"MSE","Unnormalised decay, g(t)",6.8825826788998,0.000701890344227191,0.000859133694450592,0.00112585108585937
"MSE","Unnormalised decay, g(t)",7.22890102301119,0.000661100687203788,0.000809330963546961,0.0010607119999458
"MSE","Unnormalised decay, g(t)",7.59264544117988,0.000623090590814975,0.00076251504510431,0.000999984172444983
"MSE","Unnormalised decay, g(t)",7.97469277999,0.000586846188405993,0.00071824923476993,0.00094199419443596
"MSE","Unnormalised decay, g(t)",8.37596400726201,0.000552828732427822,0.000676612307759045,0.000887628877651503
"MSE","Unnormalised decay, g(t)",8.79742643214859,0.000521121887742146,0.000637488013264927,0.000836976058750645
"MSE","Unnormalised decay, g(t)",9.24009603694156,0.000491187460475366,0.000600396063989818,0.000789755292019806
"MSE","Unnormalised decay, g(t)",9.70503992621065,0.000462953703403228,0.000565554780565117,0.000744179410682297
"MSE","Unnormalised decay, g(t)",10.1933788991785,0.000436218886552918,0.000532672922411259,0.000701618007985769
"MSE","Unnormalised decay, g(t)",10.7062901515324,0.000410852920472632,0.000501569413020622,0.00066064012026113
"MSE","Unnormalised decay, g(t)",11.245010113186,0.000387121517100319,0.000472348501093111,0.000622153035752161
"MSE","Unnormalised decay, g(t)",11.8108374288321,0.000364608299924741,0.000444754472991432,0.000586405127649594
"MSE","Unnormalised decay, g(t)",12.4051360884707,0.000343336864738847,0.000418804001435206,0.000552641622663784
"MSE","Unnormalised decay, g(t)",13.0293387154593,0.00032338073357731,0.000394403839928638,0.000520471783389754
"MSE","Unnormalised decay, g(t)",13.6849500200118,0.000304433936485029,0.000371373780547283,0.00049011797397323
"MSE","Unnormalised decay, g(t)",14.3735504264708,0.000286547050901357,0.000349662001207583,0.000461842699684025
"MSE","Unnormalised decay, g(t)",15.0967998830966,0.000269858863221969,0.000329166415490883,0.000434612206670823
"MSE","Unnormalised decay, g(t)",15.8564418635589,0.000254039702348267,0.000309902971991674,0.000409517409221471
"MSE","Unnormalised decay, g(t)",16.6543075697743,0.000239147282421683,0.000291814251839449,0.000385742709642699
"MSE","Unnormalised decay, g(t)",17.4923203462235,0.000225212537015322,0.000274723195643445,0.000363178188565666
"MSE","Unnormalised decay, g(t)",18.3725003163882,0.000212054604307447,0.000258608086974225,0.000341847758928837
"MSE","Unnormalised decay, g(t)",19.2969692524845,0.000199655276017096,0.000243412280977997,0.000321831837495059
"MSE","Unnormalised decay, g(t)",20.2679556902322,0.00018796939532699,0.000229099981816982,0.000303015625255823
"MSE","Unnormalised decay, g(t)",21.287800300989,0.000176980182042469,0.000215629541673457,0.000285404524181738
"MSE","Unnormalised decay, g(t)",22.3589615342008,0.000166628831387171,0.000202937809054557,0.000268851955148516
"MSE","Unnormalised decay, g(t)",23.4840215437686,0.000156835863599905,0.000190963161632468,0.000253216836378142
"MSE","Unnormalised decay, g(t)",24.6656924126196,0.000147678532012607,0.000179698960920456,0.000238497922568488
"MSE","Unnormalised decay, g(t)",25.9068226904857,0.00013900583728531,0.00016907110255634,0.000224622820645453
"MSE","Unnormalised decay, g(t)",27.2104042606515,0.000130776987261577,0.000159090135520618,0.000211433832653188
"MSE","Unnormalised decay, g(t)",28.5795795522234,0.000122991874070127,0.000149672992190548,0.000198900956164956
"MSE","Unnormalised decay, g(t)",30.0176491153061,0.000115773628321985,0.000140826132203933,0.000187319413073825
"MSE","Unnormalised decay, g(t)",31.5280795773476,0.000108919543704453,0.00013248323011207,0.000176253311206172
"MSE","Unnormalised decay, g(t)",33.1145119998324,0.000102471250251398,0.000124631608060245,0.000165938032767663
"MSE","Unnormalised decay, g(t)",34.7807706554672,9.63980710618279e-05,0.000117223740594868,0.000156160572671549
"MSE","Unnormalised decay, g(t)",36.5308722470174,9.06629829355569e-05,0.000110283995588577,0.000146971626347557
"MSE","Unnormalised decay, g(t)",38.3690355900191,8.52759215946504e-05,0.0001037345049435,0.000138396218633474
"MSE","Unnormalised decay, g(t)",40.2996917827044,8.0214927688989e-05,9.7565504293321e-05,0.000130245930315615
"MSE","Unnormalised decay, g(t)",42.3274948876598,7.54551469945948e-05,9.17552564661047e-05,0.000122515921980836
"MSE","Unnormalised decay, g(t)",44.4573331509643,7.09785695963687e-05,8.62912778545136e-05,0.000115220683176855
"MSE","Unnormalised decay, g(t)",46.6943407858529,6.67540478101487e-05,8.11427578124622e-05,0.000108399816124735
"MSE","Unnormalised decay, g(t)",49.0439103493112,6.27725264056976e-05,7.62999667555653e-05,0.000101956456670176
"MSE","Unnormalised decay, g(t)",51.5117057414381,5.90402076854373e-05,7.17542321276916e-05,9.59592116218198e-05
"MSE","Unnormalised decay, g(t)",54.1036758589086,5.55195244739264e-05,6.7468822785362e-05,9.02924882710683e-05
"MSE","Unnormalised decay, g(t)",56.8260689354551,5.22040172260773e-05,6.34423343111893e-05,8.49687402105817e-05
"MSE","Unnormalised decay, g(t)",59.6854476039337,4.90857455626216e-05,5.96577371334348e-05,7.98904828553886e-05
"MSE","Unnormalised decay, g(t)",62.6887047162836,4.61393659114616e-05,5.60842682051252e-05,7.51827559152059e-05
"MSE","Unnormalised decay, g(t)",65.8430799595172,4.33902422488156e-05,5.27291199104272e-05,7.07582363306344e-05
"MSE","Unnormalised decay, g(t)",69.1561773077962,4.08020999150154e-05,4.95660271672421e-05,6.65931806722427e-05
"MSE","Unnormalised decay, g(t)",72.6359833526599,3.83431381017071e-05,4.65999292155757e-05,6.26196725172039e-05
"MSE","Unnormalised decay, g(t)",76.2908865555977,3.60345626859488e-05,4.38033544283288e-05,5.88780663987453e-05
"MSE","Unnormalised decay, g(t)",80.1296974693735,3.38699021885779e-05,4.11819598072763e-05,5.54062492382275e-05
"MSE","Unnormalised decay, g(t)",84.1616699768472,3.1835971928863e-05,3.86998397387645e-05,5.2140482577046e-05
"MSE","Unnormalised decay, g(t)",88.3965235984953,2.99220647465925e-05,3.63678213091443e-05,4.90659467248582e-05
"MSE","Unnormalised decay, g(t)",92.8444669224,2.81221059226539e-05,3.41780989060739e-05,4.61711287537724e-05
"MSE","Unnormalised decay, g(t)",97.5162222131928,2.64265137472567e-05,3.21126668547592e-05,4.33974488421544e-05
"MSE","Unnormalised decay, g(t)",102.423051259273,2.48349538718164e-05,3.01753244527181e-05,4.08547343604031e-05
"MSE","Unnormalised decay, g(t)",107.576782520605,2.33486918591517e-05,2.83513816635369e-05,3.84317488563005e-05
"MSE","Unnormalised decay, g(t)",112.989839642545,2.19456370218723e-05,2.66409358817838e-05,3.61532367155593e-05
"MSE","Unnormalised decay, g(t)",118.675271404431,2.06123495758473e-05,2.5025748781216e-05,3.40345518599665e-05
"MSE","Unnormalised decay, g(t)",124.646783175114,1.93642773443483e-05,2.35139889224344e-05,3.20039686432818e-05
"MSE","Unnormalised decay, g(t)",130.918769951293,1.81994847197149e-05,2.20892449100637e-05,3.01316577428659e-05
"MSE","Unnormalised decay, g(t)",137.506351058256,1.70945490416397e-05,2.07478963333753e-05,2.83521586211342e-05
"MSE","Unnormalised decay, g(t)",144.425406596708,1.60541248040588e-05,1.94900910067191e-05,2.66589871622249e-05
"MSE","Unnormalised decay, g(t)",151.692615723526,1.50798917266815e-05,1.83077702459683e-05,2.50594460208294e-05
"MSE","Unnormalised decay, g(t)",159.325496858736,1.41604842110525e-05,1.71970754130164e-05,2.35778539864575e-05
"MSE","Unnormalised decay, g(t)",167.342449915617,1.33034269342944e-05,1.61481856362249e-05,2.21882133892244e-05
"MSE","Unnormalised decay, g(t)",175.762800655753,1.24958027133514e-05,1.51627816006243e-05,2.08802092207979e-05
"MSE","Unnormalised decay, g(t)",184.60684727594,1.17350589076829e-05,1.42391090425746e-05,1.96326638831325e-05
"MSE","Unnormalised decay, g(t)",193.895909339259,1.10183696086421e-05,1.33678769390974e-05,1.84639443523533e-05
"MSE","Unnormalised decay, g(t)",203.652379168268,1.03431500068626e-05,1.2554785846455e-05,1.73473055700237e-05
"MSE","Unnormalised decay, g(t)",213.899775824195,9.7123145872038e-06,1.17904998180893e-05,1.63171989647996e-05
"MSE","Unnormalised decay, g(t)",224.662801802268,9.11308248690275e-06,1.10702784729098e-05,1.53479542404699e-05
"MSE","Unnormalised decay, g(t)",235.967402579838,8.55066596407994e-06,1.03944779620794e-05,1.44370195839964e-05
"MSE","Unnormalised decay, g(t)",247.840829160858,8.02447518131136e-06,9.75821986937281e-06,1.35789415841131e-05
"MSE","Unnormalised decay, g(t)",260.311703767468,7.52965713256826e-06,9.15843220282882e-06,1.27726301189984e-05
"MSE","Unnormalised decay, g(t)",273.410088837064,7.06476764167124e-06,8.59392344239678e-06,1.20116570158433e-05
"MSE","Unnormalised decay, g(t)",287.167559491166,6.62321540219445e-06,8.0685416363486e-06,1.12973697135861e-05
"MSE","Unnormalised decay, g(t)",301.617279650778,6.20866102278289e-06,7.57389077230671e-06,1.06284433456591e-05
"MSE","Unnormalised decay, g(t)",316.794081981721,5.82396058217319e-06,7.10826147920966e-06,9.9967271614386e-06
"MSE","Unnormalised decay, g(t)",332.734551862678,5.46265822362165e-06,6.66911049486303e-06,9.39686707794381e-06
"MSE","Unnormalised decay, g(t)",349.477115578331,5.12455955220662e-06,6.25803924776778e-06,8.83717076725953e-06
"MSE","Unnormalised decay, g(t)",367.062132950219,4.80755783762178e-06,5.87278528420967e-06,8.31086426857126e-06
"MSE","Unnormalised decay, g(t)",385.531994628602,4.50687847428172e-06,5.50980103280963e-06,7.81919572520449e-06
"MSE","Unnormalised decay, g(t)",404.931224279859,4.2276740933708e-06,5.17030759272376e-06,7.35321614866614e-06
"MSE","Unnormalised decay, g(t)",425.306585915763,3.96490815319579e-06,4.85017206901556e-06,6.9218557951366e-06
"MSE","Unnormalised decay, g(t)",446.707196623364,3.71740240032705e-06,4.54938785398768e-06,6.51024234632636e-06
"MSE","Unnormalised decay, g(t)",469.184644967214,3.48673108303321e-06,4.26655434658829e-06,6.12665732303513e-06
"MSE","Unnormalised decay, g(t)",492.793115349368,3.26871697366374e-06,4.00127325455581e-06,5.76107569319933e-06
"MSE","Unnormalised decay, g(t)",517.589518626948,3.06186120571489e-06,3.75260276148494e-06,5.41704832637526e-06
"MSE","Unnormalised decay, g(t)",543.633629302121,2.86792314585052e-06,3.52000205928199e-06,5.09151569425396e-06
"MSE","Unnormalised decay, g(t)",570.988229615221,2.68658134471382e-06,3.30116594516019e-06,4.7879551223316e-06
"MSE","Unnormalised decay, g(t)",599.71926088836,2.51783526526868e-06,3.09616924894237e-06,4.50529851752633e-06
"MSE","Unnormalised decay, g(t)",629.895982484354,2.36013708153816e-06,2.90303965556746e-06,4.237536593405e-06
"MSE","Unnormalised decay, g(t)",661.591138764156,2.21213198418989e-06,2.72199539694265e-06,3.98633566942645e-06
"MSE","Unnormalised decay, g(t)",694.881134445283,2.07232781523517e-06,2.55162922439096e-06,3.75023378255449e-06
"MSE","Unnormalised decay, g(t)",729.846218783914,1.94104760178747e-06,2.39232851113179e-06,3.52772590076038e-06
"MSE","Unnormalised decay, g(t)",766.570679024703,1.81714052700928e-06,2.24321753427339e-06,3.31674688047897e-06
"MSE","Unnormalised decay, g(t)",805.143043584603,1.70208011860278e-06,2.10271840673817e-06,3.1187639935584e-06
"MSE","Unnormalised decay, g(t)",845.656295460511,1.59329126241405e-06,1.97178983534473e-06,2.93312307640364e-06
"MSE","Unnormalised decay, g(t)",888.208096375173,1.49205279434454e-06,1.84777542028199e-06,2.75847749652681e-06
"MSE","Unnormalised decay, g(t)",932.901022201696,1.39728993704061e-06,1.73212390116785e-06,2.59453114052977e-06
"MSE","Unnormalised decay, g(t)",979.842810234145,1.3077355039401e-06,1.62391189307296e-06,2.44062751460172e-06
"MSE","Unnormalised decay, g(t)",1029.14661890034,1.22462478658387e-06,1.52177668741657e-06,2.29461533039692e-06
"MSE","Unnormalised decay, g(t)",1080.93130054289,1.14574075796166e-06,1.42571204040728e-06,2.15896067139658e-06
"MSE","Unnormalised decay, g(t)",1135.32168792608,1.07168347448136e-06,1.33633849959438e-06,2.03165977518722e-06
"MSE","Unnormalised decay, g(t)",1192.44889515916,1.00248221208062e-06,1.25173058390549e-06,1.91183808832341e-06
"MSE","Unnormalised decay, g(t)",1252.45063376159,9.3795500755635e-07,1.17265267270805e-06,1.79903335271757e-06
"MSE","Unnormalised decay, g(t)",1315.47154463206,8.76786735236274e-07,1.09864206720126e-06,1.69290649684609e-06
"MSE","Unnormalised decay, g(t)",1381.66354672152,8.19913626285353e-07,1.02889237917457e-06,1.59299603636556e-06
"MSE","Unnormalised decay, g(t)",1451.18620325082,7.66771315968049e-07,9.63600468010159e-07,1.49873482279734e-06
"MSE","Unnormalised decay, g(t)",1524.20710635568,7.17041468058617e-07,9.02751521249898e-07,1.40951714981689e-06
"MSE","Unnormalised decay, g(t)",1600.90228108626,6.7030586207291e-07,8.45478597961055e-07,1.32518305963948e-06
"MSE","Unnormalised decay, g(t)",1681.45660973525,6.26364733979334e-07,7.91764668631791e-07,1.24567205325027e-06
"MSE","Unnormalised decay, g(t)",1766.06427751727,5.85374844051666e-07,7.4174105067765e-07,1.17122677846606e-06
"MSE","Unnormalised decay, g(t)",1854.92924067407,5.47231773977425e-07,6.94652841642795e-07,1.10189561606231e-06
"MSE","Unnormalised decay, g(t)",1948.26571813383,5.10608449727606e-07,6.50719473021067e-07,1.03608397829086e-06
"MSE","Unnormalised decay, g(t)",2046.29870790983,4.76909046168245e-07,6.09623042390122e-07,9.73361115669469e-07
"MSE","Unnormalised decay, g(t)",2149.26452948336,4.45870601173176e-07,5.71095314080058e-07,9.15463225911775e-07
"MSE","Unnormalised decay, g(t)",2257.41139347817,4.1622555619035e-07,5.34816369068648e-07,8.60652361892362e-07
"MSE","Unnormalised decay, g(t)",2371,3.88377732428967e-07,5.00959009656044e-07,8.08751134279332e-07
"MSE","Window-normalised decay, h(t)",0,9.38069686245563,11.9913105079621,14.4015171088725
"MSE","Window-normalised decay, h(t)",0.001,8.92867930595865,11.2139951881209,13.2203823653869
"MSE","Window-normalised decay, h(t)",0.00105031807974833,8.90680982441807,11.1769275446442,13.1696788374657
"MSE","Window-normalised decay, h(t)",0.00110316806864623,8.88428956319806,11.1391315113381,13.1145369600521
"MSE","Window-normalised decay, h(t)",0.00115867736750019,8.8607491120073,11.1001072579604,13.0561357403065
"MSE","Window-normalised decay, h(t)",0.00121697978768065,8.83614790424481,11.0593993491236,12.9971529308938
"MSE","Window-normalised decay, h(t)",0.00127821587368928,8.80978981567059,11.0172604504917,12.9373680450878
"MSE","Window-normalised decay, h(t)",0.00134253324195716,8.78342178297497,10.9734104272438,12.8754191425379
"MSE","Window-normalised decay, h(t)",0.00141008693669075,8.75519203444841,10.9261486373083,12.8078568997705
"MSE","Window-normalised decay, h(t)",0.00148103980362324,8.7257337557809,10.8759893173294,12.7354525495122
"MSE","Window-normalised decay, h(t)",0.00155556288257241,8.69499374476696,10.8251966188081,12.6617281702582
"MSE","Window-normalised decay, h(t)",0.00163383581975124,8.66305763188879,10.7714696299886,12.5885831145277
"MSE","Window-normalised decay, h(t)",0.00171604730082517,8.62962276205963,10.7159123170867,12.5131150116201
"MSE","Window-normalised decay, h(t)",0.00180239550576001,8.59476118013191,10.6593579395522,12.4315898134882
"MSE","Window-normalised decay, h(t)",0.00189308858655688,8.5584244111702,10.5997007453782,12.3470701764144
"MSE","Window-normalised decay, h(t)",0.00198834516902591,8.52071982830036,10.5365357143943,12.2602713267056
"MSE","Window-normalised decay, h(t)",0.00208839487980817,8.48228065421345,10.4718535490681,12.1719496733449
"MSE","Window-normalised decay, h(t)",0.00219347889991637,8.44132378008898,10.4046609768523,12.0818551689082
"MSE","Window-normalised decay, h(t)",0.00230385054612865,8.39735364888304,10.3338816242136,11.9826157157937
"MSE","Window-normalised decay, h(t)",0.002419775881637,8.35289710706318,10.2634073476638,11.8791808686125
"MSE","Window-normalised decay, h(t)",0.00254153435742231,8.30644376867399,10.1896574712695,11.7740593644749
"MSE","Window-normalised decay, h(t)",0.00266941948590221,8.25791595962717,10.1141403278401,11.6662453311227
"MSE","Window-normalised decay, h(t)",0.0028037395484756,8.20757861127023,10.0345751361093,11.5537449197116
"MSE","Window-normalised decay, h(t)",0.00294481833866936,8.15610056631909,9.95328713615752,11.4393885543174
"MSE","Window-normalised decay, h(t)",0.00309299594267888,8.10219783921966,9.86820797725483,11.3228526845223
"MSE","Window-normalised decay, h(t)",0.00324862955918387,8.0462287016771,9.78245627583674,11.2011787766972
"MSE","Window-normalised decay, h(t)",0.00341209436041568,7.98828657555923,9.68978915877823,11.0745817448047
"MSE","Window-normalised decay, h(t)",0.00358378439655192,7.92831115690013,9.59679616030249,10.9477394921515
"MSE","Window-normalised decay, h(t)",0.00376411354561846,7.86153671883178,9.50023101348181,10.8157936289076
"MSE","Window-normalised decay, h(t)",0.00395351651118867,7.79845752520103,9.40032798119262,10.6816295363609
"MSE","Window-normalised decay, h(t)",0.00415244987028502,7.73270773583593,9.29773578958649,10.5469077431358
"MSE","Window-normalised decay, h(t)",0.00436139317400899,7.65626284331333,9.19120661336662,10.4034444049932
"MSE","Window-normalised decay, h(t)",0.00458085010355261,7.58378293796182,9.08250088127399,10.2588910899251
"MSE","Window-normalised decay, h(t)",0.00481134968437834,7.51027966073617,8.97008912359769,10.1177728613272
"MSE","Window-normalised decay, h(t)",0.00505344756149402,7.43281682447573,8.85674683226771,9.96741494035707
"MSE","Window-normalised decay, h(t)",0.0053077273388973,7.35378219867534,8.73937183308013,9.81566685867586
"MSE","Window-normalised decay, h(t)",0.00557480198641835,7.26924821812652,8.61990772450517,9.6570561128933
"MSE","Window-normalised decay, h(t)",0.00585531531735212,7.18774803512816,8.49670135159369,9.49337466659256
"MSE","Window-normalised decay, h(t)",0.00614994354044229,7.10251644691826,8.37231903089768,9.3277620764955
"MSE","Window-normalised decay, h(t)",0.00645939688995802,7.01684907752094,8.24446785667789,9.16422981935784
"MSE","Window-normalised decay, h(t)",0.00678442133779308,6.92649566879115,8.11390598674794,8.99948751271518
"MSE","Window-normalised decay, h(t)",0.00712580039171445,6.82693514271058,7.9812345774837,8.82753200045184
"MSE","Window-normalised decay, h(t)",0.00748435698409545,6.72972348442933,7.84604255326537,8.65738764558596
"MSE","Window-normalised decay, h(t)",0.00786095545568617,6.63101369553658,7.70675628046229,8.48286534920055
"MSE","Window-normalised decay, h(t)",0.00825650363920349,6.52451927936142,7.56826745008048,8.30759493990286
"MSE","Window-normalised decay, h(t)",0.00867195504776335,6.4166354598954,7.42566942318161,8.13552185266907
"MSE","Window-normalised decay, h(t)",0.00910831117343068,6.31183595653412,7.28158384154759,7.95845917034543
"MSE","Window-normalised decay, h(t)",0.00956662390142801,6.20472706550235,7.1356317719143,7.78383607771152
"MSE","Window-normalised decay, h(t)",0.0100479980458224,6.09170217313741,6.98871050881724,7.60827626336032
"MSE","Window-normalised decay, h(t)",0.0105535940128032,5.98199218891922,6.84237893927476,7.43071206204383
"MSE","Window-normalised decay, h(t)",0.011084630597971,5.86300484504287,6.69355126023343,7.25146967951812
"MSE","Window-normalised decay, h(t)",0.0116423879243805,5.74928901944498,6.54449346201689,7.07310723718381
"MSE","Window-normalised decay, h(t)",0.0122282105284205,5.6322533913928,6.39369248563696,6.89430433251747
"MSE","Window-normalised decay, h(t)",0.012843510600969,5.51197340925498,6.24140202992737,6.71441997264666
"MSE","Window-normalised decay, h(t)",0.0134897713916372,5.39143373490878,6.08937964526013,6.53734285931859
"MSE","Window-normalised decay, h(t)",0.0141685507843084,5.27013420384425,5.9379973075169,6.35891164127277
"MSE","Window-normalised decay, h(t)",0.0148814850525915,5.14176031834307,5.78543793231527,6.18005320415543
"MSE","Window-normalised decay, h(t)",0.0156302928042415,5.01775141865521,5.63299124654193,6.00488757929535
"MSE","Window-normalised decay, h(t)",0.0164167791240551,4.89673633990225,5.48128602813028,5.83034264251968
"MSE","Window-normalised decay, h(t)",0.0172428399252301,4.77001815333762,5.33005377362977,5.65757810564378
"MSE","Window-normalised decay, h(t)",0.0181104665196756,4.64009734029566,5.17917574448515,5.48688028561288
"MSE","Window-normalised decay, h(t)",0.0190217504182922,4.50837281201141,5.03025866332025,5.31865316944599
"MSE","Window-normalised decay, h(t)",0.0199788883727927,4.3792727348222,4.88099475283698,5.15162337391489
"MSE","Window-normalised decay, h(t)",0.020984187671218,4.24696388236088,4.7329138958275,4.98531837983117
"MSE","Window-normalised decay, h(t)",0.0220400716999123,4.12002321399176,4.58681230351073,4.82226272561284
"MSE","Window-normalised decay, h(t)",0.0231490857853676,3.9914892216287,4.44254583622704,4.66203884899638
"MSE","Window-normalised decay, h(t)",0.0243139033300167,3.86831378734257,4.29911366565755,4.50432901074184
"MSE","Window-normalised decay, h(t)",0.0255373322567698,3.7491891993416,4.15748627006716,4.34946400060641
"MSE","Window-normalised decay, h(t)",0.0268223217778257,3.62689079520527,4.01796851058149,4.19799844267668
"MSE","Window-normalised decay, h(t)",0.0281719695040778,3.50515813721057,3.8811669992027,4.04880306487556
"MSE","Window-normalised decay, h(t)",0.0295895289122516,3.38231422752868,3.74568622777019,3.90501222000238
"MSE","Window-normalised decay, h(t)",0.031078417187774,3.26538423657265,3.61361344958644,3.76387608229169
"MSE","Window-normalised decay, h(t)",0.0326422234622804,3.14725235690375,3.484090354546,3.62455159784814
"MSE","Window-normalised decay, h(t)",0.0342847174656184,3.03109420121641,3.35655540129393,3.48959762924521
"MSE","Window-normalised decay, h(t)",0.0360098586132025,2.91902189490017,3.23165440699485,3.3571574858119
"MSE","Window-normalised decay, h(t)",0.0378218055506278,2.80830707796251,3.1095082814745,3.2290316824622
"MSE","Window-normalised decay, h(t)",0.0397249261785503,2.69819827447171,2.99025036414942,3.10411018116359
"MSE","Window-normalised decay, h(t)",0.0417238081819993,2.59203594762172,2.8735582536899,2.98192342005451
"MSE","Window-normalised decay, h(t)",0.0438232700895054,2.48998930264912,2.76040984238413,2.86367298855969
"MSE","Window-normalised decay, h(t)",0.0460283728887019,2.39123528149745,2.64981884216197,2.74860264835948
"MSE","Window-normalised decay, h(t)",0.0483444322264017,2.29445033616345,2.54218679219976,2.63715471039268
"MSE","Window-normalised decay, h(t)",0.0507770312225578,2.20012943926478,2.43760784995755,2.52910353865342
"MSE","Window-normalised decay, h(t)",0.0533320339289981,2.10810502092375,2.33590178750344,2.42506562860768
"MSE","Window-normalised decay, h(t)",0.0560155994653783,2.020400468444,2.23711761962414,2.32337590157939
"MSE","Window-normalised decay, h(t)",0.058834196866428,1.9344934586355,2.14162189283834,2.22457733645003
"MSE","Window-normalised decay, h(t)",0.0617946206762821,1.85101809148919,2.04900579588112,2.12940943109982
"MSE","Window-normalised decay, h(t)",0.0649040073274894,1.77065994115948,1.95938986921821,2.03778205695291
"MSE","Window-normalised decay, h(t)",0.0681698523441805,1.69369934849792,1.87278020924875,1.94845505876187
"MSE","Window-normalised decay, h(t)",0.0716000284108672,1.61872807933515,1.78922317456653,1.86250095285799
"MSE","Window-normalised decay, h(t)",0.0752028043504282,1.54713312149978,1.70853827736922,1.77963796984284
"MSE","Window-normalised decay, h(t)",0.0789868650570315,1.47888898076055,1.63082882198246,1.69948711102146
"MSE","Window-normalised decay, h(t)",0.0829613324320421,1.41264808196258,1.55590718909055,1.62223291494904
"MSE","Window-normalised decay, h(t)",0.0871357873733857,1.34887283804924,1.48381368165595,1.54836081460369
"MSE","Window-normalised decay, h(t)",0.0915202928713737,1.2876273608577,1.41437885318748,1.47723485925414
"MSE","Window-normalised decay, h(t)",0.0961254182666664,1.22816120074037,1.3477827487657,1.40858669312628
"MSE","Window-normalised decay, h(t)",0.10096226472885,1.17151995179432,1.28382871506744,1.34272089716466
"MSE","Window-normalised decay, h(t)",0.106042492017049,1.11692751289311,1.22231272174607,1.27941276695702
"MSE","Window-normalised decay, h(t)",0.111378346587075,1.06430277227916,1.16347136952219,1.21837784135691
"MSE","Window-normalised decay, h(t)",0.116982691112881,1.01452826820295,1.10693970065712,1.16005386913684
"MSE","Window-normalised decay, h(t)",0.122869035493474,0.966387133310571,1.05289378922824,1.10373697897605
"MSE","Window-normalised decay, h(t)",0.129051569420036,0.920388139850378,1.00114996526786,1.05016499911033
"MSE","Window-normalised decay, h(t)",0.135545196581761,0.876117506925845,0.951584233690989,0.998826510632118
"MSE","Window-normalised decay, h(t)",0.142365570592866,0.834203749535388,0.904171748333583,0.949543792444702
"MSE","Window-normalised decay, h(t)",0.149529132727375,0.793626486848092,0.858968651520413,0.902400372373417
"MSE","Window-normalised decay, h(t)",0.15705315155265,0.755041721084849,0.815890531680957,0.857256819073971
"MSE","Window-normalised decay, h(t)",0.164955764557203,0.718263932123764,0.774750985650511,0.814156535309712
"MSE","Window-normalised decay, h(t)",0.17325602187314,0.683101584766348,0.735407316726833,0.772836731087668
"MSE","Window-normalised decay, h(t)",0.181973932198632,0.649343161699476,0.697842973789664,0.733465460427658
"MSE","Window-normalised decay, h(t)",0.191130511031121,0.617244881781817,0.662068300865017,0.696037985858993
"MSE","Window-normalised decay, h(t)",0.200747831327525,0.586474098515769,0.627998739740323,0.660403298867979
"MSE","Window-normalised decay, h(t)",0.210849076713569,0.557132248647988,0.595596353109845,0.626321800109952
"MSE","Window-normalised decay, h(t)",0.221458597370505,0.529214147680235,0.564685494758864,0.59387932648922
"MSE","Window-normalised decay, h(t)",0.232601968733948,0.502699054820008,0.535297967741331,0.562919719164988
"MSE","Window-normalised decay, h(t)",0.244306053146322,0.477252711668487,0.507313432117768,0.53343384795259
"MSE","Window-normalised decay, h(t)",0.25659906461154,0.452853261039474,0.480745337964208,0.50537790548047
"MSE","Window-normalised decay, h(t)",0.269510636808012,0.429856437350018,0.455481054736845,0.47881626419458
"MSE","Window-normalised decay, h(t)",0.283071894523941,0.407791321713679,0.431437774455513,0.453458108442348
"MSE","Window-normalised decay, h(t)",0.297315528687109,0.386806697049255,0.408573782260082,0.429247594551173
"MSE","Window-normalised decay, h(t)",0.312275875170005,0.366853029918025,0.38687750074592,0.406358981119845
"MSE","Window-normalised decay, h(t)",0.327988997560291,0.347861715229451,0.366335264115567,0.384671250185003
"MSE","Window-normalised decay, h(t)",0.344492774096106,0.329792543485809,0.346774146502181,0.364103620474549
"MSE","Window-normalised decay, h(t)",0.361826988975799,0.312589993180612,0.328211522690147,0.344460780726837
"MSE","Window-normalised decay, h(t)",0.380033428262183,0.296175622316329,0.310637023976244,0.32587544053478
"MSE","Window-normalised decay, h(t)",0.399155980612512,0.280622898268393,0.293928114836871,0.308152725413328
"MSE","Window-normalised decay, h(t)",0.419240743076997,0.265733120472286,0.278133720314729,0.29142438201511
"MSE","Window-normalised decay, h(t)",0.440336132220897,0.251659816193712,0.263103262455958,0.275584000359337
"MSE","Window-normalised decay, h(t)",0.462493000838061,0.238192229568895,0.248907360492604,0.260597326432732
"MSE","Window-normalised decay, h(t)",0.485764760537277,0.225455022705573,0.235412573638141,0.24636133521554
"MSE","Window-normalised decay, h(t)",0.510207510496923,0.213370108347181,0.222640463618138,0.232922836598937
"MSE","Window-normalised decay, h(t)",0.535880172698306,0.201908031326477,0.210551849985359,0.220120705629258
"MSE","Window-normalised decay, h(t)",0.562844633963691,0.191006550738106,0.19908422671427,0.208035390208109
"MSE","Window-normalised decay, h(t)",0.591165895141398,0.180699131181308,0.188207872908192,0.196595566109193
"MSE","Window-normalised decay, h(t)",0.620912227797619,0.170833271777775,0.177900069574521,0.185757007467505
"MSE","Window-normalised decay, h(t)",0.652155338792655,0.161476084615907,0.168149740394986,0.175529546306672
"MSE","Window-normalised decay, h(t)",0.684970543138327,0.152655759765197,0.158914259702244,0.165820596017129
"MSE","Window-normalised decay, h(t)",0.719436945553221,0.144255077954926,0.150167220537205,0.156687598466249
"MSE","Window-normalised decay, h(t)",0.755637631153466,0.13631492881316,0.141896803548586,0.14804038920533
"MSE","Window-normalised decay, h(t)",0.793659865738689,0.128825683992981,0.134059286935053,0.139868388058524
"MSE","Window-normalised decay, h(t)",0.83359530615598,0.121697489567052,0.12664804496076,0.1321714976356
"MSE","Window-normalised decay, h(t)",0.875540221248974,0.114980722958669,0.119632338867404,0.124939062336609
"MSE","Window-normalised decay, h(t)",0.919595723924655,0.108613587326906,0.11298144389411,0.118030674914571
"MSE","Window-normalised decay, h(t)",0.965868014897323,0.102581331079622,0.106694264571762,0.111494777306602
"MSE","Window-normalised decay, h(t)",1.01446863869729,0.0968795763089273,0.100759897285964,0.105335787681576
"MSE","Window-normalised decay, h(t)",1.06551475256145,0.091471730294625,0.0951383083914849,0.0995586074550566
"MSE","Window-normalised decay, h(t)",1.11912940885386,0.0863841978163824,0.0898295727482347,0.0941223237479884
"MSE","Window-normalised decay, h(t)",1.17544185169728,0.0815626431783756,0.0848145016809338,0.0889030893670591
"MSE","Window-normalised decay, h(t)",1.23458782853051,0.0770018447352925,0.08005568413532,0.0840153104809541
"MSE","Window-normalised decay, h(t)",1.29670991734283,0.0726921413483027,0.0755627896519082,0.0793884816394635
"MSE","Window-normalised decay, h(t)",1.36195787037414,0.0686214778562459,0.0713237209506599,0.075006773971891
"MSE","Window-normalised decay, h(t)",1.4304889751095,0.064762394095068,0.0673154002727597,0.0708758417788806
"MSE","Window-normalised decay, h(t)",1.50246843343818,0.0611127829101552,0.0635267534455658,0.0669657739330001
"MSE","Window-normalised decay, h(t)",1.57806975989127,0.0576658935368492,0.0599434407273077,0.063297207427857
"MSE","Window-normalised decay, h(t)",1.65747519991792,0.0544090810242238,0.0565515510145368,0.0598196069804928
"MSE","Window-normalised decay, h(t)",1.74087616920828,0.0513353084581714,0.0533518110367582,0.0565476387858193
"MSE","Window-normalised decay, h(t)",1.82847371512247,0.048431591545285,0.0503316049541435,0.05343695987622
"MSE","Window-normalised decay, h(t)",1.92047900133774,0.0456927095052517,0.0474787067720541,0.0505156296593609
"MSE","Window-normalised decay, h(t)",2.01711381688205,0.043106139491142,0.0447830631545565,0.0477610476020083
"MSE","Window-normalised decay, h(t)",2.11861111078139,0.040665035373366,0.0422403196205046,0.045132233343143
"MSE","Window-normalised decay, h(t)",2.2252155536094,0.0383530675113694,0.0398407143639748,0.0426548034518859
"MSE","Window-normalised decay, h(t)",2.33718412729315,0.0361696734268107,0.0375702026404377,0.040326118918438
"MSE","Window-normalised decay, h(t)",2.45478674459683,0.034114287169577,0.0354305339229974,0.0381120049530163
"MSE","Window-normalised decay, h(t)",2.57830689977661,0.0321698950463975,0.0334100144889501,0.036008291003438
"MSE","Window-normalised decay, h(t)",2.70804235197525,0.0303357618185501,0.0315032449258514,0.034029207868
"MSE","Window-normalised decay, h(t)",2.8443058430038,0.0286088734619566,0.0297021446315367,0.0321475503401106
"MSE","Window-normalised decay, h(t)",2.98742585124072,0.0269769372813267,0.0280046175450877,0.0303693841976593
"MSE","Window-normalised decay, h(t)",3.13774738346569,0.0254354827423039,0.0264049101554042,0.028679870597802
"MSE","Window-normalised decay, h(t)",3.29563280653705,0.023978321063802,0.0248904712182804,0.027086995802919
"MSE","Window-normalised decay, h(t)",3.4614627209176,0.0226034011240114,0.0234623664753213,0.025584716821913
"MSE","Window-normalised decay, h(t)",3.63563687815462,0.0213070676713316,0.0221166548041073,0.0241610854606974
"MSE","Window-normalised decay, h(t)",3.8185751445256,0.0200807943150006,0.020845484509024,0.0228182694697245
"MSE","Window-normalised decay, h(t)",4.01071851317284,0.0189247372749509,0.0196485072435905,0.0215380100640859
"MSE","Window-normalised decay, h(t)",4.21253016716679,0.0178370680264213,0.0185180834948429,0.0203295211641499
"MSE","Window-normalised decay, h(t)",4.42449659606056,0.0168106412245383,0.0174521844886418,0.019187939949988
"MSE","Window-normalised decay, h(t)",4.64712876862737,0.0158424086935168,0.0164477459827987,0.0181166794389098
"MSE","Window-normalised decay, h(t)",4.88096336460794,0.014927702107904,0.0155000015692462,0.0171076468020294
"MSE","Window-normalised decay, h(t)",5.12656406843699,0.0140647323136076,0.014604960314859,0.0161511591980377
"MSE","Window-normalised decay, h(t)",5.38452292806754,0.0132503896283828,0.0137622074098826,0.015242461894619
"MSE","Window-normalised decay, h(t)",5.65546178216878,0.0124842916366387,0.0129673344939709,0.0143903821192184
"MSE","Window-normalised decay, h(t)",5.94003375913761,0.0117596323698437,0.0122188583182073,0.0135723572830722
"MSE","Window-normalised decay, h(t)",6.2389248515377,0.0110763054984013,0.0115117191632469,0.0128098342283331
"MSE","Window-normalised decay, h(t)",6.55285556976123,0.010433341271079,0.0108460169806564,0.0120887614092659
"MSE","Window-normalised decay, h(t)",6.8825826788998,0.00982788507833746,0.0102184469199992,0.011406649496266
"MSE","Window-normalised decay, h(t)",7.22890102301119,0.00925599614898892,0.00962706290973895,0.0107599782108605
"MSE","Window-normalised decay, h(t)",7.59264544117988,0.0087178963530062,0.00906935124103884,0.0101484668724285
"MSE","Window-normalised decay, h(t)",7.97469277999,0.00820897634935759,0.00854274381111747,0.0095674712101342
"MSE","Window-normalised decay, h(t)",8.37596400726201,0.00772989846266901,0.00804671932348497,0.00901939110278348
"MSE","Window-normalised decay, h(t)",8.79742643214859,0.00727898388055455,0.0075793472020543,0.00850794299189806
"MSE","Window-normalised decay, h(t)",9.24009603694156,0.00685329250895231,0.00713897222072221,0.00801741685391387
"MSE","Window-normalised decay, h(t)",9.70503992621065,0.0064513042429547,0.0067244204533593,0.00755795151665787
"MSE","Window-normalised decay, h(t)",10.1933788991785,0.0060725743633234,0.00633317648848453,0.0071283587419351
"MSE","Window-normalised decay, h(t)",10.7062901515324,0.00571574619805507,0.00596498617374772,0.00671929535737589
"MSE","Window-normalised decay, h(t)",11.245010113186,0.00538001978657204,0.00561742937225257,0.00633301333734655
"MSE","Window-normalised decay, h(t)",11.8108374288321,0.00506482615408591,0.00528990940837747,0.00597093064627727
"MSE","Window-normalised decay, h(t)",12.4051360884707,0.00476733646449652,0.00498172044863444,0.0056297101527105
"MSE","Window-normalised decay, h(t)",13.0293387154593,0.00448664707995273,0.00469067185684357,0.00530410115785514
"MSE","Window-normalised decay, h(t)",13.6849500200118,0.00422192132191787,0.00441674693207791,0.00499867529614613
"MSE","Window-normalised decay, h(t)",14.3735504264708,0.00397390989688989,0.00415848274224506,0.0047099461864026
"MSE","Window-normalised decay, h(t)",15.0967998830966,0.00373909121664783,0.00391548583532326,0.00443811637857538
"MSE","Window-normalised decay, h(t)",15.8564418635589,0.00351843925475833,0.00368615048948376,0.00418103443993353
"MSE","Window-normalised decay, h(t)",16.6543075697743,0.00331008836013303,0.00347025643173483,0.00393930996135827
"MSE","Window-normalised decay, h(t)",17.4923203462235,0.00311404592373233,0.00326716631954971,0.00371199128061091
"MSE","Window-normalised decay, h(t)",18.3725003163882,0.00292931625421649,0.00307562341256878,0.0034967826358413
"MSE","Window-normalised decay, h(t)",19.2969692524845,0.00275536946047257,0.002895389212977,0.00329556965956992
"MSE","Window-normalised decay, h(t)",20.2679556902322,0.00259189413411437,0.00272533425537574,0.00310281878864663
"MSE","Window-normalised decay, h(t)",21.287800300989,0.00243810578741521,0.00256542021795457,0.00292148923074836
"MSE","Window-normalised decay, h(t)",22.3589615342008,0.00229331335134205,0.00241462486939898,0.00275198097777482
"MSE","Window-normalised decay, h(t)",23.4840215437686,0.0021569436319637,0.00227275900004813,0.00259178900276321
"MSE","Window-normalised decay, h(t)",24.6656924126196,0.00202886074559111,0.00213914533899561,0.00243887275510061
"MSE","Window-normalised decay, h(t)",25.9068226904857,0.00190813912691093,0.00201312137594205,0.00229588691833571
"MSE","Window-normalised decay, h(t)",27.2104042606515,0.0017946627678043,0.00189465979299911,0.00216065715081863
"MSE","Window-normalised decay, h(t)",28.5795795522234,0.00168741405737434,0.00178287916711257,0.00203415054261551
"MSE","Window-normalised decay, h(t)",30.0176491153061,0.00158691515518587,0.00167780623306894,0.00191414422306637
"MSE","Window-normalised decay, h(t)",31.5280795773476,0.00149186481926006,0.00157871559773778,0.00180155299372562
"MSE","Window-normalised decay, h(t)",33.1145119998324,0.00140267209593975,0.00148552173947458,0.00169519645229345
"MSE","Window-normalised decay, h(t)",34.7807706554672,0.00131861793560574,0.00139773220022742,0.00159344725100208
"MSE","Window-normalised decay, h(t)",36.5308722470174,0.00123946533517894,0.00131503604873811,0.00150008093718584
"MSE","Window-normalised decay, h(t)",38.3690355900191,0.00116516960184097,0.00123725192292785,0.00141062238864394
"MSE","Window-normalised decay, h(t)",40.2996917827044,0.00109504044779452,0.00116400168268782,0.00132683187868796
"MSE","Window-normalised decay, h(t)",42.3274948876598,0.0010292920739467,0.00109507126074862,0.00124800145220181
"MSE","Window-normalised decay, h(t)",44.4573331509643,0.000967515100745556,0.00103012437471335,0.00117391473700248
"MSE","Window-normalised decay, h(t)",46.6943407858529,0.000909293153189646,0.000969051816450558,0.001104476320316
"MSE","Window-normalised decay, h(t)",49.0439103493112,0.000854540906915347,0.000911534156882733,0.00103848771079274
"MSE","Window-normalised decay, h(t)",51.5117057414381,0.000802979551151791,0.000857347746493866,0.000976421947223335
"MSE","Window-normalised decay, h(t)",54.1036758589086,0.000754558951080622,0.00080639795141067,0.000918820400073946
"MSE","Window-normalised decay, h(t)",56.8260689354551,0.000708961199124836,0.000758351334159817,0.000864139042646538
"MSE","Window-normalised decay, h(t)",59.6854476039337,0.000666010537429145,0.000713155840371565,0.000813057063610279
"MSE","Window-normalised decay, h(t)",62.6887047162836,0.000625780350251042,0.000670619519095532,0.000764146599386729
"MSE","Window-normalised decay, h(t)",65.8430799595172,0.000587830810698249,0.00063068599572124,0.000718287238073057
"MSE","Window-normalised decay, h(t)",69.1561773077962,0.000552168437939446,0.000593019854334095,0.000675028011536778
"MSE","Window-normalised decay, h(t)",72.6359833526599,0.000518761729624291,0.000557608790381762,0.0006344922452874
"MSE","Window-normalised decay, h(t)",76.2908865555977,0.000487339110465394,0.000524313482965728,0.000596315944662431
"MSE","Window-normalised decay, h(t)",80.1296974693735,0.00045774607749872,0.00049296253341754,0.00056079764833533
"MSE","Window-normalised decay, h(t)",84.1616699768472,0.000430002393529274,0.000463417557886078,0.000527096301547274
"MSE","Window-normalised decay, h(t)",88.3965235984953,0.000403800030308423,0.000435668636825411,0.000495284035634768
"MSE","Window-normalised decay, h(t)",92.8444669224,0.000379163467638864,0.000409584291035198,0.000465491255861489
"MSE","Window-normalised decay, h(t)",97.5162222131928,0.000356071817838865,0.000385012608812796,0.000438039663110287
"MSE","Window-normalised decay, h(t)",102.423051259273,0.000334227934969674,0.000361890885858515,0.000411960919060773
"MSE","Window-normalised decay, h(t)",107.576782520605,0.000313785488675081,0.000340160162729328,0.000387244446690492
"MSE","Window-normalised decay, h(t)",112.989839642545,0.000294493059209178,0.000319707489461533,0.000363912950728166
"MSE","Window-normalised decay, h(t)",118.675271404431,0.000276422963231987,0.000300479594401783,0.000341912515277766
"MSE","Window-normalised decay, h(t)",124.646783175114,0.000259435131088376,0.000282386974093454,0.000321172204108301
"MSE","Window-normalised decay, h(t)",130.918769951293,0.000243499057164959,0.000265361318848896,0.000301614560321407
"MSE","Window-normalised decay, h(t)",137.506351058256,0.000228522800980618,0.000249353831138057,0.000283275972674349
"MSE","Window-normalised decay, h(t)",144.425406596708,0.000214464741893575,0.000234316768070983,0.000266427310259845
"MSE","Window-normalised decay, h(t)",151.692615723526,0.000201265384837095,0.000220164136130187,0.00025013388990454
"MSE","Window-normalised decay, h(t)",159.325496858736,0.000188832688979976,0.000206800437473362,0.000234990192758844
"MSE","Window-normalised decay, h(t)",167.342449915617,0.000177216088915345,0.000194274751978332,0.00022089025358698
"MSE","Window-normalised decay, h(t)",175.762800655753,0.000166282406696882,0.000182530446295545,0.000207429606038665
"MSE","Window-normalised decay, h(t)",184.60684727594,0.000155991569678114,0.000171444122541792,0.000194855327023442
"MSE","Window-normalised decay, h(t)",193.895909339259,0.000146324210173497,0.000161032903132811,0.000183137083005538
"MSE","Window-normalised decay, h(t)",203.652379168268,0.000137275495830257,0.000151279186423198,0.000172264221229368
"MSE","Window-normalised decay, h(t)",213.899775824195,0.000128790903185941,0.000142055973970413,0.000161709132036422
"MSE","Window-normalised decay, h(t)",224.662801802268,0.000120777378145623,0.000133413745353335,0.000151716286858393
"MSE","Window-normalised decay, h(t)",235.967402579838,0.000113242692955347,0.0001252833004832,0.00014256936402386
"MSE","Window-normalised decay, h(t)",247.840829160858,0.000106232796246824,0.000117652245284373,0.000134003650955708
"MSE","Window-normalised decay, h(t)",260.311703767468,9.96214010176141e-05,0.000110481948245372,0.000125903604482595
"MSE","Window-normalised decay, h(t)",273.410088837064,9.34073485760978e-05,0.000103737960131316,0.000118374768839936
"MSE","Window-normalised decay, h(t)",287.167559491166,8.75098535598231e-05,9.7405270276994e-05,0.000111246592190624
"MSE","Window-normalised decay, h(t)",301.617279650778,8.20289476809543e-05,9.14382297732651e-05,0.000104583777813484
"MSE","Window-normalised decay, h(t)",316.794081981721,7.68902758907653e-05,8.58345406909007e-05,9.82629019206888e-05
"MSE","Window-normalised decay, h(t)",332.734551862678,7.20709099945396e-05,8.05831423483202e-05,9.23524145299146e-05
"MSE","Window-normalised decay, h(t)",349.477115578331,6.75605608610025e-05,7.563216547679e-05,8.68384801143025e-05
"MSE","Window-normalised decay, h(t)",367.062132950219,6.33306367529275e-05,7.09856265801536e-05,8.16290375244153e-05
"MSE","Window-normalised decay, h(t)",385.531994628602,5.93132969099067e-05,6.66284729697828e-05,7.66493879081049e-05
"MSE","Window-normalised decay, h(t)",404.931224279859,5.55688275432162e-05,6.25456595666151e-05,7.20141353348884e-05
"MSE","Window-normalised decay, h(t)",425.306585915763,5.20725883847503e-05,5.86908240402745e-05,6.77304735493113e-05
"MSE","Window-normalised decay, h(t)",446.707196623364,4.87824606880312e-05,5.50690638063222e-05,6.36897222319932e-05
"MSE","Window-normalised decay, h(t)",469.184644967214,4.56942149507884e-05,5.166422862764e-05,5.98612180172531e-05
"MSE","Window-normalised decay, h(t)",492.793115349368,4.27995782514967e-05,4.8483022982494e-05,5.63149261901969e-05
"MSE","Window-normalised decay, h(t)",517.589518626948,4.00864193144801e-05,4.54825658795179e-05,5.29828526715186e-05
"MSE","Window-normalised decay, h(t)",543.633629302121,3.75105895237079e-05,4.26557734399449e-05,4.98176414473196e-05
"MSE","Window-normalised decay, h(t)",570.988229615221,3.51021413885596e-05,4.00167383717595e-05,4.68700235739186e-05
"MSE","Window-normalised decay, h(t)",599.71926088836,3.2867006800434e-05,3.75339275545199e-05,4.41049037525975e-05
"MSE","Window-normalised decay, h(t)",629.895982484354,3.0768551709879e-05,3.5205035775773e-05,4.14997164984916e-05
"MSE","Window-normalised decay, h(t)",661.591138764156,2.87839035130688e-05,3.30191354428331e-05,3.90219583256154e-05
"MSE","Window-normalised decay, h(t)",694.881134445283,2.69496210610866e-05,3.09635421315107e-05,3.67050884620659e-05
"MSE","Window-normalised decay, h(t)",729.846218783914,2.52105725626276e-05,2.90370421314814e-05,3.45257137000654e-05
"MSE","Window-normalised decay, h(t)",766.570679024703,2.35829850824324e-05,2.72237978408642e-05,3.24860073618629e-05
"MSE","Window-normalised decay, h(t)",805.143043584603,2.20600829356396e-05,2.55267943130949e-05,3.05619667996582e-05
"MSE","Window-normalised decay, h(t)",845.656295460511,2.06393172737577e-05,2.39390085415975e-05,2.87542962692663e-05
"MSE","Window-normalised decay, h(t)",888.208096375173,1.929962241944e-05,2.24400673475621e-05,2.70535505349978e-05
"MSE","Window-normalised decay, h(t)",932.901022201696,1.80451815804809e-05,2.10408342981226e-05,2.54527412365458e-05
"MSE","Window-normalised decay, h(t)",979.842810234145,1.6873019002362e-05,1.97188029727865e-05,2.39475403598829e-05
"MSE","Window-normalised decay, h(t)",1029.14661890034,1.57698545701577e-05,1.84828143460535e-05,2.25318792789984e-05
"MSE","Window-normalised decay, h(t)",1080.93130054289,1.47414535749232e-05,1.73264213020056e-05,2.11995501161431e-05
"MSE","Window-normalised decay, h(t)",1135.32168792608,1.37775520931424e-05,1.62429433044842e-05,1.99407900849499e-05
"MSE","Window-normalised decay, h(t)",1192.44889515916,1.28714181172508e-05,1.52227796499425e-05,1.87583857105065e-05
"MSE","Window-normalised decay, h(t)",1252.45063376159,1.20223265748889e-05,1.4265383437126e-05,1.7640071517352e-05
"MSE","Window-normalised decay, h(t)",1315.47154463206,1.12315874827499e-05,1.33682150448873e-05,1.65972124773575e-05
"MSE","Window-normalised decay, h(t)",1381.66354672152,1.0485895795741e-05,1.25269901834633e-05,1.56157614956464e-05
"MSE","Window-normalised decay, h(t)",1451.18620325082,9.79010091505088e-06,1.17355367760729e-05,1.46906897970144e-05
"MSE","Window-normalised decay, h(t)",1524.20710635568,9.13868898923323e-06,1.09951917928041e-05,1.38193504784735e-05
"MSE","Window-normalised decay, h(t)",1600.90228108626,8.52736053087199e-06,1.03028090321502e-05,1.2999487173562e-05
"MSE","Window-normalised decay, h(t)",1681.45660973525,7.9581232785015e-06,9.65160466659525e-06,1.22287041423793e-05
"MSE","Window-normalised decay, h(t)",1766.06427751727,7.43462886362707e-06,9.0422239519973e-06,1.15042319010032e-05
"MSE","Window-normalised decay, h(t)",1854.92924067407,6.93866026543039e-06,8.46789698583861e-06,1.08224675078569e-05
"MSE","Window-normalised decay, h(t)",1948.26571813383,6.47638922923808e-06,7.93298339751244e-06,1.01804639751755e-05
"MSE","Window-normalised decay, h(t)",2046.29870790983,6.03982210938238e-06,7.43153784643928e-06,9.57616417459343e-06
"MSE","Window-normalised decay, h(t)",2149.26452948336,5.63257989439581e-06,6.9602913648467e-06,9.00800245119619e-06
"MSE","Window-normalised decay, h(t)",2257.41139347817,5.25202786873746e-06,6.51995778786456e-06,8.47252898542301e-06
"MSE","Window-normalised decay, h(t)",2371,4.89733618363599e-06,6.10695603189563e-06,7.96942427156645e-06
"RS","Unnormalised decay, g(t)",0,1,1,1
"RS","Unnormalised decay, g(t)",0.001,0.792823776405333,0.831156442298852,0.863560224896886
"RS","Unnormalised decay, g(t)",0.00105031807974833,0.78464402987362,0.824154462870938,0.857671926540726
"RS","Unnormalised decay, g(t)",0.00110316806864623,0.776232477647865,0.816926065664726,0.851573183378237
"RS","Unnormalised decay, g(t)",0.00115867736750019,0.767589691323157,0.809469223426622,0.845260255808478
"RS","Unnormalised decay, g(t)",0.00121697978768065,0.758716846591943,0.801782346466665,0.838729671149504
"RS","Unnormalised decay, g(t)",0.00127821587368928,0.749615751390314,0.793864316741617,0.831978255640119
"RS","Unnormalised decay, g(t)",0.00134253324195716,0.740288871697565,0.785714521510567,0.82500316729692
"RS","Unnormalised decay, g(t)",0.00141008693669075,0.73073935457873,0.777332886243989,0.817801929443083
"RS","Unnormalised decay, g(t)",0.00148103980362324,0.720971048055851,0.768719906413906,0.810372464696289
"RS","Unnormalised decay, g(t)",0.00155556288257241,0.710988517384571,0.759876677801108,0.802713129147665
"RS","Unnormalised decay, g(t)",0.00163383581975124,0.700797057379996,0.750804924911537,0.794822746474328
"RS","Unnormalised decay, g(t)",0.00171604730082517,0.690402700368897,0.741507027108536,0.786700641661347
"RS","Unnormalised decay, g(t)",0.00180239550576001,0.679812219470154,0.731986042032094,0.778346674023552
"RS","Unnormalised decay, g(t)",0.00189308858655688,0.669033126871122,0.722245725905026,0.769761269143919
"RS","Unnormalised decay, g(t)",0.00198834516902591,0.658073666852555,0.712290550303669,0.76094544938232
"RS","Unnormalised decay, g(t)",0.00208839487980817,0.646942803352502,0.702125715007872,0.751900862542407
"RS","Unnormalised decay, g(t)",0.00219347889991637,0.635650201928167,0.691757156549045,0.742629808292509
"RS","Unnormalised decay, g(t)",0.00230385054612865,0.62420620602273,0.681191552108846,0.733135261939245
"RS","Unnormalised decay, g(t)",0.002419775881637,0.612621807551412,0.670436318461469,0.723420895122857
"RS","Unnormalised decay, g(t)",0.00254153435742231,0.60090861186143,0.659499605692993,0.713491093035822
"RS","Unnormalised decay, g(t)",0.00266941948590221,0.589078797216651,0.648390285481873,0.703350967763482
"RS","Unnormalised decay, g(t)",0.0028037395484756,0.57714506903316,0.637117933789351,0.693006367362072
"RS","Unnormalised decay, g(t)",0.00294481833866936,0.565120609190986,0.62569280787143,0.682463880335392
"RS","Unnormalised decay, g(t)",0.00309299594267888,0.553019020772905,0.614125817595981,0.671730835184331
"RS","Unnormalised decay, g(t)",0.00324862955918387,0.540854268723096,0.60242849112396,0.660815294764877
"RS","Unnormalised decay, g(t)",0.00341209436041568,0.528640616935726,0.590612935091606,0.649726045225639
"RS","Unnormalised decay, g(t)",0.00358378439655192,0.516392562349614,0.578691789514534,0.638472579378866
"RS","Unnormalised decay, g(t)",0.00376411354561846,0.504124766704001,0.566678177708715,0.627065074389643
"RS","Unnormalised decay, g(t)",0.00395351651118867,0.491851986619257,0.554585651605188,0.61551436377779
"RS","Unnormalised decay, g(t)",0.00415244987028502,0.479589002706679,0.542428132906001,0.603831903763071
"RS","Unnormalised decay, g(t)",0.00436139317400899,0.467350548437819,0.530219850598568,0.592029734099043
"RS","Unnormalised decay, g(t)",0.00458085010355261,0.45515123949494,0.5179752754085,0.58012043359389
"RS","Unnormalised decay, g(t)",0.00481134968437834,0.44300550431533,0.505709051816983,0.56811707061046
"RS","Unnormalised decay, g(t)",0.00505344756149402,0.430927516541403,0.493435928319082,0.556033148905522
"RS","Unnormalised decay, g(t)",0.0053077273388973,0.418931130019548,0.481170686617867,0.543882549262946
"RS","Unnormalised decay, g(t)",0.00557480198641835,0.407029816992298,0.468928070484189,0.531679467410221
"RS","Unnormalised decay, g(t)",0.00585531531735212,0.395236610026907,0.456722715001297,0.519438348806612
"RS","Unnormalised decay, g(t)",0.00614994354044229,0.383564048202524,0.444569076915587,0.50717382091763
"RS","Unnormalised decay, g(t)",0.00645939688995802,0.372024127981729,0.432481366797258,0.494900623643371
"RS","Unnormalised decay, g(t)",0.00678442133779308,0.360628259127971,0.420473483677185,0.48263353860664
"RS","Unnormalised decay, g(t)",0.00712580039171445,0.349387225952629,0.408558952785932,0.470387318010029
"RS","Unnormalised decay, g(t)",0.00748435698409545,0.338311154093611,0.396750866970666,0.458176613795913
"RS","Unnormalised decay, g(t)",0.00786095545568617,0.327409482945809,0.385061832303161,0.446015907828719
"RS","Unnormalised decay, g(t)",0.00825650363920349,0.316690943790519,0.373503918320666,0.433919443800685
"RS","Unnormalised decay, g(t)",0.00867195504776335,0.306163543592655,0.362088613272369,0.421901161537109
"RS","Unnormalised decay, g(t)",0.00910831117343068,0.295834554359845,0.35082678466119,0.409974634332929
"RS","Unnormalised decay, g(t)",0.00956662390142801,0.285710507905405,0.339728645297101,0.398153009900232
"RS","Unnormalised decay, g(t)",0.0100479980458224,0.275797195784257,0.328803724990142,0.386448955447854
"RS","Unnormalised decay, g(t)",0.0105535940128032,0.266099674129382,0.318060847941889,0.374874607347453
"RS","Unnormalised decay, g(t)",0.011084630597971,0.25662227307157,0.307508115810292,0.363441525761792
"RS","Unnormalised decay, g(t)",0.0116423879243805,0.247368610387431,0.297152896358638,0.352160654540287
"RS","Unnormalised decay, g(t)",0.0122282105284205,0.238341608995905,0.287001817527072,0.341042286602371
"RS","Unnormalised decay, g(t)",0.012843510600969,0.229543517905434,0.277060766713954,0.330096034951433
"RS","Unnormalised decay, g(t)",0.0134897713916372,0.220975936200001,0.267334894994079,0.319330809382285
"RS","Unnormalised decay, g(t)",0.0141685507843084,0.212639839648611,0.257828625963441,0.308754798871032
"RS","Unnormalised decay, g(t)",0.0148814850525915,0.204535609525713,0.248545668860408,0.298375459560836
"RS","Unnormalised decay, g(t)",0.0156302928042415,0.196663063238097,0.239489035586329,0.288199508196007
"RS","Unnormalised decay, g(t)",0.0164167791240551,0.189021486365051,0.230661061228448,0.278232920791472
"RS","Unnormalised decay, g(t)",0.0172428399252301,0.181609665738645,0.222063427675682,0.26848093627572
"RS","Unnormalised decay, g(t)",0.0181104665196756,0.174425923210504,0.2136971899118,0.258948064799593
"RS","Unnormalised decay, g(t)",0.0190217504182922,0.167468149775188,0.205562804573089,0.249638100364674
"RS","Unnormalised decay, g(t)",0.0199788883727927,0.160733839748201,0.197660160363395,0.240554137397783
"RS","Unnormalised decay, g(t)",0.020984187671218,0.154220124721338,0.189988609933617,0.231698590876003
"RS","Unnormalised decay, g(t)",0.0220400716999123,0.147923807049849,0.18254700284768,0.223073219594128
"RS","Unnormalised decay, g(t)",0.0231490857853676,0.141841392651387,0.175333719279879,0.214679152159334
"RS","Unnormalised decay, g(t)",0.0243139033300167,0.13596912292696,0.168346704110256,0.206516915299675
"RS","Unnormalised decay, g(t)",0.0255373322567698,0.130303005641243,0.161583501111852,0.198586464077913
"RS","Unnormalised decay, g(t)",0.0268223217778257,0.124838844626578,0.155041286950401,0.190887213616173
"RS","Unnormalised decay, g(t)",0.0281719695040778,0.119572268199134,0.148716904745032,0.183418071951284
"RS","Unnormalised decay, g(t)",0.0295895289122516,0.114498756201988,0.14260689696839,0.176177473663051
"RS","Unnormalised decay, g(t)",0.031078417187774,0.109613665608873,0.136707537491577,0.169163413938965
"RS","Unnormalised decay, g(t)",0.0326422234622804,0.104912254645375,0.131014862607858,0.162373482765933
"RS","Unnormalised decay, g(t)",0.0342847174656184,0.100389705400984,0.125524700896191,0.155804898966569
"RS","Unnormalised decay, g(t)",0.0360098586132025,0.0960411449227316,0.120232701810305,0.149454543825256
"RS","Unnormalised decay, g(t)",0.0378218055506278,0.091861664795552,0.115134362903916,0.143318994078328
"RS","Unnormalised decay, g(t)",0.0397249261785503,0.087846339227139,0.110225055624313,0.137394554070987
"RS","Unnormalised decay, g(t)",0.0417238081819993,0.0839902416662844,0.105500049627949,0.131677286911729
"RS","Unnormalised decay, g(t)",0.0438232700895054,0.0802884599927849,0.100954597458091,0.126163044481343
"RS","Unnormalised decay, g(t)",0.0460283728887019,0.0767361103250771,0.0965838487250015,0.120847496180184
"RS","Unnormalised decay, g(t)",0.0483444322264017,0.0733283494974993,0.0923828158234989,0.11572615632098
"RS","Unnormalised decay, g(t)",0.0507770312225578,0.0700603862646345,0.0883465741931649,0.110794410096974
"RS","Unnormalised decay, g(t)",0.0533320339289981,0.0669274912935438,0.0844701964539104,0.106047538076612
"RS","Unnormalised decay, g(t)",0.0560155994653783,0.0639250060071983,0.0807487677777963,0.101480739193815
"RS","Unnormalised decay, g(t)",0.058834196866428,0.0610483503446144,0.0771773998719775,0.0970891522208523
"RS","Unnormalised decay, g(t)",0.0617946206762821,0.0582930295033308,0.0737512436245579,0.0928678757252886
"RS","Unnormalised decay, g(t)",0.0649040073274894,0.0556546397305743,0.0704655004696718,0.088811986525889
"RS","Unnormalised decay, g(t)",0.0681698523441805,0.0531288732281867,0.0673154325325056,0.0849165566737472
"RS","Unnormalised decay, g(t)",0.0716000284108672,0.0507115222359712,0.0642963716172746,0.081176668994761
"RS","Unnormalised decay, g(t)",0.0752028043504282,0.0483984823559944,0.0614037271033213,0.077587431237595
"RS","Unnormalised decay, g(t)",0.0789868650570315,0.0461857551787081,0.0586329928151358,0.0741439888777833
"RS","Unnormalised decay, g(t)",0.0829613324320421,0.0440694502694643,0.0559797529324292,0.0708415366342449
"RS","Unnormalised decay, g(t)",0.0871357873733857,0.0420457865715059,0.0534396870057479,0.0676753287580164
"RS","Unnormalised decay, g(t)",0.0915202928713737,0.0401110932789621,0.0510085741421729,0.0646406881564407
"RS","Unnormalised decay, g(t)",0.0961254182666664,0.0382618102305158,0.0486822964239882,0.0617330144173747
"RS","Unnormalised decay, g(t)",0.10096226472885,0.03649448787176,0.0464568416215149,0.0589477907994497
"RS","Unnormalised decay, g(t)",0.106042492017049,0.0348057868312382,0.0443283052588504,0.0562805902544207
"RS","Unnormalised decay, g(t)",0.111378346587075,0.033192477152498,0.0422928920890309,0.0537270805471172
"RS","Unnormalised decay, g(t)",0.116982691112881,0.0316514372215665,0.0403469229203866,0.0512830285378718
"RS","Unnormalised decay, g(t)",0.122869035493474,0.0301796524265422,0.0384868504480653,0.0489443036903379
"RS","Unnormalised decay, g(t)",0.129051569420036,0.0287742135833373,0.0367091762191336,0.0467068808662594
"RS","Unnormalised decay, g(t)",0.135545196581761,0.0274323151589923,0.0350105187779264,0.0445668424661619
"RS","Unnormalised decay, g(t)",0.142365570592866,0.0261512533214806,0.033387658315851,0.0425203799727741
"RS","Unnormalised decay, g(t)",0.149529132727375,0.0249284238426306,0.0318374644406491,0.0405637900058506
"RS","Unnormalised decay, g(t)",0.15705315155265,0.0237613198783671,0.0303569063039429,0.0386934878255614
"RS","Unnormalised decay, g(t)",0.164955764557203,0.0226475296485261,0.0289430370806398,0.0369059983631846
"RS","Unnormalised decay, g(t)",0.17325602187314,0.0215847340362898,0.0275930658385799,0.0351979547479143
"RS","Unnormalised decay, g(t)",0.181973932198632,0.0205707041255329,0.0263042756877918,0.033566099748084
"RS","Unnormalised decay, g(t)",0.191130511031121,0.0196032986924724,0.0250740496216503,0.032007284771053
"RS","Unnormalised decay, g(t)",0.200747831327525,0.0186804616664531,0.0238998530760565,0.0305184685863024
"RS","Unnormalised decay, g(t)",0.210849076713569,0.0178002195730633,0.0227791781597095,0.029096715806447
"RS","Unnormalised decay, g(t)",0.221458597370505,0.0169606789714045,0.021709816541407,0.0277391951581899
"RS","Unnormalised decay, g(t)",0.232601968733948,0.0161600238959775,0.0206895944524999,0.0264431775728132
"RS","Unnormalised decay, g(t)",0.244306053146322,0.0153965133124284,0.0197162693200335,0.0252060341233133
"RS","Unnormalised decay, g(t)",0.25659906461154,0.0146684785952773,0.0187877741883624,0.0240252338330618
"RS","Unnormalised decay, g(t)",0.269510636808012,0.0139743210347126,0.0179021734549336,0.0228983413786536
"RS","Unnormalised decay, g(t)",0.283071894523941,0.0133125093785875,0.017057561904863,0.021823014707573
"RS","Unnormalised decay, g(t)",0.297315528687109,0.0126815774148962,0.0162520625373711,0.0207970025893637
"RS","Unnormalised decay, g(t)",0.312275875170005,0.0120801215992166,0.0154839249334434,0.0198181421171891
"RS","Unnormalised decay, g(t)",0.327988997560291,0.0115067987308997,0.0147514714022845,0.0188843561749627
"RS","Unnormalised decay, g(t)",0.344492774096106,0.0109603236811324,0.0140530557681588,0.0179936508836665
"RS","Unnormalised decay, g(t)",0.361826988975799,0.0104394671754217,0.0133871536469722,0.0171441130389981
"RS","Unnormalised decay, g(t)",0.380033428262183,0.00994305363253279,0.0127523169315916,0.0163339075511439
"RS","Unnormalised decay, g(t)",0.399155980612512,0.00946995906142027,0.0121471341213827,0.0155612748962171
"RS","Unnormalised decay, g(t)",0.419240743076997,0.00901910901730081,0.0115702543567595,0.0148245285877545
"RS","Unnormalised decay, g(t)",0.440336132220897,0.00858947661761501,0.0110203851403896,0.0141220526756028
"RS","Unnormalised decay, g(t)",0.462493000838061,0.00818008061831012,0.0104962901125287,0.013452299278563
"RS","Unnormalised decay, g(t)",0.485764760537277,0.00778998355057343,0.00999678688256515,0.0128137861562771
"RS","Unnormalised decay, g(t)",0.510207510496923,0.00741828991788826,0.00952074491839661,0.0122051235806069
"RS","Unnormalised decay, g(t)",0.535880172698306,0.00706414445306098,0.00906708349481346,0.0116249834613073
"RS","Unnormalised decay, g(t)",0.562844633963691,0.00672673043466476,0.00863473425597902,0.0110720030713769
"RS","Unnormalised decay, g(t)",0.591165895141398,0.00640526806217917,0.00822270781749247,0.0105449395624099
"RS","Unnormalised decay, g(t)",0.620912227797619,0.00609901288895507,0.00783010238652926,0.01004260430756
"RS","Unnormalised decay, g(t)",0.652155338792655,0.00580725431201103,0.00745601699867462,0.00956386078403968
"RS","Unnormalised decay, g(t)",0.684970543138327,0.00552931411756033,0.0070995911470228,0.00910762251451214
"RS","Unnormalised decay, g(t)",0.719436945553221,0.00526454508108037,0.00676000309077438,0.00867285106822642
"RS","Unnormalised decay, g(t)",0.755637631153466,0.00501232962066493,0.00643646822263455,0.00825855412239526
"RS","Unnormalised decay, g(t)",0.793659865738689,0.00477207850234156,0.0061282374941611,0.00786378358402042
"RS","Unnormalised decay, g(t)",0.83359530615598,0.00454322959599028,0.00583459589808273,0.00748763377209615
"RS","Unnormalised decay, g(t)",0.875540221248974,0.00432524901706276,0.00555491462827266,0.00712923965989102
"RS","Unnormalised decay, g(t)",0.919595723924655,0.00411762376693869,0.0052884651302069,0.0067877751768036
"RS","Unnormalised decay, g(t)",0.965868014897323,0.00391986510118547,0.00503457978209335,0.00646245156910617
"RS","Unnormalised decay, g(t)",1.01446863869729,0.00373150783385383,0.00479271090367823,0.00615251581874495
"RS","Unnormalised decay, g(t)",1.06551475256145,0.00355208024115195,0.00456243038361573,0.00585724911922738
"RS","Unnormalised decay, g(t)",1.11912940885386,0.00338114671576064,0.00434300353969562,0.00557596540752358
"RS","Unnormalised decay, g(t)",1.17544185169728,0.00321834804016651,0.00413401243491348,0.00530800995081169
"RS","Unnormalised decay, g(t)",1.23458782853051,0.00306329958620288,0.00393497727616502,0.00505275798682472
"RS","Unnormalised decay, g(t)",1.29670991734283,0.00291563468203079,0.00374538978787083,0.00480961341649387
"RS","Unnormalised decay, g(t)",1.36195787037414,0.00277500379555588,0.0035648839170066,0.00457800754753551
"RS","Unnormalised decay, g(t)",1.4304889751095,0.00264107375295096,0.00339285346900418,0.00435741515849955
"RS","Unnormalised decay, g(t)",1.50246843343818,0.00251352699096943,0.0032289921881888,0.00414729949942838
"RS","Unnormalised decay, g(t)",1.57806975989127,0.00239206084176544,0.00307298280996164,0.00394713191979726
"RS","Unnormalised decay, g(t)",1.65747519991792,0.00227641684702351,0.0029244258988774,0.00375650771891431
"RS","Unnormalised decay, g(t)",1.74087616920828,0.00216637869307656,0.00278293958444341,0.00357494894322031
"RS","Unnormalised decay, g(t)",1.82847371512247,0.00206159010068495,0.00264826577836092,0.00340202764681294
"RS","Unnormalised decay, g(t)",1.92047900133774,0.00196180170376569,0.00251994738918082,0.00323739052714718
"RS","Unnormalised decay, g(t)",2.01711381688205,0.00186670429026588,0.00239782177625404,0.00308054689267447
"RS","Unnormalised decay, g(t)",2.11861111078139,0.00177606191954983,0.00228144158262562,0.00293108799968739
"RS","Unnormalised decay, g(t)",2.2252155536094,0.00168974742485708,0.00217068084509452,0.00278882400302921
"RS","Unnormalised decay, g(t)",2.33718412729315,0.00160755493291833,0.00206530839785828,0.00265333901696276
"RS","Unnormalised decay, g(t)",2.45478674459683,0.00152928830217719,0.00196469356662574,0.00252431185398396
"RS","Unnormalised decay, g(t)",2.57830689977661,0.00145476066903287,0.00186886375651376,0.00240143108363414
"RS","Unnormalised decay, g(t)",2.70804235197525,0.0013837940146781,0.00177762867045879,0.002284409364107
"RS","Unnormalised decay, g(t)",2.8443058430038,0.00131621875165193,0.00169099128633717,0.00217296985513447
"RS","Unnormalised decay, g(t)",2.98742585124072,0.00125187332925945,0.00160849323858698,0.00206684758260815
"RS","Unnormalised decay, g(t)",3.13774738346569,0.00119061604616578,0.00152974985189883,0.0019657900490661
"RS","Unnormalised decay, g(t)",3.29563280653705,0.00113237281310291,0.00145483871485588,0.00186955665672447
"RS","Unnormalised decay, g(t)",3.4614627209176,0.00107691496453605,0.00138346907063834,0.00177791815625622
"RS","Unnormalised decay, g(t)",3.63563687815462,0.00102411269710263,0.00131563469517193,0.00169065543253158
"RS","Unnormalised decay, g(t)",3.8185751445256,0.000973880572818412,0.0012508878659186,0.00160752476789733
"RS","Unnormalised decay, g(t)",4.01071851317284,0.000926094718210266,0.00118925050038046,0.00152823395601585
"RS","Unnormalised decay, g(t)",4.21253016716679,0.000880377850076126,0.00113057876707444,0.00145305066245789
"RS","Unnormalised decay, g(t)",4.42449659606056,0.000836975785802823,0.00107476921789535,0.00138105890742337
"RS","Unnormalised decay, g(t)",4.64712876862737,0.000795621556722399,0.0010216099434543,0.00131245272924057
"RS","Unnormalised decay, g(t)",4.88096336460794,0.000756222260299148,0.000970993898394297,0.00124718692975445
"RS","Unnormalised decay, g(t)",5.12656406843699,0.00071866059507759,0.000922823480001269,0.00118512759926557
"RS","Unnormalised decay, g(t)",5.38452292806754,0.000683057756961582,0.000876984172244538,0.00112624962305311
"RS","Unnormalised decay, g(t)",5.65546178216878,0.000649119619866713,0.000833315204576438,0.00107015404939545
"RS","Unnormalised decay, g(t)",5.94003375913761,0.000616644384645857,0.000791713177907325,0.00101654233491794
"RS","Unnormalised decay, g(t)",6.2389248515377,0.000585726629559522,0.000752164171385241,0.000965497592126907
"RS","Unnormalised decay, g(t)",6.55285556976123,0.000556291313727147,0.000714489895204993,0.000916941775958449
"RS","Unnormalised decay, g(t)",6.8825826788998,0.000528266970452142,0.000678593260482359,0.000870648894105529
"RS","Unnormalised decay, g(t)",7.22890102301119,0.000501586275680251,0.000644404093560542,0.000826808129740831
"RS","Unnormalised decay, g(t)",7.59264544117988,0.000476196228430474,0.000611924003377592,0.000785267593812926
"RS","Unnormalised decay, g(t)",7.97469277999,0.000452087010800484,0.000580910506156888,0.000745532727241568
"RS","Unnormalised decay, g(t)",8.37596400726201,0.000429134349798132,0.000551422535383184,0.000707384319474697
"RS","Unnormalised decay, g(t)",8.79742643214859,0.000407283070812964,0.000523296348022062,0.000671066758003282
"RS","Unnormalised decay, g(t)",9.24009603694156,0.000386486341705541,0.000496578643719167,0.000636577442329338
"RS","Unnormalised decay, g(t)",9.70503992621065,0.000366743390654617,0.00047111098398378,0.000603793484494608
"RS","Unnormalised decay, g(t)",10.1933788991785,0.000347889193097401,0.000446843751193369,0.000572655064437789
"RS","Unnormalised decay, g(t)",10.7062901515324,0.000329910924609132,0.000423773334149909,0.00054310812681953
"RS","Unnormalised decay, g(t)",11.245010113186,0.000312809988933261,0.000401754899288411,0.000514945018121597
"RS","Unnormalised decay, g(t)",11.8108374288321,0.000296578661643132,0.000380866524409193,0.000488256416901017
"RS","Unnormalised decay, g(t)",12.4051360884707,0.000281067541524345,0.000360956508217985,0.00046279323555028
"RS","Unnormalised decay, g(t)",13.0293387154593,0.000266333039329625,0.000341992249662523,0.000438313737770057
"RS","Unnormalised decay, g(t)",13.6849500200118,0.000252309950726071,0.000323983320153618,0.000415206603678101
"RS","Unnormalised decay, g(t)",14.3735504264708,0.000238985341398463,0.000306793950249508,0.000393305833625947
"RS","Unnormalised decay, g(t)",15.0967998830966,0.000226363406795056,0.0002904319923753,0.000372397258748651
"RS","Unnormalised decay, g(t)",15.8564418635589,0.000214346477155378,0.000274915656518665,0.000352524439168235
"RS","Unnormalised decay, g(t)",16.6543075697743,0.000202911311716588,0.000260102254837114,0.000333503140873827
"RS","Unnormalised decay, g(t)",17.4923203462235,0.000191901848052406,0.000245996231696712,0.000315427113043708
"RS","Unnormalised decay, g(t)",18.3725003163882,0.00018139020684224,0.000232598795007613,0.000298337386869929
"RS","Unnormalised decay, g(t)",19.2969692524845,0.000171559710245033,0.000219867657015807,0.000282070407967664
"RS","Unnormalised decay, g(t)",20.2679556902322,0.000161987474960259,0.000207726837207334,0.000266490982654464
"RS","Unnormalised decay, g(t)",21.287800300989,0.000152964521014566,0.000196180656672101,0.000251547268267428
"RS","Unnormalised decay, g(t)",22.3589615342008,0.000144426292705595,0.000185223658495391,0.000237393000289324
"RS","Unnormalised decay, g(t)",23.4840215437686,0.000136317486440773,0.000174782215103942,0.00022392121834705
"RS","Unnormalised decay, g(t)",24.6656924126196,0.000128618997884153,0.000164840745065806,0.000211115557990393
"RS","Unnormalised decay, g(t)",25.9068226904857,0.000121293182203466,0.000155371025315147,0.000199096531330771
"RS","Unnormalised decay, g(t)",27.2104042606515,0.000114260595216434,0.000146406834769278,0.000187523671633424
"RS","Unnormalised decay, g(t)",28.5795795522234,0.000107712400661158,0.00013786058582489,0.000176567388721427
"RS","Unnormalised decay, g(t)",30.0176491153061,0.000101385145708496,0.000129747281930958,0.000166180175746362
"RS","Unnormalised decay, g(t)",31.5280795773476,9.53499484605035e-05,0.000122034107501204,0.000156316260509151
"RS","Unnormalised decay, g(t)",33.1145119998324,8.95986862772752e-05,0.00011470861247346,0.000146988944158287
"RS","Unnormalised decay, g(t)",34.7807706554672,8.42204299038333e-05,0.00010774802012471,0.000137981568164486
"RS","Unnormalised decay, g(t)",36.5308722470174,7.90715206547696e-05,0.000101118392922504,0.000129471392826703
"RS","Unnormalised decay, g(t)",38.3690355900191,7.41212052850129e-05,9.48335882736268e-05,0.00012135705617424
"RS","Unnormalised decay, g(t)",40.2996917827044,6.94889170994252e-05,8.8874297627691e-05,0.000113707317181594
"RS","Unnormalised decay, g(t)",42.3274948876598,6.50582358489125e-05,8.32360115936494e-05,0.000106317204246431
"RS","Unnormalised decay, g(t)",44.4573331509643,6.08883926274608e-05,7.78619139812461e-05,9.94513275790735e-05
"RS","Unnormalised decay, g(t)",46.6943407858529,5.68878691432776e-05,7.27662179054822e-05,9.29495109363142e-05
"RS","Unnormalised decay, g(t)",49.0439103493112,5.31369179038959e-05,6.79144936323454e-05,8.6794336598822e-05
"RS","Unnormalised decay, g(t)",51.5117057414381,4.96085313374666e-05,6.33192331999835e-05,8.08565260829027e-05
"RS","Unnormalised decay, g(t)",54.1036758589086,4.61962686303615e-05,5.89839408470401e-05,7.5305740378651e-05
"RS","Unnormalised decay, g(t)",56.8260689354551,4.29704109836495e-05,5.48657438162667e-05,7.00410414987068e-05
"RS","Unnormalised decay, g(t)",59.6854476039337,3.99243091923794e-05,5.0981115030941e-05,6.50547052162889e-05
"RS","Unnormalised decay, g(t)",62.6887047162836,3.70741254893456e-05,4.73113603519586e-05,6.03355599914137e-05
"RS","Unnormalised decay, g(t)",65.8430799595172,3.43639722231137e-05,4.38289276715048e-05,5.58939952042972e-05
"RS","Unnormalised decay, g(t)",69.1561773077962,3.17572990581846e-05,4.05348474847064e-05,5.16849908590268e-05
"RS","Unnormalised decay, g(t)",72.6359833526599,2.93320836305256e-05,3.74286091979505e-05,4.76507893581083e-05
"RS","Unnormalised decay, g(t)",76.2908865555977,2.70409424939932e-05,3.44964281684171e-05,4.39413421113014e-05
"RS","Unnormalised decay, g(t)",80.1296974693735,2.48625045040263e-05,3.17556198783434e-05,4.04236178430157e-05
"RS","Unnormalised decay, g(t)",84.1616699768472,2.28269243397262e-05,2.91725781777588e-05,3.71285093489817e-05
"RS","Unnormalised decay, g(t)",88.3965235984953,2.09029714235484e-05,2.67327069836295e-05,3.40417048327307e-05
"RS","Unnormalised decay, g(t)",92.8444669224,1.91124800079253e-05,2.44416464422221e-05,3.11386480149402e-05
"RS","Unnormalised decay, g(t)",97.5162222131928,1.74078106900271e-05,2.22875135428607e-05,2.84142807384711e-05
"RS","Unnormalised decay, g(t)",102.423051259273,1.5803987718799e-05,2.02818258284975e-05,2.58791654926499e-05
"RS","Unnormalised decay, g(t)",107.576782520605,1.43281521282464e-05,1.83963839802216e-05,2.34958608695903e-05
"RS","Unnormalised decay, g(t)",112.989839642545,1.29463911107894e-05,1.66355260676367e-05,2.12674796166177e-05
"RS","Unnormalised decay, g(t)",118.675271404431,1.16317848317907e-05,1.5000706254566e-05,1.92108653400032e-05
"RS","Unnormalised decay, g(t)",124.646783175114,1.04311331043238e-05,1.34840976471257e-05,1.73147741432665e-05
"RS","Unnormalised decay, g(t)",130.918769951293,9.3013929531035e-06,1.20711456582129e-05,1.55559752546979e-05
"RS","Unnormalised decay, g(t)",137.506351058256,8.26932950449703e-06,1.07770792252541e-05,1.3929570826661e-05
"RS","Unnormalised decay, g(t)",144.425406596708,7.32028315656364e-06,9.58091879390997e-06,1.24318374682462e-05
"RS","Unnormalised decay, g(t)",151.692615723526,6.44404802611285e-06,8.48375705482506e-06,1.10430714903361e-05
"RS","Unnormalised decay, g(t)",159.325496858736,5.65107638683648e-06,7.47364668825713e-06,9.7648624681002e-06
"RS","Unnormalised decay, g(t)",167.342449915617,4.92931659794941e-06,6.55364638259161e-06,8.60692134095066e-06
"RS","Unnormalised decay, g(t)",175.762800655753,4.2736551582917e-06,5.71629860863992e-06,7.54400165804602e-06
"RS","Unnormalised decay, g(t)",184.60684727594,3.68425190234287e-06,4.96000469920926e-06,6.58870903602812e-06
"RS","Unnormalised decay, g(t)",193.895909339259,3.14706241363886e-06,4.27863491407096e-06,5.7342438502087e-06
"RS","Unnormalised decay, g(t)",203.652379168268,2.67275220874588e-06,3.66810682782479e-06,4.95620053667715e-06
"RS","Unnormalised decay, g(t)",213.899775824195,2.25419239601728e-06,3.12243474375179e-06,4.26303853499017e-06
"RS","Unnormalised decay, g(t)",224.662801802268,1.87986266440231e-06,2.64137242520084e-06,3.63648799530252e-06
"RS","Unnormalised decay, g(t)",235.967402579838,1.55425891811624e-06,2.21649950038301e-06,3.09424700328865e-06
"RS","Unnormalised decay, g(t)",247.840829160858,1.27495650463342e-06,1.84580228968441e-06,2.6116293109377e-06
"RS","Unnormalised decay, g(t)",260.311703767468,1.0379937186228e-06,1.52422308433018e-06,2.18068126231931e-06
"RS","Unnormalised decay, g(t)",273.410088837064,8.35932895475493e-07,1.24851863337282e-06,1.81292382787731e-06
"RS","Unnormalised decay, g(t)",287.167559491166,6.64675100311126e-07,1.01311523758537e-06,1.49290025868979e-06
"RS","Unnormalised decay, g(t)",301.617279650778,5.22390957184348e-07,8.14521779141645e-07,1.2218703138154e-06
"RS","Unnormalised decay, g(t)",316.794081981721,4.06572411277649e-07,6.4812161400787e-07,9.90573044894302e-07
"RS","Unnormalised decay, g(t)",332.734551862678,3.12338918411568e-07,5.10131362433719e-07,7.95498031066432e-07
"RS","Unnormalised decay, g(t)",349.477115578331,2.36892535853501e-07,3.9661663144586e-07,6.32686556238697e-07
"RS","Unnormalised decay, g(t)",367.062132950219,1.77034533029064e-07,3.04585503530689e-07,4.97365941018846e-07
"RS","Unnormalised decay, g(t)",385.531994628602,1.30000586073698e-07,2.31092971604903e-07,3.8723591286103e-07
"RS","Unnormalised decay, g(t)",404.931224279859,9.38886696739468e-08,1.72779781553937e-07,2.97360728918788e-07
"RS","Unnormalised decay, g(t)",425.306585915763,6.68834322411998e-08,1.27176403698903e-07,2.25202711343225e-07
"RS","Unnormalised decay, g(t)",446.707196623364,4.68840979071991e-08,9.23183388558696e-08,1.68090081897299e-07
"RS","Unnormalised decay, g(t)",469.184644967214,3.21766528439645e-08,6.59523698965768e-08,1.23792623043831e-07
"RS","Unnormalised decay, g(t)",492.793115349368,2.16951551811701e-08,4.63537770416108e-08,8.98590959217481e-08
"RS","Unnormalised decay, g(t)",517.589518626948,1.4366725658113e-08,3.20061419881407e-08,6.45283448892768e-08
"RS","Unnormalised decay, g(t)",543.633629302121,9.27554536852867e-09,2.16848008153033e-08,4.53255523950175e-08
"RS","Unnormalised decay, g(t)",570.988229615221,5.86438451632397e-09,1.44138964079948e-08,3.13188305258338e-08
"RS","Unnormalised decay, g(t)",599.71926088836,3.61967352092229e-09,9.37197013157721e-09,2.12585516286907e-08
"RS","Unnormalised decay, g(t)",629.895982484354,2.1898820541803e-09,5.97013865013905e-09,1.4166061974438e-08
"RS","Unnormalised decay, g(t)",661.591138764156,1.2938633465421e-09,3.71644899412371e-09,9.23052154073857e-09
"RS","Unnormalised decay, g(t)",694.881134445283,7.39858898708825e-10,2.25962163889191e-09,5.89366862641202e-09
"RS","Unnormalised decay, g(t)",729.846218783914,4.1238618043773e-10,1.33963281764088e-09,3.68712962583482e-09
"RS","Unnormalised decay, g(t)",766.570679024703,2.23403136005372e-10,7.73111473151391e-10,2.25523130830882e-09
"RS","Unnormalised decay, g(t)",805.143043584603,1.1718291664616e-10,4.34672970291945e-10,1.34404297922672e-09
"RS","Unnormalised decay, g(t)",845.656295460511,5.95000743313392e-11,2.3700788898548e-10,7.82185180278854e-10
"RS","Unnormalised decay, g(t)",888.208096375173,2.92797207270429e-11,1.25362401994859e-10,4.42427617432967e-10
"RS","Unnormalised decay, g(t)",932.901022201696,1.38437305620669e-11,6.4194314871653e-11,2.43297167407085e-10
"RS","Unnormalised decay, g(t)",979.842810234145,6.31650850139719e-12,3.17966097209249e-11,1.2990717306724e-10
"RS","Unnormalised decay, g(t)",1029.14661890034,2.7613937549277e-12,1.51871723330126e-11,6.70484057880767e-11
"RS","Unnormalised decay, g(t)",1080.93130054289,1.15353397927383e-12,7.00607096872557e-12,3.34583755855221e-11
"RS","Unnormalised decay, g(t)",1135.32168792608,4.63558963777559e-13,3.10581878124562e-12,1.61756546790699e-11
"RS","Unnormalised decay, g(t)",1192.44889515916,1.78208632206841e-13,1.32091291994699e-12,7.51504032709132e-12
"RS","Unnormalised decay, g(t)",1252.45063376159,6.50172446633605e-14,5.38404328842732e-13,3.37488142512119e-12
"RS","Unnormalised decay, g(t)",1315.47154463206,2.26457163428579e-14,2.09555687934396e-13,1.45229644015468e-12
"RS","Unnormalised decay, g(t)",1381.66354672152,7.4874285394622e-15,7.7832703696801e-14,5.9692317536835e-13
"RS","Unnormalised decay, g(t)",1451.18620325082,2.33780657585138e-15,2.74883201274936e-14,2.35841830695673e-13
"RS","Unnormalised decay, g(t)",1524.20710635568,6.88731483425957e-16,9.22605812274484e-15,8.87642682579239e-14
"RS","Unnormalised decay, g(t)",1600.90228108626,1.90340769439003e-16,2.93486204318278e-15,3.18806535165728e-14
"RS","Unnormalised decay, g(t)",1681.45660973525,4.92140501336935e-17,8.81530153864235e-16,1.08362134258014e-14
"RS","Unnormalised decay, g(t)",1766.06427751727,1.19101277027083e-17,2.49142838700596e-16,3.48592885363916e-15
"RS","Unnormalised decay, g(t)",1854.92924067407,2.6934076215288e-18,6.59745152643063e-17,1.06209905220662e-15
"RS","Unnormalised decay, g(t)",1948.26571813383,5.60368156573887e-19,1.63303902085757e-17,3.0494610897613e-16
"RS","Unnormalised decay, g(t)",2046.29870790983,1.08644597820353e-19,3.76711429008911e-18,8.28155269620974e-17
"RS","Unnormalised decay, g(t)",2149.26452948336,1.94784398222821e-20,8.09217264693039e-19,2.10261200253525e-17
"RS","Unnormalised decay, g(t)",2257.41139347817,3.18968029676322e-21,1.60653551588785e-19,4.94291790363976e-18
"RS","Unnormalised decay, g(t)",2371,4.77793020266972e-22,2.93560240559273e-20,1.07834845483753e-18
"RS","Window-normalised decay, h(t)",0,17.0866179893887,21.33782279592,26.6775599279422
"RS","Window-normalised decay, h(t)",0.001,14.747349922204,17.739206373523,21.1430855210175
"RS","Window-normalised decay, h(t)",0.00105031807974833,14.6484982979881,17.5897734262816,20.9233632533136
"RS","Window-normalised decay, h(t)",0.00110316806864623,14.5447692219327,17.4350260891132,20.6993183255742
"RS","Window-normalised decay, h(t)",0.00115867736750019,14.4362265733162,17.2756656075538,20.4701583232745
"RS","Window-normalised decay, h(t)",0.00121697978768065,14.3239529734544,17.1108265538319,20.2371460919245
"RS","Window-normalised decay, h(t)",0.00127821587368928,14.2078950230382,16.941169366387,19.9980533049009
"RS","Window-normalised decay, h(t)",0.00134253324195716,14.0880050873817,16.766788229904,19.7519790727647
"RS","Window-normalised decay, h(t)",0.00141008693669075,13.9643929488533,16.5880164560131,19.5007846766717
"RS","Window-normalised decay, h(t)",0.00148103980362324,13.8379198516342,16.4040895373577,19.2437391033062
"RS","Window-normalised decay, h(t)",0.00155556288257241,13.7075261867293,16.2154205351818,18.9809427820364
"RS","Window-normalised decay, h(t)",0.00163383581975124,13.5717499312328,16.0216994343059,18.7101036880424
"RS","Window-normalised decay, h(t)",0.00171604730082517,13.4316689540764,15.8230019330095,18.4321480422588
"RS","Window-normalised decay, h(t)",0.00180239550576001,13.2876276447964,15.6197995458729,18.1458742386817
"RS","Window-normalised decay, h(t)",0.00189308858655688,13.1412571467124,15.4130719479096,17.8557124286511
"RS","Window-normalised decay, h(t)",0.00198834516902591,12.9920285419665,15.1999391505074,17.5640397859535
"RS","Window-normalised decay, h(t)",0.00208839487980817,12.8389261502201,14.9826317753037,17.2685856112757
"RS","Window-normalised decay, h(t)",0.00219347889991637,12.681957519822,14.7615269055309,16.9671811735119
"RS","Window-normalised decay, h(t)",0.00230385054612865,12.5211706046189,14.5363831988043,16.6620374913321
"RS","Window-normalised decay, h(t)",0.002419775881637,12.3549932317764,14.3065391790573,16.3506909944618
"RS","Window-normalised decay, h(t)",0.00254153435742231,12.1838652443224,14.073529462841,16.0374531085169
"RS","Window-normalised decay, h(t)",0.00266941948590221,12.0117460731657,13.8363576380415,15.7203847974783
"RS","Window-normalised decay, h(t)",0.0028037395484756,11.836116333647,13.5961950952505,15.4022437645769
"RS","Window-normalised decay, h(t)",0.00294481833866936,11.6570758661117,13.3535291455102,15.0773117960175
"RS","Window-normalised decay, h(t)",0.00309299594267888,11.4744897696166,13.1064023991222,14.7532922853706
"RS","Window-normalised decay, h(t)",0.00324862955918387,11.2890775507743,12.8570524373218,14.4306379918963
"RS","Window-normalised decay, h(t)",0.00341209436041568,11.1000916705071,12.6049450430684,14.1064004528258
"RS","Window-normalised decay, h(t)",0.00358378439655192,10.9059793654414,12.3510056553222,13.7815182511776
"RS","Window-normalised decay, h(t)",0.00376411354561846,10.7093412646577,12.0942762964371,13.4558711089367
"RS","Window-normalised decay, h(t)",0.00395351651118867,10.5121738341381,11.8354013344228,13.1266742540201
"RS","Window-normalised decay, h(t)",0.00415244987028502,10.3145137685065,11.5760500527107,12.8017392167267
"RS","Window-normalised decay, h(t)",0.00436139317400899,10.1141459457505,11.3157060438181,12.4736531874335
"RS","Window-normalised decay, h(t)",0.00458085010355261,9.91049117427947,11.0545402589874,12.146583598747
"RS","Window-normalised decay, h(t)",0.00481134968437834,9.70478569393684,10.7918243377779,11.8219231970685
"RS","Window-normalised decay, h(t)",0.00505344756149402,9.49687604754615,10.5298399714634,11.5021981012555
"RS","Window-normalised decay, h(t)",0.0053077273388973,9.28772137279538,10.2680556242483,11.1830377684205
"RS","Window-normalised decay, h(t)",0.00557480198641835,9.07921793479035,10.0070373274776,10.865984338755
"RS","Window-normalised decay, h(t)",0.00585531531735212,8.86935889932537,9.74745100050931,10.550557965768
"RS","Window-normalised decay, h(t)",0.00614994354044229,8.65835985576017,9.48738526492762,10.2399943298478
"RS","Window-normalised decay, h(t)",0.00645939688995802,8.44905475532502,9.22918096943267,9.92985473663199
"RS","Window-normalised decay, h(t)",0.00678442133779308,8.24041106427983,8.9726493135349,9.6246710323233
"RS","Window-normalised decay, h(t)",0.00712580039171445,8.03200365684899,8.71789450335156,9.32376283678863
"RS","Window-normalised decay, h(t)",0.00748435698409545,7.82348500031413,8.46567441251303,9.02937903275683
"RS","Window-normalised decay, h(t)",0.00786095545568617,7.61665298570724,8.21608216001643,8.73957902281874
"RS","Window-normalised decay, h(t)",0.00825650363920349,7.41071726027628,7.9688193323883,8.45368776053935
"RS","Window-normalised decay, h(t)",0.00867195504776335,7.20526823204271,7.72501368750116,8.174092518097
"RS","Window-normalised decay, h(t)",0.00910831117343068,7.00144986310056,7.48518683081561,7.89761661212438
"RS","Window-normalised decay, h(t)",0.00956662390142801,6.79927666945167,7.24846541750229,7.62664537869729
"RS","Window-normalised decay, h(t)",0.0100479980458224,6.59880639071925,7.01535546947391,7.36306016555278
"RS","Window-normalised decay, h(t)",0.0105535940128032,6.40029454663311,6.78609472171204,7.10507393142462
"RS","Window-normalised decay, h(t)",0.011084630597971,6.20487772044604,6.56076625340981,6.85174973111447
"RS","Window-normalised decay, h(t)",0.0116423879243805,6.0125348441876,6.33946262491609,6.60560487946038
"RS","Window-normalised decay, h(t)",0.0122282105284205,5.82340343982296,6.12281641767391,6.36505459507757
"RS","Window-normalised decay, h(t)",0.012843510600969,5.63637949549058,5.91098538507167,6.13048704706581
"RS","Window-normalised decay, h(t)",0.0134897713916372,5.45229811349821,5.7033249957694,5.90247274852747
"RS","Window-normalised decay, h(t)",0.0141685507843084,5.27147724279216,5.50026951890105,5.68008598466714
"RS","Window-normalised decay, h(t)",0.0148814850525915,5.09358309907376,5.30170724515073,5.46494905887083
"RS","Window-normalised decay, h(t)",0.0156302928042415,4.91903297819429,5.10830440662496,5.25574826873786
"RS","Window-normalised decay, h(t)",0.0164167791240551,4.74941087778422,4.91962447126406,5.05259734511424
"RS","Window-normalised decay, h(t)",0.0172428399252301,4.58274415738888,4.73629486122545,4.85612128415922
"RS","Window-normalised decay, h(t)",0.0181104665196756,4.419896113518,4.55788607590813,4.66571587294392
"RS","Window-normalised decay, h(t)",0.0190217504182922,4.25955407393708,4.38406723503555,4.4810130154359
"RS","Window-normalised decay, h(t)",0.0199788883727927,4.10407689930804,4.21567182258571,4.30227604782654
"RS","Window-normalised decay, h(t)",0.020984187671218,3.95189737386882,4.05203117730325,4.12907955276286
"RS","Window-normalised decay, h(t)",0.0220400716999123,3.8041766217389,3.8931179963551,3.96199646346832
"RS","Window-normalised decay, h(t)",0.0231490857853676,3.6601496456096,3.73910816313193,3.80097411679221
"RS","Window-normalised decay, h(t)",0.0243139033300167,3.52005134959574,3.58973200169694,3.64566388623377
"RS","Window-normalised decay, h(t)",0.0255373322567698,3.38349424451391,3.44540591601295,3.49638022571096
"RS","Window-normalised decay, h(t)",0.0268223217778257,3.2503481298507,3.30578782680954,3.35174024504053
"RS","Window-normalised decay, h(t)",0.0281719695040778,3.12161133487967,3.17095814322254,3.21300777314859
"RS","Window-normalised decay, h(t)",0.0295895289122516,2.99692507980468,3.04049628997832,3.0793147288137
"RS","Window-normalised decay, h(t)",0.031078417187774,2.87581036620131,2.91470840981021,2.95053015212294
"RS","Window-normalised decay, h(t)",0.0326422234622804,2.75790125857532,2.79318541680243,2.82686697924953
"RS","Window-normalised decay, h(t)",0.0342847174656184,2.64383176957507,2.67607722844829,2.708062842025
"RS","Window-normalised decay, h(t)",0.0360098586132025,2.53337585070545,2.56323147722487,2.59357333629356
"RS","Window-normalised decay, h(t)",0.0378218055506278,2.42614638888694,2.45450777338865,2.48369568976454
"RS","Window-normalised decay, h(t)",0.0397249261785503,2.32257686063764,2.34987720979167,2.37821466319491
"RS","Window-normalised decay, h(t)",0.0417238081819993,2.22242259684505,2.24923159634127,2.27650488989776
"RS","Window-normalised decay, h(t)",0.0438232700895054,2.12591444021761,2.15242805350609,2.17898116461379
"RS","Window-normalised decay, h(t)",0.0460283728887019,2.03305639663875,2.05928648959962,2.08530584686618
"RS","Window-normalised decay, h(t)",0.0483444322264017,1.94381831638192,1.96985716693239,1.99538296282899
"RS","Window-normalised decay, h(t)",0.0507770312225578,1.85791053471628,1.88393865580426,1.90908790188356
"RS","Window-normalised decay, h(t)",0.0533320339289981,1.77541296837717,1.80137846032996,1.82614658476287
"RS","Window-normalised decay, h(t)",0.0560155994653783,1.69629941142847,1.7220984221991,1.74675771438707
"RS","Window-normalised decay, h(t)",0.058834196866428,1.62022239372615,1.6459911965822,1.6704217341945
"RS","Window-normalised decay, h(t)",0.0617946206762821,1.54750732108574,1.57299425030604,1.59702644329066
"RS","Window-normalised decay, h(t)",0.0649040073274894,1.47781759740722,1.50295257439735,1.52674421328033
"RS","Window-normalised decay, h(t)",0.0681698523441805,1.41090514728692,1.43586501328277,1.45925438314798
"RS","Window-normalised decay, h(t)",0.0716000284108672,1.34686144866809,1.37143218195265,1.39451186596088
"RS","Window-normalised decay, h(t)",0.0752028043504282,1.285629254842,1.30977391216824,1.33245613724547
"RS","Window-normalised decay, h(t)",0.0789868650570315,1.2269389894591,1.25072498236662,1.27300710990378
"RS","Window-normalised decay, h(t)",0.0829613324320421,1.17085100715258,1.19411079279523,1.21605145429101
"RS","Window-normalised decay, h(t)",0.0871357873733857,1.11713161876993,1.13990916262948,1.16163848875192
"RS","Window-normalised decay, h(t)",0.0915202928713737,1.06578655196285,1.08808698402969,1.10941614360262
"RS","Window-normalised decay, h(t)",0.0961254182666664,1.01677724523879,1.03848462861098,1.05938590833159
"RS","Window-normalised decay, h(t)",0.10096226472885,0.969907212291801,0.991033387106722,1.01140372785207
"RS","Window-normalised decay, h(t)",0.106042492017049,0.925027524267674,0.945607937240012,0.96553676180643
"RS","Window-normalised decay, h(t)",0.111378346587075,0.882148504335349,0.902168152585181,0.92163866102093
"RS","Window-normalised decay, h(t)",0.116982691112881,0.841252892666774,0.860677956743339,0.879594874001988
"RS","Window-normalised decay, h(t)",0.122869035493474,0.802196460466634,0.821000405726036,0.839389409921406
"RS","Window-normalised decay, h(t)",0.129051569420036,0.764877234867227,0.783109534081621,0.800933524022235
"RS","Window-normalised decay, h(t)",0.135545196581761,0.7292213027239,0.746839176618599,0.764159297252183
"RS","Window-normalised decay, h(t)",0.142365570592866,0.695188914955489,0.712227817577004,0.728999449902112
"RS","Window-normalised decay, h(t)",0.149529132727375,0.662719523208745,0.67915467400996,0.695378254711808
"RS","Window-normalised decay, h(t)",0.15705315155265,0.631745773096384,0.647561965077013,0.663258434529411
"RS","Window-normalised decay, h(t)",0.164955764557203,0.602179298172236,0.617415160863883,0.632563504725463
"RS","Window-normalised decay, h(t)",0.17325602187314,0.573946628061581,0.588617497434975,0.603274876185841
"RS","Window-normalised decay, h(t)",0.181973932198632,0.547012985625251,0.561114492231523,0.575237400313304
"RS","Window-normalised decay, h(t)",0.191130511031121,0.521308058431543,0.534869933616158,0.548482285663586
"RS","Window-normalised decay, h(t)",0.200747831327525,0.49678202943975,0.509812429859714,0.522932204749689
"RS","Window-normalised decay, h(t)",0.210849076713569,0.473387835927666,0.485904512804792,0.498536834824699
"RS","Window-normalised decay, h(t)",0.221458597370505,0.451070162004959,0.463097804760965,0.475261926684915
"RS","Window-normalised decay, h(t)",0.232601968733948,0.429765236420952,0.441338036253598,0.453056829293657
"RS","Window-normalised decay, h(t)",0.244306053146322,0.40946959785341,0.420573031339888,0.431837182725356
"RS","Window-normalised decay, h(t)",0.25659906461154,0.390115956983286,0.400768745354562,0.411585765186261
"RS","Window-normalised decay, h(t)",0.269510636808012,0.371650411030767,0.381874078082433,0.392276162939217
"RS","Window-normalised decay, h(t)",0.283071894523941,0.354048395607497,0.363860980250086,0.373831144704239
"RS","Window-normalised decay, h(t)",0.297315528687109,0.337281025049708,0.346676336577688,0.356228812024685
"RS","Window-normalised decay, h(t)",0.312275875170005,0.321288689293785,0.330293207769179,0.339450940747424
"RS","Window-normalised decay, h(t)",0.327988997560291,0.306045418020688,0.314665979811922,0.323431511637589
"RS","Window-normalised decay, h(t)",0.344492774096106,0.291516703011051,0.299761600158251,0.308180881719447
"RS","Window-normalised decay, h(t)",0.361826988975799,0.277668534026522,0.285560304630694,0.293613049055326
"RS","Window-normalised decay, h(t)",0.380033428262183,0.264469794421314,0.27201776724134,0.279735015297381
"RS","Window-normalised decay, h(t)",0.399155980612512,0.251890661722658,0.259107218660211,0.266505369461224
"RS","Window-normalised decay, h(t)",0.419240743076997,0.239902429705206,0.246801922809251,0.25388575635431
"RS","Window-normalised decay, h(t)",0.440336132220897,0.228468264078147,0.235071864681772,0.241842803801154
"RS","Window-normalised decay, h(t)",0.462493000838061,0.217581901790708,0.22389287929924,0.230371117346929
"RS","Window-normalised decay, h(t)",0.485764760537277,0.207202502046408,0.213237675165775,0.219425609509555
"RS","Window-normalised decay, h(t)",0.510207510496923,0.197309562857561,0.203084782904365,0.209000906832257
"RS","Window-normalised decay, h(t)",0.535880172698306,0.187898402498563,0.193404025174666,0.199065504310709
"RS","Window-normalised decay, h(t)",0.562844633963691,0.178928109281084,0.184179453592244,0.189586507365005
"RS","Window-normalised decay, h(t)",0.591165895141398,0.170378544815479,0.175392937756385,0.180553318050673
"RS","Window-normalised decay, h(t)",0.620912227797619,0.162233900712282,0.167020781655954,0.171949687186231
"RS","Window-normalised decay, h(t)",0.652155338792655,0.154475985767333,0.159041420592439,0.163756887894405
"RS","Window-normalised decay, h(t)",0.684970543138327,0.147082597934829,0.151438964989882,0.155948859507806
"RS","Window-normalised decay, h(t)",0.719436945553221,0.140039545419441,0.144194590612232,0.148507881810561
"RS","Window-normalised decay, h(t)",0.755637631153466,0.133330586286336,0.137291928165104,0.141413904839197
"RS","Window-normalised decay, h(t)",0.793659865738689,0.126940244305524,0.130717576767079,0.134648321499567
"RS","Window-normalised decay, h(t)",0.83359530615598,0.120853449068882,0.1244549182829,0.12819542916664
"RS","Window-normalised decay, h(t)",0.875540221248974,0.11505408455028,0.118489260950804,0.122057367420998
"RS","Window-normalised decay, h(t)",0.919595723924655,0.10953168288801,0.112803546119606,0.116207795282483
"RS","Window-normalised decay, h(t)",0.965868014897323,0.104269914711306,0.107389791067777,0.110630535566652
"RS","Window-normalised decay, h(t)",1.01446863869729,0.0992600075950366,0.102233356677148,0.105318285207675
"RS","Window-normalised decay, h(t)",1.06551475256145,0.0944885914068464,0.097322409546622,0.100263628428497
"RS","Window-normalised decay, h(t)",1.11912940885386,0.0899451393410122,0.0926422281284539,0.0954446593335479
"RS","Window-normalised decay, h(t)",1.17544185169728,0.0856172445072808,0.0881860745279092,0.0908523174998341
"RS","Window-normalised decay, h(t)",1.23458782853051,0.0814943566657617,0.0839417329985131,0.0864839426392349
"RS","Window-normalised decay, h(t)",1.29670991734283,0.077569104605268,0.0798985706905401,0.0823247792235984
"RS","Window-normalised decay, h(t)",1.36195787037414,0.0738295556587295,0.0760465868111868,0.0783575472150801
"RS","Window-normalised decay, h(t)",1.4304889751095,0.0702703813443028,0.0723793520625694,0.0745763229571046
"RS","Window-normalised decay, h(t)",1.50246843343818,0.0668810656700865,0.0688854596428372,0.0709778482352737
"RS","Window-normalised decay, h(t)",1.57806975989127,0.0636504102780968,0.0655585701254841,0.0675477492385629
"RS","Window-normalised decay, h(t)",1.65747519991792,0.0605759738425745,0.0623898418757705,0.0642832874261113
"RS","Window-normalised decay, h(t)",1.74087616920828,0.0576482038705868,0.0593720265070296,0.0611752912340224
"RS","Window-normalised decay, h(t)",1.82847371512247,0.0548600736175931,0.0564983847587129,0.058213625672523
"RS","Window-normalised decay, h(t)",1.92047900133774,0.0522057041238032,0.0537619815184154,0.0553970320076972
"RS","Window-normalised decay, h(t)",2.01711381688205,0.0496774280030141,0.0511543031462111,0.0527127787343582
"RS","Window-normalised decay, h(t)",2.11861111078139,0.0472686547772793,0.048672355521501,0.0501544962200773
"RS","Window-normalised decay, h(t)",2.2252155536094,0.0449745024696049,0.0463083206102033,0.0477167024991081
"RS","Window-normalised decay, h(t)",2.33718412729315,0.0427919752463652,0.0440581592205521,0.0453950230047924
"RS","Window-normalised decay, h(t)",2.45478674459683,0.0407121051383197,0.0419149682015276,0.0431840307488106
"RS","Window-normalised decay, h(t)",2.57830689977661,0.0387326802283457,0.0398737483192031,0.0410793874544307
"RS","Window-normalised decay, h(t)",2.70804235197525,0.0368450915480663,0.0379301118532827,0.0390763600134745
"RS","Window-normalised decay, h(t)",2.8443058430038,0.0350481109092655,0.0360792719465044,0.0371700977293203
"RS","Window-normalised decay, h(t)",2.98742585124072,0.0333379137963649,0.0343169964830033,0.0353532678738379
"RS","Window-normalised decay, h(t)",3.13774738346569,0.0317082189711998,0.0326382608747805,0.0336235354957009
"RS","Window-normalised decay, h(t)",3.29563280653705,0.0301571463370184,0.0310399894518463,0.0319749413398787
"RS","Window-normalised decay, h(t)",3.4614627209176,0.0286804661010402,0.0295178746984178,0.0304050041543615
"RS","Window-normalised decay, h(t)",3.63563687815462,0.0272735884955374,0.0280682328927954,0.0289103471824391
"RS","Window-normalised decay, h(t)",3.8185751445256,0.0259341359273277,0.0266881720492086,0.0274864468946596
"RS","Window-normalised decay, h(t)",4.01071851317284,0.0246595613283512,0.025374398583052,0.0261321088467763
"RS","Window-normalised decay, h(t)",4.21253016716679,0.0234439347393978,0.0241228351014513,0.0248426957956863
"RS","Window-normalised decay, h(t)",4.42449659606056,0.0222879456435338,0.0229315444801431,0.0236139404701386
"RS","Window-normalised decay, h(t)",4.64712876862737,0.0211878055763672,0.0217971211604909,0.0224458398954354
"RS","Window-normalised decay, h(t)",4.88096336460794,0.0201396276087892,0.0207170394076682,0.0213330964027824
"RS","Window-normalised decay, h(t)",5.12656406843699,0.019142073532119,0.019688996086374,0.0202727329138609
"RS","Window-normalised decay, h(t)",5.38452292806754,0.0181916980034918,0.0187101793737424,0.0192636497413814
"RS","Window-normalised decay, h(t)",5.65546178216878,0.0172869146931161,0.0177780786346334,0.0183031371850109
"RS","Window-normalised decay, h(t)",5.94003375913761,0.0164258944956981,0.0168901969850901,0.0173883873155669
"RS","Window-normalised decay, h(t)",6.2389248515377,0.0156060951303181,0.0160451507105442,0.0165156479473189
"RS","Window-normalised decay, h(t)",6.55285556976123,0.0148256112987196,0.0152404989961454,0.0156859450131258
"RS","Window-normalised decay, h(t)",6.8825826788998,0.0140814259900125,0.0144747133494241,0.014895527247874
"RS","Window-normalised decay, h(t)",7.22890102301119,0.0133723891671563,0.0137451686850701,0.0141434807978917
"RS","Window-normalised decay, h(t)",7.59264544117988,0.0126979209484784,0.0130508770155489,0.0134263123459243
"RS","Window-normalised decay, h(t)",7.97469277999,0.0120561708597824,0.0123896523529984,0.0127452837316346
"RS","Window-normalised decay, h(t)",8.37596400726201,0.0114453670452597,0.0117601381185135,0.0120950114968606
"RS","Window-normalised decay, h(t)",8.79742643214859,0.0108642642448619,0.0111606931210382,0.0114770007560915
"RS","Window-normalised decay, h(t)",9.24009603694156,0.0103093518089815,0.0105901504160474,0.0108903084025453
"RS","Window-normalised decay, h(t)",9.70503992621065,0.00978171928435056,0.0100472152058971,0.0103317832600203
"RS","Window-normalised decay, h(t)",10.1933788991785,0.00927981570000318,0.00953055394943736,0.00979921872618225
"RS","Window-normalised decay, h(t)",10.7062901515324,0.00880214897719264,0.00903889117271057,0.00929199009201651
"RS","Window-normalised decay, h(t)",11.245010113186,0.00834745477816535,0.00857049689043416,0.00880807425872511
"RS","Window-normalised decay, h(t)",11.8108374288321,0.00791423163656324,0.00812507518518193,0.0083477062359461
"RS","Window-normalised decay, h(t)",12.4051360884707,0.00750193339944013,0.00770080555272089,0.00791096339254398
"RS","Window-normalised decay, h(t)",13.0293387154593,0.00710800306830612,0.00729698837855969,0.00749540419509708
"RS","Window-normalised decay, h(t)",13.6849500200118,0.00673451294756786,0.00691235484907612,0.00709986577080185
"RS","Window-normalised decay, h(t)",14.3735504264708,0.00637800235466681,0.00654596231496073,0.00672179462056864
"RS","Window-normalised decay, h(t)",15.0967998830966,0.00603874937074153,0.00619760638173875,0.00636363447140363
"RS","Window-normalised decay, h(t)",15.8564418635589,0.00571654966142066,0.00586576745823186,0.00602290741614788
"RS","Window-normalised decay, h(t)",16.6543075697743,0.00540974953552026,0.00555005736998383,0.00569835910227773
"RS","Window-normalised decay, h(t)",17.4923203462235,0.00511712304209592,0.00524978668124769,0.00539025971033776
"RS","Window-normalised decay, h(t)",18.3725003163882,0.00483918257527164,0.00496414262164656,0.0050952420677293
"RS","Window-normalised decay, h(t)",19.2969692524845,0.00457467091509348,0.00469211195939341,0.00481567867986083
"RS","Window-normalised decay, h(t)",20.2679556902322,0.0043229024442996,0.00443346869577558,0.0045498546609939
"RS","Window-normalised decay, h(t)",21.287800300989,0.00408287985205937,0.00418745114107211,0.00429685716104966
"RS","Window-normalised decay, h(t)",22.3589615342008,0.00385444353112033,0.00395332755118705,0.00405635306635632
"RS","Window-normalised decay, h(t)",23.4840215437686,0.00363686155265055,0.00373093240544496,0.00382801999665652
"RS","Window-normalised decay, h(t)",24.6656924126196,0.00342960018754774,0.00351919468402696,0.00361078938580562
"RS","Window-normalised decay, h(t)",25.9068226904857,0.00323270931125851,0.0033177350882653,0.00340459222522148
"RS","Window-normalised decay, h(t)",27.2104042606515,0.00304461928104395,0.00312602528388102,0.00320871074318997
"RS","Window-normalised decay, h(t)",28.5795795522234,0.0028659564857559,0.00294397575871805,0.00302226118205348
"RS","Window-normalised decay, h(t)",30.0176491153061,0.00269564091201631,0.00277065644456688,0.00284576956589072
"RS","Window-normalised decay, h(t)",31.5280795773476,0.0025336338187133,0.00260617245286569,0.00267830753679485
"RS","Window-normalised decay, h(t)",33.1145119998324,0.00237988838451192,0.00244997320469606,0.00251917721741472
"RS","Window-normalised decay, h(t)",34.7807706554672,0.00223385016014251,0.00230124842251989,0.00236764789943587
"RS","Window-normalised decay, h(t)",36.5308722470174,0.00209491380690561,0.00215998101692407,0.00222403171266855
"RS","Window-normalised decay, h(t)",38.3690355900191,0.00196234035119639,0.00202587757163356,0.00208767300710365
"RS","Window-normalised decay, h(t)",40.2996917827044,0.00183677656513908,0.001898417137872,0.00195865734588561
"RS","Window-normalised decay, h(t)",42.3274948876598,0.00171704447823543,0.00177749492244183,0.00183599126475557
"RS","Window-normalised decay, h(t)",44.4573331509643,0.00160327734596149,0.00166272120331948,0.00171976047842233
"RS","Window-normalised decay, h(t)",46.6943407858529,0.0014953556795755,0.00155374829922148,0.00160974734300754
"RS","Window-normalised decay, h(t)",49.0439103493112,0.00139327653115746,0.00145042478510327,0.00150537690607197
"RS","Window-normalised decay, h(t)",51.5117057414381,0.00129650564041655,0.00135257923252886,0.00140592891919504
"RS","Window-normalised decay, h(t)",54.1036758589086,0.00120459915421947,0.00125989576357767,0.00131198502358035
"RS","Window-normalised decay, h(t)",56.8260689354551,0.00111762323366802,0.00117218423197441,0.00122337749427171
"RS","Window-normalised decay, h(t)",59.6854476039337,0.00103562267417106,0.00108923355365038,0.00113943358069111
"RS","Window-normalised decay, h(t)",62.6887047162836,0.00095798331755635,0.00101059681135624,0.00105991248843306
"RS","Window-normalised decay, h(t)",65.8430799595172,0.000884660612518825,0.000936322388146339,0.000984627378546413
"RS","Window-normalised decay, h(t)",69.1561773077962,0.000815180732606812,0.000866195533913873,0.000913794252787933
"RS","Window-normalised decay, h(t)",72.6359833526599,0.000749559674456127,0.000799950087920311,0.000846630643526362
"RS","Window-normalised decay, h(t)",76.2908865555977,0.000688182298245538,0.000737333782881902,0.000783101381627865
"RS","Window-normalised decay, h(t)",80.1296974693735,0.000630371164085208,0.000678411617818913,0.000723015522595413
"RS","Window-normalised decay, h(t)",84.1616699768472,0.00057604040925359,0.000622989565932639,0.000666485805674829
"RS","Window-normalised decay, h(t)",88.3965235984953,0.000525037616289452,0.000570937214553,0.000613467083190774
"RS","Window-normalised decay, h(t)",92.8444669224,0.00047721692428304,0.000522005777432075,0.000563369866369753
"RS","Window-normalised decay, h(t)",97.5162222131928,0.000432542236440715,0.000476120973141049,0.000516396534657987
"RS","Window-normalised decay, h(t)",102.423051259273,0.000390986917348466,0.00043310467625341,0.000472208172114656
"RS","Window-normalised decay, h(t)",107.576782520605,0.000352448493774211,0.00039299924828263,0.000430843812182372
"RS","Window-normalised decay, h(t)",112.989839642545,0.000316469059367125,0.000355515322593511,0.000391991511190926
"RS","Window-normalised decay, h(t)",118.675271404431,0.000283192019329687,0.000320631174904691,0.000355799059790944
"RS","Window-normalised decay, h(t)",124.646783175114,0.00025247722947471,0.000288189733269915,0.00032214228387007
"RS","Window-normalised decay, h(t)",130.918769951293,0.000224154278527599,0.000258184444764594,0.000290727421924152
"RS","Window-normalised decay, h(t)",137.506351058256,0.000198235517699747,0.000230382786516392,0.000261555456691177
"RS","Window-normalised decay, h(t)",144.425406596708,0.000174411251799283,0.000204776304427204,0.00023452313622876
"RS","Window-normalised decay, h(t)",151.692615723526,0.000152737209358116,0.000181231062809826,0.000209513120124099
"RS","Window-normalised decay, h(t)",159.325496858736,0.000133003825033236,0.000159672578414337,0.000186407700215704
"RS","Window-normalised decay, h(t)",167.342449915617,0.000115140517880468,0.000140025761328726,0.000165145044704861
"RS","Window-normalised decay, h(t)",175.762800655753,9.91810742322589e-05,0.000122156918632991,0.000145705345608545
"RS","Window-normalised decay, h(t)",184.60684727594,8.4835794597459e-05,0.0001060095001203,0.000127937410747496
"RS","Window-normalised decay, h(t)",193.895909339259,7.21266296513168e-05,9.14412531354306e-05,0.000111799464704313
"RS","Window-normalised decay, h(t)",203.652379168268,6.0897883261717e-05,7.84005836723695e-05,9.7116020641295e-05
"RS","Window-normalised decay, h(t)",213.899775824195,5.10138066578861e-05,6.678231542984e-05,8.39274640437578e-05
"RS","Window-normalised decay, h(t)",224.662801802268,4.24095499885857e-05,5.65045075653282e-05,7.20834899742828e-05
"RS","Window-normalised decay, h(t)",235.967402579838,3.49295696591775e-05,4.74585757800622e-05,6.1525999211756e-05
"RS","Window-normalised decay, h(t)",247.840829160858,2.85251951069656e-05,3.9552684137325e-05,5.21344719294505e-05
"RS","Window-normalised decay, h(t)",260.311703767468,2.30840023389878e-05,3.26812289183795e-05,4.38739419245987e-05
"RS","Window-normalised decay, h(t)",273.410088837064,1.84764705055555e-05,2.67645199767754e-05,3.66446708263574e-05
"RS","Window-normalised decay, h(t)",287.167559491166,1.46536721686835e-05,2.17242554812016e-05,3.03839492656909e-05
"RS","Window-normalised decay, h(t)",301.617279650778,1.14859112619107e-05,1.74561868985111e-05,2.49497233632882e-05
"RS","Window-normalised decay, h(t)",316.794081981721,8.90021475292055e-06,1.38795683973907e-05,2.02906052756259e-05
"RS","Window-normalised decay, h(t)",332.734551862678,6.80833671438565e-06,1.09159901375239e-05,1.633582059599e-05
"RS","Window-normalised decay, h(t)",349.477115578331,5.14092435580065e-06,8.48858236468338e-06,1.30278004539827e-05
"RS","Window-normalised decay, h(t)",367.062132950219,3.82797846564658e-06,6.5175976269064e-06,1.02801499515783e-05
"RS","Window-normalised decay, h(t)",385.531994628602,2.80473561331061e-06,4.9391511550066e-06,8.0241810128943e-06
"RS","Window-normalised decay, h(t)",404.931224279859,2.02452453244545e-06,3.69225214371793e-06,6.18032411090008e-06
"RS","Window-normalised decay, h(t)",425.306585915763,1.43834302899206e-06,2.72070960161064e-06,4.70294155263877e-06
"RS","Window-normalised decay, h(t)",446.707196623364,1.00496228051958e-06,1.9746988244343e-06,3.52898365332229e-06
"RS","Window-normalised decay, h(t)",469.184644967214,6.89505680615118e-07,1.41009791519248e-06,2.61099997944674e-06
"RS","Window-normalised decay, h(t)",492.793115349368,4.6434048663495e-07,9.90274242555506e-07,1.90454119320881e-06
"RS","Window-normalised decay, h(t)",517.589518626948,3.06503990851052e-07,6.83256659777539e-07,1.36712213460589e-06
"RS","Window-normalised decay, h(t)",543.633629302121,1.98062172299591e-07,4.62909569591999e-07,9.65018106682594e-07
"RS","Window-normalised decay, h(t)",570.988229615221,1.25073227669842e-07,3.07427662338935e-07,6.69193979543519e-07
"RS","Window-normalised decay, h(t)",599.71926088836,7.72481233876673e-08,2.00137105692585e-07,4.55540827135148e-07
"RS","Window-normalised decay, h(t)",629.895982484354,4.65803094202965e-08,1.27476587943334e-07,3.04119240245533e-07
"RS","Window-normalised decay, h(t)",661.591138764156,2.73820399263641e-08,7.93314530405381e-08,1.98969764896101e-07
"RS","Window-normalised decay, h(t)",694.881134445283,1.56718786464951e-08,4.82199416581873e-08,1.27450831335666e-07
"RS","Window-normalised decay, h(t)",729.846218783914,8.72134163198693e-09,2.85879025419992e-08,7.98610224504706e-08
"RS","Window-normalised decay, h(t)",766.570679024703,4.71248668785117e-09,1.65085523572718e-08,4.88439938219032e-08
"RS","Window-normalised decay, h(t)",805.143043584603,2.46868584259628e-09,9.27094109303989e-09,2.91641942596429e-08
"RS","Window-normalised decay, h(t)",845.656295460511,1.25185280565725e-09,5.05807452114272e-09,1.69709574309222e-08
"RS","Window-normalised decay, h(t)",888.208096375173,6.13481443305025e-10,2.67584718699125e-09,9.6102284055622e-09
"RS","Window-normalised decay, h(t)",932.901022201696,2.90043784193263e-10,1.37166011284565e-09,5.2886525398532e-09
"RS","Window-normalised decay, h(t)",979.842810234145,1.32055156490227e-10,6.79497711158857e-10,2.82421294903186e-09
"RS","Window-normalised decay, h(t)",1029.14661890034,5.77900526204e-11,3.25065114994883e-10,1.46063010697483e-09
"RS","Window-normalised decay, h(t)",1080.93130054289,2.42597883820904e-11,1.49905937681305e-10,7.31468391847011e-10
"RS","Window-normalised decay, h(t)",1135.32168792608,9.74927073216571e-12,6.64861366812534e-11,3.53799686240177e-10
"RS","Window-normalised decay, h(t)",1192.44889515916,3.74419832884626e-12,2.83004377037704e-11,1.64915199857649e-10
"RS","Window-normalised decay, h(t)",1252.45063376159,1.37035377915079e-12,1.15443741557985e-11,7.39646937732756e-11
"RS","Window-normalised decay, h(t)",1315.47154463206,4.76764242157431e-13,4.50145234351137e-12,3.18594700176844e-11
"RS","Window-normalised decay, h(t)",1381.66354672152,1.57142265121341e-13,1.67254860962889e-12,1.31536715794816e-11
"RS","Window-normalised decay, h(t)",1451.18620325082,4.8981095384188e-14,5.91540679458906e-13,5.19425975958566e-12
"RS","Window-normalised decay, h(t)",1524.20710635568,1.43975873173897e-14,1.98558262374576e-13,1.95955567543797e-12
"RS","Window-normalised decay, h(t)",1600.90228108626,3.9791918383434e-15,6.30805248969696e-14,7.03290955770757e-13
"RS","Window-normalised decay, h(t)",1681.45660973525,1.0312357434386e-15,1.89122612974177e-14,2.39721448186707e-13
"RS","Window-normalised decay, h(t)",1766.06427751727,2.49718277195451e-16,5.33833083891096e-15,7.74000601756205e-14
"RS","Window-normalised decay, h(t)",1854.92924067407,5.63055773822406e-17,1.41384018865737e-15,2.36086560502598e-14
"RS","Window-normalised decay, h(t)",1948.26571813383,1.17788202546983e-17,3.50448150851305e-16,6.78349819292893e-15
"RS","Window-normalised decay, h(t)",2046.29870790983,2.27752721847489e-18,8.09101040973222e-17,1.83048613618301e-15
"RS","Window-normalised decay, h(t)",2149.26452948336,4.0543053669647e-19,1.73516377630243e-17,4.62039744245894e-16
"RS","Window-normalised decay, h(t)",2257.41139347817,6.61688473183709e-20,3.44563775967294e-18,1.08819745200488e-16
"RS","Window-normalised decay, h(t)",2371,9.85773479231493e-21,6.30391194235245e-19,2.38307526735732e-17
