"model","quantity","time","q025","median","q975"
"OU","Unnormalised decay, g(t)",0,1,1,1
"OU","Unnormalised decay, g(t)",0.001,0.933917052653028,0.945027527766135,0.953987966250923
"OU","Unnormalised decay, g(t)",0.00105031807974833,0.930803203406104,0.94240725500668,0.951773838784966
"OU","Unnormalised decay, g(t)",0.00110316806864623,0.927553065250721,0.939669375634651,0.949458271252575
"OU","Unnormalised decay, g(t)",0.00115867736750019,0.92416167596036,0.936809320356375,0.947037118246168
"OU","Unnormalised decay, g(t)",0.00121697978768065,0.920623989107411,0.933821812386001,0.944506114307015
"OU","Unnormalised decay, g(t)",0.00127821587368928,0.916934882721235,0.930702422549265,0.9418608755108
"OU","Unnormalised decay, g(t)",0.00134253324195716,0.91308916916348,0.92744640316023,0.939096901708506
"OU","Unnormalised decay, g(t)",0.00141008693669075,0.909081606296668,0.924048720494216,0.936209579486953
"OU","Unnormalised decay, g(t)",0.00148103980362324,0.904906910020643,0.920504048824747,0.933194185916355
"OU","Unnormalised decay, g(t)",0.00155556288257241,0.900559768249034,0.916808163488526,0.9300458931551
"OU","Unnormalised decay, g(t)",0.00163383581975124,0.896034856394214,0.912955273691353,0.926759773984512
"OU","Unnormalised decay, g(t)",0.00171604730082517,0.891326854424186,0.908940114292201,0.9233308083485
"OU","Unnormalised decay, g(t)",0.00180239550576001,0.886430465548312,0.904757377070094,0.919753890974719
"OU","Unnormalised decay, g(t)",0.00189308858655688,0.881340436580559,0.90040216923422,0.916023855527503
"OU","Unnormalised decay, g(t)",0.00198834516902591,0.876051580018933,0.895869121586398,0.912136559149682
"OU","Unnormalised decay, g(t)",0.00208839487980817,0.870558797867806,0.891153479827117,0.908085729716509
"OU","Unnormalised decay, g(t)",0.00219347889991637,0.864857107215788,0.886248066428329,0.903866035962886
"OU","Unnormalised decay, g(t)",0.00230385054612865,0.858940390128761,0.88114765592681,0.899472119466693
"OU","Unnormalised decay, g(t)",0.002419775881637,0.852804162725579,0.875847502496767,0.894898610411064
"OU","Unnormalised decay, g(t)",0.00254153435742231,0.846444771388883,0.870342474143445,0.890140144944226
"OU","Unnormalised decay, g(t)",0.00266941948590221,0.839857962835605,0.864628006362009,0.885191384194776
"OU","Unnormalised decay, g(t)",0.0028037395484756,0.833039751487678,0.858699211157159,0.8800470349919
"OU","Unnormalised decay, g(t)",0.00294481833866936,0.825986454850183,0.852552087358595,0.874701872329853
"OU","Unnormalised decay, g(t)",0.00309299594267888,0.818694730168026,0.846181499612984,0.869150727975466
"OU","Unnormalised decay, g(t)",0.00324862955918387,0.811161612182247,0.839585179967814,0.86338856778891
"OU","Unnormalised decay, g(t)",0.00341209436041568,0.803384602544769,0.832758231704678,0.857410568345065
"OU","Unnormalised decay, g(t)",0.00358378439655192,0.795361563010395,0.825692872691616,0.851212036585487
"OU","Unnormalised decay, g(t)",0.00376411354561846,0.787090894642934,0.818385322189855,0.8447884864664
"OU","Unnormalised decay, g(t)",0.00395351651118867,0.778571533911152,0.810835910518681,0.838135063710732
"OU","Unnormalised decay, g(t)",0.00415244987028502,0.769802991418087,0.803046812554417,0.831242083634501
"OU","Unnormalised decay, g(t)",0.00436139317400899,0.760785390583618,0.795013592154652,0.824111409738737
"OU","Unnormalised decay, g(t)",0.00458085010355261,0.751519505216463,0.78672997959284,0.81673967271878
"OU","Unnormalised decay, g(t)",0.00481134968437834,0.74200679553024,0.77820004926069,0.809123887738621
"OU","Unnormalised decay, g(t)",0.00505344756149402,0.732249442133393,0.769419454039252,0.801261493887644
"OU","Unnormalised decay, g(t)",0.0053077273388973,0.722250537663167,0.760382930684193,0.793150394312789
"OU","Unnormalised decay, g(t)",0.00557480198641835,0.71201377427426,0.751096565992151,0.784788996740003
"OU","Unnormalised decay, g(t)",0.00585531531735212,0.701543556124834,0.741565457751142,0.776183077926044
"OU","Unnormalised decay, g(t)",0.00614994354044229,0.690845228077298,0.731791453430587,0.76732991690642
"OU","Unnormalised decay, g(t)",0.00645939688995802,0.679924977331248,0.72177623194961,0.758231564107959
"OU","Unnormalised decay, g(t)",0.00678442133779308,0.668791899123381,0.711517652720181,0.748889192073178
"OU","Unnormalised decay, g(t)",0.00712580039171445,0.657470370571078,0.701023102480445,0.739299750248961
"OU","Unnormalised decay, g(t)",0.00748435698409545,0.645952303870551,0.690288785667959,0.729465638986854
"OU","Unnormalised decay, g(t)",0.00786095545568617,0.634247532225085,0.679337064803841,0.719389976309381
"OU","Unnormalised decay, g(t)",0.00825650363920349,0.622342867210874,0.668184391499208,0.709076670147534
"OU","Unnormalised decay, g(t)",0.00867195504776335,0.610269534826244,0.656814314637995,0.69852853131034
"OU","Unnormalised decay, g(t)",0.00910831117343068,0.598065130335979,0.64524807217123,0.687736169592459
"OU","Unnormalised decay, g(t)",0.00956662390142801,0.585720064140775,0.633503467680278,0.676717988518525
"OU","Unnormalised decay, g(t)",0.0100479980458224,0.573248251681222,0.621566109912307,0.665479644941891
"OU","Unnormalised decay, g(t)",0.0105535940128032,0.560663880607526,0.609470619151206,0.654033490079377
"OU","Unnormalised decay, g(t)",0.011084630597971,0.547981343922267,0.597203673271413,0.642388537187473
"OU","Unnormalised decay, g(t)",0.0116423879243805,0.535215960150134,0.584797482834379,0.630577427797131
"OU","Unnormalised decay, g(t)",0.0122282105284205,0.522383525574029,0.572274426083888,0.618586277178091
"OU","Unnormalised decay, g(t)",0.012843510600969,0.509500242203118,0.559636247585048,0.606412248224451
"OU","Unnormalised decay, g(t)",0.0134897713916372,0.496582641099547,0.546891021963993,0.594084052746272
"OU","Unnormalised decay, g(t)",0.0141685507843084,0.483645505248118,0.534058861726809,0.581614603775388
"OU","Unnormalised decay, g(t)",0.0148814850525915,0.470684905155111,0.521157443872524,0.569017889293432
"OU","Unnormalised decay, g(t)",0.0156302928042415,0.457740015713146,0.5082211612934,0.556308440806512
"OU","Unnormalised decay, g(t)",0.0164167791240551,0.444828259637643,0.495243023884589,0.54350432801229
"OU","Unnormalised decay, g(t)",0.0172428399252301,0.43199247973917,0.482236490868654,0.530622442531777
"OU","Unnormalised decay, g(t)",0.0181104665196756,0.419186770231747,0.469234762089732,0.517658218452355
"OU","Unnormalised decay, g(t)",0.0190217504182922,0.406502662568806,0.456241716731687,0.504656814147024
"OU","Unnormalised decay, g(t)",0.0199788883727927,0.393901735852449,0.443283788330893,0.491629211201027
"OU","Unnormalised decay, g(t)",0.020984187671218,0.381400627301032,0.430387922790843,0.478577605592698
"OU","Unnormalised decay, g(t)",0.0220400716999123,0.369025012764605,0.41755925042519,0.465527422168774
"OU","Unnormalised decay, g(t)",0.0231490857853676,0.356794649836393,0.404815023882808,0.452496819232905
"OU","Unnormalised decay, g(t)",0.0243139033300167,0.344723813399166,0.392155208160801,0.439503407001171
"OU","Unnormalised decay, g(t)",0.0255373322567698,0.332825603130462,0.379638086082339,0.426564520130534
"OU","Unnormalised decay, g(t)",0.0268223217778257,0.321127725867632,0.367246048631184,0.413735483474174
"OU","Unnormalised decay, g(t)",0.0281719695040778,0.309668309178785,0.354985167690425,0.400980397652746
"OU","Unnormalised decay, g(t)",0.0295895289122516,0.298417295213473,0.342894233720605,0.388348649651448
"OU","Unnormalised decay, g(t)",0.031078417187774,0.287385203817404,0.330980883339982,0.375841585923826
"OU","Unnormalised decay, g(t)",0.0326422234622804,0.276557930073752,0.319268236485777,0.36341889377078
"OU","Unnormalised decay, g(t)",0.0342847174656184,0.265945870380948,0.307732063698576,0.351193769661187
"OU","Unnormalised decay, g(t)",0.0360098586132025,0.255576023585006,0.296421393707237,0.339133988246987
"OU","Unnormalised decay, g(t)",0.0378218055506278,0.24545471964155,0.285333247327632,0.327230501724131
"OU","Unnormalised decay, g(t)",0.0397249261785503,0.235585820595083,0.274456399497552,0.31551135886077
"OU","Unnormalised decay, g(t)",0.0417238081819993,0.225970739564891,0.263832877680824,0.303985091860722
"OU","Unnormalised decay, g(t)",0.0438232700895054,0.216618665094098,0.25345979053343,0.292673262147626
"OU","Unnormalised decay, g(t)",0.0460283728887019,0.207516368249782,0.243324610774606,0.281585941855197
"OU","Unnormalised decay, g(t)",0.0483444322264017,0.198699807326462,0.233465365997153,0.270753504088314
"OU","Unnormalised decay, g(t)",0.0507770312225578,0.190101860346746,0.223853477908191,0.260118757121095
"OU","Unnormalised decay, g(t)",0.0533320339289981,0.181780417427402,0.214510380095083,0.249735919023126
"OU","Unnormalised decay, g(t)",0.0560155994653783,0.173759933198347,0.205430805713571,0.239608112919244
"OU","Unnormalised decay, g(t)",0.058834196866428,0.166006227597603,0.196618229919928,0.229767364154169
"OU","Unnormalised decay, g(t)",0.0617946206762821,0.158516926067355,0.188085173507797,0.220213417829733
"OU","Unnormalised decay, g(t)",0.0649040073274894,0.151282686309303,0.179812938749192,0.210926680263533
"OU","Unnormalised decay, g(t)",0.0681698523441805,0.144304939277018,0.171807022694246,0.201911668211502
"OU","Unnormalised decay, g(t)",0.0716000284108672,0.137585170290218,0.164087520154533,0.193167351739055
"OU","Unnormalised decay, g(t)",0.0752028043504282,0.131156713068177,0.156613744032108,0.184680092758998
"OU","Unnormalised decay, g(t)",0.0789868650570315,0.12493012373997,0.149425601501648,0.176430406996286
"OU","Unnormalised decay, g(t)",0.0829613324320421,0.118971545979411,0.142481822482728,0.168483343790553
"OU","Unnormalised decay, g(t)",0.0871357873733857,0.113219577911219,0.135790773319261,0.160817667626519
"OU","Unnormalised decay, g(t)",0.0915202928713737,0.10770712409546,0.129360370715869,0.153420250228686
"OU","Unnormalised decay, g(t)",0.0961254182666664,0.10240821231798,0.123181689705885,0.146307300744245
"OU","Unnormalised decay, g(t)",0.10096226472885,0.0973592133699356,0.117248347592147,0.139464093719093
"OU","Unnormalised decay, g(t)",0.106042492017049,0.0925429056368588,0.11154739188734,0.132844640598302
"OU","Unnormalised decay, g(t)",0.111378346587075,0.0879502017616232,0.106076744809265,0.126454914944808
"OU","Unnormalised decay, g(t)",0.116982691112881,0.0835424354005005,0.100845503845239,0.120343136722354
"OU","Unnormalised decay, g(t)",0.122869035493474,0.079309504867879,0.095837595614325,0.11446807562019
"OU","Unnormalised decay, g(t)",0.129051569420036,0.075269857271408,0.0910303243779427,0.108845221017521
"OU","Unnormalised decay, g(t)",0.135545196581761,0.0714396442580437,0.086434877983036,0.103451880423342
"OU","Unnormalised decay, g(t)",0.142365570592866,0.0677559977107744,0.0820495139684638,0.0982967413165842
"OU","Unnormalised decay, g(t)",0.149529132727375,0.0642559459808091,0.0778587186653438,0.093362500734107
"OU","Unnormalised decay, g(t)",0.15705315155265,0.0609096260173905,0.0738565795112396,0.0886284525352107
"OU","Unnormalised decay, g(t)",0.164955764557203,0.0577392174094192,0.0700434916743602,0.0841234073856433
"OU","Unnormalised decay, g(t)",0.17325602187314,0.0547087271626175,0.0664058275764016,0.0798109324459845
"OU","Unnormalised decay, g(t)",0.181973932198632,0.0518297265874304,0.0629407552445494,0.0756908704561856
"OU","Unnormalised decay, g(t)",0.191130511031121,0.0490956097060797,0.0596398094905741,0.0717538466554288
"OU","Unnormalised decay, g(t)",0.200747831327525,0.0464902591297162,0.0565011665070198,0.068003387024938
"OU","Unnormalised decay, g(t)",0.210849076713569,0.0440114443826487,0.0535061736781469,0.0644315382438864
"OU","Unnormalised decay, g(t)",0.221458597370505,0.0416566838818698,0.0506560436131291,0.061045924977907
"OU","Unnormalised decay, g(t)",0.232601968733948,0.0394198810790715,0.0479479084261246,0.0577931973380765
"OU","Unnormalised decay, g(t)",0.244306053146322,0.0372963295960378,0.0453772826044589,0.0547152187120182
"OU","Unnormalised decay, g(t)",0.25659906461154,0.0352812036153062,0.0429296879403655,0.0518022180635471
"OU","Unnormalised decay, g(t)",0.269510636808012,0.0333768672051032,0.040612358219265,0.0490193007639005
"OU","Unnormalised decay, g(t)",0.283071894523941,0.0315549724966434,0.0384134184683923,0.0463771139132767
"OU","Unnormalised decay, g(t)",0.297315528687109,0.0298403622069161,0.0363247243423546,0.0438721940671352
"OU","Unnormalised decay, g(t)",0.312275875170005,0.028214352170824,0.0343434111052479,0.0415015436905151
"OU","Unnormalised decay, g(t)",0.327988997560291,0.0266646312692831,0.0324624101824841,0.0392463739028987
"OU","Unnormalised decay, g(t)",0.344492774096106,0.025198456008651,0.0306809055766249,0.0370933057428856
"OU","Unnormalised decay, g(t)",0.361826988975799,0.0238096681709384,0.028993973178356,0.0350566862847624
"OU","Unnormalised decay, g(t)",0.380033428262183,0.0224964307806386,0.02739448454385,0.033129761523042
"OU","Unnormalised decay, g(t)",0.399155980612512,0.0212549946644475,0.0258795599128868,0.0312925804834534
"OU","Unnormalised decay, g(t)",0.419240743076997,0.0200762945564357,0.024444983491834,0.0295519227005651
"OU","Unnormalised decay, g(t)",0.440336132220897,0.0189608171345839,0.0230867605981771,0.0279074707951905
"OU","Unnormalised decay, g(t)",0.462493000838061,0.0179074186714889,0.0218010929950693,0.0263503099115683
"OU","Unnormalised decay, g(t)",0.485764760537277,0.0169137523347312,0.0205850557264067,0.0248741088462514
"OU","Unnormalised decay, g(t)",0.510207510496923,0.0159758714120224,0.0194327104958688,0.0234812555912702
"OU","Unnormalised decay, g(t)",0.535880172698306,0.015086462297302,0.0183431516795768,0.0221708387955825
"OU","Unnormalised decay, g(t)",0.562844633963691,0.0142429797131244,0.017314063413806,0.0209254009540793
"OU","Unnormalised decay, g(t)",0.591165895141398,0.0134454287282734,0.0163404945521437,0.0197504095932133
"OU","Unnormalised decay, g(t)",0.620912227797619,0.0126918798471714,0.0154195814549098,0.018634182555866
"OU","Unnormalised decay, g(t)",0.652155338792655,0.0119766965456446,0.0145515728816201,0.0175829078497116
"OU","Unnormalised decay, g(t)",0.684970543138327,0.0113022837219309,0.0137306815148918,0.0165917642218522
"OU","Unnormalised decay, g(t)",0.719436945553221,0.0106650613494698,0.0129527022682034,0.0156558828343474
"OU","Unnormalised decay, g(t)",0.755637631153466,0.0100631484199097,0.0122178604018067,0.0147624832263983
"OU","Unnormalised decay, g(t)",0.793659865738689,0.00949624489102934,0.0115259457629276,0.0139223346911879
"OU","Unnormalised decay, g(t)",0.83359530615598,0.00896033956541299,0.0108723465333972,0.0131275851599395
"OU","Unnormalised decay, g(t)",0.875540221248974,0.00845397570057106,0.010254729618534,0.0123786443012921
"OU","Unnormalised decay, g(t)",0.919595723924655,0.00797493873599403,0.00967024491886091,0.0116716518711208
"OU","Unnormalised decay, g(t)",0.965868014897323,0.00751992650269526,0.00911915769526054,0.0110055950695614
"OU","Unnormalised decay, g(t)",1.01446863869729,0.0070952142879432,0.00860042374002765,0.010376767145745
"OU","Unnormalised decay, g(t)",1.06551475256145,0.00669273594666701,0.00810853395328996,0.00978294703727584
"OU","Unnormalised decay, g(t)",1.11912940885386,0.00631506358007857,0.00764569030176498,0.00922267792589226
"OU","Unnormalised decay, g(t)",1.17544185169728,0.00595608346751845,0.00720928340354041,0.00869336861933404
"OU","Unnormalised decay, g(t)",1.23458782853051,0.00561854805089087,0.00679705515488924,0.00819103676251496
"OU","Unnormalised decay, g(t)",1.29670991734283,0.00529880948612347,0.00640841675961638,0.00772039773092562
"OU","Unnormalised decay, g(t)",1.36195787037414,0.00499733374046485,0.0060412488613166,0.00727584227015743
"OU","Unnormalised decay, g(t)",1.4304889751095,0.00471192821622443,0.00569440766387869,0.00685691450243017
"OU","Unnormalised decay, g(t)",1.50246843343818,0.00444260875771419,0.00536757622108791,0.00646066569712895
"OU","Unnormalised decay, g(t)",1.57806975989127,0.00418806782488811,0.00505930197941332,0.00608466651554714
"OU","Unnormalised decay, g(t)",1.65747519991792,0.003949964091712,0.00476799113331854,0.0057345448645455
"OU","Unnormalised decay, g(t)",1.74087616920828,0.00372508050528048,0.00449415171306584,0.00540317674142176
"OU","Unnormalised decay, g(t)",1.82847371512247,0.0035118076777298,0.0042363742142813,0.0050893115093215
"OU","Unnormalised decay, g(t)",1.92047900133774,0.00330955561643066,0.00399189833090656,0.00479448063828327
"OU","Unnormalised decay, g(t)",2.01711381688205,0.00312013552603115,0.0037621646884317,0.00451609957377005
"OU","Unnormalised decay, g(t)",2.11861111078139,0.00294133732408772,0.00354484440549988,0.00425362505759957
"OU","Unnormalised decay, g(t)",2.2252155536094,0.0027730445876191,0.00333996694452054,0.00400627310620643
"OU","Unnormalised decay, g(t)",2.33718412729315,0.00261433579611534,0.0031472694489512,0.00377305408429249
"OU","Unnormalised decay, g(t)",2.45478674459683,0.00246443072023487,0.0029656634965248,0.00355531941114828
"OU","Unnormalised decay, g(t)",2.57830689977661,0.00232268229952482,0.00279413986080747,0.00334895168225526
"OU","Unnormalised decay, g(t)",2.70804235197525,0.00218889880153603,0.00263283713184197,0.00315336015996441
"OU","Unnormalised decay, g(t)",2.8443058430038,0.0020634326675688,0.00248095335287714,0.00296968915613055
"OU","Unnormalised decay, g(t)",2.98742585124072,0.00194514102754086,0.00233754782399012,0.0027955438767926
"OU","Unnormalised decay, g(t)",3.13774738346569,0.00183329925468126,0.00220257365126314,0.00263205634069869
"OU","Unnormalised decay, g(t)",3.29563280653705,0.00172771201442061,0.00207478639034322,0.00247956608070051
"OU","Unnormalised decay, g(t)",3.4614627209176,0.00162757492358738,0.00195465016871951,0.00233483820421968
"OU","Unnormalised decay, g(t)",3.63563687815462,0.00153388975628127,0.00184144617822033,0.00219914139409586
"OU","Unnormalised decay, g(t)",3.8185751445256,0.00144573693859263,0.00173505059651833,0.00207146494191301
"OU","Unnormalised decay, g(t)",4.01071851317284,0.00136269205634678,0.00163440401857085,0.00195111401221224
"OU","Unnormalised decay, g(t)",4.21253016716679,0.00128428951842104,0.0015395558396165,0.00183731760301407
"OU","Unnormalised decay, g(t)",4.42449659606056,0.00121043610923594,0.00145030173959186,0.00173016066257098
"OU","Unnormalised decay, g(t)",4.64712876862737,0.00114081670230991,0.00136636811224399,0.0016293564192514
"OU","Unnormalised decay, g(t)",4.88096336460794,0.00107518989159728,0.00128726555009821,0.00153431374497577
"OU","Unnormalised decay, g(t)",5.12656406843699,0.00101332789885469,0.00121264832330252,0.00144478659624223
"OU","Unnormalised decay, g(t)",5.38452292806754,0.000955015818310378,0.00114239822603723,0.00136061421725298
"OU","Unnormalised decay, g(t)",5.65546178216878,0.000899882881295292,0.00107618557531692,0.00128139749752664
"OU","Unnormalised decay, g(t)",5.94003375913761,0.000848089852474499,0.00101387914558451,0.00120703240085571
"OU","Unnormalised decay, g(t)",6.2389248515377,0.000799337770756675,0.000955004132557455,0.00113654855650236
"OU","Unnormalised decay, g(t)",6.55285556976123,0.000753190600057359,0.000899631522720371,0.00107007200250084
"OU","Unnormalised decay, g(t)",6.8825826788998,0.000709804413256547,0.000847393401988312,0.00100749989566152
"OU","Unnormalised decay, g(t)",7.22890102301119,0.000668930249680502,0.000798129666955137,0.000948689954789873
"OU","Unnormalised decay, g(t)",7.59264544117988,0.000630370615798487,0.00075187354856619,0.000893376588016346
"OU","Unnormalised decay, g(t)",7.97469277999,0.000594080728409484,0.000708188793692662,0.000840842084751278
"OU","Unnormalised decay, g(t)",8.37596400726201,0.000559912742894546,0.000667118123916127,0.000791602496593383
"OU","Unnormalised decay, g(t)",8.79742643214859,0.000527742456788672,0.00062842209039555,0.000745265152955201
"OU","Unnormalised decay, g(t)",9.24009603694156,0.000497228189917506,0.000591925107359364,0.00070155874496288
"OU","Unnormalised decay, g(t)",9.70503992621065,0.000468599758250186,0.000557547516297769,0.000660522165098351
"OU","Unnormalised decay, g(t)",10.1933788991785,0.000441556692080289,0.000525176678103744,0.000622039407900388
"OU","Unnormalised decay, g(t)",10.7062901515324,0.000416151222476688,0.000494635620825855,0.00058575660374165
"OU","Unnormalised decay, g(t)",11.245010113186,0.000392208920724798,0.000465902031127194,0.00055166052111564
"OU","Unnormalised decay, g(t)",11.8108374288321,0.000369599168219871,0.000438771263133746,0.000519435380410071
"OU","Unnormalised decay, g(t)",12.4051360884707,0.000348175504838404,0.000413285819249086,0.000489115046859426
"OU","Unnormalised decay, g(t)",13.0293387154593,0.000328053984286134,0.000389249911561238,0.000460612624046794
"OU","Unnormalised decay, g(t)",13.6849500200118,0.000309124556018172,0.000366619834240033,0.000433692818152049
"OU","Unnormalised decay, g(t)",14.3735504264708,0.0002912022447661,0.000345312158873572,0.000408414237766632
"OU","Unnormalised decay, g(t)",15.0967998830966,0.00027429846390515,0.000325228005619264,0.000384614670071393
"OU","Unnormalised decay, g(t)",15.8564418635589,0.00025850337529668,0.00030629521221875,0.000362070911491875
"OU","Unnormalised decay, g(t)",16.6543075697743,0.000243617815377797,0.000288551664981139,0.00034086350910098
"OU","Unnormalised decay, g(t)",17.4923203462235,0.0002296379164893,0.000271760752416084,0.000320988154194287
"OU","Unnormalised decay, g(t)",18.3725003163882,0.000216367774661829,0.000255940354190012,0.000302155603455735
"OU","Unnormalised decay, g(t)",19.2969692524845,0.000203922568381931,0.000241045768320922,0.000284613001267193
"OU","Unnormalised decay, g(t)",20.2679556902322,0.000192100190932001,0.000227031780288708,0.000267979915380649
"OU","Unnormalised decay, g(t)",21.287800300989,0.000180972218956239,0.000213841660952948,0.000252312271832377
"OU","Unnormalised decay, g(t)",22.3589615342008,0.00017049781026973,0.000201406897784566,0.000237576179439713
"OU","Unnormalised decay, g(t)",23.4840215437686,0.000160610728938145,0.000189693936312026,0.000223660636193149
"OU","Unnormalised decay, g(t)",24.6656924126196,0.000151287229985355,0.000178658911509274,0.000210620206934138
"OU","Unnormalised decay, g(t)",25.9068226904857,0.000142517047170619,0.000168295319934507,0.000198262761156669
"OU","Unnormalised decay, g(t)",27.2104042606515,0.000134262445115384,0.000158515158193824,0.000186696371786077
"OU","Unnormalised decay, g(t)",28.5795795522234,0.000126462406458225,0.000149292483640425,0.000175793407355871
"OU","Unnormalised decay, g(t)",30.0176491153061,0.000119151189619267,0.000140600181314687,0.000165542808117147
"OU","Unnormalised decay, g(t)",31.5280795773476,0.000112252270720817,0.000132431782070029,0.000155868671562943
"OU","Unnormalised decay, g(t)",33.1145119998324,0.000105747089552348,0.00012474850668299,0.00014682207471972
"OU","Unnormalised decay, g(t)",34.7807706554672,9.96105701200426e-05,0.000117469008507024,0.000138258405638333
"OU","Unnormalised decay, g(t)",36.5308722470174,9.38049397708324e-05,0.000110626327138823,0.000130158054132946
"OU","Unnormalised decay, g(t)",38.3690355900191,8.83498616031171e-05,0.000104190156145087,0.000122544916337906
"OU","Unnormalised decay, g(t)",40.2996917827044,8.32698548141984e-05,9.81278505200598e-05,0.000115406085500836
"OU","Unnormalised decay, g(t)",42.3274948876598,7.84261899611449e-05,9.24279001435633e-05,0.000108644498639604
"OU","Unnormalised decay, g(t)",44.4573331509643,7.39098853198719e-05,8.70506300547137e-05,0.000102280418927747
"OU","Unnormalised decay, g(t)",46.6943407858529,6.9620620986553e-05,8.19836795933508e-05,9.63210629668394e-05
"OU","Unnormalised decay, g(t)",49.0439103493112,6.55659267525431e-05,7.72202833038476e-05,9.0707652870315e-05
"OU","Unnormalised decay, g(t)",51.5117057414381,6.17337731969977e-05,7.27263719673408e-05,8.53833233771983e-05
"OU","Unnormalised decay, g(t)",54.1036758589086,5.8165780661073e-05,6.84932813139028e-05,8.03985785619742e-05
"OU","Unnormalised decay, g(t)",56.8260689354551,5.4798983784592e-05,6.45044010202687e-05,7.57152599779603e-05
"OU","Unnormalised decay, g(t)",59.6854476039337,5.16320241313318e-05,6.07519678670092e-05,7.13042094031289e-05
"OU","Unnormalised decay, g(t)",62.6887047162836,4.86163499632305e-05,5.7215603986177e-05,6.71317228128455e-05
"OU","Unnormalised decay, g(t)",65.8430799595172,4.57802522625499e-05,5.38957226062622e-05,6.3215818912025e-05
"OU","Unnormalised decay, g(t)",69.1561773077962,4.31124609798419e-05,5.07648615050871e-05,5.95214494827075e-05
"OU","Unnormalised decay, g(t)",72.6359833526599,4.06040627439258e-05,4.78092054611823e-05,5.6041883198653e-05
"OU","Unnormalised decay, g(t)",76.2908865555977,3.82385255607869e-05,4.50186167261903e-05,5.27615514326094e-05
"OU","Unnormalised decay, g(t)",80.1296974693735,3.60141380542029e-05,4.23997674533146e-05,4.96771736792238e-05
"OU","Unnormalised decay, g(t)",84.1616699768472,3.39310441327337e-05,3.99234238574028e-05,4.6759653405995e-05
"OU","Unnormalised decay, g(t)",88.3965235984953,3.19594914990424e-05,3.76028188540555e-05,4.40280257688112e-05
"OU","Unnormalised decay, g(t)",92.8444669224,3.01168948452104e-05,3.54139652532558e-05,4.14472802579138e-05
"OU","Unnormalised decay, g(t)",97.5162222131928,2.83720912188266e-05,3.33543112526085e-05,3.90353203953134e-05
"OU","Unnormalised decay, g(t)",102.423051259273,2.672403765478e-05,3.14116175193105e-05,3.67679225889151e-05
"OU","Unnormalised decay, g(t)",107.576782520605,2.51827882457331e-05,2.95840209706669e-05,3.46196721081046e-05
"OU","Unnormalised decay, g(t)",112.989839642545,2.37226992790771e-05,2.786382051039e-05,3.26011281659627e-05
"OU","Unnormalised decay, g(t)",118.675271404431,2.23535359052496e-05,2.62440861792462e-05,3.07020491890674e-05
"OU","Unnormalised decay, g(t)",124.646783175114,2.10545389967301e-05,2.47154409964833e-05,2.89168897205237e-05
"OU","Unnormalised decay, g(t)",130.918769951293,1.98298684762601e-05,2.32748383335468e-05,2.72317573070873e-05
"OU","Unnormalised decay, g(t)",137.506351058256,1.86965733063581e-05,2.19197757153349e-05,2.56469361847247e-05
"OU","Unnormalised decay, g(t)",144.425406596708,1.76088635294055e-05,2.06460308185117e-05,2.41501982129525e-05
"OU","Unnormalised decay, g(t)",151.692615723526,1.65959035234569e-05,1.94436751845633e-05,2.27392816432892e-05
"OU","Unnormalised decay, g(t)",159.325496858736,1.56281402719726e-05,1.83113075324762e-05,2.14126971282348e-05
"OU","Unnormalised decay, g(t)",167.342449915617,1.47241054390969e-05,1.72466125430433e-05,2.0163603181412e-05
"OU","Unnormalised decay, g(t)",175.762800655753,1.38729487401197e-05,1.62444146369226e-05,1.89879967735847e-05
"OU","Unnormalised decay, g(t)",184.60684727594,1.30655878021359e-05,1.52994309280237e-05,1.78780387913115e-05
"OU","Unnormalised decay, g(t)",193.895909339259,1.23061554130889e-05,1.4409636328804e-05,1.68286676414555e-05
"OU","Unnormalised decay, g(t)",203.652379168268,1.15911823349833e-05,1.35708782641791e-05,1.58428186441066e-05
"OU","Unnormalised decay, g(t)",213.899775824195,1.09139743031703e-05,1.27797316382288e-05,1.49083998375666e-05
"OU","Unnormalised decay, g(t)",224.662801802268,1.02812999678667e-05,1.20335293061309e-05,1.40477077774004e-05
"OU","Unnormalised decay, g(t)",235.967402579838,9.67991783559077e-06,1.1331331514589e-05,1.32264850462532e-05
"OU","Unnormalised decay, g(t)",247.840829160858,9.11901330926708e-06,1.06708811522104e-05,1.2454162268545e-05
"OU","Unnormalised decay, g(t)",260.311703767468,8.58961242461721e-06,1.00488436697141e-05,1.17275286843828e-05
"OU","Unnormalised decay, g(t)",273.410088837064,8.09027026955381e-06,9.46446123684103e-06,1.10422700671877e-05
"OU","Unnormalised decay, g(t)",287.167559491166,7.62095015319981e-06,8.91420581227293e-06,1.03954811698044e-05
"OU","Unnormalised decay, g(t)",301.617279650778,7.17915202533778e-06,8.39606356702637e-06,9.78963159417798e-06
"OU","Unnormalised decay, g(t)",316.794081981721,6.76090660887171e-06,7.90804505704951e-06,9.2187890963708e-06
"OU","Unnormalised decay, g(t)",332.734551862678,6.36737369722054e-06,7.44731728735126e-06,8.68477565292045e-06
"OU","Unnormalised decay, g(t)",349.477115578331,5.999293800165e-06,7.01356067863102e-06,8.17608785865404e-06
"OU","Unnormalised decay, g(t)",367.062132950219,5.65041330157937e-06,6.60596022901699e-06,7.69838432377399e-06
"OU","Unnormalised decay, g(t)",385.531994628602,5.32277679154009e-06,6.22181576864505e-06,7.24935218300217e-06
"OU","Unnormalised decay, g(t)",404.931224279859,5.01413094584739e-06,5.85885147088873e-06,6.826276298653e-06
"OU","Unnormalised decay, g(t)",425.306585915763,4.72342489773776e-06,5.51687386934145e-06,6.42840291769257e-06
"OU","Unnormalised decay, g(t)",446.707196623364,4.4492346686685e-06,5.19626094207725e-06,6.05388297584603e-06
"OU","Unnormalised decay, g(t)",469.184644967214,4.18856665590922e-06,4.89368437488218e-06,5.70230227908846e-06
"OU","Unnormalised decay, g(t)",492.793115349368,3.94408125828109e-06,4.608390783367e-06,5.36939492951977e-06
"OU","Unnormalised decay, g(t)",517.589518626948,3.71465199738342e-06,4.34006609664663e-06,5.05831172344213e-06
"OU","Unnormalised decay, g(t)",543.633629302121,3.4970681846095e-06,4.08732277114216e-06,4.76394659203508e-06
"OU","Unnormalised decay, g(t)",570.988229615221,3.29439271482372e-06,3.84963210493694e-06,4.48562747288642e-06
"OU","Unnormalised decay, g(t)",599.71926088836,3.10271400889566e-06,3.62587207847693e-06,4.22711569493157e-06
"OU","Unnormalised decay, g(t)",629.895982484354,2.92245840877243e-06,3.41522212189337e-06,3.98239505263143e-06
"OU","Unnormalised decay, g(t)",661.591138764156,2.75190260758868e-06,3.2163663083623e-06,3.74952236442308e-06
"OU","Unnormalised decay, g(t)",694.881134445283,2.59171354726455e-06,3.02855133053773e-06,3.53105418547792e-06
"OU","Unnormalised decay, g(t)",729.846218783914,2.44132256530399e-06,2.85214606464875e-06,3.32501908931562e-06
"OU","Unnormalised decay, g(t)",766.570679024703,2.29938047253307e-06,2.68647162337552e-06,3.13159875766704e-06
"OU","Unnormalised decay, g(t)",805.143043584603,2.16490467225645e-06,2.53025614787115e-06,2.94978311803842e-06
"OU","Unnormalised decay, g(t)",845.656295460511,2.03818134661219e-06,2.38306075628098e-06,2.777770287501e-06
"OU","Unnormalised decay, g(t)",888.208096375173,1.91884233694499e-06,2.2442670004801e-06,2.61501623126275e-06
"OU","Unnormalised decay, g(t)",932.901022201696,1.80744806201133e-06,2.11354643208271e-06,2.46398403552004e-06
"OU","Unnormalised decay, g(t)",979.842810234145,1.70135472075295e-06,1.99047904612507e-06,2.321684446884e-06
"OU","Unnormalised decay, g(t)",1029.14661890034,1.60313915401809e-06,1.8746550489405e-06,2.18709329212962e-06
"OU","Unnormalised decay, g(t)",1080.93130054289,1.50943994838168e-06,1.76555313980712e-06,2.05982929453403e-06
"OU","Unnormalised decay, g(t)",1135.32168792608,1.42145054110204e-06,1.66251246232618e-06,1.94014422041501e-06
"OU","Unnormalised decay, g(t)",1192.44889515916,1.33807153833097e-06,1.56563220116658e-06,1.82777206550185e-06
"OU","Unnormalised decay, g(t)",1252.45063376159,1.25995293719599e-06,1.47451896968537e-06,1.7215843322469e-06
"OU","Unnormalised decay, g(t)",1315.47154463206,1.18633696786107e-06,1.3885958240362e-06,1.62083245025698e-06
"OU","Unnormalised decay, g(t)",1381.66354672152,1.116609003356e-06,1.30766038177183e-06,1.52672662961984e-06
"OU","Unnormalised decay, g(t)",1451.18620325082,1.05126389320011e-06,1.23166519772695e-06,1.43767841304823e-06
"OU","Unnormalised decay, g(t)",1524.20710635568,9.89559347495087e-07,1.15985691752052e-06,1.35416530212548e-06
"OU","Unnormalised decay, g(t)",1600.90228108626,9.32171948485546e-07,1.09229756313167e-06,1.27540764594172e-06
"OU","Unnormalised decay, g(t)",1681.45660973525,8.78050304213197e-07,1.02867372919053e-06,1.20148105558139e-06
"OU","Unnormalised decay, g(t)",1766.06427751727,8.26574646772854e-07,9.68716567785472e-07,1.13164834526236e-06
"OU","Unnormalised decay, g(t)",1854.92924067407,7.78040781908859e-07,9.12412837570758e-07,1.06603838112402e-06
"OU","Unnormalised decay, g(t)",1948.26571813383,7.32371571858181e-07,8.5938505119428e-07,1.00400674270468e-06
"OU","Unnormalised decay, g(t)",2046.29870790983,6.89912180931901e-07,8.09382202688326e-07,9.45890523834964e-07
"OU","Unnormalised decay, g(t)",2149.26452948336,6.49759336764789e-07,7.62271489776269e-07,8.91087552368553e-07
"OU","Unnormalised decay, g(t)",2257.41139347817,6.11688789971861e-07,7.1785826516429e-07,8.3945650846921e-07
"OU","Unnormalised decay, g(t)",2371,5.75986538312681e-07,6.76108272411954e-07,7.90781752386378e-07
"OU","Window-normalised decay, h(t)",0,9.77910343656575,11.3556956540904,13.2477589595333
"OU","Window-normalised decay, h(t)",0.001,9.32916484892393,10.7305906411439,12.3814312592305
"OU","Window-normalised decay, h(t)",0.00105031807974833,9.3069163184311,10.7008972863824,12.3400716784686
"OU","Window-normalised decay, h(t)",0.00110316806864623,9.28449472497274,10.6700021029983,12.2965675119147
"OU","Window-normalised decay, h(t)",0.00115867736750019,9.26114183785779,10.6373655926417,12.2519909240009
"OU","Window-normalised decay, h(t)",0.00121697978768065,9.23672791471565,10.6032583355772,12.2070233790193
"OU","Window-normalised decay, h(t)",0.00127821587368928,9.21121046557625,10.5684209327092,12.1577008243881
"OU","Window-normalised decay, h(t)",0.00134253324195716,9.18385789820537,10.5322217332977,12.1061924837344
"OU","Window-normalised decay, h(t)",0.00141008693669075,9.15501591631674,10.4939542439614,12.0525206895725
"OU","Window-normalised decay, h(t)",0.00148103980362324,9.12540812014998,10.4535288808027,11.9976795440785
"OU","Window-normalised decay, h(t)",0.00155556288257241,9.09345747079373,10.4121218231555,11.9410928122388
"OU","Window-normalised decay, h(t)",0.00163383581975124,9.06066379873705,10.3686133442038,11.8801877120073
"OU","Window-normalised decay, h(t)",0.00171604730082517,9.02711795654306,10.3228370069679,11.8179008723661
"OU","Window-normalised decay, h(t)",0.00180239550576001,8.99087976242005,10.2748757176759,11.7549130308822
"OU","Window-normalised decay, h(t)",0.00189308858655688,8.95352816231774,10.2252622231098,11.6888327309566
"OU","Window-normalised decay, h(t)",0.00198834516902591,8.91556645328955,10.1737400448748,11.6184278804925
"OU","Window-normalised decay, h(t)",0.00208839487980817,8.87638551813218,10.1201775416946,11.5475953766494
"OU","Window-normalised decay, h(t)",0.00219347889991637,8.83449635181933,10.0644105065211,11.4727885434751
"OU","Window-normalised decay, h(t)",0.00230385054612865,8.79196933700189,10.00623364348,11.3957347800248
"OU","Window-normalised decay, h(t)",0.002419775881637,8.74680224572953,9.94618036015203,11.3158220710688
"OU","Window-normalised decay, h(t)",0.00254153435742231,8.70136844707234,9.88372076146048,11.2309343139098
"OU","Window-normalised decay, h(t)",0.00266941948590221,8.65296401970335,9.81856603902284,11.1440970118196
"OU","Window-normalised decay, h(t)",0.0028037395484756,8.60167802958122,9.75162257390911,11.0552337687119
"OU","Window-normalised decay, h(t)",0.00294481833866936,8.54931098408971,9.68153143631752,10.9628263747147
"OU","Window-normalised decay, h(t)",0.00309299594267888,8.4955059776333,9.60923461401436,10.8674658813079
"OU","Window-normalised decay, h(t)",0.00324862955918387,8.43870007718519,9.53437497084643,10.7714389456073
"OU","Window-normalised decay, h(t)",0.00341209436041568,8.38020430555792,9.45651876441795,10.664992262545
"OU","Window-normalised decay, h(t)",0.00358378439655192,8.31960993122477,9.3757790214921,10.5593802680494
"OU","Window-normalised decay, h(t)",0.00376411354561846,8.25681541082787,9.29282466365804,10.4535053911986
"OU","Window-normalised decay, h(t)",0.00395351651118867,8.19134883715081,9.20782149020766,10.3409060656974
"OU","Window-normalised decay, h(t)",0.00415244987028502,8.12465342334896,9.11962673256889,10.2258640901419
"OU","Window-normalised decay, h(t)",0.00436139317400899,8.05309275762561,9.02891218466141,10.1079673196312
"OU","Window-normalised decay, h(t)",0.00458085010355261,7.97979899387416,8.9341932648866,9.98556547549205
"OU","Window-normalised decay, h(t)",0.00481134968437834,7.9046793684159,8.83747835232366,9.85822939331435
"OU","Window-normalised decay, h(t)",0.00505344756149402,7.82805141892251,8.73733578232661,9.73008483509262
"OU","Window-normalised decay, h(t)",0.0053077273388973,7.74762616369206,8.63475252389583,9.59623249572006
"OU","Window-normalised decay, h(t)",0.00557480198641835,7.66509818952944,8.52884088934998,9.46168841145905
"OU","Window-normalised decay, h(t)",0.00585531531735212,7.58074060806171,8.42038412734855,9.3216485099589
"OU","Window-normalised decay, h(t)",0.00614994354044229,7.4931656302336,8.30920872356371,9.17983560403778
"OU","Window-normalised decay, h(t)",0.00645939688995802,7.40209279961944,8.19524980092332,9.03730436064287
"OU","Window-normalised decay, h(t)",0.00678442133779308,7.31003572768756,8.07859881463632,8.89133399803864
"OU","Window-normalised decay, h(t)",0.00712580039171445,7.2159351455892,7.95941754327472,8.74069619352838
"OU","Window-normalised decay, h(t)",0.00748435698409545,7.11950274103267,7.83737372537738,8.58857841998947
"OU","Window-normalised decay, h(t)",0.00786095545568617,7.02068861655803,7.71306323521047,8.43411280039506
"OU","Window-normalised decay, h(t)",0.00825650363920349,6.91872079909098,7.58588188734675,8.27843251540685
"OU","Window-normalised decay, h(t)",0.00867195504776335,6.81511849031289,7.45670951471748,8.11908071910337
"OU","Window-normalised decay, h(t)",0.00910831117343068,6.71051553026367,7.32523295524279,7.95487903295076
"OU","Window-normalised decay, h(t)",0.00956662390142801,6.601333048801,7.19203666472979,7.79037410845284
"OU","Window-normalised decay, h(t)",0.0100479980458224,6.49066231107845,7.0567388605747,7.6279951258583
"OU","Window-normalised decay, h(t)",0.0105535940128032,6.3759114964867,6.91894120409816,7.462628714392
"OU","Window-normalised decay, h(t)",0.011084630597971,6.2614521575636,6.77982568588394,7.29936149697284
"OU","Window-normalised decay, h(t)",0.0116423879243805,6.14416965762483,6.6393343928885,7.12953370787425
"OU","Window-normalised decay, h(t)",0.0122282105284205,6.0263297994925,6.49576748612636,6.96070573090332
"OU","Window-normalised decay, h(t)",0.012843510600969,5.905640823667,6.35210826797436,6.79358900414557
"OU","Window-normalised decay, h(t)",0.0134897713916372,5.78440021213008,6.20761038108893,6.62436826637014
"OU","Window-normalised decay, h(t)",0.0141685507843084,5.66181888678551,6.06160387433196,6.45361648343243
"OU","Window-normalised decay, h(t)",0.0148814850525915,5.53700432793906,5.91509194217159,6.28351729373755
"OU","Window-normalised decay, h(t)",0.0156302928042415,5.41126249050488,5.76793726801664,6.11284470232674
"OU","Window-normalised decay, h(t)",0.0164167791240551,5.28437565493982,5.62056365929321,5.94294677620314
"OU","Window-normalised decay, h(t)",0.0172428399252301,5.15793384321319,5.47252430406538,5.7732297690339
"OU","Window-normalised decay, h(t)",0.0181104665196756,5.03088398570703,5.32454659459862,5.6040045070503
"OU","Window-normalised decay, h(t)",0.0190217504182922,4.90246441588069,5.17747853540662,5.43760012405249
"OU","Window-normalised decay, h(t)",0.0199788883727927,4.77358740460101,5.03061008942092,5.27213380981876
"OU","Window-normalised decay, h(t)",0.020984187671218,4.64473922568757,4.88415331472869,5.10746276564608
"OU","Window-normalised decay, h(t)",0.0220400716999123,4.51513358905022,4.73801666460509,4.94785247802926
"OU","Window-normalised decay, h(t)",0.0231490857853676,4.38847777638776,4.59341953353967,4.78794534487512
"OU","Window-normalised decay, h(t)",0.0243139033300167,4.25977672744771,4.44978456352571,4.63149586511814
"OU","Window-normalised decay, h(t)",0.0255373322567698,4.13163202101039,4.30756033223686,4.4763220723395
"OU","Window-normalised decay, h(t)",0.0268223217778257,4.00479543252047,4.16669002993696,4.32567774205149
"OU","Window-normalised decay, h(t)",0.0281719695040778,3.87830914128329,4.02738733435122,4.17567454453523
"OU","Window-normalised decay, h(t)",0.0295895289122516,3.75143217551625,3.89024597165914,4.02924200320545
"OU","Window-normalised decay, h(t)",0.031078417187774,3.62610188051561,3.754721903181,3.88454280252839
"OU","Window-normalised decay, h(t)",0.0326422234622804,3.502529087318,3.62204001367491,3.7424798887573
"OU","Window-normalised decay, h(t)",0.0342847174656184,3.38035073924589,3.4910280615027,3.60479842219983
"OU","Window-normalised decay, h(t)",0.0360098586132025,3.25869095633379,3.36290270111682,3.46968213494736
"OU","Window-normalised decay, h(t)",0.0378218055506278,3.13900511745482,3.23681987402556,3.33862226825809
"OU","Window-normalised decay, h(t)",0.0397249261785503,3.02036420557024,3.11358245784751,3.21043939798554
"OU","Window-normalised decay, h(t)",0.0417238081819993,2.90472107391831,2.99315509412698,3.08458936932437
"OU","Window-normalised decay, h(t)",0.0438232700895054,2.79036523454582,2.87568876940693,2.96349833651488
"OU","Window-normalised decay, h(t)",0.0460283728887019,2.678887799341,2.76084224554118,2.84524077129204
"OU","Window-normalised decay, h(t)",0.0483444322264017,2.56955288835989,2.64878982379075,2.72996899435406
"OU","Window-normalised decay, h(t)",0.0507770312225578,2.46244131853924,2.53988759732005,2.61773215858625
"OU","Window-normalised decay, h(t)",0.0533320339289981,2.35958438837461,2.43408331424176,2.50948220052736
"OU","Window-normalised decay, h(t)",0.0560155994653783,2.25803214300617,2.33124539009033,2.4037900419047
"OU","Window-normalised decay, h(t)",0.058834196866428,2.16007239567689,2.23149207289156,2.30134918664585
"OU","Window-normalised decay, h(t)",0.0617946206762821,2.06475841914644,2.13447141940673,2.20244141890361
"OU","Window-normalised decay, h(t)",0.0649040073274894,1.9724306237691,2.04063751965813,2.10655945724941
"OU","Window-normalised decay, h(t)",0.0681698523441805,1.88355379262182,1.94977362007257,2.01391786517971
"OU","Window-normalised decay, h(t)",0.0716000284108672,1.79775997850303,1.86201168819344,1.9241651876293
"OU","Window-normalised decay, h(t)",0.0752028043504282,1.71505259510362,1.77736901699611,1.83738945426673
"OU","Window-normalised decay, h(t)",0.0789868650570315,1.63522684878494,1.69574591061998,1.7543967498107
"OU","Window-normalised decay, h(t)",0.0829613324320421,1.55811996792962,1.61704111837456,1.67415698354059
"OU","Window-normalised decay, h(t)",0.0871357873733857,1.48429141430885,1.54140061197539,1.5970526378952
"OU","Window-normalised decay, h(t)",0.0915202928713737,1.41305487051118,1.46848234139351,1.52254009909718
"OU","Window-normalised decay, h(t)",0.0961254182666664,1.34455584923338,1.39832531756845,1.45068244168185
"OU","Window-normalised decay, h(t)",0.10096226472885,1.27900838513466,1.3310410427514,1.38159976893984
"OU","Window-normalised decay, h(t)",0.106042492017049,1.2162651707106,1.26635548130564,1.31528674307108
"OU","Window-normalised decay, h(t)",0.111378346587075,1.15602369569817,1.20435967602978,1.25158334154075
"OU","Window-normalised decay, h(t)",0.116982691112881,1.09831428204479,1.14499134759796,1.19051310546454
"OU","Window-normalised decay, h(t)",0.122869035493474,1.04318324953385,1.08807306276591,1.13217773844552
"OU","Window-normalised decay, h(t)",0.129051569420036,0.9904501940431,1.03358771544208,1.07601572782437
"OU","Window-normalised decay, h(t)",0.135545196581761,0.940084406811302,0.981532311192101,1.02237644426048
"OU","Window-normalised decay, h(t)",0.142365570592866,0.892083007496908,0.931750678262716,0.971015836839405
"OU","Window-normalised decay, h(t)",0.149529132727375,0.84618862613237,0.884231609320407,0.922056288712641
"OU","Window-normalised decay, h(t)",0.15705315155265,0.802401118924826,0.838816628997832,0.875166619132232
"OU","Window-normalised decay, h(t)",0.164955764557203,0.760795436327884,0.795522119580398,0.83044810148502
"OU","Window-normalised decay, h(t)",0.17325602187314,0.720996476655886,0.754232751389745,0.787724390976579
"OU","Window-normalised decay, h(t)",0.181973932198632,0.683231232943094,0.714914655419701,0.746988067493792
"OU","Window-normalised decay, h(t)",0.191130511031121,0.647267424797883,0.677449733455524,0.708154347218298
"OU","Window-normalised decay, h(t)",0.200747831327525,0.612962665203318,0.641707984453589,0.67100525535331
"OU","Window-normalised decay, h(t)",0.210849076713569,0.580514876420363,0.607748481232021,0.635676191744395
"OU","Window-normalised decay, h(t)",0.221458597370505,0.549527458264943,0.575426196669963,0.602015409474472
"OU","Window-normalised decay, h(t)",0.232601968733948,0.520138828786428,0.544719513257896,0.569845165917355
"OU","Window-normalised decay, h(t)",0.244306053146322,0.492219984237802,0.51550658589032,0.539399445712124
"OU","Window-normalised decay, h(t)",0.25659906461154,0.465733345828433,0.487764907698765,0.510506759556745
"OU","Window-normalised decay, h(t)",0.269510636808012,0.440595485829007,0.461405688468575,0.482980215776903
"OU","Window-normalised decay, h(t)",0.283071894523941,0.416697504771872,0.43642759531166,0.456891222534313
"OU","Window-normalised decay, h(t)",0.297315528687109,0.393988855108295,0.41270138235498,0.432030523906004
"OU","Window-normalised decay, h(t)",0.312275875170005,0.372532821681428,0.390185189896256,0.408390181291098
"OU","Window-normalised decay, h(t)",0.327988997560291,0.35219178982492,0.368820816640961,0.38597645663546
"OU","Window-normalised decay, h(t)",0.344492774096106,0.332969924497053,0.348563579804485,0.364789860582865
"OU","Window-normalised decay, h(t)",0.361826988975799,0.314648360844501,0.329396787060789,0.344676408258452
"OU","Window-normalised decay, h(t)",0.380033428262183,0.297368972904712,0.31119866142622,0.325594248715713
"OU","Window-normalised decay, h(t)",0.399155980612512,0.28099938337262,0.293987969499465,0.307514351948915
"OU","Window-normalised decay, h(t)",0.419240743076997,0.265500547072596,0.277685551966265,0.290402061537903
"OU","Window-normalised decay, h(t)",0.440336132220897,0.250795926855093,0.262244524407065,0.274301661386997
"OU","Window-normalised decay, h(t)",0.462493000838061,0.236905124827958,0.24764581729279,0.258976617883932
"OU","Window-normalised decay, h(t)",0.485764760537277,0.22375669466326,0.233836726285238,0.244460716508159
"OU","Window-normalised decay, h(t)",0.510207510496923,0.211306606635747,0.220744987565577,0.230724699036861
"OU","Window-normalised decay, h(t)",0.535880172698306,0.199529670193523,0.208365682205145,0.217726060492087
"OU","Window-normalised decay, h(t)",0.562844633963691,0.188416403513706,0.196673738099239,0.205443718842931
"OU","Window-normalised decay, h(t)",0.591165895141398,0.177866975801607,0.185624384977626,0.193813984215156
"OU","Window-normalised decay, h(t)",0.620912227797619,0.167876946318323,0.175168260598139,0.182860612392944
"OU","Window-normalised decay, h(t)",0.652155338792655,0.15843937273216,0.165284903632911,0.172500248771392
"OU","Window-normalised decay, h(t)",0.684970543138327,0.14955320619379,0.155953917570796,0.162708156481332
"OU","Window-normalised decay, h(t)",0.719436945553221,0.141162054214624,0.14713170611301,0.153439242715169
"OU","Window-normalised decay, h(t)",0.755637631153466,0.133220492087544,0.138799236942977,0.144693403351989
"OU","Window-normalised decay, h(t)",0.793659865738689,0.125722260136903,0.130925269859873,0.136426477014261
"OU","Window-normalised decay, h(t)",0.83359530615598,0.118626141993284,0.123494224607372,0.128625945134099
"OU","Window-normalised decay, h(t)",0.875540221248974,0.111941438527855,0.11647346881969,0.121246396039746
"OU","Window-normalised decay, h(t)",0.919595723924655,0.105617043060506,0.109852670915814,0.114300282391069
"OU","Window-normalised decay, h(t)",0.965868014897323,0.0996293788149381,0.103595538615844,0.107742118442308
"OU","Window-normalised decay, h(t)",1.01446863869729,0.0939870262617209,0.097688430172758,0.10155814425832
"OU","Window-normalised decay, h(t)",1.06551475256145,0.088668814950164,0.0921085571394393,0.0957127535355666
"OU","Window-normalised decay, h(t)",1.11912940885386,0.0836254214875714,0.0868426929483889,0.0901996499948147
"OU","Window-normalised decay, h(t)",1.17544185169728,0.0788897991136606,0.0818761805869474,0.0849982413316126
"OU","Window-normalised decay, h(t)",1.23458782853051,0.0744024855628252,0.0771895137694911,0.0801018607506288
"OU","Window-normalised decay, h(t)",1.29670991734283,0.0701769563845268,0.0727680666355711,0.0754948339383969
"OU","Window-normalised decay, h(t)",1.36195787037414,0.0661825424419648,0.0685943348799724,0.0711363190036208
"OU","Window-normalised decay, h(t)",1.4304889751095,0.062411379543376,0.0646579780502311,0.0670316362456368
"OU","Window-normalised decay, h(t)",1.50246843343818,0.0588537268168188,0.0609468869809647,0.0631606303270704
"OU","Window-normalised decay, h(t)",1.57806975989127,0.0554946750299131,0.0574477778837527,0.0595170690464668
"OU","Window-normalised decay, h(t)",1.65747519991792,0.0523240570375281,0.0541480617141452,0.0560687573312185
"OU","Window-normalised decay, h(t)",1.74087616920828,0.0493305726409908,0.0510328822194658,0.0528267301975656
"OU","Window-normalised decay, h(t)",1.82847371512247,0.0465060644592273,0.0480958852665353,0.0497723472174339
"OU","Window-normalised decay, h(t)",1.92047900133774,0.0438417785713293,0.0453260685561511,0.0468863754866748
"OU","Window-normalised decay, h(t)",2.01711381688205,0.0413291189853926,0.0427150881321986,0.0441633095497673
"OU","Window-normalised decay, h(t)",2.11861111078139,0.038966493842514,0.0402545372901862,0.041611514399295
"OU","Window-normalised decay, h(t)",2.2252155536094,0.0367336064580648,0.0379339478442638,0.0391990261005846
"OU","Window-normalised decay, h(t)",2.33718412729315,0.0346214205078836,0.0357457368280888,0.0369296621980209
"OU","Window-normalised decay, h(t)",2.45478674459683,0.0326371376124613,0.0336821468862124,0.0347789655699052
"OU","Window-normalised decay, h(t)",2.57830689977661,0.0307588827954384,0.0317377093487711,0.0327669096654457
"OU","Window-normalised decay, h(t)",2.70804235197525,0.0289875180536977,0.0299050240020101,0.0308675393075365
"OU","Window-normalised decay, h(t)",2.8443058430038,0.0273159949157133,0.0281782953420623,0.0290747246128852
"OU","Window-normalised decay, h(t)",2.98742585124072,0.0257405179161059,0.0265496047593597,0.0273911843854938
"OU","Window-normalised decay, h(t)",3.13774738346569,0.0242520673837769,0.0250143593736104,0.0258010996541701
"OU","Window-normalised decay, h(t)",3.29563280653705,0.0228510208745659,0.0235679862928152,0.0243058990117762
"OU","Window-normalised decay, h(t)",3.4614627209176,0.0215352297247826,0.0222057667002171,0.0228954784214638
"OU","Window-normalised decay, h(t)",3.63563687815462,0.0202958109423094,0.0209196509453823,0.0215673384248705
"OU","Window-normalised decay, h(t)",3.8185751445256,0.0191253229673784,0.0197090159806628,0.0203144581854424
"OU","Window-normalised decay, h(t)",4.01071851317284,0.0180173400234037,0.0185676029127308,0.019133948222321
"OU","Window-normalised decay, h(t)",4.21253016716679,0.0169751732595623,0.0174931957339907,0.0180254678691653
"OU","Window-normalised decay, h(t)",4.42449659606056,0.0159939798968413,0.0164783489081871,0.0169802566182272
"OU","Window-normalised decay, h(t)",4.64712876862737,0.01506980772374,0.0155239854784924,0.0159924996532492
"OU","Window-normalised decay, h(t)",4.88096336460794,0.0141941124468259,0.014624948768271,0.0150638678072184
"OU","Window-normalised decay, h(t)",5.12656406843699,0.0133696267643843,0.0137764531755617,0.0141894930552327
"OU","Window-normalised decay, h(t)",5.38452292806754,0.0125930087571367,0.0129778307981197,0.0133649574131197
"OU","Window-normalised decay, h(t)",5.65546178216878,0.0118616917645523,0.0122252086526329,0.0125908406452337
"OU","Window-normalised decay, h(t)",5.94003375913761,0.0111705529717956,0.0115162156190177,0.0118614596510974
"OU","Window-normalised decay, h(t)",6.2389248515377,0.0105184851396011,0.0108477752805671,0.0111744063432093
"OU","Window-normalised decay, h(t)",6.55285556976123,0.00990638085371654,0.010218704450948,0.0105282731674768
"OU","Window-normalised decay, h(t)",6.8825826788998,0.00932906565272446,0.00962573043980666,0.0099191641828824
"OU","Window-normalised decay, h(t)",7.22890102301119,0.00878641609651286,0.00906744366082286,0.00934338674755577
"OU","Window-normalised decay, h(t)",7.59264544117988,0.00827312779409489,0.0085408991326248,0.00880337713665632
"OU","Window-normalised decay, h(t)",7.97469277999,0.00778998973230169,0.00804529196667772,0.00829364169847321
"OU","Window-normalised decay, h(t)",8.37596400726201,0.00733522637353732,0.00757896606830448,0.00781374773554139
"OU","Window-normalised decay, h(t)",8.79742643214859,0.00690690681650125,0.0071389859823503,0.00736174815355209
"OU","Window-normalised decay, h(t)",9.24009603694156,0.00650254896302446,0.00672403800505793,0.00693588159901968
"OU","Window-normalised decay, h(t)",9.70503992621065,0.00612279965908371,0.0063328230539689,0.00653497249571396
"OU","Window-normalised decay, h(t)",10.1933788991785,0.00576479977292416,0.00596526300364419,0.00615720574314208
"OU","Window-normalised decay, h(t)",10.7062901515324,0.00542638864333558,0.00561867284120979,0.00580258622185071
"OU","Window-normalised decay, h(t)",11.245010113186,0.0051098181803104,0.00529237510416242,0.00546844699220149
"OU","Window-normalised decay, h(t)",11.8108374288321,0.00481092449642297,0.00498470647849133,0.00515233682565906
"OU","Window-normalised decay, h(t)",12.4051360884707,0.00452891074062747,0.00469458933316824,0.0048547038349046
"OU","Window-normalised decay, h(t)",13.0293387154593,0.00426366033470951,0.00442208800576509,0.00457407298165036
"OU","Window-normalised decay, h(t)",13.6849500200118,0.00401370433481099,0.00416518006997797,0.00431000268942419
"OU","Window-normalised decay, h(t)",14.3735504264708,0.00377815728185843,0.00392323382630702,0.0040610155976041
"OU","Window-normalised decay, h(t)",15.0967998830966,0.00355650135257051,0.00369516504766037,0.00382701008252194
"OU","Window-normalised decay, h(t)",15.8564418635589,0.00334776584928806,0.00348038472415782,0.00360600364767783
"OU","Window-normalised decay, h(t)",16.6543075697743,0.0031511695057302,0.00327813668277968,0.00339857763421274
"OU","Window-normalised decay, h(t)",17.4923203462235,0.00296591352731148,0.00308740032954524,0.00320346699287503
"OU","Window-normalised decay, h(t)",18.3725003163882,0.00279195625455113,0.0029079764051795,0.00301898103597498
"OU","Window-normalised decay, h(t)",19.2969692524845,0.00262786926568486,0.00273882611173802,0.00284508387842738
"OU","Window-normalised decay, h(t)",20.2679556902322,0.00247360557100615,0.00257942847022866,0.00268115669091946
"OU","Window-normalised decay, h(t)",21.287800300989,0.00232872217272167,0.00242912727767407,0.00252661680454266
"OU","Window-normalised decay, h(t)",22.3589615342008,0.00219178599415144,0.00228783418656645,0.00238108313316171
"OU","Window-normalised decay, h(t)",23.4840215437686,0.00206271107503742,0.00215480182378324,0.00224438926796695
"OU","Window-normalised decay, h(t)",24.6656924126196,0.00194150675344062,0.00202943553705472,0.00211529569703053
"OU","Window-normalised decay, h(t)",25.9068226904857,0.00182708502997428,0.00191134837080957,0.00199337170112485
"OU","Window-normalised decay, h(t)",27.2104042606515,0.00171975658325706,0.00180013226850121,0.00187852970882235
"OU","Window-normalised decay, h(t)",28.5795795522234,0.00161858847621729,0.00169543118479273,0.001770318101905
"OU","Window-normalised decay, h(t)",30.0176491153061,0.00152303619746377,0.00159677496728968,0.00166859358681081
"OU","Window-normalised decay, h(t)",31.5280795773476,0.00143351088895135,0.00150389512601111,0.00157271448583787
"OU","Window-normalised decay, h(t)",33.1145119998324,0.00134912657862067,0.00141640924460194,0.00148236454952407
"OU","Window-normalised decay, h(t)",34.7807706554672,0.00126965507100045,0.00133402602948891,0.00139733754495036
"OU","Window-normalised decay, h(t)",36.5308722470174,0.00119496457913193,0.00125644449561244,0.00131699922100717
"OU","Window-normalised decay, h(t)",38.3690355900191,0.00112446945656342,0.00118329023317214,0.00124127494793291
"OU","Window-normalised decay, h(t)",40.2996917827044,0.00105820046114206,0.00111441550002321,0.00116990739539102
"OU","Window-normalised decay, h(t)",42.3274948876598,0.00099575416829357,0.00104952655791863,0.00110262565064079
"OU","Window-normalised decay, h(t)",44.4573331509643,0.000937154160725178,0.000988434188312182,0.00103927024477563
"OU","Window-normalised decay, h(t)",46.6943407858529,0.000881969475562819,0.000930945936802356,0.000979545441510746
"OU","Window-normalised decay, h(t)",49.0439103493112,0.000830123813336322,0.000876815650277966,0.000923217725041766
"OU","Window-normalised decay, h(t)",51.5117057414381,0.000781162216631535,0.000825795059029675,0.000870291495408439
"OU","Window-normalised decay, h(t)",54.1036758589086,0.00073512455704163,0.000777686064336774,0.000820354757838217
"OU","Window-normalised decay, h(t)",56.8260689354551,0.000691750265409776,0.000732442703462934,0.000773144405837846
"OU","Window-normalised decay, h(t)",59.6854476039337,0.000651015422326639,0.000689819355900716,0.000728841317666802
"OU","Window-normalised decay, h(t)",62.6887047162836,0.00061270396754053,0.000649694115894018,0.000686959757353548
"OU","Window-normalised decay, h(t)",65.8430799595172,0.000576526704183021,0.000611857664326872,0.000647464967921365
"OU","Window-normalised decay, h(t)",69.1561773077962,0.000542528616294389,0.000576273869263026,0.000610216017763348
"OU","Window-normalised decay, h(t)",72.6359833526599,0.000510491784055876,0.000542763968876352,0.000575165726412732
"OU","Window-normalised decay, h(t)",76.2908865555977,0.00048047624320151,0.000511147693742968,0.000542148192864207
"OU","Window-normalised decay, h(t)",80.1296974693735,0.000452107587839021,0.000481412461034677,0.000510996442096202
"OU","Window-normalised decay, h(t)",84.1616699768472,0.00042542794749015,0.000453391382076213,0.000481624409836553
"OU","Window-normalised decay, h(t)",88.3965235984953,0.000400339007418615,0.000426985870301792,0.000453904881072297
"OU","Window-normalised decay, h(t)",92.8444669224,0.000376697350836438,0.000402141672154428,0.000427811764248197
"OU","Window-normalised decay, h(t)",97.5162222131928,0.000354502331508525,0.000378744858653358,0.00040326109228925
"OU","Window-normalised decay, h(t)",102.423051259273,0.000333634689031808,0.000356713306317333,0.000380100244334056
"OU","Window-normalised decay, h(t)",107.576782520605,0.000313904193978128,0.000335957602644093,0.000358256501877301
"OU","Window-normalised decay, h(t)",112.989839642545,0.000295405335477291,0.000316409565900712,0.000337682263148075
"OU","Window-normalised decay, h(t)",118.675271404431,0.000278034487533327,0.000297998648057578,0.000318289732718619
"OU","Window-normalised decay, h(t)",124.646783175114,0.000261645134259178,0.000280657627239505,0.000299998019177416
"OU","Window-normalised decay, h(t)",130.918769951293,0.000246206794469516,0.000264323852891919,0.000282762696983501
"OU","Window-normalised decay, h(t)",137.506351058256,0.000231669365220567,0.00024894364596857,0.000266536987552782
"OU","Window-normalised decay, h(t)",144.425406596708,0.000218002298881176,0.000234457994166771,0.000251253721438559
"OU","Window-normalised decay, h(t)",151.692615723526,0.000205136715958067,0.000220810308079449,0.000236801310564347
"OU","Window-normalised decay, h(t)",159.325496858736,0.000193040838086719,0.000207965773363728,0.000223216839830897
"OU","Window-normalised decay, h(t)",167.342449915617,0.000181650632488737,0.000195846804260816,0.000210379681338303
"OU","Window-normalised decay, h(t)",175.762800655753,0.000170941139364388,0.000184430013977399,0.000198299318827595
"OU","Window-normalised decay, h(t)",184.60684727594,0.000160860834944316,0.000173689048316947,0.000186930501460781
"OU","Window-normalised decay, h(t)",193.895909339259,0.000151374754250791,0.000163582189147454,0.000176206307324784
"OU","Window-normalised decay, h(t)",203.652379168268,0.000142448023341125,0.000154061019797575,0.000166094680708704
"OU","Window-normalised decay, h(t)",213.899775824195,0.000134025077685811,0.000145100724604607,0.00015653550365044
"OU","Window-normalised decay, h(t)",224.662801802268,0.000126111208890239,0.00013665359509183,0.000147528839287246
"OU","Window-normalised decay, h(t)",235.967402579838,0.000118683072904773,0.000128701381888509,0.000139050523594568
"OU","Window-normalised decay, h(t)",247.840829160858,0.000111688408038892,0.000121208247568347,0.000131071484643403
"OU","Window-normalised decay, h(t)",260.311703767468,0.000105079083689816,0.00011415340866254,0.000123547359566917
"OU","Window-normalised decay, h(t)",273.410088837064,9.88771949377281e-05,0.000107508839742858,0.000116463649354026
"OU","Window-normalised decay, h(t)",287.167559491166,9.30423480013314e-05,0.000101249932759137,0.000109784870486217
"OU","Window-normalised decay, h(t)",301.617279650778,8.75437523769358e-05,9.53525248544807e-05,0.000103491491258262
"OU","Window-normalised decay, h(t)",316.794081981721,8.2376724258853e-05,8.98014011205807e-05,9.75470415358014e-05
"OU","Window-normalised decay, h(t)",332.734551862678,7.75228260433516e-05,8.45737979363546e-05,9.19564989763455e-05
"OU","Window-normalised decay, h(t)",349.477115578331,7.29480798482898e-05,7.96496946642281e-05,8.66914347833761e-05
"OU","Window-normalised decay, h(t)",367.062132950219,6.86388338926655e-05,7.50078677368545e-05,8.1730410924967e-05
"OU","Window-normalised decay, h(t)",385.531994628602,6.45824903318296e-05,7.06421568882686e-05,7.70356706439146e-05
"OU","Window-normalised decay, h(t)",404.931224279859,6.07677938253293e-05,6.65320698084022e-05,7.26197792561968e-05
"OU","Window-normalised decay, h(t)",425.306585915763,5.71938847832557e-05,6.2659891589353e-05,6.84509427269943e-05
"OU","Window-normalised decay, h(t)",446.707196623364,5.38218192600577e-05,5.9009297977247e-05,6.45109324174319e-05
"OU","Window-normalised decay, h(t)",469.184644967214,5.06390911237433e-05,5.55731161446924e-05,6.08081676159354e-05
"OU","Window-normalised decay, h(t)",492.793115349368,4.76344178320215e-05,5.23385805990909e-05,5.73250573501797e-05
"OU","Window-normalised decay, h(t)",517.589518626948,4.48281490809655e-05,4.92930718496346e-05,5.40339093936806e-05
"OU","Window-normalised decay, h(t)",543.633629302121,4.21853868628653e-05,4.64241622138493e-05,5.09309854546625e-05
"OU","Window-normalised decay, h(t)",570.988229615221,3.9689472742562e-05,4.37230056346291e-05,4.80085488897221e-05
"OU","Window-normalised decay, h(t)",599.71926088836,3.73505207903207e-05,4.11768105254089e-05,4.52556324074976e-05
"OU","Window-normalised decay, h(t)",629.895982484354,3.51455784089663e-05,3.87813679780632e-05,4.26613014921827e-05
"OU","Window-normalised decay, h(t)",661.591138764156,3.30717498453262e-05,3.65226157787521e-05,4.02143593521647e-05
"OU","Window-normalised decay, h(t)",694.881134445283,3.11181046171653e-05,3.43969064257243e-05,3.79049504210039e-05
"OU","Window-normalised decay, h(t)",729.846218783914,2.92833431110967e-05,3.23950239794048e-05,3.57338687275601e-05
"OU","Window-normalised decay, h(t)",766.570679024703,2.7550884216656e-05,3.05103132412453e-05,3.36834019725916e-05
"OU","Window-normalised decay, h(t)",805.143043584603,2.59264414825015e-05,2.87347182757069e-05,3.1750358128593e-05
"OU","Window-normalised decay, h(t)",845.656295460511,2.43983690950772e-05,2.70604707171135e-05,2.99281999901976e-05
"OU","Window-normalised decay, h(t)",888.208096375173,2.29545594762819e-05,2.54849127276946e-05,2.82104258940714e-05
"OU","Window-normalised decay, h(t)",932.901022201696,2.15950710893062e-05,2.40004729752178e-05,2.65925171211436e-05
"OU","Window-normalised decay, h(t)",979.842810234145,2.03243221670192e-05,2.26026245204324e-05,2.50689010532084e-05
"OU","Window-normalised decay, h(t)",1029.14661890034,1.91259570175478e-05,2.12864508662644e-05,2.36323939386534e-05
"OU","Window-normalised decay, h(t)",1080.93130054289,1.79964208748294e-05,2.00471983526159e-05,2.22739368692881e-05
"OU","Window-normalised decay, h(t)",1135.32168792608,1.69328394089248e-05,1.88803036973419e-05,2.09973832847376e-05
"OU","Window-normalised decay, h(t)",1192.44889515916,1.59321366422105e-05,1.77817392663604e-05,1.97929067776849e-05
"OU","Window-normalised decay, h(t)",1252.45063376159,1.49905901438206e-05,1.6746649477054e-05,1.86563908741696e-05
"OU","Window-normalised decay, h(t)",1315.47154463206,1.41046751745033e-05,1.577136098015e-05,1.75836372025916e-05
"OU","Window-normalised decay, h(t)",1381.66354672152,1.32708349831031e-05,1.48525256403106e-05,1.65758334704648e-05
"OU","Window-normalised decay, h(t)",1451.18620325082,1.24855567336606e-05,1.39877669193982e-05,1.5623769103334e-05
"OU","Window-normalised decay, h(t)",1524.20710635568,1.17485799244258e-05,1.31733984458944e-05,1.4726502470242e-05
"OU","Window-normalised decay, h(t)",1600.90228108626,1.10543892659062e-05,1.24067418048029e-05,1.38826801391705e-05
"OU","Window-normalised decay, h(t)",1681.45660973525,1.04010778334807e-05,1.16842045792953e-05,1.30864645507839e-05
"OU","Window-normalised decay, h(t)",1766.06427751727,9.78642645830357e-06,1.10050661521135e-05,1.23360218345242e-05
"OU","Window-normalised decay, h(t)",1854.92924067407,9.21026500731121e-06,1.03645267322407e-05,1.16280844177156e-05
"OU","Window-normalised decay, h(t)",1948.26571813383,8.66632074284226e-06,9.76192258884384e-06,1.09617507443262e-05
"OU","Window-normalised decay, h(t)",2046.29870790983,8.15363815331935e-06,9.19427386285792e-06,1.03321682747626e-05
"OU","Window-normalised decay, h(t)",2149.26452948336,7.67203160525504e-06,8.65899807366404e-06,9.74024955750093e-06
"OU","Window-normalised decay, h(t)",2257.41139347817,7.21968958591881e-06,8.15514536655365e-06,9.18236988683111e-06
"OU","Window-normalised decay, h(t)",2371,6.79390653551527e-06,7.68081271574071e-06,8.65494722593708e-06
"MSE","Unnormalised decay, g(t)",0,1,1,1
"MSE","Unnormalised decay, g(t)",0.001,0.915555252460505,0.935904762547911,0.952816012873014
"MSE","Unnormalised decay, g(t)",0.00105031807974833,0.911677588917097,0.932883079013791,0.950549776645945
"MSE","Unnormalised decay, g(t)",0.00110316806864623,0.907639628454206,0.929728982400363,0.948180131321127
"MSE","Unnormalised decay, g(t)",0.00115867736750019,0.903437019194396,0.926437634195528,0.945702887935886
"MSE","Unnormalised decay, g(t)",0.00121697978768065,0.899067399670465,0.923003840534174,0.943113747028071
"MSE","Unnormalised decay, g(t)",0.00127821587368928,0.894523060649551,0.919421093264712,0.940408291402254
"MSE","Unnormalised decay, g(t)",0.00134253324195716,0.889785062595852,0.915685832827512,0.937581991345889
"MSE","Unnormalised decay, g(t)",0.00141008693669075,0.884870713297842,0.911792911296564,0.93463020842162
"MSE","Unnormalised decay, g(t)",0.00148103980362324,0.879766532760055,0.907743560664798,0.93154819983249
"MSE","Unnormalised decay, g(t)",0.00155556288257241,0.8744677770239,0.903524088313198,0.928331123686395
"MSE","Unnormalised decay, g(t)",0.00163383581975124,0.86893514776066,0.899129309129199,0.924974045232567
"MSE","Unnormalised decay, g(t)",0.00171604730082517,0.863191318861102,0.8945562851228,0.921471944144514
"MSE","Unnormalised decay, g(t)",0.00180239550576001,0.857256395185582,0.889800366646204,0.917819722925005
"MSE","Unnormalised decay, g(t)",0.00189308858655688,0.851110447526143,0.884859283491346,0.914012216509131
"MSE","Unnormalised decay, g(t)",0.00198834516902591,0.844747320326282,0.87971859197773,0.910044203141175
"MSE","Unnormalised decay, g(t)",0.00208839487980817,0.838161521293763,0.874377532810835,0.905910416599804
"MSE","Unnormalised decay, g(t)",0.00219347889991637,0.831350498627548,0.868830777967069,0.901605559843859
"MSE","Unnormalised decay, g(t)",0.00230385054612865,0.824311407625367,0.863079900755754,0.89712432014754
"MSE","Unnormalised decay, g(t)",0.002419775881637,0.817043695594397,0.85711582506469,0.892461385789071
"MSE","Unnormalised decay, g(t)",0.00254153435742231,0.809558007472491,0.85093224273214,0.88761146435065
"MSE","Unnormalised decay, g(t)",0.00266941948590221,0.801838761018485,0.844527765971563,0.882569302679625
"MSE","Unnormalised decay, g(t)",0.0028037395484756,0.793847405884443,0.837897685841577,0.877329708551211
"MSE","Unnormalised decay, g(t)",0.00294481833866936,0.785605041873589,0.831037635786378,0.871887574061498
"MSE","Unnormalised decay, g(t)",0.00309299594267888,0.777150895370429,0.82394235617192,0.866237900765897
"MSE","Unnormalised decay, g(t)",0.00324862955918387,0.768458451275363,0.816613606810313,0.860375826562453
"MSE","Unnormalised decay, g(t)",0.00341209436041568,0.759528669088717,0.809044906877509,0.854296654301468
"MSE","Unnormalised decay, g(t)",0.00358378439655192,0.750365413656845,0.801231569300159,0.847995882082626
"MSE","Unnormalised decay, g(t)",0.00376411354561846,0.740968348017615,0.793188061812239,0.84147001927648
"MSE","Unnormalised decay, g(t)",0.00395351651118867,0.731343795532889,0.784893417061994,0.834717390670119
"MSE","Unnormalised decay, g(t)",0.00415244987028502,0.721480133024675,0.776348547904354,0.827731599815496
"MSE","Unnormalised decay, g(t)",0.00436139317400899,0.71137134726748,0.767569138020406,0.820509290420489
"MSE","Unnormalised decay, g(t)",0.00458085010355261,0.701058101844323,0.758549520953704,0.813047475851439
"MSE","Unnormalised decay, g(t)",0.00481134968437834,0.69049084159226,0.749283118750438,0.80534357715573
"MSE","Unnormalised decay, g(t)",0.00505344756149402,0.679734509741322,0.739773089081086,0.797395461722964
"MSE","Unnormalised decay, g(t)",0.0053077273388973,0.668946030011889,0.730022708362003,0.789204471637804
"MSE","Unnormalised decay, g(t)",0.00557480198641835,0.657836615410205,0.720034775207139,0.780790087002422
"MSE","Unnormalised decay, g(t)",0.00585531531735212,0.646532591938404,0.70984549969634,0.772121415675705
"MSE","Unnormalised decay, g(t)",0.00614994354044229,0.634991368213578,0.699405010217385,0.763185642846887
"MSE","Unnormalised decay, g(t)",0.00645939688995802,0.623283376262978,0.688772576459239,0.754002293727318
"MSE","Unnormalised decay, g(t)",0.00678442133779308,0.611523685560063,0.677903504594316,0.744573106543618
"MSE","Unnormalised decay, g(t)",0.00712580039171445,0.599647575226234,0.666828686763925,0.734900300710444
"MSE","Unnormalised decay, g(t)",0.00748435698409545,0.587650061942477,0.655579559461275,0.724986665876598
"MSE","Unnormalised decay, g(t)",0.00786095545568617,0.57553549780191,0.644107774323837,0.714835759099496
"MSE","Unnormalised decay, g(t)",0.00825650363920349,0.563280839227171,0.63244786120541,0.704451905207485
"MSE","Unnormalised decay, g(t)",0.00867195504776335,0.550900895128304,0.620629585252126,0.693840012487119
"MSE","Unnormalised decay, g(t)",0.00910831117343068,0.538448511038882,0.60865081230904,0.683006326144819
"MSE","Unnormalised decay, g(t)",0.00956662390142801,0.525980059623787,0.59649739220779,0.671961446036706
"MSE","Unnormalised decay, g(t)",0.0100479980458224,0.513394706132223,0.584254764954135,0.660714188167673
"MSE","Unnormalised decay, g(t)",0.0105535940128032,0.500829110504616,0.571894249032422,0.6492688437831
"MSE","Unnormalised decay, g(t)",0.011084630597971,0.488208085883316,0.559411965599021,0.637634793553722
"MSE","Unnormalised decay, g(t)",0.0116423879243805,0.475726333680615,0.546826924522667,0.625803973371991
"MSE","Unnormalised decay, g(t)",0.0122282105284205,0.463249704614559,0.534169740418255,0.613802370730244
"MSE","Unnormalised decay, g(t)",0.012843510600969,0.450701524211907,0.521456920104853,0.601643205332332
"MSE","Unnormalised decay, g(t)",0.0134897713916372,0.438204659183594,0.508709392564217,0.589350292704606
"MSE","Unnormalised decay, g(t)",0.0141685507843084,0.425731453223248,0.495919315925484,0.576928220370065
"MSE","Unnormalised decay, g(t)",0.0148814850525915,0.413397832495663,0.48311190643594,0.564393358785827
"MSE","Unnormalised decay, g(t)",0.0156302928042415,0.401084749081262,0.470318506623396,0.551749144399094
"MSE","Unnormalised decay, g(t)",0.0164167791240551,0.388885974570182,0.457555147751214,0.539022013199424
"MSE","Unnormalised decay, g(t)",0.0172428399252301,0.376856608665172,0.444808153452446,0.526223510643506
"MSE","Unnormalised decay, g(t)",0.0181104665196756,0.36508950117866,0.43210225331065,0.513369198448792
"MSE","Unnormalised decay, g(t)",0.0190217504182922,0.353254196630102,0.41949393068559,0.500460095541328
"MSE","Unnormalised decay, g(t)",0.0199788883727927,0.341671173050216,0.406997842787304,0.487554490435054
"MSE","Unnormalised decay, g(t)",0.020984187671218,0.330286452187633,0.394602128628839,0.474640931852499
"MSE","Unnormalised decay, g(t)",0.0220400716999123,0.319086349326547,0.382283215624964,0.461737014207045
"MSE","Unnormalised decay, g(t)",0.0231490857853676,0.308093177437459,0.370090666922322,0.448871552510595
"MSE","Unnormalised decay, g(t)",0.0243139033300167,0.297338087364569,0.358076498178863,0.436063484231355
"MSE","Unnormalised decay, g(t)",0.0255373322567698,0.286701295653385,0.346210834843638,0.423310907389198
"MSE","Unnormalised decay, g(t)",0.0268223217778257,0.276293751802662,0.334510752011109,0.410628476367149
"MSE","Unnormalised decay, g(t)",0.0281719695040778,0.266167240392366,0.323015825916127,0.398035078916084
"MSE","Unnormalised decay, g(t)",0.0295895289122516,0.256179687663499,0.311706456697824,0.385558850159736
"MSE","Unnormalised decay, g(t)",0.031078417187774,0.24646151079808,0.300603416902303,0.37320192552727
"MSE","Unnormalised decay, g(t)",0.0326422234622804,0.236972442720252,0.289725260409609,0.360969028018001
"MSE","Unnormalised decay, g(t)",0.0342847174656184,0.227761164720439,0.279031471388765,0.348887118435161
"MSE","Unnormalised decay, g(t)",0.0360098586132025,0.218791534651674,0.26855156667705,0.336973159603687
"MSE","Unnormalised decay, g(t)",0.0378218055506278,0.209991710984262,0.258330020052503,0.325239501986674
"MSE","Unnormalised decay, g(t)",0.0397249261785503,0.201395448617019,0.248336250800928,0.313697261118145
"MSE","Unnormalised decay, g(t)",0.0417238081819993,0.193236940263024,0.238590851319478,0.302397074757702
"MSE","Unnormalised decay, g(t)",0.0438232700895054,0.185316445138592,0.229092667768532,0.291315021241991
"MSE","Unnormalised decay, g(t)",0.0460283728887019,0.177572964975786,0.2198644770841,0.28045471806391
"MSE","Unnormalised decay, g(t)",0.0483444322264017,0.169983822858625,0.210883624644739,0.269781633460325
"MSE","Unnormalised decay, g(t)",0.0507770312225578,0.162699667579185,0.202168654682679,0.259330001764728
"MSE","Unnormalised decay, g(t)",0.0533320339289981,0.155686285674622,0.193679509133456,0.249123783104073
"MSE","Unnormalised decay, g(t)",0.0560155994653783,0.148852528756098,0.185454560332709,0.239174459991024
"MSE","Unnormalised decay, g(t)",0.058834196866428,0.14235223633559,0.177486330002043,0.22951750277846
"MSE","Unnormalised decay, g(t)",0.0617946206762821,0.135958259439878,0.169798240066156,0.220118772950807
"MSE","Unnormalised decay, g(t)",0.0649040073274894,0.129881761348124,0.162390501218425,0.210981206610919
"MSE","Unnormalised decay, g(t)",0.0681698523441805,0.124005375153889,0.155223326155352,0.202105229630962
"MSE","Unnormalised decay, g(t)",0.0716000284108672,0.118426599765149,0.148289819590977,0.193438404713653
"MSE","Unnormalised decay, g(t)",0.0752028043504282,0.112981997638095,0.141549849338273,0.185036015054556
"MSE","Unnormalised decay, g(t)",0.0789868650570315,0.107765003869926,0.13511536888687,0.176947338088965
"MSE","Unnormalised decay, g(t)",0.0829613324320421,0.102729384361579,0.128931744128578,0.169123862266726
"MSE","Unnormalised decay, g(t)",0.0871357873733857,0.097920121821916,0.12296051552109,0.161598297216215
"MSE","Unnormalised decay, g(t)",0.0915202928713737,0.0932989987886748,0.117220531251979,0.154299899336867
"MSE","Unnormalised decay, g(t)",0.0961254182666664,0.0888713435385997,0.111727424914793,0.147250625840407
"MSE","Unnormalised decay, g(t)",0.10096226472885,0.0846814596286423,0.10645999632396,0.140471036275397
"MSE","Unnormalised decay, g(t)",0.106042492017049,0.080656145785433,0.101372211994803,0.133966708447734
"MSE","Unnormalised decay, g(t)",0.111378346587075,0.0767782935789185,0.0964971064084455,0.127666834184027
"MSE","Unnormalised decay, g(t)",0.116982691112881,0.0729994416205674,0.0918192076221176,0.121610081088102
"MSE","Unnormalised decay, g(t)",0.122869035493474,0.0694411902992003,0.0873481698915821,0.115800688593041
"MSE","Unnormalised decay, g(t)",0.129051569420036,0.0660244341608814,0.0830805118506473,0.110252514583241
"MSE","Unnormalised decay, g(t)",0.135545196581761,0.0627679946429124,0.0789927361031587,0.104884861344184
"MSE","Unnormalised decay, g(t)",0.142365570592866,0.0596966697402273,0.0750738655480244,0.0997340183622275
"MSE","Unnormalised decay, g(t)",0.149529132727375,0.056740829763289,0.0713344107153894,0.0948171932716889
"MSE","Unnormalised decay, g(t)",0.15705315155265,0.0539178844165007,0.0677706821627283,0.0901180192043313
"MSE","Unnormalised decay, g(t)",0.164955764557203,0.051217163255803,0.0643570700518435,0.0856329502058759
"MSE","Unnormalised decay, g(t)",0.17325602187314,0.0486177452980514,0.0611255099647395,0.0813541591621143
"MSE","Unnormalised decay, g(t)",0.181973932198632,0.0461402077468711,0.0580285959824998,0.0772647037657882
"MSE","Unnormalised decay, g(t)",0.191130511031121,0.0437793141186557,0.0550761232745653,0.0733398103558474
"MSE","Unnormalised decay, g(t)",0.200747831327525,0.0415256226204741,0.0522525848296686,0.0695877408079006
"MSE","Unnormalised decay, g(t)",0.210849076713569,0.039392402894242,0.0495796821977664,0.0660010896774789
"MSE","Unnormalised decay, g(t)",0.221458597370505,0.0373893478769493,0.0470112503544304,0.0625817026060199
"MSE","Unnormalised decay, g(t)",0.232601968733948,0.0354653442960487,0.0445713267324315,0.05935734264417
"MSE","Unnormalised decay, g(t)",0.244306053146322,0.0336439893222234,0.0422546204236828,0.0562907136371758
"MSE","Unnormalised decay, g(t)",0.25659906461154,0.0319036296069404,0.0400459503260926,0.0533353241622564
"MSE","Unnormalised decay, g(t)",0.269510636808012,0.0302505165548844,0.0379360449036661,0.050545091009589
"MSE","Unnormalised decay, g(t)",0.283071894523941,0.028678999974755,0.0359454321551982,0.0478987902069904
"MSE","Unnormalised decay, g(t)",0.297315528687109,0.0271691637899635,0.0340430064874425,0.0453800862520626
"MSE","Unnormalised decay, g(t)",0.312275875170005,0.0257431742981143,0.0322388522516265,0.0429663934143948
"MSE","Unnormalised decay, g(t)",0.327988997560291,0.0243711342845675,0.0305306731187961,0.0406757444677576
"MSE","Unnormalised decay, g(t)",0.344492774096106,0.0230754891239435,0.0289077492061316,0.0385029593097866
"MSE","Unnormalised decay, g(t)",0.361826988975799,0.0218567241545068,0.0273656587110197,0.0364246570116302
"MSE","Unnormalised decay, g(t)",0.380033428262183,0.0206939639159167,0.0258982018505345,0.0344600865381462
"MSE","Unnormalised decay, g(t)",0.399155980612512,0.0195990433041537,0.0245122469802653,0.0325977084472444
"MSE","Unnormalised decay, g(t)",0.419240743076997,0.0185532632005731,0.023191928090327,0.030827151006752
"MSE","Unnormalised decay, g(t)",0.440336132220897,0.0175651266052598,0.0219418383275549,0.0291533014670121
"MSE","Unnormalised decay, g(t)",0.462493000838061,0.0166227468263038,0.0207580012577702,0.0275715524004738
"MSE","Unnormalised decay, g(t)",0.485764760537277,0.0157337109531282,0.0196288386525338,0.0260661867892179
"MSE","Unnormalised decay, g(t)",0.510207510496923,0.0148877783747895,0.0185632649058131,0.0246429357998093
"MSE","Unnormalised decay, g(t)",0.535880172698306,0.0140897025410065,0.0175551923802409,0.0232973843056554
"MSE","Unnormalised decay, g(t)",0.562844633963691,0.0133211963844242,0.0166031544204333,0.0220195427115394
"MSE","Unnormalised decay, g(t)",0.591165895141398,0.012605577035632,0.0156962433570892,0.0208048274249842
"MSE","Unnormalised decay, g(t)",0.620912227797619,0.0119165658051525,0.0148406395077073,0.0196562825046823
"MSE","Unnormalised decay, g(t)",0.652155338792655,0.0112726823587365,0.0140282932152287,0.0185704976428625
"MSE","Unnormalised decay, g(t)",0.684970543138327,0.0106574863339607,0.0132603550941159,0.0175364542730261
"MSE","Unnormalised decay, g(t)",0.719436945553221,0.010076455041638,0.0125301669282961,0.0165589085841363
"MSE","Unnormalised decay, g(t)",0.755637631153466,0.00952482136673712,0.0118416106589179,0.0156368398364861
"MSE","Unnormalised decay, g(t)",0.793659865738689,0.00900225616751757,0.0111883834392294,0.0147612698397645
"MSE","Unnormalised decay, g(t)",0.83359530615598,0.00850720347593766,0.0105685578804753,0.0139355316336776
"MSE","Unnormalised decay, g(t)",0.875540221248974,0.00803702915805796,0.00998340497249656,0.0131553388626359
"MSE","Unnormalised decay, g(t)",0.919595723924655,0.00759389043274717,0.00942891427666742,0.0124256871485688
"MSE","Unnormalised decay, g(t)",0.965868014897323,0.00717525894082337,0.0089053452964112,0.0117294848875266
"MSE","Unnormalised decay, g(t)",1.01446863869729,0.00678088316180517,0.00840801118933354,0.011071005835787
"MSE","Unnormalised decay, g(t)",1.06551475256145,0.00640311367831353,0.00793973680765687,0.0104473896548815
"MSE","Unnormalised decay, g(t)",1.11912940885386,0.00604894826640024,0.00749840902497873,0.0098602154595069
"MSE","Unnormalised decay, g(t)",1.17544185169728,0.00571496928998493,0.00708072598097475,0.00931061216194447
"MSE","Unnormalised decay, g(t)",1.23458782853051,0.00539741655920155,0.00668448711770833,0.00879306433398624
"MSE","Unnormalised decay, g(t)",1.29670991734283,0.00509905505934776,0.00631072724743516,0.00829748887823564
"MSE","Unnormalised decay, g(t)",1.36195787037414,0.00481555846122175,0.00595643753669568,0.00782783479059665
"MSE","Unnormalised decay, g(t)",1.4304889751095,0.00454844445959078,0.00562253048054635,0.00738503968766661
"MSE","Unnormalised decay, g(t)",1.50246843343818,0.00429483365288261,0.0053064571672777,0.00696896812368583
"MSE","Unnormalised decay, g(t)",1.57806975989127,0.00405609997641405,0.00500819665336149,0.00658237888289787
"MSE","Unnormalised decay, g(t)",1.65747519991792,0.00382870088892625,0.00472668636468088,0.00620735172455289
"MSE","Unnormalised decay, g(t)",1.74087616920828,0.00361512853858158,0.00445999217701174,0.00585614802832283
"MSE","Unnormalised decay, g(t)",1.82847371512247,0.00341165651644099,0.00420883705496744,0.00552837238357598
"MSE","Unnormalised decay, g(t)",1.92047900133774,0.00321945023505051,0.00397121132404622,0.00521522953413959
"MSE","Unnormalised decay, g(t)",2.01711381688205,0.0030380856020503,0.00374607043046167,0.00492035941585043
"MSE","Unnormalised decay, g(t)",2.11861111078139,0.00286558447127834,0.00353339236898347,0.00464272891317189
"MSE","Unnormalised decay, g(t)",2.2252155536094,0.00270540104412164,0.00333312622126064,0.00437934091324267
"MSE","Unnormalised decay, g(t)",2.33718412729315,0.00255216705312541,0.00314449479509887,0.00412874276612934
"MSE","Unnormalised decay, g(t)",2.45478674459683,0.00240738953284064,0.00296631248660996,0.00389300824308444
"MSE","Unnormalised decay, g(t)",2.57830689977661,0.0022711595794882,0.00279718111643554,0.00367075999083436
"MSE","Unnormalised decay, g(t)",2.70804235197525,0.00214302369270385,0.00263832075720017,0.00346291674706336
"MSE","Unnormalised decay, g(t)",2.8443058430038,0.00202121097239568,0.00248842478014299,0.00326452710813328
"MSE","Unnormalised decay, g(t)",2.98742585124072,0.00190648094501361,0.00234668116673557,0.00307820491603912
"MSE","Unnormalised decay, g(t)",3.13774738346569,0.00179856888176092,0.00221332261541775,0.00290242366764631
"MSE","Unnormalised decay, g(t)",3.29563280653705,0.00169612251327358,0.0020869290746596,0.00273661955179482
"MSE","Unnormalised decay, g(t)",3.4614627209176,0.00159940061980974,0.00196780486529335,0.00258018680801436
"MSE","Unnormalised decay, g(t)",3.63563687815462,0.00150839660080822,0.00185512067274335,0.00243261199386515
"MSE","Unnormalised decay, g(t)",3.8185751445256,0.00142267249350849,0.00174938340755322,0.00229340025006832
"MSE","Unnormalised decay, g(t)",4.01071851317284,0.00134130285399677,0.0016491729636807,0.00216213419628989
"MSE","Unnormalised decay, g(t)",4.21253016716679,0.00126494567558886,0.00155456797413341,0.00203829809160098
"MSE","Unnormalised decay, g(t)",4.42449659606056,0.00119275677102688,0.0014653204411947,0.00192267079557628
"MSE","Unnormalised decay, g(t)",4.64712876862737,0.00112503773022983,0.00138112776433745,0.00181263950221024
"MSE","Unnormalised decay, g(t)",4.88096336460794,0.00106092076313873,0.00130194304444457,0.00170743493722695
"MSE","Unnormalised decay, g(t)",5.12656406843699,0.00100037513885591,0.00122719558320127,0.00160888627291277
"MSE","Unnormalised decay, g(t)",5.38452292806754,0.000943126679180182,0.00115653742992731,0.00151568444956538
"MSE","Unnormalised decay, g(t)",5.65546178216878,0.000888979959270642,0.00109009748608493,0.00142770298858619
"MSE","Unnormalised decay, g(t)",5.94003375913761,0.000838250411425092,0.00102731328327896,0.00134500297013314
"MSE","Unnormalised decay, g(t)",6.2389248515377,0.000790267359845018,0.000967791493431062,0.00126724178247845
"MSE","Unnormalised decay, g(t)",6.55285556976123,0.000744877552721875,0.000911771174161948,0.00119508975745297
"MSE","Unnormalised decay, g(t)",6.8825826788998,0.000701890383438403,0.000859133637472615,0.0011258512515337
"MSE","Unnormalised decay, g(t)",7.22890102301119,0.000661100725263329,0.000809330841698735,0.00106071220484825
"MSE","Unnormalised decay, g(t)",7.59264544117988,0.000623090569978857,0.000762515110913701,0.000999984359496413
"MSE","Unnormalised decay, g(t)",7.97469277999,0.000586846167559326,0.000718249299873258,0.000941994371067778
"MSE","Unnormalised decay, g(t)",8.37596400726201,0.000552828655264354,0.000676612371541586,0.000887628603930531
"MSE","Unnormalised decay, g(t)",8.79742643214859,0.000521121823023729,0.000637487969479262,0.000836976202119563
"MSE","Unnormalised decay, g(t)",9.24009603694156,0.000491187456192365,0.000600396051869326,0.000789755446329867
"MSE","Unnormalised decay, g(t)",9.70503992621065,0.000462953676207204,0.000565554747295487,0.000744179540709668
"MSE","Unnormalised decay, g(t)",10.1933788991785,0.000436218861978973,0.000532672930480401,0.000701618149021145
"MSE","Unnormalised decay, g(t)",10.7062901515324,0.00041085293555955,0.000501569458447292,0.000660640099538491
"MSE","Unnormalised decay, g(t)",11.245010113186,0.000387121524851499,0.000472348432187328,0.000622153165716926
"MSE","Unnormalised decay, g(t)",11.8108374288321,0.000364608295061783,0.000444754507556437,0.000586405242210949
"MSE","Unnormalised decay, g(t)",12.4051360884707,0.000343336866781046,0.000418804006764565,0.000552641427007827
"MSE","Unnormalised decay, g(t)",13.0293387154593,0.000323380713190802,0.00039440386867662,0.000520471849645904
"MSE","Unnormalised decay, g(t)",13.6849500200118,0.000304433929032869,0.000371373803036679,0.000490118043500929
"MSE","Unnormalised decay, g(t)",14.3735504264708,0.00028654702794874,0.000349661997376596,0.000461842794274667
"MSE","Unnormalised decay, g(t)",15.0967998830966,0.000269858863416135,0.000329166351932359,0.000434612290296214
"MSE","Unnormalised decay, g(t)",15.8564418635589,0.00025403968527551,0.000309902973268267,0.000409517490419552
"MSE","Unnormalised decay, g(t)",16.6543075697743,0.000239147288922114,0.000291814242085557,0.00038574265927727
"MSE","Unnormalised decay, g(t)",17.4923203462235,0.000225212511452453,0.000274723236919026,0.000363178131161399
"MSE","Unnormalised decay, g(t)",18.3725003163882,0.000212054584997973,0.000258608084663212,0.000341847833524567
"MSE","Unnormalised decay, g(t)",19.2969692524845,0.000199655253417859,0.00024341230897694,0.000321831753466871
"MSE","Unnormalised decay, g(t)",20.2679556902322,0.000187969372812491,0.000229099981165504,0.000303015668134221
"MSE","Unnormalised decay, g(t)",21.287800300989,0.000176980155477783,0.000215629562492806,0.000285404583888103
"MSE","Unnormalised decay, g(t)",22.3589615342008,0.000166628818654451,0.000202937815505033,0.000268852011696041
"MSE","Unnormalised decay, g(t)",23.4840215437686,0.000156835844413952,0.000190963152126314,0.00025321688428933
"MSE","Unnormalised decay, g(t)",24.6656924126196,0.000147678518022263,0.000179698974768586,0.000238497826850175
"MSE","Unnormalised decay, g(t)",25.9068226904857,0.000139005839135261,0.000169071104231823,0.000224622730162731
"MSE","Unnormalised decay, g(t)",27.2104042606515,0.000130777001343004,0.000159090147578909,0.000211433870796067
"MSE","Unnormalised decay, g(t)",28.5795795522234,0.000122991862063902,0.000149672996002163,0.000198900991041713
"MSE","Unnormalised decay, g(t)",30.0176491153061,0.000115773616997601,0.000140826140647708,0.000187319453684893
"MSE","Unnormalised decay, g(t)",31.5280795773476,0.000108919542466096,0.000132483228045136,0.000176253343204218
"MSE","Unnormalised decay, g(t)",33.1145119998324,0.000102471237952236,0.000124631614462877,0.00016593797617871
"MSE","Unnormalised decay, g(t)",34.7807706554672,9.63980646349048e-05,0.00011722374072719,0.000156160599696052
"MSE","Unnormalised decay, g(t)",36.5308722470174,9.06629798976257e-05,0.000110284005661049,0.000146971652856345
"MSE","Unnormalised decay, g(t)",38.3690355900191,8.52759244202638e-05,0.00010373451401307,0.000138396248703279
"MSE","Unnormalised decay, g(t)",40.2996917827044,8.02149195760172e-05,9.75655084720258e-05,0.000130245876208066
"MSE","Unnormalised decay, g(t)",42.3274948876598,7.54551395382855e-05,9.17552661267368e-05,0.00012251587095965
"MSE","Unnormalised decay, g(t)",44.4573331509643,7.0978566937386e-05,8.62912693867812e-05,0.000115220635570151
"MSE","Unnormalised decay, g(t)",46.6943407858529,6.67540394721631e-05,8.11427507111457e-05,0.000108399834327898
"MSE","Unnormalised decay, g(t)",49.0439103493112,6.27725187463347e-05,7.62999751165584e-05,0.000101956476985409
"MSE","Unnormalised decay, g(t)",51.5117057414381,5.90402015188511e-05,7.17542366461988e-05,9.59591765074157e-05
"MSE","Unnormalised decay, g(t)",54.1036758589086,5.55195188538181e-05,6.74688279059525e-05,9.02925079009449e-05
"MSE","Unnormalised decay, g(t)",56.8260689354551,5.22040195040367e-05,6.3442338292012e-05,8.49687530620043e-05
"MSE","Unnormalised decay, g(t)",59.6854476039337,4.90857405230183e-05,5.96577387759213e-05,7.98904442627182e-05
"MSE","Unnormalised decay, g(t)",62.6887047162836,4.61393653488955e-05,5.60842722408146e-05,7.51827702686794e-05
"MSE","Unnormalised decay, g(t)",65.8430799595172,4.3390244517268e-05,5.2729122645619e-05,7.07582498551384e-05
"MSE","Unnormalised decay, g(t)",69.1561773077962,4.08021038825795e-05,4.9566033283505e-05,6.6593192268802e-05
"MSE","Unnormalised decay, g(t)",72.6359833526599,3.83431375526129e-05,4.65999315753519e-05,6.26196567569062e-05
"MSE","Unnormalised decay, g(t)",76.2908865555977,3.60345649026384e-05,4.38033569054557e-05,5.88780788436318e-05
"MSE","Unnormalised decay, g(t)",80.1296974693735,3.3869898735903e-05,4.11819567466193e-05,5.54062602283717e-05
"MSE","Unnormalised decay, g(t)",84.1616699768472,3.18359716746654e-05,3.86998405420913e-05,5.21404936953553e-05
"MSE","Unnormalised decay, g(t)",88.3965235984953,2.99220677025905e-05,3.63678222145287e-05,4.90659571621956e-05
"MSE","Unnormalised decay, g(t)",92.8444669224,2.81221038198944e-05,3.4178092820369e-05,4.61711103267362e-05
"MSE","Unnormalised decay, g(t)",97.5162222131928,2.64265157400645e-05,3.21126693046107e-05,4.33974270228299e-05
"MSE","Unnormalised decay, g(t)",102.423051259273,2.48349540611692e-05,3.01753273165054e-05,4.08547432591829e-05
"MSE","Unnormalised decay, g(t)",107.576782520605,2.33486890050997e-05,2.83513848372585e-05,3.84317580113772e-05
"MSE","Unnormalised decay, g(t)",112.989839642545,2.19456382733712e-05,2.66409351647749e-05,3.61532442900179e-05
"MSE","Unnormalised decay, g(t)",118.675271404431,2.06123500576214e-05,2.5025750400397e-05,3.40345435484094e-05
"MSE","Unnormalised decay, g(t)",124.646783175114,1.93642741866947e-05,2.35139901797958e-05,3.20039749238173e-05
"MSE","Unnormalised decay, g(t)",130.918769951293,1.81994838317101e-05,2.20892440131375e-05,3.01316642718154e-05
"MSE","Unnormalised decay, g(t)",137.506351058256,1.70945491700569e-05,2.07478980218688e-05,2.83521475647279e-05
"MSE","Unnormalised decay, g(t)",144.425406596708,1.60541264186434e-05,1.94900875175535e-05,2.66589925081056e-05
"MSE","Unnormalised decay, g(t)",151.692615723526,1.50798915563986e-05,1.8307770734463e-05,2.50594514920773e-05
"MSE","Unnormalised decay, g(t)",159.325496858736,1.41604828520242e-05,1.71970726723434e-05,2.3577859270055e-05
"MSE","Unnormalised decay, g(t)",167.342449915617,1.33034280826891e-05,1.61481863123757e-05,2.21882183855054e-05
"MSE","Unnormalised decay, g(t)",175.762800655753,1.24958040795377e-05,1.51627831900259e-05,2.08802139400575e-05
"MSE","Unnormalised decay, g(t)",184.60684727594,1.17350570460142e-05,1.42391092168847e-05,1.96326685504997e-05
"MSE","Unnormalised decay, g(t)",193.895909339259,1.10183681820813e-05,1.33678771431035e-05,1.84639357039974e-05
"MSE","Unnormalised decay, g(t)",203.652379168268,1.03431489750827e-05,1.25547872869608e-05,1.73473094000438e-05
"MSE","Unnormalised decay, g(t)",213.899775824195,9.71231487692846e-06,1.17904992287118e-05,1.63172025791661e-05
"MSE","Unnormalised decay, g(t)",224.662801802268,9.11308267295842e-06,1.10702779222859e-05,1.53479576585258e-05
"MSE","Unnormalised decay, g(t)",235.967402579838,8.55066586436934e-06,1.03944783325072e-05,1.44370225352927e-05
"MSE","Unnormalised decay, g(t)",247.840829160858,8.02447492618498e-06,9.75821955899942e-06,1.35789443735793e-05
"MSE","Unnormalised decay, g(t)",260.311703767468,7.52965748763479e-06,9.15843234740776e-06,1.27726332411104e-05
"MSE","Unnormalised decay, g(t)",273.410088837064,7.06476723073602e-06,8.59392318462522e-06,1.20116599365837e-05
"MSE","Unnormalised decay, g(t)",287.167559491166,6.6232148733179e-06,8.06854261053487e-06,1.12973724294145e-05
"MSE","Unnormalised decay, g(t)",301.617279650778,6.20866053965164e-06,7.57389186580844e-06,1.06284454104326e-05
"MSE","Unnormalised decay, g(t)",316.794081981721,5.82396042585542e-06,7.10826190904681e-06,9.99672955548345e-06
"MSE","Unnormalised decay, g(t)",332.734551862678,5.46265791858706e-06,6.66910957026294e-06,9.39686922258758e-06
"MSE","Unnormalised decay, g(t)",349.477115578331,5.12455955098969e-06,6.25803877578704e-06,8.8371727979964e-06
"MSE","Unnormalised decay, g(t)",367.062132950219,4.8075575117206e-06,5.87278483569367e-06,8.31086632599429e-06
"MSE","Unnormalised decay, g(t)",385.531994628602,4.50687812788411e-06,5.50980146070707e-06,7.81919752131368e-06
"MSE","Unnormalised decay, g(t)",404.931224279859,4.22767412094481e-06,5.1703073967395e-06,7.35321793330386e-06
"MSE","Unnormalised decay, g(t)",425.306585915763,3.96490845696755e-06,4.8501716642616e-06,6.92185749952147e-06
"MSE","Unnormalised decay, g(t)",446.707196623364,3.71740200380732e-06,4.54938814002014e-06,6.51024396034434e-06
"MSE","Unnormalised decay, g(t)",469.184644967214,3.48673116699886e-06,4.26655399233886e-06,6.12665885234743e-06
"MSE","Unnormalised decay, g(t)",492.793115349368,3.26871644540973e-06,4.0012737664911e-06,5.76107712935036e-06
"MSE","Unnormalised decay, g(t)",517.589518626948,3.06186145794459e-06,3.75260233253173e-06,5.41704968285465e-06
"MSE","Unnormalised decay, g(t)",543.633629302121,2.8679231525491e-06,3.52000213193565e-06,5.09151671210865e-06
"MSE","Unnormalised decay, g(t)",570.988229615221,2.68658169274357e-06,3.30116617876923e-06,4.78795631208442e-06
"MSE","Unnormalised decay, g(t)",599.71926088836,2.5178353864483e-06,3.09616897692233e-06,4.50529970354171e-06
"MSE","Unnormalised decay, g(t)",629.895982484354,2.36013680872212e-06,2.9030398221643e-06,4.23753769599848e-06
"MSE","Unnormalised decay, g(t)",661.591138764156,2.21213159044998e-06,2.72199532067177e-06,3.98633666948207e-06
"MSE","Unnormalised decay, g(t)",694.881134445283,2.07232783389365e-06,2.55162949474662e-06,3.75023475659934e-06
"MSE","Unnormalised decay, g(t)",729.846218783914,1.94104735710416e-06,2.39232870051781e-06,3.52772668630467e-06
"MSE","Unnormalised decay, g(t)",766.570679024703,1.817140304669e-06,2.24321774917782e-06,3.31674762181733e-06
"MSE","Unnormalised decay, g(t)",805.143043584603,1.70207994903585e-06,2.10271852800271e-06,3.11876481073792e-06
"MSE","Unnormalised decay, g(t)",845.656295460511,1.59329101903456e-06,1.97178990008191e-06,2.93312374615118e-06
"MSE","Unnormalised decay, g(t)",888.208096375173,1.49205274866342e-06,1.84777567992172e-06,2.75847819905127e-06
"MSE","Unnormalised decay, g(t)",932.901022201696,1.39728971622188e-06,1.73212357023652e-06,2.59453183938093e-06
"MSE","Unnormalised decay, g(t)",979.842810234145,1.30773517937093e-06,1.62391191266731e-06,2.44062812770851e-06
"MSE","Unnormalised decay, g(t)",1029.14661890034,1.22462467865239e-06,1.52177680705161e-06,2.29461590882724e-06
"MSE","Unnormalised decay, g(t)",1080.93130054289,1.14574075932204e-06,1.42571225305944e-06,2.15896124676837e-06
"MSE","Unnormalised decay, g(t)",1135.32168792608,1.07168349731554e-06,1.33633839538141e-06,2.03166031822602e-06
"MSE","Unnormalised decay, g(t)",1192.44889515916,1.00248215301834e-06,1.25173058092481e-06,1.91183860084064e-06
"MSE","Unnormalised decay, g(t)",1252.45063376159,9.37954970140893e-07,1.17265279523357e-06,1.79903383603487e-06
"MSE","Unnormalised decay, g(t)",1315.47154463206,8.7678677875882e-07,1.0986420452102e-06,1.69290695335533e-06
"MSE","Unnormalised decay, g(t)",1381.66354672152,8.19913661759106e-07,1.02889248269553e-06,1.59299646720259e-06
"MSE","Unnormalised decay, g(t)",1451.18620325082,7.6677131839638e-07,9.6360053782326e-07,1.49873517578256e-06
"MSE","Unnormalised decay, g(t)",1524.20710635568,7.17041414598997e-07,9.02751498050666e-07,1.40951754474577e-06
"MSE","Unnormalised decay, g(t)",1600.90228108626,6.70305815727951e-07,8.4547865783341e-07,1.32518340668117e-06
"MSE","Unnormalised decay, g(t)",1681.45660973525,6.2636475029448e-07,7.91764779293013e-07,1.24567240335636e-06
"MSE","Unnormalised decay, g(t)",1766.06427751727,5.8537490413805e-07,7.41741123935545e-07,1.1712270988183e-06
"MSE","Unnormalised decay, g(t)",1854.92924067407,5.47231735238865e-07,6.94652943356067e-07,1.10189588040076e-06
"MSE","Unnormalised decay, g(t)",1948.26571813383,5.10608306808249e-07,6.5071950925286e-07,1.03608422735408e-06
"MSE","Unnormalised decay, g(t)",2046.29870790983,4.76908989170817e-07,6.09623126027172e-07,9.7336136939803e-07
"MSE","Unnormalised decay, g(t)",2149.26452948336,4.45870583421291e-07,5.71095392068634e-07,9.15463480754703e-07
"MSE","Unnormalised decay, g(t)",2257.41139347817,4.16225545242211e-07,5.34816432256576e-07,8.6065259278968e-07
"MSE","Unnormalised decay, g(t)",2371,3.8837762667559e-07,5.00959053481875e-07,8.08751352046197e-07
"MSE","Window-normalised decay, h(t)",0,9.38069557409658,11.9913098921477,14.4015175459419
"MSE","Window-normalised decay, h(t)",0.001,8.92867795411895,11.2139944091922,13.2203816313648
"MSE","Window-normalised decay, h(t)",0.00105031807974833,8.90680873316241,11.1769270934783,13.1696783117379
"MSE","Window-normalised decay, h(t)",0.00110316806864623,8.8842884775297,11.1391318197117,13.114536545801
"MSE","Window-normalised decay, h(t)",0.00115867736750019,8.86074803216494,11.1001064743064,13.0561352369861
"MSE","Window-normalised decay, h(t)",0.00121697978768065,8.83614683047524,11.059398673392,12.9971527878267
"MSE","Window-normalised decay, h(t)",0.00127821587368928,8.80978927165267,11.0172594790227,12.9373670633526
"MSE","Window-normalised decay, h(t)",0.00134253324195716,8.78342064603157,10.9734104733441,12.8754181720202
"MSE","Window-normalised decay, h(t)",0.00141008693669075,8.75519076764044,10.9261482574912,12.8078577073653
"MSE","Window-normalised decay, h(t)",0.00148103980362324,8.72573250156335,10.8759885312203,12.735453436121
"MSE","Window-normalised decay, h(t)",0.00155556288257241,8.69499249899532,10.8251965358302,12.6617290922559
"MSE","Window-normalised decay, h(t)",0.00163383581975124,8.66305652655192,10.7714691063022,12.5885831846959
"MSE","Window-normalised decay, h(t)",0.00171604730082517,8.6296216651894,10.7159114135758,12.5131148117782
"MSE","Window-normalised decay, h(t)",0.00180239550576001,8.59476009205732,10.6593571350034,12.4315896049357
"MSE","Window-normalised decay, h(t)",0.00189308858655688,8.55842333222835,10.5997010261389,12.3470699763136
"MSE","Window-normalised decay, h(t)",0.00198834516902591,8.52071873264382,10.5365351966638,12.2602705388278
"MSE","Window-normalised decay, h(t)",0.00208839487980817,8.48227956584551,10.4718527822026,12.1719492241538
"MSE","Window-normalised decay, h(t)",0.00219347889991637,8.44132263870406,10.404660353495,12.0818555364113
"MSE","Window-normalised decay, h(t)",0.00230385054612865,8.39735261298037,10.3338807058746,11.9826160303691
"MSE","Window-normalised decay, h(t)",0.002419775881637,8.35289607721889,10.2634065989967,11.8791811541365
"MSE","Window-normalised decay, h(t)",0.00254153435742231,8.30644268876753,10.1896566300372,11.7740595743597
"MSE","Window-normalised decay, h(t)",0.00266941948590221,8.25791482594584,10.1141396621756,11.6662468502711
"MSE","Window-normalised decay, h(t)",0.0028037395484756,8.20758108259169,10.0345746382671,11.5537446676616
"MSE","Window-normalised decay, h(t)",0.00294481833866936,8.15609951111755,9.95328686717399,11.439388446668
"MSE","Window-normalised decay, h(t)",0.00309299594267888,8.10219674793909,9.86820731608514,11.3228523834236
"MSE","Window-normalised decay, h(t)",0.00324862955918387,8.04622762306532,9.78245584046294,11.201179358537
"MSE","Window-normalised decay, h(t)",0.00341209436041568,7.98828551180277,9.68978920388495,11.074581827537
"MSE","Window-normalised decay, h(t)",0.00358378439655192,7.92831011435959,9.59679558137195,10.947739423677
"MSE","Window-normalised decay, h(t)",0.00376411354561846,7.86153589966902,9.5002310926152,10.8157932852968
"MSE","Window-normalised decay, h(t)",0.00395351651118867,7.79845649947892,9.40032724825271,10.6816295797167
"MSE","Window-normalised decay, h(t)",0.00415244987028502,7.73270694294942,9.29773545167452,10.5469072691484
"MSE","Window-normalised decay, h(t)",0.00436139317400899,7.65626182654322,9.19120769716376,10.4034441490902
"MSE","Window-normalised decay, h(t)",0.00458085010355261,7.5837819369515,9.08250111978512,10.258890604456
"MSE","Window-normalised decay, h(t)",0.00481134968437834,7.5102802403089,8.97008926106858,10.1177727070572
"MSE","Window-normalised decay, h(t)",0.00505344756149402,7.4328158364454,8.85674670476082,9.96741524296451
"MSE","Window-normalised decay, h(t)",0.0053077273388973,7.35378133772894,8.73937225939324,9.81566731510754
"MSE","Window-normalised decay, h(t)",0.00557480198641835,7.2692474438617,8.61990838678932,9.65705584515399
"MSE","Window-normalised decay, h(t)",0.00585531531735212,7.18774727827456,8.49670093527439,9.49337481857907
"MSE","Window-normalised decay, h(t)",0.00614994354044229,7.10251582934113,8.37231940498235,9.32776198858211
"MSE","Window-normalised decay, h(t)",0.00645939688995802,7.01684822506843,8.24446739837734,9.16422992954704
"MSE","Window-normalised decay, h(t)",0.00678442133779308,6.92649500860881,8.11390574108444,8.99948737003149
"MSE","Window-normalised decay, h(t)",0.00712580039171445,6.82693439448851,7.98123451298512,8.82753238075962
"MSE","Window-normalised decay, h(t)",0.00748435698409545,6.729722798308,7.84604278586973,8.6573876404371
"MSE","Window-normalised decay, h(t)",0.00786095545568617,6.63101480700147,7.70675589221739,8.48286590635068
"MSE","Window-normalised decay, h(t)",0.00825650363920349,6.52451884608245,7.56826785363598,8.30759476441208
"MSE","Window-normalised decay, h(t)",0.00867195504776335,6.4166347969412,7.42566982658708,8.13552143816036
"MSE","Window-normalised decay, h(t)",0.00910831117343068,6.31183533012356,7.28158410926417,7.95845910180431
"MSE","Window-normalised decay, h(t)",0.00956662390142801,6.20472639470785,7.13563192876294,7.78383596908
"MSE","Window-normalised decay, h(t)",0.0100479980458224,6.09170150765737,6.98871006809733,7.60827605137528
"MSE","Window-normalised decay, h(t)",0.0105535940128032,5.9819915479006,6.84237879516601,7.43071211738662
"MSE","Window-normalised decay, h(t)",0.011084630597971,5.86300439528846,6.69355093395905,7.25146947813278
"MSE","Window-normalised decay, h(t)",0.0116423879243805,5.74928841026694,6.5444933255975,7.07310697301959
"MSE","Window-normalised decay, h(t)",0.0122282105284205,5.63225435255506,6.3936920841456,6.8943044931238
"MSE","Window-normalised decay, h(t)",0.012843510600969,5.51197418197866,6.24140212744237,6.71441985428408
"MSE","Window-normalised decay, h(t)",0.0134897713916372,5.39143321732267,6.08938014082453,6.53734310807969
"MSE","Window-normalised decay, h(t)",0.0141685507843084,5.27013371506562,5.93799727785798,6.3589117037194
"MSE","Window-normalised decay, h(t)",0.0148814850525915,5.14176107018743,5.78543776782061,6.1800531394293
"MSE","Window-normalised decay, h(t)",0.0156302928042415,5.01775094533844,5.63299123386332,6.00488752583013
"MSE","Window-normalised decay, h(t)",0.0164167791240551,4.89673706100084,5.4812860022466,5.83034276588512
"MSE","Window-normalised decay, h(t)",0.0172428399252301,4.77001889925545,5.33005369108424,5.65757785058592
"MSE","Window-normalised decay, h(t)",0.0181104665196756,4.6400979343147,5.17917573823638,5.48688043470119
"MSE","Window-normalised decay, h(t)",0.0190217504182922,4.5083733705813,5.03025896257558,5.31865315351448
"MSE","Window-normalised decay, h(t)",0.0199788883727927,4.3792733973701,4.88099462792827,5.15162348919989
"MSE","Window-normalised decay, h(t)",0.020984187671218,4.24696441757825,4.73291407271007,4.98531841658788
"MSE","Window-normalised decay, h(t)",0.0220400716999123,4.12002289240903,4.58681240721102,4.82226272661108
"MSE","Window-normalised decay, h(t)",0.0231490857853676,3.99148983892626,4.44254586767652,4.66203888349012
"MSE","Window-normalised decay, h(t)",0.0243139033300167,3.86831350412221,4.29911360379391,4.50432906063747
"MSE","Window-normalised decay, h(t)",0.0255373322567698,3.74918891315768,4.15748621559808,4.34946407179837
"MSE","Window-normalised decay, h(t)",0.0268223217778257,3.62689053476248,4.01796845084432,4.1979984121977
"MSE","Window-normalised decay, h(t)",0.0281719695040778,3.50515847040269,3.88116694740395,4.04880319352058
"MSE","Window-normalised decay, h(t)",0.0295895289122516,3.38231399309736,3.74568625136671,3.90501224457275
"MSE","Window-normalised decay, h(t)",0.031078417187774,3.2653846601933,3.61361344840422,3.7638760698392
"MSE","Window-normalised decay, h(t)",0.0326422234622804,3.14725269707493,3.48409028315622,3.62455151394409
"MSE","Window-normalised decay, h(t)",0.0342847174656184,3.03109401606442,3.35655537379202,3.48959772118087
"MSE","Window-normalised decay, h(t)",0.0360098586132025,2.91902226031703,3.23165456287632,3.35715741795775
"MSE","Window-normalised decay, h(t)",0.0378218055506278,2.80830736570019,3.10950839214925,3.22903166636518
"MSE","Window-normalised decay, h(t)",0.0397249261785503,2.69819854527292,2.9902503662559,3.10411016260027
"MSE","Window-normalised decay, h(t)",0.0417238081819993,2.59203623732375,2.87355825059157,2.98192339102078
"MSE","Window-normalised decay, h(t)",0.0438232700895054,2.48998964522468,2.76040982989248,2.86367303230704
"MSE","Window-normalised decay, h(t)",0.0460283728887019,2.39123557398691,2.64981888501764,2.7486025870792
"MSE","Window-normalised decay, h(t)",0.0483444322264017,2.29445058866091,2.54218678331882,2.63715471977316
"MSE","Window-normalised decay, h(t)",0.0507770312225578,2.20012969317855,2.43760789359921,2.52910356027401
"MSE","Window-normalised decay, h(t)",0.0533320339289981,2.10810526822429,2.33590182361609,2.42506565864471
"MSE","Window-normalised decay, h(t)",0.0560155994653783,2.02040070717594,2.23711756926172,2.32337590595662
"MSE","Window-normalised decay, h(t)",0.058834196866428,1.93449364215043,2.14162187996109,2.22457736213507
"MSE","Window-normalised decay, h(t)",0.0617946206762821,1.85101826133098,2.04900584125537,2.12940938661629
"MSE","Window-normalised decay, h(t)",0.0649040073274894,1.7706601454131,1.95938988809957,2.0377821073221
"MSE","Window-normalised decay, h(t)",0.0681698523441805,1.69369950594765,1.87278024071965,1.94845506139098
"MSE","Window-normalised decay, h(t)",0.0716000284108672,1.61872823679244,1.78922321476556,1.86250097536709
"MSE","Window-normalised decay, h(t)",0.0752028043504282,1.54713330298286,1.70853830458993,1.77963798848189
"MSE","Window-normalised decay, h(t)",0.0789868650570315,1.47888915157812,1.63082884850125,1.69948711369618
"MSE","Window-normalised decay, h(t)",0.0829613324320421,1.41264820092386,1.55590722499883,1.62223292534938
"MSE","Window-normalised decay, h(t)",0.0871357873733857,1.34887293844458,1.48381371700706,1.54836080265826
"MSE","Window-normalised decay, h(t)",0.0915202928713737,1.28762745867918,1.41437887985708,1.47723486935074
"MSE","Window-normalised decay, h(t)",0.0961254182666664,1.22816130514997,1.34778278648009,1.40858669362004
"MSE","Window-normalised decay, h(t)",0.10096226472885,1.17152004545638,1.28382874875132,1.34272091556297
"MSE","Window-normalised decay, h(t)",0.106042492017049,1.11692761335388,1.22231273497277,1.2794127855155
"MSE","Window-normalised decay, h(t)",0.111378346587075,1.06430285421337,1.16347138397666,1.21837784782568
"MSE","Window-normalised decay, h(t)",0.116982691112881,1.01452837149983,1.10693970462478,1.16005387964429
"MSE","Window-normalised decay, h(t)",0.122869035493474,0.966387185625587,1.05289382054844,1.10373701379192
"MSE","Window-normalised decay, h(t)",0.129051569420036,0.920388225901771,1.00114998911596,1.05016499787253
"MSE","Window-normalised decay, h(t)",0.135545196581761,0.8761175651261,0.951584258145035,0.998826525827857
"MSE","Window-normalised decay, h(t)",0.142365570592866,0.834203801313749,0.904171772783523,0.949543793874233
"MSE","Window-normalised decay, h(t)",0.149529132727375,0.793626536623679,0.858968662773396,0.902400371007291
"MSE","Window-normalised decay, h(t)",0.15705315155265,0.755041755636317,0.815890545931854,0.857256814728082
"MSE","Window-normalised decay, h(t)",0.164955764557203,0.718263974037137,0.774750997163143,0.814156531467359
"MSE","Window-normalised decay, h(t)",0.17325602187314,0.683101622477563,0.735407328781199,0.772836744489066
"MSE","Window-normalised decay, h(t)",0.181973932198632,0.649343204735033,0.697842984484788,0.733465468514077
"MSE","Window-normalised decay, h(t)",0.191130511031121,0.617244921029086,0.662068317404707,0.696037989963955
"MSE","Window-normalised decay, h(t)",0.200747831327525,0.586474111263765,0.627998751891228,0.660403313637497
"MSE","Window-normalised decay, h(t)",0.210849076713569,0.557132281368839,0.595596360498746,0.626321801306743
"MSE","Window-normalised decay, h(t)",0.221458597370505,0.529214181819225,0.564685507179561,0.5938793354254
"MSE","Window-normalised decay, h(t)",0.232601968733948,0.50269906483448,0.535297972894257,0.562919730389122
"MSE","Window-normalised decay, h(t)",0.244306053146322,0.477252728173647,0.507313439614533,0.533433855779505
"MSE","Window-normalised decay, h(t)",0.25659906461154,0.452853279582426,0.480745347067344,0.50537791283614
"MSE","Window-normalised decay, h(t)",0.269510636808012,0.429856453040687,0.455481062482726,0.478816272477377
"MSE","Window-normalised decay, h(t)",0.283071894523941,0.407791334537072,0.43143778017275,0.453458111661502
"MSE","Window-normalised decay, h(t)",0.297315528687109,0.386806703028522,0.40857378933581,0.429247600628856
"MSE","Window-normalised decay, h(t)",0.312275875170005,0.366853035873092,0.386877506340132,0.40635898522271
"MSE","Window-normalised decay, h(t)",0.327988997560291,0.347861722053415,0.366335268389927,0.384671254309999
"MSE","Window-normalised decay, h(t)",0.344492774096106,0.3297925493242,0.346774150775299,0.364103624468953
"MSE","Window-normalised decay, h(t)",0.361826988975799,0.312589998037137,0.328211526804005,0.344460784344162
"MSE","Window-normalised decay, h(t)",0.380033428262183,0.296175627829687,0.310637028087849,0.325875444368898
"MSE","Window-normalised decay, h(t)",0.399155980612512,0.280622902625185,0.293928119157639,0.308152729243245
"MSE","Window-normalised decay, h(t)",0.419240743076997,0.26573312283802,0.278133723575082,0.291424385768866
"MSE","Window-normalised decay, h(t)",0.440336132220897,0.251659819817548,0.263103265800694,0.27558400373015
"MSE","Window-normalised decay, h(t)",0.462493000838061,0.238192230713051,0.248907362881439,0.260597328175395
"MSE","Window-normalised decay, h(t)",0.485764760537277,0.225455024959252,0.235412576508856,0.246361337101528
"MSE","Window-normalised decay, h(t)",0.510207510496923,0.213370110147075,0.222640465811889,0.232922837198678
"MSE","Window-normalised decay, h(t)",0.535880172698306,0.201908032986431,0.210551852407099,0.220120708750984
"MSE","Window-normalised decay, h(t)",0.562844633963691,0.191006550923836,0.199084229306393,0.208035392463381
"MSE","Window-normalised decay, h(t)",0.591165895141398,0.180699133998176,0.188207875419211,0.196595568844675
"MSE","Window-normalised decay, h(t)",0.620912227797619,0.1708332722304,0.177900069873176,0.185757008125266
"MSE","Window-normalised decay, h(t)",0.652155338792655,0.161476087271287,0.168149741457626,0.175529549277567
"MSE","Window-normalised decay, h(t)",0.684970543138327,0.152655761313906,0.158914259687457,0.165820596244261
"MSE","Window-normalised decay, h(t)",0.719436945553221,0.144255080644433,0.150167220455555,0.156687601426177
"MSE","Window-normalised decay, h(t)",0.755637631153466,0.136314929644093,0.141896804194814,0.148040391638217
"MSE","Window-normalised decay, h(t)",0.793659865738689,0.128825684964389,0.134059286814513,0.139868390829122
"MSE","Window-normalised decay, h(t)",0.83359530615598,0.121697490164519,0.126648045275969,0.132171494262854
"MSE","Window-normalised decay, h(t)",0.875540221248974,0.114980723766738,0.119632339408177,0.124939062416307
"MSE","Window-normalised decay, h(t)",0.919595723924655,0.108613588616788,0.112981444545121,0.118030675034887
"MSE","Window-normalised decay, h(t)",0.965868014897323,0.102581332684481,0.10669426444057,0.11149477568601
"MSE","Window-normalised decay, h(t)",1.01446863869729,0.0968795778235593,0.10075989824937,0.105335784921094
"MSE","Window-normalised decay, h(t)",1.06551475256145,0.0914717305404358,0.0951383092274448,0.0995586052687264
"MSE","Window-normalised decay, h(t)",1.11912940885386,0.0863841963637919,0.0898295711503709,0.0941223225744983
"MSE","Window-normalised decay, h(t)",1.17544185169728,0.0815626427687389,0.0848145026807414,0.0889030874335816
"MSE","Window-normalised decay, h(t)",1.23458782853051,0.0770018457789602,0.0800556833048945,0.0840153092400774
"MSE","Window-normalised decay, h(t)",1.29670991734283,0.0726921397566719,0.0755627898164682,0.079388477839604
"MSE","Window-normalised decay, h(t)",1.36195787037414,0.0686214779495711,0.0713237208763782,0.0750067714464532
"MSE","Window-normalised decay, h(t)",1.4304889751095,0.0647623944695308,0.0673153997764712,0.0708758385966377
"MSE","Window-normalised decay, h(t)",1.50246843343818,0.0611127842124669,0.063526754108351,0.0669657714525162
"MSE","Window-normalised decay, h(t)",1.57806975989127,0.0576658942518211,0.0599434415874222,0.0632972073263322
"MSE","Window-normalised decay, h(t)",1.65747519991792,0.0544090811731121,0.0565515510920205,0.0598196045659325
"MSE","Window-normalised decay, h(t)",1.74087616920828,0.0513353079005181,0.0533518103510746,0.0565476363497459
"MSE","Window-normalised decay, h(t)",1.82847371512247,0.0484315916074255,0.050331605361859,0.0534369567158826
"MSE","Window-normalised decay, h(t)",1.92047900133774,0.0456927101633584,0.0474787068809122,0.0505156263727554
"MSE","Window-normalised decay, h(t)",2.01711381688205,0.0431061401537169,0.0447830624191253,0.0477610444981188
"MSE","Window-normalised decay, h(t)",2.11861111078139,0.0406650357970872,0.0422403198118743,0.045132231512654
"MSE","Window-normalised decay, h(t)",2.2252155536094,0.0383530682158339,0.0398407145948641,0.0426548023564967
"MSE","Window-normalised decay, h(t)",2.33718412729315,0.0361696730697101,0.037570202431911,0.040326116038371
"MSE","Window-normalised decay, h(t)",2.45478674459683,0.034114287041235,0.0354305338951891,0.0381120019250496
"MSE","Window-normalised decay, h(t)",2.57830689977661,0.0321698949522489,0.0334100155156566,0.0360082885055146
"MSE","Window-normalised decay, h(t)",2.70804235197525,0.0303357620257303,0.0315032438021307,0.0340292056639611
"MSE","Window-normalised decay, h(t)",2.8443058430038,0.0286088728741185,0.0297021444419956,0.0321475477745154
"MSE","Window-normalised decay, h(t)",2.98742585124072,0.0269769376436737,0.0280046178531689,0.0303693817057353
"MSE","Window-normalised decay, h(t)",3.13774738346569,0.0254354826682159,0.0264049094620273,0.0286798677993584
"MSE","Window-normalised decay, h(t)",3.29563280653705,0.0239783205869174,0.0248904717293668,0.0270869933665983
"MSE","Window-normalised decay, h(t)",3.4614627209176,0.0226034011991743,0.0234623666883308,0.0255847145183087
"MSE","Window-normalised decay, h(t)",3.63563687815462,0.0213070680856756,0.0221166548032229,0.0241610835031643
"MSE","Window-normalised decay, h(t)",3.8185751445256,0.020080794214456,0.0208454848525304,0.0228182673511617
"MSE","Window-normalised decay, h(t)",4.01071851317284,0.0189247370826672,0.0196485069193113,0.0215380081175052
"MSE","Window-normalised decay, h(t)",4.21253016716679,0.0178370678235918,0.0185180831322801,0.0203295193432756
"MSE","Window-normalised decay, h(t)",4.42449659606056,0.0168106411320572,0.0174521848424358,0.0191879380602799
"MSE","Window-normalised decay, h(t)",4.64712876862737,0.0158424087100353,0.0164477460094172,0.0181166777249239
"MSE","Window-normalised decay, h(t)",4.88096336460794,0.0149277024665333,0.0155000018130644,0.0171076449225304
"MSE","Window-normalised decay, h(t)",5.12656406843699,0.0140647322518868,0.014604959871927,0.0161511573959626
"MSE","Window-normalised decay, h(t)",5.38452292806754,0.0132503898104632,0.0137622075059887,0.0152424602628208
"MSE","Window-normalised decay, h(t)",5.65546178216878,0.0124842917127287,0.0129673341015523,0.0143903804697762
"MSE","Window-normalised decay, h(t)",5.94003375913761,0.0117596320150941,0.0122188585425792,0.0135723558872094
"MSE","Window-normalised decay, h(t)",6.2389248515377,0.011076305583711,0.0115117191290535,0.0128098329390415
"MSE","Window-normalised decay, h(t)",6.55285556976123,0.0104333413339617,0.0108460171706516,0.0120887601131056
"MSE","Window-normalised decay, h(t)",6.8825826788998,0.00982788514035213,0.010218446732739,0.0114066483018884
"MSE","Window-normalised decay, h(t)",7.22890102301119,0.00925599627835994,0.00962706288132729,0.0107599770318516
"MSE","Window-normalised decay, h(t)",7.59264544117988,0.00871789640061557,0.00906935131433519,0.010148465716354
"MSE","Window-normalised decay, h(t)",7.97469277999,0.008208976192917,0.00854274370800128,0.00956746994886139
"MSE","Window-normalised decay, h(t)",8.37596400726201,0.00772989856565058,0.00804671924395768,0.00901938997016477
"MSE","Window-normalised decay, h(t)",8.79742643214859,0.00727898397945063,0.00757934709245686,0.00850794190905314
"MSE","Window-normalised decay, h(t)",9.24009603694156,0.00685329235188248,0.00713897201218525,0.0080174158222881
"MSE","Window-normalised decay, h(t)",9.70503992621065,0.0064513043728427,0.00672442047579661,0.00755795053177117
"MSE","Window-normalised decay, h(t)",10.1933788991785,0.00607257429418628,0.00633317623029171,0.00712835788290519
"MSE","Window-normalised decay, h(t)",10.7062901515324,0.00571574618600684,0.00596498617121055,0.00671929446389969
"MSE","Window-normalised decay, h(t)",11.245010113186,0.00538001991715226,0.00561742923376069,0.00633301251584582
"MSE","Window-normalised decay, h(t)",11.8108374288321,0.00506482620466233,0.00528990936362443,0.00597092986696542
"MSE","Window-normalised decay, h(t)",12.4051360884707,0.00476733643204336,0.00498172035238302,0.00562970941055815
"MSE","Window-normalised decay, h(t)",13.0293387154593,0.0044866470642698,0.00469067166969796,0.00530410047561412
"MSE","Window-normalised decay, h(t)",13.6849500200118,0.00422192119647814,0.00441674689416623,0.00499867468957554
"MSE","Window-normalised decay, h(t)",14.3735504264708,0.0039739099307708,0.00415848263594194,0.00470994556690079
"MSE","Window-normalised decay, h(t)",15.0967998830966,0.00373909132389964,0.0039154858663994,0.00443811573476575
"MSE","Window-normalised decay, h(t)",15.8564418635589,0.00351843919094315,0.00368615053432526,0.0041810338889985
"MSE","Window-normalised decay, h(t)",16.6543075697743,0.00331008833826761,0.00347025626699621,0.00393930945275403
"MSE","Window-normalised decay, h(t)",17.4923203462235,0.0031140458940795,0.00326716618468003,0.00371199072876017
"MSE","Window-normalised decay, h(t)",18.3725003163882,0.00292931634679544,0.00307562336011316,0.00349678211151581
"MSE","Window-normalised decay, h(t)",19.2969692524845,0.00275536956186347,0.00289538925170184,0.00329556919583682
"MSE","Window-normalised decay, h(t)",20.2679556902322,0.0025918941946001,0.00272533415752877,0.00310281837999834
"MSE","Window-normalised decay, h(t)",21.287800300989,0.00243810574797244,0.00256542031253342,0.00292148878078204
"MSE","Window-normalised decay, h(t)",22.3589615342008,0.00229331326409263,0.00241462475634175,0.00275198062965586
"MSE","Window-normalised decay, h(t)",23.4840215437686,0.00215694366763252,0.00227275895916744,0.00259178857704976
"MSE","Window-normalised decay, h(t)",24.6656924126196,0.00202886066895056,0.00213914536347772,0.00243887234683154
"MSE","Window-normalised decay, h(t)",25.9068226904857,0.00190813920083839,0.00201312134020084,0.00229588655557816
"MSE","Window-normalised decay, h(t)",27.2104042606515,0.00179466272525115,0.00189465976146589,0.00216065691107665
"MSE","Window-normalised decay, h(t)",28.5795795522234,0.00168741406277783,0.00178287912254665,0.00203415021789321
"MSE","Window-normalised decay, h(t)",30.0176491153061,0.00158691517139381,0.00167780621305253,0.00191414392524071
"MSE","Window-normalised decay, h(t)",31.5280795773476,0.0014918647332145,0.00157871556340887,0.00180155275835967
"MSE","Window-normalised decay, h(t)",33.1145119998324,0.00140267209082954,0.00148552173912967,0.00169519618523027
"MSE","Window-normalised decay, h(t)",34.7807706554672,0.00131861792693842,0.00139773218116192,0.00159344695665085
"MSE","Window-normalised decay, h(t)",36.5308722470174,0.00123946534611747,0.00131503606670018,0.00150008068732163
"MSE","Window-normalised decay, h(t)",38.3690355900191,0.00116516963266591,0.0012372518455968,0.00141062215260995
"MSE","Window-normalised decay, h(t)",40.2996917827044,0.00109504044306196,0.00116400164045941,0.0013268316261107
"MSE","Window-normalised decay, h(t)",42.3274948876598,0.00102929203302176,0.00109507129423175,0.00124800152252099
"MSE","Window-normalised decay, h(t)",44.4573331509643,0.000967515119700347,0.00103012441025974,0.00117391452563334
"MSE","Window-normalised decay, h(t)",46.6943407858529,0.00090929309440618,0.000969051766943216,0.00110447639127866
"MSE","Window-normalised decay, h(t)",49.0439103493112,0.000854540928254221,0.000911534151478189,0.00103848755946909
"MSE","Window-normalised decay, h(t)",51.5117057414381,0.000802979570646896,0.000857347743247193,0.00097642180065659
"MSE","Window-normalised decay, h(t)",54.1036758589086,0.000754558933699883,0.00080639794035336,0.000918820237534591
"MSE","Window-normalised decay, h(t)",56.8260689354551,0.00070896120102163,0.000758351337542154,0.000864138890967007
"MSE","Window-normalised decay, h(t)",59.6854476039337,0.000666010570434526,0.000713155807136573,0.000813056914498402
"MSE","Window-normalised decay, h(t)",62.6887047162836,0.000625780377428664,0.000670619528326561,0.000764146474297609
"MSE","Window-normalised decay, h(t)",65.8430799595172,0.000587830797182154,0.000630686016938533,0.00071828710910967
"MSE","Window-normalised decay, h(t)",69.1561773077962,0.000552168438145606,0.000593019857736006,0.00067502795637825
"MSE","Window-normalised decay, h(t)",72.6359833526599,0.000518761720744069,0.000557608763248468,0.000634492142864409
"MSE","Window-normalised decay, h(t)",76.2908865555977,0.000487339093858219,0.000524313447780594,0.000596315842568473
"MSE","Window-normalised decay, h(t)",80.1296974693735,0.000457746072277056,0.000492962492742422,0.000560797686734749
"MSE","Window-normalised decay, h(t)",84.1616699768472,0.000430002393809199,0.000463417548338263,0.000527096331219605
"MSE","Window-normalised decay, h(t)",88.3965235984953,0.000403800035740898,0.000435668616441226,0.000495283949780603
"MSE","Window-normalised decay, h(t)",92.8444669224,0.000379163457420143,0.000409584291827669,0.000465491288768803
"MSE","Window-normalised decay, h(t)",97.5162222131928,0.000356071822668603,0.00038501261105973,0.00043803969110585
"MSE","Window-normalised decay, h(t)",102.423051259273,0.000334227923937093,0.000361890871903758,0.000411960853706743
"MSE","Window-normalised decay, h(t)",107.576782520605,0.00031378548343653,0.00034016017441288,0.000387244375867868
"MSE","Window-normalised decay, h(t)",112.989839642545,0.000294493054932957,0.000319707487320925,0.000363912974940582
"MSE","Window-normalised decay, h(t)",118.675271404431,0.000276422950787673,0.000300479596539411,0.0003419124417428
"MSE","Window-normalised decay, h(t)",124.646783175114,0.000259435112357898,0.000282386969041544,0.000321172144443274
"MSE","Window-normalised decay, h(t)",130.918769951293,0.000243499057430357,0.00026536132061705,0.000301614496474965
"MSE","Window-normalised decay, h(t)",137.506351058256,0.000228522787584408,0.000249353832842178,0.000283275994703874
"MSE","Window-normalised decay, h(t)",144.425406596708,0.000214464731067825,0.000234316777688339,0.000266427330981384
"MSE","Window-normalised decay, h(t)",151.692615723526,0.000201265389193739,0.000220164137093209,0.000250133843198072
"MSE","Window-normalised decay, h(t)",159.325496858736,0.000188832691741655,0.000206800435474728,0.000234990206526544
"MSE","Window-normalised decay, h(t)",167.342449915617,0.000177216081723866,0.000194274749460243,0.000220890267991282
"MSE","Window-normalised decay, h(t)",175.762800655753,0.000166282408222837,0.000182530438934699,0.000207429575541154
"MSE","Window-normalised decay, h(t)",184.60684727594,0.000155991563399947,0.00017144412418083,0.000194855293910964
"MSE","Window-normalised decay, h(t)",193.895909339259,0.000146324205614346,0.000161032910018853,0.00018313709815185
"MSE","Window-normalised decay, h(t)",203.652379168268,0.000137275487104063,0.000151279181155589,0.00017226420769948
"MSE","Window-normalised decay, h(t)",213.899775824195,0.00012879089710529,0.000142055975145099,0.000161709097715171
"MSE","Window-normalised decay, h(t)",224.662801802268,0.000120777373473385,0.00013341374361668,0.00015171630060739
"MSE","Window-normalised decay, h(t)",235.967402579838,0.000113242694808445,0.000125283299730219,0.000142569375645209
"MSE","Window-normalised decay, h(t)",247.840829160858,0.000106232797898967,0.000117652245300357,0.000134003660292386
"MSE","Window-normalised decay, h(t)",260.311703767468,9.9621405050257e-05,0.00011048194612433,0.00012590358138633
"MSE","Window-normalised decay, h(t)",273.410088837064,9.34073470434872e-05,0.000103737959035738,0.000118374778241067
"MSE","Window-normalised decay, h(t)",287.167559491166,8.75098536429263e-05,9.74052629870915e-05,0.000111246576336311
"MSE","Window-normalised decay, h(t)",301.617279650778,8.20289426442795e-05,9.14382290996662e-05,0.000104583758940042
"MSE","Window-normalised decay, h(t)",316.794081981721,7.68902778331409e-05,8.58345419604878e-05,9.82629095615736e-05
"MSE","Window-normalised decay, h(t)",332.734551862678,7.20709049913769e-05,8.05831346935986e-05,9.23524058823198e-05
"MSE","Window-normalised decay, h(t)",349.477115578331,6.75605651256681e-05,7.56321662561559e-05,8.68384875634027e-05
"MSE","Window-normalised decay, h(t)",367.062132950219,6.33306386844043e-05,7.09856276825724e-05,8.16290434635552e-05
"MSE","Window-normalised decay, h(t)",385.531994628602,5.93132950511032e-05,6.66284701791987e-05,7.66493798281499e-05
"MSE","Window-normalised decay, h(t)",404.931224279859,5.55688294143188e-05,6.25456623208244e-05,7.20141218346308e-05
"MSE","Window-normalised decay, h(t)",425.306585915763,5.20725861477389e-05,5.86908254129522e-05,6.77304796662743e-05
"MSE","Window-normalised decay, h(t)",446.707196623364,4.87824591914541e-05,5.50690620087252e-05,6.36897065276277e-05
"MSE","Window-normalised decay, h(t)",469.184644967214,4.56942144759784e-05,5.16642239452181e-05,5.98612202624945e-05
"MSE","Window-normalised decay, h(t)",492.793115349368,4.27995780221938e-05,4.84830247324166e-05,5.63149302445558e-05
"MSE","Window-normalised decay, h(t)",517.589518626948,4.00864181850545e-05,4.54825658680405e-05,5.298285712403e-05
"MSE","Window-normalised decay, h(t)",543.633629302121,3.75105878919447e-05,4.26557718859983e-05,4.98176464684911e-05
"MSE","Window-normalised decay, h(t)",570.988229615221,3.51021413820831e-05,4.00167374127975e-05,4.6870028104949e-05
"MSE","Window-normalised decay, h(t)",599.71926088836,3.28670039512291e-05,3.75339230715584e-05,4.4104908119937e-05
"MSE","Window-normalised decay, h(t)",629.895982484354,3.07685505689709e-05,3.52050374875937e-05,4.14997204743744e-05
"MSE","Window-normalised decay, h(t)",661.591138764156,2.87839021707183e-05,3.30191360904457e-05,3.90219512896554e-05
"MSE","Window-normalised decay, h(t)",694.881134445283,2.69496214059996e-05,3.09635432791915e-05,3.67050864572203e-05
"MSE","Window-normalised decay, h(t)",729.846218783914,2.52105722700395e-05,2.90370417666998e-05,3.45257165683129e-05
"MSE","Window-normalised decay, h(t)",766.570679024703,2.35829842419309e-05,2.72237968367954e-05,3.24860108549668e-05
"MSE","Window-normalised decay, h(t)",805.143043584603,2.2060083726265e-05,2.55267944525315e-05,3.0561969401219e-05
"MSE","Window-normalised decay, h(t)",845.656295460511,2.06393168975397e-05,2.39390092319567e-05,2.87542992302296e-05
"MSE","Window-normalised decay, h(t)",888.208096375173,1.92996229165761e-05,2.24400693369078e-05,2.70535533437943e-05
"MSE","Window-normalised decay, h(t)",932.901022201696,1.80451820285015e-05,2.10408350777375e-05,2.54527438994411e-05
"MSE","Window-normalised decay, h(t)",979.842810234145,1.68730188887382e-05,1.97188031660395e-05,2.39475429794867e-05
"MSE","Window-normalised decay, h(t)",1029.14661890034,1.57698541232419e-05,1.84828148831174e-05,2.25318817617513e-05
"MSE","Window-normalised decay, h(t)",1080.93130054289,1.47414539525599e-05,1.73264214655065e-05,2.11995524641842e-05
"MSE","Window-normalised decay, h(t)",1135.32168792608,1.37775524388654e-05,1.62429439987553e-05,1.99407919674184e-05
"MSE","Window-normalised decay, h(t)",1192.44889515916,1.28714181355294e-05,1.52227801761482e-05,1.87583876263464e-05
"MSE","Window-normalised decay, h(t)",1252.45063376159,1.20223255330256e-05,1.42653843381765e-05,1.76400733919969e-05
"MSE","Window-normalised decay, h(t)",1315.47154463206,1.12315867968064e-05,1.3368214745157e-05,1.65972142545199e-05
"MSE","Window-normalised decay, h(t)",1381.66354672152,1.04858954025584e-05,1.25269905833762e-05,1.5615763180333e-05
"MSE","Window-normalised decay, h(t)",1451.18620325082,9.79010156533632e-06,1.1735537342392e-05,1.46906914362064e-05
"MSE","Window-normalised decay, h(t)",1524.20710635568,9.1386886180828e-06,1.09951923478123e-05,1.38193520319656e-05
"MSE","Window-normalised decay, h(t)",1600.90228108626,8.52736051829458e-06,1.03028099108735e-05,1.29994886457801e-05
"MSE","Window-normalised decay, h(t)",1681.45660973525,7.95812285004241e-06,9.6516051499503e-06,1.2228705282536e-05
"MSE","Window-normalised decay, h(t)",1766.06427751727,7.43462897551989e-06,9.04222388452065e-06,1.15042329831134e-05
"MSE","Window-normalised decay, h(t)",1854.92924067407,6.93866027564787e-06,8.46789694746114e-06,1.08224685348344e-05
"MSE","Window-normalised decay, h(t)",1948.26571813383,6.47638907845039e-06,7.93298384379541e-06,1.01804649764965e-05
"MSE","Window-normalised decay, h(t)",2046.29870790983,6.03982179979142e-06,7.43153828174817e-06,9.57616512461479e-06
"MSE","Window-normalised decay, h(t)",2149.26452948336,5.63258000507153e-06,6.96029135115828e-06,9.00800347809639e-06
"MSE","Window-normalised decay, h(t)",2257.41139347817,5.25202794727994e-06,6.51995807966873e-06,8.47252984405531e-06
"MSE","Window-normalised decay, h(t)",2371,4.89733613189876e-06,6.10695621364687e-06,7.96942521083064e-06
"RS","Unnormalised decay, g(t)",0,1,1,1
"RS","Unnormalised decay, g(t)",0.001,0.792823775166053,0.831156442901636,0.863560226557281
"RS","Unnormalised decay, g(t)",0.00105031807974833,0.784644028599267,0.824154463493512,0.857671928260487
"RS","Unnormalised decay, g(t)",0.00110316806864623,0.776232476337235,0.816926066308543,0.851573185159488
"RS","Unnormalised decay, g(t)",0.00115867736750019,0.767589689976656,0.80946922409041,0.84526025765175
"RS","Unnormalised decay, g(t)",0.00121697978768065,0.758716845211431,0.801782347150258,0.838729673056285
"RS","Unnormalised decay, g(t)",0.00127821587368928,0.749615749975514,0.793864317445461,0.831978257610391
"RS","Unnormalised decay, g(t)",0.00134253324195716,0.740288870247408,0.785714522235213,0.825003169331388
"RS","Unnormalised decay, g(t)",0.00141008693669075,0.730739353094751,0.777332886988373,0.817801931543357
"RS","Unnormalised decay, g(t)",0.00148103980362324,0.720971046537734,0.768719907179158,0.810372466861744
"RS","Unnormalised decay, g(t)",0.00155556288257241,0.710988515834444,0.759876678586076,0.802713131380556
"RS","Unnormalised decay, g(t)",0.00163383581975124,0.700797055798225,0.750804925716809,0.79482274877201
"RS","Unnormalised decay, g(t)",0.00171604730082517,0.690402698756155,0.741507027933222,0.78670064402682
"RS","Unnormalised decay, g(t)",0.00180239550576001,0.679812217827553,0.7319860428759,0.778346676454985
"RS","Unnormalised decay, g(t)",0.00189308858655688,0.669033125201,0.722245726767848,0.769761271641532
"RS","Unnormalised decay, g(t)",0.00198834516902591,0.658073665154825,0.712290551184992,0.760945451946297
"RS","Unnormalised decay, g(t)",0.00208839487980817,0.64694280162931,0.702125715907206,0.751900865171113
"RS","Unnormalised decay, g(t)",0.00219347889991637,0.635650200181027,0.691757157466177,0.742629810986715
"RS","Unnormalised decay, g(t)",0.00230385054612865,0.624206204252809,0.681191553042603,0.733135264696721
"RS","Unnormalised decay, g(t)",0.002419775881637,0.612621805760961,0.670436319412277,0.723420897942584
"RS","Unnormalised decay, g(t)",0.00254153435742231,0.600908610052255,0.659499606659006,0.713491095917328
"RS","Unnormalised decay, g(t)",0.00266941948590221,0.589078795390231,0.648390286462344,0.703350970704597
"RS","Unnormalised decay, g(t)",0.0028037395484756,0.577145067192639,0.637117934783661,0.693006370360651
"RS","Unnormalised decay, g(t)",0.00294481833866936,0.565120607337806,0.62569280887897,0.682463883389868
"RS","Unnormalised decay, g(t)",0.00309299594267888,0.553019018907616,0.614125818615648,0.671730838292585
"RS","Unnormalised decay, g(t)",0.00324862955918387,0.54085426684973,0.602428492154647,0.660815297923847
"RS","Unnormalised decay, g(t)",0.00341209436041568,0.528640615055555,0.59061293613188,0.649726048433288
"RS","Unnormalised decay, g(t)",0.00358378439655192,0.516392560465393,0.578691790562984,0.638472582631742
"RS","Unnormalised decay, g(t)",0.00376411354561846,0.504124764818673,0.566678178764868,0.62706507768572
"RS","Unnormalised decay, g(t)",0.00395351651118867,0.491851984733981,0.554585652667805,0.615514367112922
"RS","Unnormalised decay, g(t)",0.00415244987028502,0.479589000823981,0.542428133973677,0.603831907134046
"RS","Unnormalised decay, g(t)",0.00436139317400899,0.467350546560394,0.530219851669748,0.592029737503144
"RS","Unnormalised decay, g(t)",0.00458085010355261,0.455151237623989,0.517975276482257,0.580120437027236
"RS","Unnormalised decay, g(t)",0.00481134968437834,0.443005502454417,0.505709052892416,0.568117074068269
"RS","Unnormalised decay, g(t)",0.00505344756149402,0.430927514691441,0.493435929394127,0.556033152384942
"RS","Unnormalised decay, g(t)",0.0053077273388973,0.418931128183635,0.481170687691451,0.543882552759204
"RS","Unnormalised decay, g(t)",0.00557480198641835,0.407029815171545,0.468928071555466,0.531679470919417
"RS","Unnormalised decay, g(t)",0.00585531531735212,0.39523660822367,0.456722716068618,0.519438352324993
"RS","Unnormalised decay, g(t)",0.00614994354044229,0.383564046418998,0.444569077977584,0.50717382444048
"RS","Unnormalised decay, g(t)",0.00645939688995802,0.372024126219326,0.432481367852873,0.494900627166508
"RS","Unnormalised decay, g(t)",0.00678442133779308,0.360628257388604,0.420473484725242,0.482633542125893
"RS","Unnormalised decay, g(t)",0.00712580039171445,0.349387224237818,0.408558953825276,0.470387321520994
"RS","Unnormalised decay, g(t)",0.00748435698409545,0.338311152404997,0.396750867999994,0.458176617294715
"RS","Unnormalised decay, g(t)",0.00786095545568617,0.32740948128427,0.385061833321593,0.446015911311308
"RS","Unnormalised decay, g(t)",0.00825650363920349,0.316690942158151,0.373503919327136,0.433919447262491
"RS","Unnormalised decay, g(t)",0.00867195504776335,0.306163541990186,0.362088614265786,0.42190116497457
"RS","Unnormalised decay, g(t)",0.00910831117343068,0.295834552788354,0.350826785640741,0.409974637742223
"RS","Unnormalised decay, g(t)",0.00956662390142801,0.285710506365897,0.339728646261825,0.39815301327738
"RS","Unnormalised decay, g(t)",0.0100479980458224,0.275797194277359,0.328803725939329,0.386448958789632
"RS","Unnormalised decay, g(t)",0.0105535940128032,0.266099672655996,0.318060848874784,0.374874610650193
"RS","Unnormalised decay, g(t)",0.011084630597971,0.256622271632509,0.307508116726238,0.363441529022418
"RS","Unnormalised decay, g(t)",0.0116423879243805,0.247368608982925,0.297152897256912,0.352160657755701
"RS","Unnormalised decay, g(t)",0.0122282105284205,0.23834160762644,0.287001818407151,0.341042289769766
"RS","Unnormalised decay, g(t)",0.012843510600969,0.229543516571237,0.277060767575404,0.33009603806805
"RS","Unnormalised decay, g(t)",0.0134897713916372,0.220975934901287,0.267334895836461,0.319330812445583
"RS","Unnormalised decay, g(t)",0.0141685507843084,0.212639838385584,0.257828626786364,0.308754801878799
"RS","Unnormalised decay, g(t)",0.0148814850525915,0.204535608298285,0.248545669663665,0.298375462511274
"RS","Unnormalised decay, g(t)",0.0156302928042415,0.19666306204621,0.239489036369634,0.288199511087238
"RS","Unnormalised decay, g(t)",0.0164167791240551,0.18902148520857,0.230661061991651,0.278232923621688
"RS","Unnormalised decay, g(t)",0.0172428399252301,0.181609664617312,0.222063428418602,0.268480939043645
"RS","Unnormalised decay, g(t)",0.0181104665196756,0.174425922124086,0.213697190634439,0.258948067503952
"RS","Unnormalised decay, g(t)",0.0190217504182922,0.167468148723351,0.205562805275343,0.249638103004536
"RS","Unnormalised decay, g(t)",0.0199788883727927,0.160733838730418,0.197660161045397,0.240554139972387
"RS","Unnormalised decay, g(t)",0.020984187671218,0.154220123737238,0.189988610595416,0.231698593384719
"RS","Unnormalised decay, g(t)",0.0220400716999123,0.147923806098942,0.182547003489384,0.223073222036574
"RS","Unnormalised decay, g(t)",0.0231490857853676,0.141841391733056,0.17533371990164,0.214679154535269
"RS","Unnormalised decay, g(t)",0.0243139033300167,0.135969122040606,0.16834670471224,0.206516917609001
"RS","Unnormalised decay, g(t)",0.0255373322567698,0.130303004786247,0.161583501694367,0.198586466320767
"RS","Unnormalised decay, g(t)",0.0268223217778257,0.124838843802245,0.155041287513659,0.190887215792707
"RS","Unnormalised decay, g(t)",0.0281719695040778,0.119572267404828,0.148716905289357,0.183418074061956
"RS","Unnormalised decay, g(t)",0.0295895289122516,0.114498755436989,0.142606897494113,0.176177475708378
"RS","Unnormalised decay, g(t)",0.031078417187774,0.109613664872472,0.136707537998979,0.169163415919563
"RS","Unnormalised decay, g(t)",0.0326422234622804,0.104912253936852,0.131014863097337,0.16237348468258
"RS","Unnormalised decay, g(t)",0.0342847174656184,0.100389704719537,0.125524701368101,0.155804900820085
"RS","Unnormalised decay, g(t)",0.0360098586132025,0.0960411442676511,0.120232702265056,0.149454545616585
"RS","Unnormalised decay, g(t)",0.0378218055506278,0.0918616641660643,0.11513436334187,0.143318995808481
"RS","Unnormalised decay, g(t)",0.0397249261785503,0.0878463386224925,0.110225056045924,0.137394555741087
"RS","Unnormalised decay, g(t)",0.0417238081819993,0.083990241085733,0.105500050033604,0.131677288522918
"RS","Unnormalised decay, g(t)",0.0438232700895054,0.0802884594355812,0.100954597738026,0.126163046034847
"RS","Unnormalised decay, g(t)",0.0460283728887019,0.0767361097904536,0.096583848994107,0.120847497677265
"RS","Unnormalised decay, g(t)",0.0483444322264017,0.073328348984705,0.0923828160820796,0.115726157762945
"RS","Unnormalised decay, g(t)",0.0507770312225578,0.0700603857729657,0.0883465744415375,0.110794411485176
"RS","Unnormalised decay, g(t)",0.0533320339289981,0.0669274908222639,0.0844701966923864,0.106047539412411
"RS","Unnormalised decay, g(t)",0.0560155994653783,0.063925005555606,0.080748768006676,0.101480740478605
"RS","Unnormalised decay, g(t)",0.058834196866428,0.0610483499120089,0.0771774000915743,0.0970891534560332
"RS","Unnormalised decay, g(t)",0.0617946206762821,0.0582930290890265,0.0737512438351626,0.092867876912267
"RS","Unnormalised decay, g(t)",0.0649040073274894,0.0556546393339036,0.0704655006715956,0.0888119876660955
"RS","Unnormalised decay, g(t)",0.0681698523441805,0.0531288728484904,0.0673154327260407,0.0849165577685736
"RS","Unnormalised decay, g(t)",0.0716000284108672,0.0507115218726145,0.0642963718027165,0.0811766700456293
"RS","Unnormalised decay, g(t)",0.0752028043504282,0.0483984820083565,0.0614037272809574,0.0775874322459058
"RS","Unnormalised decay, g(t)",0.0789868650570315,0.0461857548461819,0.0586329929852375,0.0741439898449258
"RS","Unnormalised decay, g(t)",0.0829613324320421,0.0440694499514589,0.0559797530952774,0.0708415375615852
"RS","Unnormalised decay, g(t)",0.0871357873733857,0.0420457862674489,0.0534396871616145,0.06767532964691
"RS","Unnormalised decay, g(t)",0.0915202928713737,0.0401110929882981,0.051008574291314,0.0646406890082213
"RS","Unnormalised decay, g(t)",0.0961254182666664,0.0382618099527084,0.0486822965666599,0.0617330152333426
"RS","Unnormalised decay, g(t)",0.10096226472885,0.0364944876062893,0.04645684175797,0.0589477915809024
"RS","Unnormalised decay, g(t)",0.106042492017049,0.0348057865775955,0.0443283053893256,0.0562805910026084
"RS","Unnormalised decay, g(t)",0.111378346587075,0.033192476910196,0.0422928922137684,0.0537270812632759
"RS","Unnormalised decay, g(t)",0.116982691112881,0.0316514369901326,0.0403469230266444,0.0512830292231938
"RS","Unnormalised decay, g(t)",0.122869035493474,0.0301796522055241,0.0384868505496088,0.0489443043459968
"RS","Unnormalised decay, g(t)",0.129051569420036,0.0287742133722947,0.0367091763161496,0.0467068814934023
"RS","Unnormalised decay, g(t)",0.135545196581761,0.0274323149575002,0.0350105188791279,0.0445668430658926
"RS","Unnormalised decay, g(t)",0.142365570592866,0.0261512531291351,0.0333876584125087,0.04252038054617
"RS","Unnormalised decay, g(t)",0.149529132727375,0.0249284236590372,0.0318374645329516,0.040563790555632
"RS","Unnormalised decay, g(t)",0.15705315155265,0.0237613197031483,0.0303569063983373,0.0386934883509955
"RS","Unnormalised decay, g(t)",0.164955764557203,0.022647529481317,0.0289430371707536,0.0369059988652568
"RS","Unnormalised decay, g(t)",0.17325602187314,0.0215847338767433,0.027593065924594,0.0351979552275788
"RS","Unnormalised decay, g(t)",0.181973932198632,0.0205707039733119,0.0263042757698822,0.0335661002062651
"RS","Unnormalised decay, g(t)",0.191130511031121,0.0196032985472559,0.0250740496999849,0.0320072852086399
"RS","Unnormalised decay, g(t)",0.200747831327525,0.0186804615279302,0.0238998531720058,0.030518469004156
"RS","Unnormalised decay, g(t)",0.210849076713569,0.0178002194409374,0.0227791782512485,0.0290967162053972
"RS","Unnormalised decay, g(t)",0.221458597370505,0.0169606788453915,0.0217098166120111,0.0277391955390379
"RS","Unnormalised decay, g(t)",0.232601968733948,0.0161600237758031,0.020689594519841,0.0264431779363311
"RS","Unnormalised decay, g(t)",0.244306053146322,0.015396513197831,0.019716269384254,0.0252060344702432
"RS","Unnormalised decay, g(t)",0.25659906461154,0.0146684784860062,0.0187877742496007,0.0240252341641188
"RS","Unnormalised decay, g(t)",0.269510636808012,0.0139743209305275,0.0179021735000922,0.0228983416945259
"RS","Unnormalised decay, g(t)",0.283071894523941,0.0133125092792579,0.017057561947913,0.0218230150089224
"RS","Unnormalised decay, g(t)",0.297315528687109,0.0126815773202018,0.0162520625784067,0.0207970028768255
"RS","Unnormalised decay, g(t)",0.312275875170005,0.0120801215089464,0.0154839249725545,0.0198181423913739
"RS","Unnormalised decay, g(t)",0.327988997560291,0.0115067986448523,0.014751471439558,0.0188843564364566
"RS","Unnormalised decay, g(t)",0.344492774096106,0.0109603235991137,0.0140530558106066,0.0179936511330315
"RS","Unnormalised decay, g(t)",0.361826988975799,0.0104394670972478,0.0133871536874202,0.0171441132767744
"RS","Unnormalised decay, g(t)",0.380033428262183,0.0099430535580267,0.0127523169701307,0.0163339077778485
"RS","Unnormalised decay, g(t)",0.399155980612512,0.00946995899041347,0.0121471341580997,0.0155612751123466
"RS","Unnormalised decay, g(t)",0.419240743076997,0.00901910894963167,0.0115702543917373,0.0148245287937843
"RS","Unnormalised decay, g(t)",0.440336132220897,0.00858947655312937,0.011020385173708,0.0141220528719883
"RS","Unnormalised decay, g(t)",0.462493000838061,0.00818008055686069,0.0104962901442634,0.0134522994657406
"RS","Unnormalised decay, g(t)",0.485764760537277,0.00778998349201933,0.00999678691278908,0.0128137863346644
"RS","Unnormalised decay, g(t)",0.510207510496923,0.00741828986209505,0.00952074494717935,0.0122051237443997
"RS","Unnormalised decay, g(t)",0.535880172698306,0.00706414439990038,0.0090670835222214,0.0116249836173858
"RS","Unnormalised decay, g(t)",0.562844633963691,0.00672673038401424,0.00863473428689382,0.0110720032200931
"RS","Unnormalised decay, g(t)",0.591165895141398,0.00640526801392141,0.00822270784692789,0.0105449397041014
"RS","Unnormalised decay, g(t)",0.620912227797619,0.00609901284297842,0.00783010241455391,0.0100426044425495
"RS","Unnormalised decay, g(t)",0.652155338792655,0.00580725426820887,0.00745601702535405,0.00956386091263542
"RS","Unnormalised decay, g(t)",0.684970543138327,0.00552931407583088,0.00709959117241954,0.0091076226370089
"RS","Unnormalised decay, g(t)",0.719436945553221,0.0052645450413264,0.00676000311494819,0.00867285118490576
"RS","Unnormalised decay, g(t)",0.755637631153466,0.00501232958279381,0.00643646824564248,0.00825855423352643
"RS","Unnormalised decay, g(t)",0.793659865738689,0.0047720784662649,0.00612823751605759,0.0078637836898606
"RS","Unnormalised decay, g(t)",0.83359530615598,0.0045432295616237,0.0058345959189197,0.00748763387289093
"RS","Unnormalised decay, g(t)",0.875540221248974,0.0043252489841837,0.00555491464532938,0.00712923975587511
"RS","Unnormalised decay, g(t)",0.919595723924655,0.00411762373561929,0.0052884651487793,0.00678777526820082
"RS","Unnormalised decay, g(t)",0.965868014897323,0.00391986507135225,0.00503457980301816,0.0064624516561305
"RS","Unnormalised decay, g(t)",1.01446863869729,0.00373150780543672,0.00479271091903423,0.00615251590160046
"RS","Unnormalised decay, g(t)",1.06551475256145,0.00355208021657362,0.0045624303982211,0.00585724919810908
"RS","Unnormalised decay, g(t)",1.11912940885386,0.00338114669234851,0.0043430035581978,0.00557596548261746
"RS","Unnormalised decay, g(t)",1.17544185169728,0.0032183480178654,0.00413401244904192,0.00530801002229512
"RS","Unnormalised decay, g(t)",1.23458782853051,0.00306329956496027,0.00393497729078738,0.00505275805486713
"RS","Unnormalised decay, g(t)",1.29670991734283,0.00291563466179658,0.0037453897995065,0.00480961348125682
"RS","Unnormalised decay, g(t)",1.36195787037414,0.00277500377628235,0.0035648839291501,0.00457800760917317
"RS","Unnormalised decay, g(t)",1.4304889751095,0.00264107373459258,0.00339285348327859,0.00435741521338457
"RS","Unnormalised decay, g(t)",1.50246843343818,0.00251352697348284,0.00322899220013426,0.00414729955847376
"RS","Unnormalised decay, g(t)",1.57806975989127,0.00239206082510925,0.00307298282131508,0.00394713197274382
"RS","Unnormalised decay, g(t)",1.65747519991792,0.00227641682834611,0.00292442590868945,0.00375650776929256
"RS","Unnormalised decay, g(t)",1.74087616920828,0.00216637867528827,0.00278293959294824,0.00357494899115143
"RS","Unnormalised decay, g(t)",1.82847371512247,0.00206159008374354,0.00264826578603215,0.00340202769241256
"RS","Unnormalised decay, g(t)",1.92047900133774,0.00196180168763093,0.00251994739557827,0.00323739056709169
"RS","Unnormalised decay, g(t)",2.01711381688205,0.00186670427787622,0.00239782178227663,0.00308054693940956
"RS","Unnormalised decay, g(t)",2.11861111078139,0.00177606190774788,0.00228144159204358,0.00293108803891357
"RS","Unnormalised decay, g(t)",2.2252155536094,0.00168974741361489,0.0021706808488295,0.00278882404033586
"RS","Unnormalised decay, g(t)",2.33718412729315,0.00160755492220927,0.00206530840317513,0.00265333905244084
"RS","Unnormalised decay, g(t)",2.45478674459683,0.0015292882919759,0.00196469357616941,0.0025243118877202
"RS","Unnormalised decay, g(t)",2.57830689977661,0.00145476065931518,0.00186886376497573,0.00240143111580594
"RS","Unnormalised decay, g(t)",2.70804235197525,0.00138379400542099,0.00177762867651758,0.00228440939469365
"RS","Unnormalised decay, g(t)",2.8443058430038,0.00131621874283347,0.00169099129021598,0.00217296988421128
"RS","Unnormalised decay, g(t)",2.98742585124072,0.00125187332085874,0.00160849324226137,0.00206684761024687
"RS","Unnormalised decay, g(t)",3.13774738346569,0.00119061603698262,0.001529749857918,0.00196579007533511
"RS","Unnormalised decay, g(t)",3.29563280653705,0.00113237280434685,0.00145483872100072,0.00186955668168892
"RS","Unnormalised decay, g(t)",3.4614627209176,0.00107691495619623,0.00138346907371099,0.00177791817997821
"RS","Unnormalised decay, g(t)",3.63563687815462,0.0010241126891067,0.00131563470015288,0.0016906554550963
"RS","Unnormalised decay, g(t)",3.8185751445256,0.00097388056394397,0.00125088786930514,0.00160752479091709
"RS","Unnormalised decay, g(t)",4.01071851317284,0.000926094712775699,0.001189250504975,0.00152823397787979
"RS","Unnormalised decay, g(t)",4.21253016716679,0.000880377843240408,0.00113057876998402,0.00145305068241769
"RS","Unnormalised decay, g(t)",4.42449659606056,0.000836975779240365,0.00107476922152393,0.00138105892816103
"RS","Unnormalised decay, g(t)",4.64712876862737,0.000795621550165042,0.00102160994642084,0.00131245274928965
"RS","Unnormalised decay, g(t)",4.88096336460794,0.000756222255516515,0.000970993901435682,0.00124718694749774
"RS","Unnormalised decay, g(t)",5.12656406843699,0.000718660588936105,0.000922823482185832,0.00118512761610499
"RS","Unnormalised decay, g(t)",5.38452292806754,0.000683057751112478,0.000876984174745659,0.00112624963669735
"RS","Unnormalised decay, g(t)",5.65546178216878,0.000649119615721863,0.000833315206937082,0.0010701540647265
"RS","Unnormalised decay, g(t)",5.94003375913761,0.000616644380695196,0.000791713180672335,0.0010165423494596
"RS","Unnormalised decay, g(t)",6.2389248515377,0.000585726625780563,0.000752164173624667,0.000965497605916959
"RS","Unnormalised decay, g(t)",6.55285556976123,0.00055629131012498,0.000714489896943789,0.000916941789137418
"RS","Unnormalised decay, g(t)",6.8825826788998,0.000528266967018345,0.000678593261649486,0.000870648906597506
"RS","Unnormalised decay, g(t)",7.22890102301119,0.000501586272406808,0.000644404095492251,0.000826808139219037
"RS","Unnormalised decay, g(t)",7.59264544117988,0.000476196224930782,0.000611924005062536,0.000785267602796154
"RS","Unnormalised decay, g(t)",7.97469277999,0.000452087007465449,0.000580910507472236,0.000745532738235347
"RS","Unnormalised decay, g(t)",8.37596400726201,0.000429134346619916,0.000551422536857669,0.00070738432988373
"RS","Unnormalised decay, g(t)",8.79742643214859,0.000407283067784098,0.000523296349191138,0.000671066767855696
"RS","Unnormalised decay, g(t)",9.24009603694156,0.000386486338791805,0.000496578644770719,0.00063657745166694
"RS","Unnormalised decay, g(t)",9.70503992621065,0.000366743388166321,0.000471110985325688,0.00060379349232535
"RS","Unnormalised decay, g(t)",10.1933788991785,0.000347889189889392,0.000446843752427678,0.000572655072719948
"RS","Unnormalised decay, g(t)",10.7062901515324,0.000329910922520738,0.000423773335180538,0.000543108133551168
"RS","Unnormalised decay, g(t)",11.245010113186,0.000312809986168274,0.000401754900339988,0.000514945024714957
"RS","Unnormalised decay, g(t)",11.8108374288321,0.000296578659517122,0.000380866525622976,0.000488256422888339
"RS","Unnormalised decay, g(t)",12.4051360884707,0.000281067539357689,0.000360956509268774,0.000462793241233944
"RS","Unnormalised decay, g(t)",13.0293387154593,0.000266333037264266,0.000341992250532218,0.000438313743324197
"RS","Unnormalised decay, g(t)",13.6849500200118,0.000252309948742698,0.00032398332076156,0.000415206608571754
"RS","Unnormalised decay, g(t)",14.3735504264708,0.000238985339266073,0.000306793951106969,0.000393305838241949
"RS","Unnormalised decay, g(t)",15.0967998830966,0.000226363404753517,0.000290431992986866,0.000372397263041259
"RS","Unnormalised decay, g(t)",15.8564418635589,0.000214346475220275,0.00027491565742027,0.000352524443665871
"RS","Unnormalised decay, g(t)",16.6543075697743,0.000202911309873177,0.000260102255635064,0.000333503145108323
"RS","Unnormalised decay, g(t)",17.4923203462235,0.000191901846772428,0.000245996232027644,0.000315427116664618
"RS","Unnormalised decay, g(t)",18.3725003163882,0.000181390204844393,0.000232598795538622,0.000298337390296218
"RS","Unnormalised decay, g(t)",19.2969692524845,0.000171559709192321,0.0002198676572568,0.000282070411574651
"RS","Unnormalised decay, g(t)",20.2679556902322,0.000161987473949119,0.000207726837435575,0.000266490985548063
"RS","Unnormalised decay, g(t)",21.287800300989,0.000152964519739119,0.000196180656879801,0.000251547271461671
"RS","Unnormalised decay, g(t)",22.3589615342008,0.000144426291478607,0.000185223659066111,0.000237393003618013
"RS","Unnormalised decay, g(t)",23.4840215437686,0.000136317484999814,0.000174782215513624,0.000223921221403024
"RS","Unnormalised decay, g(t)",24.6656924126196,0.000128618996653609,0.000164840745369537,0.000211115560690302
"RS","Unnormalised decay, g(t)",25.9068226904857,0.000121293181244834,0.000155371025621638,0.000199096533975233
"RS","Unnormalised decay, g(t)",27.2104042606515,0.000114260594363947,0.000146406834972402,0.000187523673811774
"RS","Unnormalised decay, g(t)",28.5795795522234,0.000107712399496348,0.000137860586008377,0.00017656739075307
"RS","Unnormalised decay, g(t)",30.0176491153061,0.000101385144917284,0.000129747282241862,0.000166180177426518
"RS","Unnormalised decay, g(t)",31.5280795773476,9.53499476617816e-05,0.000122034107535988,0.00015631626216563
"RS","Unnormalised decay, g(t)",33.1145119998324,8.95986853700427e-05,0.0001147086126941,0.000146988946042225
"RS","Unnormalised decay, g(t)",34.7807706554672,8.42204290383717e-05,0.000107748020249002,0.000137981569633507
"RS","Unnormalised decay, g(t)",36.5308722470174,7.90715200435341e-05,0.000101118393030563,0.000129471394346345
"RS","Unnormalised decay, g(t)",38.3690355900191,7.4121204682837e-05,9.48335883426638e-05,0.00012135705734499
"RS","Unnormalised decay, g(t)",40.2996917827044,6.94889164758521e-05,8.88742976700913e-05,0.000113707318374348
"RS","Unnormalised decay, g(t)",42.3274948876598,6.50582353155896e-05,8.32360117601616e-05,0.000106317205639319
"RS","Unnormalised decay, g(t)",44.4573331509643,6.08883920396243e-05,7.7861914154917e-05,9.94513288538772e-05
"RS","Unnormalised decay, g(t)",46.6943407858529,5.68878685499693e-05,7.27662178877816e-05,9.29495117684037e-05
"RS","Unnormalised decay, g(t)",49.0439103493112,5.31369172809882e-05,6.79144934567759e-05,8.67943375515818e-05
"RS","Unnormalised decay, g(t)",51.5117057414381,4.96085307500144e-05,6.33192331033257e-05,8.08565269744422e-05
"RS","Unnormalised decay, g(t)",54.1036758589086,4.61962680880166e-05,5.89839407811998e-05,7.53057411484314e-05
"RS","Unnormalised decay, g(t)",56.8260689354551,4.29704105446527e-05,5.48657437851038e-05,7.00410420127926e-05
"RS","Unnormalised decay, g(t)",59.6854476039337,3.99243087288522e-05,5.09811150312341e-05,6.50547058406981e-05
"RS","Unnormalised decay, g(t)",62.6887047162836,3.70741250751944e-05,4.73113602829258e-05,6.03355604233252e-05
"RS","Unnormalised decay, g(t)",65.8430799595172,3.43639717606904e-05,4.38289276090226e-05,5.5893995507539e-05
"RS","Unnormalised decay, g(t)",69.1561773077962,3.17572987064797e-05,4.05348474066253e-05,5.16849912689173e-05
"RS","Unnormalised decay, g(t)",72.6359833526599,2.93320833447137e-05,3.74286090851489e-05,4.76507896581443e-05
"RS","Unnormalised decay, g(t)",76.2908865555977,2.70409421367677e-05,3.44964281261862e-05,4.3941342256252e-05
"RS","Unnormalised decay, g(t)",80.1296974693735,2.48625043110746e-05,3.17556197324779e-05,4.04236181187351e-05
"RS","Unnormalised decay, g(t)",84.1616699768472,2.28269239639157e-05,2.9172578040778e-05,3.71285096414571e-05
"RS","Unnormalised decay, g(t)",88.3965235984953,2.09029710733238e-05,2.67327068843957e-05,3.40417049922077e-05
"RS","Unnormalised decay, g(t)",92.8444669224,1.91124797873244e-05,2.44416463220697e-05,3.1138648271435e-05
"RS","Unnormalised decay, g(t)",97.5162222131928,1.74078104372764e-05,2.22875133600019e-05,2.84142807845948e-05
"RS","Unnormalised decay, g(t)",102.423051259273,1.58039874829718e-05,2.02818257121237e-05,2.58791654682809e-05
"RS","Unnormalised decay, g(t)",107.576782520605,1.43281518750732e-05,1.83963838704795e-05,2.34958609711281e-05
"RS","Unnormalised decay, g(t)",112.989839642545,1.29463909126434e-05,1.66355259985048e-05,2.12674797386858e-05
"RS","Unnormalised decay, g(t)",118.675271404431,1.16317846660443e-05,1.50007061386854e-05,1.92108654111602e-05
"RS","Unnormalised decay, g(t)",124.646783175114,1.04311328737119e-05,1.3484097543466e-05,1.73147741864581e-05
"RS","Unnormalised decay, g(t)",130.918769951293,9.30139278968298e-06,1.20711455693545e-05,1.55559752300948e-05
"RS","Unnormalised decay, g(t)",137.506351058256,8.26932932698565e-06,1.07770791257784e-05,1.39295707889634e-05
"RS","Unnormalised decay, g(t)",144.425406596708,7.32028299941504e-06,9.58091870692309e-06,1.2431837454418e-05
"RS","Unnormalised decay, g(t)",151.692615723526,6.44404787949666e-06,8.48375694669111e-06,1.10430714817828e-05
"RS","Unnormalised decay, g(t)",159.325496858736,5.65107627811103e-06,7.47364661075852e-06,9.76486242865684e-06
"RS","Unnormalised decay, g(t)",167.342449915617,4.92931647604153e-06,6.5536462734941e-06,8.60692130112293e-06
"RS","Unnormalised decay, g(t)",175.762800655753,4.2736550722679e-06,5.71629853264135e-06,7.54400165013587e-06
"RS","Unnormalised decay, g(t)",184.60684727594,3.68425180485105e-06,4.96000463813093e-06,6.58870900100268e-06
"RS","Unnormalised decay, g(t)",193.895909339259,3.14706231785539e-06,4.27863484518735e-06,5.73424374837755e-06
"RS","Unnormalised decay, g(t)",203.652379168268,2.67275213740436e-06,3.6681067614791e-06,4.9562004893685e-06
"RS","Unnormalised decay, g(t)",213.899775824195,2.25419233016296e-06,3.12243467422942e-06,4.26303848730584e-06
"RS","Unnormalised decay, g(t)",224.662801802268,1.8798626147086e-06,2.64137238140018e-06,3.63648793565618e-06
"RS","Unnormalised decay, g(t)",235.967402579838,1.55425888322459e-06,2.21649945698091e-06,3.09424694826396e-06
"RS","Unnormalised decay, g(t)",247.840829160858,1.27495646837277e-06,1.84580224967692e-06,2.61162925799011e-06
"RS","Unnormalised decay, g(t)",260.311703767468,1.03799368821738e-06,1.52422304661401e-06,2.180681230974e-06
"RS","Unnormalised decay, g(t)",273.410088837064,8.35932872656033e-07,1.24851859586908e-06,1.8129238008516e-06
"RS","Unnormalised decay, g(t)",287.167559491166,6.6467507852912e-07,1.01311520931402e-06,1.492900220977e-06
"RS","Unnormalised decay, g(t)",301.617279650778,5.22390938776801e-07,8.14521755451923e-07,1.22187028051003e-06
"RS","Unnormalised decay, g(t)",316.794081981721,4.06572396196726e-07,6.48121591388168e-07,9.905730149196e-07
"RS","Unnormalised decay, g(t)",332.734551862678,3.12338906073963e-07,5.10131344672155e-07,7.95498004555431e-07
"RS","Unnormalised decay, g(t)",349.477115578331,2.36892525006471e-07,3.96616615410408e-07,6.32686536736264e-07
"RS","Unnormalised decay, g(t)",367.062132950219,1.77034526224538e-07,3.04585491908964e-07,4.97365923618741e-07
"RS","Unnormalised decay, g(t)",385.531994628602,1.30000579843506e-07,2.31092961872814e-07,3.87235899172289e-07
"RS","Unnormalised decay, g(t)",404.931224279859,9.38886653904736e-08,1.72779773353039e-07,2.97360718155296e-07
"RS","Unnormalised decay, g(t)",425.306585915763,6.68834286736741e-08,1.2717639717502e-07,2.25202703042796e-07
"RS","Unnormalised decay, g(t)",446.707196623364,4.6884095643894e-08,9.2318334108569e-08,1.68090074762147e-07
"RS","Unnormalised decay, g(t)",469.184644967214,3.21766506673357e-08,6.59523663752313e-08,1.23792615947576e-07
"RS","Unnormalised decay, g(t)",492.793115349368,2.16951536628137e-08,4.63537743820247e-08,8.98590917289988e-08
"RS","Unnormalised decay, g(t)",517.589518626948,1.43667248013935e-08,3.20061401679081e-08,6.45283413614482e-08
"RS","Unnormalised decay, g(t)",543.633629302121,9.27554476646263e-09,2.16847993892564e-08,4.53255495917614e-08
"RS","Unnormalised decay, g(t)",570.988229615221,5.86438413095655e-09,1.44138954335369e-08,3.13188285630125e-08
"RS","Unnormalised decay, g(t)",599.71926088836,3.61967324326488e-09,9.37196948968751e-09,2.1258550275081e-08
"RS","Unnormalised decay, g(t)",629.895982484354,2.18988188292422e-09,5.97013822193787e-09,1.41660609881834e-08
"RS","Unnormalised decay, g(t)",661.591138764156,1.29386323548522e-09,3.71644867269475e-09,9.23052091944473e-09
"RS","Unnormalised decay, g(t)",694.881134445283,7.39858827951587e-10,2.25962145876807e-09,5.89366814729415e-09
"RS","Unnormalised decay, g(t)",729.846218783914,4.12386142414852e-10,1.33963270351508e-09,3.68712929504473e-09
"RS","Unnormalised decay, g(t)",766.570679024703,2.23403113275733e-10,7.73111402232484e-10,2.25523109767277e-09
"RS","Unnormalised decay, g(t)",805.143043584603,1.1718290417954e-10,4.3467292784301e-10,1.34404286603461e-09
"RS","Unnormalised decay, g(t)",845.656295460511,5.9500067836339e-11,2.3700786369538e-10,7.82185108515121e-10
"RS","Unnormalised decay, g(t)",888.208096375173,2.92797174365672e-11,1.25362388082008e-10,4.42427568317762e-10
"RS","Unnormalised decay, g(t)",932.901022201696,1.38437287956693e-11,6.41943071420722e-11,2.43297140499259e-10
"RS","Unnormalised decay, g(t)",979.842810234145,6.31650768321579e-12,3.17966057466788e-11,1.29907158122342e-10
"RS","Unnormalised decay, g(t)",1029.14661890034,2.76139336497411e-12,1.51871703172662e-11,6.70483977076854e-11
"RS","Unnormalised decay, g(t)",1080.93130054289,1.15353381206122e-12,7.00606998018913e-12,3.34583713564081e-11
"RS","Unnormalised decay, g(t)",1135.32168792608,4.63558890723792e-13,3.10581832381637e-12,1.6175652481252e-11
"RS","Unnormalised decay, g(t)",1192.44889515916,1.78208602581886e-13,1.32091271858189e-12,7.51503929018619e-12
"RS","Unnormalised decay, g(t)",1252.45063376159,6.50172334601349e-14,5.38404242685334e-13,3.37488091542213e-12
"RS","Unnormalised decay, g(t)",1315.47154463206,2.26457121427464e-14,2.09555651803822e-13,1.45229621309204e-12
"RS","Unnormalised decay, g(t)",1381.66354672152,7.48742706193274e-15,7.78326895062823e-14,5.96923077291949e-13
"RS","Unnormalised decay, g(t)",1451.18620325082,2.33780612013417e-15,2.74883149546528e-14,2.35841788293779e-13
"RS","Unnormalised decay, g(t)",1524.20710635568,6.88731329967785e-16,9.22605623227193e-15,8.87642517512154e-14
"RS","Unnormalised decay, g(t)",1600.90228108626,1.90340727623594e-16,2.9348614181436e-15,3.18806470703879e-14
"RS","Unnormalised decay, g(t)",1681.45660973525,4.92140386555877e-17,8.81529958708773e-16,1.08362111922193e-14
"RS","Unnormalised decay, g(t)",1766.06427751727,1.19101246785285e-17,2.49142781031462e-16,3.48592810178664e-15
"RS","Unnormalised decay, g(t)",1854.92924067407,2.69340690079786e-18,6.59744991324755e-17,1.06209881134336e-15
"RS","Unnormalised decay, g(t)",1948.26571813383,5.60368004560998e-19,1.63303859837685e-17,3.04946035581868e-16
"RS","Unnormalised decay, g(t)",2046.29870790983,1.08644565315092e-19,3.76711327446402e-18,8.28155050237891e-17
"RS","Unnormalised decay, g(t)",2149.26452948336,1.94784336917109e-20,8.09217032656747e-19,2.10261142595901e-17
"RS","Unnormalised decay, g(t)",2257.41139347817,3.18967925340909e-21,1.6065350313199e-19,4.9429165317647e-18
"RS","Unnormalised decay, g(t)",2371,4.77792854388205e-22,2.93560147601117e-20,1.07834814051275e-18
"RS","Window-normalised decay, h(t)",0,17.0866177941426,21.3378227749848,26.6775601625551
"RS","Window-normalised decay, h(t)",0.001,14.7473497542732,17.739206348123,21.1430856768587
"RS","Window-normalised decay, h(t)",0.00105031807974833,14.648498132572,17.5897733904986,20.9233633711372
"RS","Window-normalised decay, h(t)",0.00110316806864623,14.5447690983692,17.4350260641561,20.6993184409383
"RS","Window-normalised decay, h(t)",0.00115867736750019,14.4362264518623,17.2756655936171,20.4701584043998
"RS","Window-normalised decay, h(t)",0.00121697978768065,14.323952854126,17.1108265238901,20.2371461713273
"RS","Window-normalised decay, h(t)",0.00127821587368928,14.2078949059113,16.9411693522553,19.9980533825553
"RS","Window-normalised decay, h(t)",0.00134253324195716,14.0880049725047,16.7667881953406,19.7519791499184
"RS","Window-normalised decay, h(t)",0.00141008693669075,13.9643928215441,16.5880164384827,19.5007847519725
"RS","Window-normalised decay, h(t)",0.00148103980362324,13.8379197269654,16.4040895076081,19.2437391767721
"RS","Window-normalised decay, h(t)",0.00155556288257241,13.7075260647251,16.2154205099891,18.980942854304
"RS","Window-normalised decay, h(t)",0.00163383581975124,13.5717498313044,16.0216994130174,18.7101037818711
"RS","Window-normalised decay, h(t)",0.00171604730082517,13.4316688565454,15.8230019063929,18.4321481571238
"RS","Window-normalised decay, h(t)",0.00180239550576001,13.287627549109,15.6197995191517,18.1458743500385
"RS","Window-normalised decay, h(t)",0.00189308858655688,13.1412570288005,15.4130719244516,17.8557125109431
"RS","Window-normalised decay, h(t)",0.00198834516902591,12.9920284265562,15.1999391369164,17.5640398659201
"RS","Window-normalised decay, h(t)",0.00208839487980817,12.8389260379007,14.9826317685934,17.2685856815119
"RS","Window-normalised decay, h(t)",0.00219347889991637,12.6819574106459,14.7615268803401,16.9671812608667
"RS","Window-normalised decay, h(t)",0.00230385054612865,12.5211704986178,14.5363831866427,16.6620375773122
"RS","Window-normalised decay, h(t)",0.002419775881637,12.3549931534779,14.3065391547148,16.3506910777722
"RS","Window-normalised decay, h(t)",0.00254153435742231,12.1838651481056,14.0735294599008,16.037453190185
"RS","Window-normalised decay, h(t)",0.00266941948590221,12.0117459793835,13.8363576309522,15.7203848539907
"RS","Window-normalised decay, h(t)",0.0028037395484756,11.8361162429983,13.5961950648467,15.4022438437079
"RS","Window-normalised decay, h(t)",0.00294481833866936,11.657075779165,13.3535291337348,15.077311852498
"RS","Window-normalised decay, h(t)",0.00309299594267888,11.4744897126285,13.1064023863409,14.753292339132
"RS","Window-normalised decay, h(t)",0.00324862955918387,11.2890774653039,12.8570524297644,14.430638043461
"RS","Window-normalised decay, h(t)",0.00341209436041568,11.1000916084746,12.6049450283275,14.1064005146284
"RS","Window-normalised decay, h(t)",0.00358378439655192,10.9059793056119,12.351005646508,13.7815182983229
"RS","Window-normalised decay, h(t)",0.00376411354561846,10.709341207426,12.0942762975863,13.455871154392
"RS","Window-normalised decay, h(t)",0.00395351651118867,10.5121737622601,11.8354013320526,13.1266742902174
"RS","Window-normalised decay, h(t)",0.00415244987028502,10.3145136998213,11.5760500419473,12.8017392659371
"RS","Window-normalised decay, h(t)",0.00436139317400899,10.1141458890574,11.3157060329443,12.47365323446
"RS","Window-normalised decay, h(t)",0.00458085010355261,9.91049112033921,11.0545402572983,12.1465836435589
"RS","Window-normalised decay, h(t)",0.00481134968437834,9.70478564794168,10.7918243347679,11.8219232278104
"RS","Window-normalised decay, h(t)",0.00505344756149402,9.4968760052911,10.5298399753415,11.502198142675
"RS","Window-normalised decay, h(t)",0.0053077273388973,9.28772133190178,10.2680556259093,11.1830377972026
"RS","Window-normalised decay, h(t)",0.00557480198641835,9.07921788222909,10.0070373238477,10.8659843733162
"RS","Window-normalised decay, h(t)",0.00585531531735212,8.86935886329749,9.74745099831898,10.5505579981667
"RS","Window-normalised decay, h(t)",0.00614994354044229,8.65835982172438,9.48738527048639,10.2399943576879
"RS","Window-normalised decay, h(t)",0.00645939688995802,8.44905471234429,9.22918097058807,9.92985476703076
"RS","Window-normalised decay, h(t)",0.00678442133779308,8.2404110239666,8.97264931275885,9.62467105671875
"RS","Window-normalised decay, h(t)",0.00712580039171445,8.03200362236444,8.71789450477013,9.32376285988914
"RS","Window-normalised decay, h(t)",0.00748435698409545,7.82348496756237,8.46567441898382,9.02937905454785
"RS","Window-normalised decay, h(t)",0.00786095545568617,7.6166529527225,8.21608215966127,8.73957904311247
"RS","Window-normalised decay, h(t)",0.00825650363920349,7.41071723489525,7.96881933407717,8.45368778225225
"RS","Window-normalised decay, h(t)",0.00867195504776335,7.20526820841289,7.72501369145111,8.17409253572276
"RS","Window-normalised decay, h(t)",0.00910831117343068,7.00144984128284,7.48518682879939,7.89761662897241
"RS","Window-normalised decay, h(t)",0.00956662390142801,6.79927665068132,7.24846542488194,7.62664539640599
"RS","Window-normalised decay, h(t)",0.0100479980458224,6.59880637432771,7.01535546766692,7.36306018051719
"RS","Window-normalised decay, h(t)",0.0105535940128032,6.4002945359987,6.78609472107281,7.10507394243014
"RS","Window-normalised decay, h(t)",0.011084630597971,6.20487770263546,6.56076625292259,6.85174974021326
"RS","Window-normalised decay, h(t)",0.0116423879243805,6.01253482839645,6.33946262921424,6.60560488929892
"RS","Window-normalised decay, h(t)",0.0122282105284205,5.82340342716006,6.12281641921065,6.36505460722669
"RS","Window-normalised decay, h(t)",0.012843510600969,5.63637948419393,5.91098538517643,6.13048705739375
"RS","Window-normalised decay, h(t)",0.0134897713916372,5.45229810439917,5.70332499806076,5.90247275956173
"RS","Window-normalised decay, h(t)",0.0141685507843084,5.27147723847113,5.50026952333076,5.68008599230972
"RS","Window-normalised decay, h(t)",0.0148814850525915,5.09358309078299,5.3017072456965,5.46494906682981
"RS","Window-normalised decay, h(t)",0.0156302928042415,4.91903297238102,5.10830441075365,5.25574827597831
"RS","Window-normalised decay, h(t)",0.0164167791240551,4.74941086869185,4.91962447378569,5.05259734935401
"RS","Window-normalised decay, h(t)",0.0172428399252301,4.58274415353053,4.73629486158581,4.85612129016453
"RS","Window-normalised decay, h(t)",0.0181104665196756,4.41989611361196,4.55788607947694,4.66571587883908
"RS","Window-normalised decay, h(t)",0.0190217504182922,4.25955407116373,4.38406723813078,4.48101301997783
"RS","Window-normalised decay, h(t)",0.0199788883727927,4.1040768982785,4.21567182606994,4.30227605278997
"RS","Window-normalised decay, h(t)",0.020984187671218,3.95189737354104,4.05203118049812,4.12907955667678
"RS","Window-normalised decay, h(t)",0.0220400716999123,3.80417662181898,3.89311799729573,3.9619964671844
"RS","Window-normalised decay, h(t)",0.0231490857853676,3.66014964328397,3.73910816659358,3.80097412111546
"RS","Window-normalised decay, h(t)",0.0243139033300167,3.5200513488142,3.5897320032158,3.64566389041595
"RS","Window-normalised decay, h(t)",0.0255373322567698,3.38349424360943,3.44540591896413,3.49638022767175
"RS","Window-normalised decay, h(t)",0.0268223217778257,3.25034812780449,3.30578782987429,3.35174024844868
"RS","Window-normalised decay, h(t)",0.0281719695040778,3.12161133519202,3.17095814619211,3.21300777579972
"RS","Window-normalised decay, h(t)",0.0295895289122516,2.99692508007882,3.04049629311573,3.07931473184735
"RS","Window-normalised decay, h(t)",0.031078417187774,2.87581036777368,2.91470841246012,2.95053015426348
"RS","Window-normalised decay, h(t)",0.0326422234622804,2.75790126095889,2.79318541931287,2.82686698074577
"RS","Window-normalised decay, h(t)",0.0342847174656184,2.64383177053504,2.67607723046993,2.70806284456646
"RS","Window-normalised decay, h(t)",0.0360098586132025,2.53337585310389,2.56323147964782,2.59357333850378
"RS","Window-normalised decay, h(t)",0.0378218055506278,2.42614639120842,2.45450777573253,2.48369569207627
"RS","Window-normalised decay, h(t)",0.0397249261785503,2.32257686246795,2.34987721204962,2.37821466507936
"RS","Window-normalised decay, h(t)",0.0417238081819993,2.22242259879009,2.2492315984403,2.27650489209146
"RS","Window-normalised decay, h(t)",0.0438232700895054,2.12591444203272,2.15242805563284,2.17898116666956
"RS","Window-normalised decay, h(t)",0.0460283728887019,2.03305639858579,2.05928649161793,2.0853058489619
"RS","Window-normalised decay, h(t)",0.0483444322264017,1.94381831784154,1.96985716887816,1.99538296486585
"RS","Window-normalised decay, h(t)",0.0507770312225578,1.85791053667262,1.88393865778018,1.90908790384649
"RS","Window-normalised decay, h(t)",0.0533320339289981,1.77541296982947,1.80137846228965,1.82614658674143
"RS","Window-normalised decay, h(t)",0.0560155994653783,1.69629941276936,1.72209842395436,1.74675771633821
"RS","Window-normalised decay, h(t)",0.058834196866428,1.62022239508077,1.6459911982059,1.67042173615145
"RS","Window-normalised decay, h(t)",0.0617946206762821,1.54750732258812,1.57299425215177,1.59702644516268
"RS","Window-normalised decay, h(t)",0.0649040073274894,1.47781759824459,1.50295257616223,1.52674421523594
"RS","Window-normalised decay, h(t)",0.0681698523441805,1.4109051481458,1.43586501492087,1.45925438508116
"RS","Window-normalised decay, h(t)",0.0716000284108672,1.34686144951415,1.37143218325962,1.39451186780587
"RS","Window-normalised decay, h(t)",0.0752028043504282,1.2856292556532,1.30977391360208,1.33245613901753
"RS","Window-normalised decay, h(t)",0.0789868650570315,1.22693899033652,1.25072498384602,1.27300711180002
"RS","Window-normalised decay, h(t)",0.0829613324320421,1.17085100779357,1.19411079403338,1.2160514559596
"RS","Window-normalised decay, h(t)",0.0871357873733857,1.11713161958075,1.1399091641175,1.1616384905314
"RS","Window-normalised decay, h(t)",0.0915202928713737,1.06578655258715,1.08808698527771,1.1094161454877
"RS","Window-normalised decay, h(t)",0.0961254182666664,1.01677724598597,1.03848462993713,1.05938591013537
"RS","Window-normalised decay, h(t)",0.10096226472885,0.969907212807059,0.991033388238762,1.01140372939985
"RS","Window-normalised decay, h(t)",0.106042492017049,0.9250275245891,0.945607938329095,0.965536763426263
"RS","Window-normalised decay, h(t)",0.111378346587075,0.882148504564862,0.902168153620407,0.921638662699871
"RS","Window-normalised decay, h(t)",0.116982691112881,0.841252893223222,0.86067795766566,0.879594875527402
"RS","Window-normalised decay, h(t)",0.122869035493474,0.802196460855992,0.821000406579736,0.839389411403723
"RS","Window-normalised decay, h(t)",0.129051569420036,0.764877235182487,0.783109534941893,0.800933525456523
"RS","Window-normalised decay, h(t)",0.135545196581761,0.729221302967663,0.746839177684922,0.764159298639619
"RS","Window-normalised decay, h(t)",0.142365570592866,0.695188915288673,0.712227818469324,0.728999451240575
"RS","Window-normalised decay, h(t)",0.149529132727375,0.662719523605282,0.679154674787968,0.695378255996298
"RS","Window-normalised decay, h(t)",0.15705315155265,0.631745773355538,0.647561965887416,0.663258435952768
"RS","Window-normalised decay, h(t)",0.164955764557203,0.602179298443962,0.617415161585522,0.632563506031132
"RS","Window-normalised decay, h(t)",0.17325602187314,0.573946628223543,0.588617498141315,0.603274877164514
"RS","Window-normalised decay, h(t)",0.181973932198632,0.547012985908261,0.56111449302231,0.575237401433
"RS","Window-normalised decay, h(t)",0.191130511031121,0.521308058612326,0.534869934359557,0.548482286741247
"RS","Window-normalised decay, h(t)",0.200747831327525,0.496782029518324,0.509812430428767,0.522932205786255
"RS","Window-normalised decay, h(t)",0.210849076713569,0.473387836196541,0.485904513391649,0.498536835823678
"RS","Window-normalised decay, h(t)",0.221458597370505,0.451070162046871,0.46309780532065,0.475261927818453
"RS","Window-normalised decay, h(t)",0.232601968733948,0.429765236588584,0.441338036795121,0.453056830388489
"RS","Window-normalised decay, h(t)",0.244306053146322,0.409469598013651,0.420573031836642,0.431837183578705
"RS","Window-normalised decay, h(t)",0.25659906461154,0.390115957131923,0.400768745807961,0.411585766016077
"RS","Window-normalised decay, h(t)",0.269510636808012,0.371650411090303,0.381874078580722,0.392276163802415
"RS","Window-normalised decay, h(t)",0.283071894523941,0.354048395741911,0.363860980669393,0.373831145575986
"RS","Window-normalised decay, h(t)",0.297315528687109,0.337281025249429,0.34667633699897,0.356228812809518
"RS","Window-normalised decay, h(t)",0.312275875170005,0.321288689460495,0.330293208196295,0.339450941414736
"RS","Window-normalised decay, h(t)",0.327988997560291,0.306045418132559,0.314665980153561,0.323431512377887
"RS","Window-normalised decay, h(t)",0.344492774096106,0.291516703117422,0.299761600560683,0.308180882447714
"RS","Window-normalised decay, h(t)",0.361826988975799,0.27766853412656,0.28556030501083,0.293613049718949
"RS","Window-normalised decay, h(t)",0.380033428262183,0.264469794515408,0.272017767602837,0.279735015987396
"RS","Window-normalised decay, h(t)",0.399155980612512,0.251890661811161,0.259107219008855,0.266505370103587
"RS","Window-normalised decay, h(t)",0.419240743076997,0.239902429730018,0.246801923136145,0.253885756910046
"RS","Window-normalised decay, h(t)",0.440336132220897,0.228468264145465,0.235071864978767,0.241842804315471
"RS","Window-normalised decay, h(t)",0.462493000838061,0.217581901870464,0.223892879590424,0.230371117855456
"RS","Window-normalised decay, h(t)",0.485764760537277,0.207202502052125,0.213237675461825,0.219425609992914
"RS","Window-normalised decay, h(t)",0.510207510496923,0.19730956295337,0.203084783111503,0.2090009072974
"RS","Window-normalised decay, h(t)",0.535880172698306,0.187898402591025,0.193404025388035,0.199065504809633
"RS","Window-normalised decay, h(t)",0.562844633963691,0.178928109331563,0.184179453795094,0.189586507743379
"RS","Window-normalised decay, h(t)",0.591165895141398,0.170378544862844,0.175392938001157,0.180553318454349
"RS","Window-normalised decay, h(t)",0.620912227797619,0.162233900778125,0.16702078187866,0.171949687613633
"RS","Window-normalised decay, h(t)",0.652155338792655,0.15447598580318,0.15904142079218,0.163756888302356
"RS","Window-normalised decay, h(t)",0.684970543138327,0.147082597968341,0.151438965177007,0.155948859897102
"RS","Window-normalised decay, h(t)",0.719436945553221,0.140039545450756,0.144194590789663,0.148507882181973
"RS","Window-normalised decay, h(t)",0.755637631153466,0.133330586320063,0.137291928339318,0.141413905178171
"RS","Window-normalised decay, h(t)",0.793659865738689,0.126940244359721,0.130717576936178,0.134648321768058
"RS","Window-normalised decay, h(t)",0.83359530615598,0.120853449098428,0.124454918441328,0.128195429422004
"RS","Window-normalised decay, h(t)",0.875540221248974,0.115054084554254,0.118489261082595,0.122057367714067
"RS","Window-normalised decay, h(t)",0.919595723924655,0.109531682904134,0.112803546259437,0.11620779553665
"RS","Window-normalised decay, h(t)",0.965868014897323,0.104269914726511,0.107389791199377,0.110630535793099
"RS","Window-normalised decay, h(t)",1.01446863869729,0.0992600076357205,0.102233356818851,0.105318285470521
"RS","Window-normalised decay, h(t)",1.06551475256145,0.0944885914136929,0.097322409669685,0.100263628672148
"RS","Window-normalised decay, h(t)",1.11912940885386,0.089945139368568,0.0926422282278662,0.095444659533821
"RS","Window-normalised decay, h(t)",1.17544185169728,0.0856172445122677,0.0881860746460212,0.0908523177115436
"RS","Window-normalised decay, h(t)",1.23458782853051,0.0814943566829941,0.0839417330989155,0.0864839428612626
"RS","Window-normalised decay, h(t)",1.29670991734283,0.0775691046308289,0.0798985707839595,0.0823247794344364
"RS","Window-normalised decay, h(t)",1.36195787037414,0.0738295556546656,0.0760465869110751,0.0783575473863291
"RS","Window-normalised decay, h(t)",1.4304889751095,0.070270381374045,0.0723793521490532,0.0745763231090242
"RS","Window-normalised decay, h(t)",1.50246843343818,0.0668810656708447,0.068885459732152,0.0709778484122593
"RS","Window-normalised decay, h(t)",1.57806975989127,0.0636504102961778,0.0655585702209189,0.0675477493790398
"RS","Window-normalised decay, h(t)",1.65747519991792,0.0605759738600107,0.0623898419541471,0.0642832875747439
"RS","Window-normalised decay, h(t)",1.74087616920828,0.0576482038868274,0.0593720265775944,0.0611752913586814
"RS","Window-normalised decay, h(t)",1.82847371512247,0.0548600736326988,0.0564983848379642,0.0582136258038195
"RS","Window-normalised decay, h(t)",1.92047900133774,0.0522057041424771,0.0537619815820385,0.0553970321417569
"RS","Window-normalised decay, h(t)",2.01711381688205,0.0496774280147191,0.0511543032075413,0.0527127788611394
"RS","Window-normalised decay, h(t)",2.11861111078139,0.0472686547889152,0.0486723555764507,0.0501544963314953
"RS","Window-normalised decay, h(t)",2.2252155536094,0.0449745024833002,0.0463083206623565,0.0477167026045821
"RS","Window-normalised decay, h(t)",2.33718412729315,0.0427919752588183,0.0440581592805514,0.0453950231048306
"RS","Window-normalised decay, h(t)",2.45478674459683,0.0407121051524407,0.0419149682507301,0.0431840308436651
"RS","Window-normalised decay, h(t)",2.57830689977661,0.0387326802342889,0.0398737483679001,0.0410793875507487
"RS","Window-normalised decay, h(t)",2.70804235197525,0.0368450915486545,0.0379301118944746,0.0390763600985748
"RS","Window-normalised decay, h(t)",2.8443058430038,0.0350481109135295,0.0360792719875522,0.0371700978194724
"RS","Window-normalised decay, h(t)",2.98742585124072,0.0333379138000861,0.0343169965224442,0.0353532679499388
"RS","Window-normalised decay, h(t)",3.13774738346569,0.03170821897543,0.0326382609082761,0.0336235355698268
"RS","Window-normalised decay, h(t)",3.29563280653705,0.0301571463387602,0.0310399894865192,0.0319749414099101
"RS","Window-normalised decay, h(t)",3.4614627209176,0.0286804661045316,0.0295178747323509,0.0304050042203842
"RS","Window-normalised decay, h(t)",3.63563687815462,0.0272735884951631,0.0280682329233442,0.0289103472408399
"RS","Window-normalised decay, h(t)",3.8185751445256,0.0259341359298836,0.02668817207932,0.0274864469537506
"RS","Window-normalised decay, h(t)",4.01071851317284,0.0246595613277354,0.025374398608437,0.0261321089046388
"RS","Window-normalised decay, h(t)",4.21253016716679,0.0234439347367098,0.024122835125644,0.0248426958503075
"RS","Window-normalised decay, h(t)",4.42449659606056,0.0222879456511051,0.022931544502891,0.0236139405196879
"RS","Window-normalised decay, h(t)",4.64712876862737,0.0211878055748285,0.0217971211839681,0.0224458399440761
"RS","Window-normalised decay, h(t)",4.88096336460794,0.0201396276058983,0.020717039428374,0.0213330964465321
"RS","Window-normalised decay, h(t)",5.12656406843699,0.0191420735324355,0.0196889961042012,0.0202727329571563
"RS","Window-normalised decay, h(t)",5.38452292806754,0.0181916980004943,0.0187101793923066,0.0192636497833683
"RS","Window-normalised decay, h(t)",5.65546178216878,0.0172869146916057,0.0177780786510058,0.0183031372238694
"RS","Window-normalised decay, h(t)",5.94003375913761,0.0164258944931657,0.016890196999555,0.0173883873495753
"RS","Window-normalised decay, h(t)",6.2389248515377,0.0156060951280552,0.0160451507245764,0.0165156479815383
"RS","Window-normalised decay, h(t)",6.55285556976123,0.0148256112945667,0.0152404990096208,0.0156859450440649
"RS","Window-normalised decay, h(t)",6.8825826788998,0.0140814259869266,0.0144747133616859,0.0148955272757598
"RS","Window-normalised decay, h(t)",7.22890102301119,0.0133723891637484,0.0137451686964795,0.0141434808249192
"RS","Window-normalised decay, h(t)",7.59264544117988,0.0126979209454215,0.0130508770260744,0.013426312371431
"RS","Window-normalised decay, h(t)",7.97469277999,0.0120561708549657,0.0123896523621935,0.0127452837564245
"RS","Window-normalised decay, h(t)",8.37596400726201,0.0114453670419571,0.0117601381271096,0.0120950115184598
"RS","Window-normalised decay, h(t)",8.79742643214859,0.0108642642405162,0.0111606931292838,0.0114770007775992
"RS","Window-normalised decay, h(t)",9.24009603694156,0.0103093518045434,0.010590150422846,0.0108903084225726
"RS","Window-normalised decay, h(t)",9.70503992621065,0.00978171928013121,0.0100472152120987,0.0103317832786873
"RS","Window-normalised decay, h(t)",10.1933788991785,0.00927981569535287,0.00953055395520893,0.00979921874347456
"RS","Window-normalised decay, h(t)",10.7062901515324,0.00880214897249226,0.00903889117782685,0.00929199010814363
"RS","Window-normalised decay, h(t)",11.245010113186,0.00834745477374609,0.00857049689492664,0.00880807427346095
"RS","Window-normalised decay, h(t)",11.8108374288321,0.00791423163212177,0.00812507518911959,0.00834770624958875
"RS","Window-normalised decay, h(t)",12.4051360884707,0.00750193339475248,0.00770080555618416,0.00791096340499238
"RS","Window-normalised decay, h(t)",13.0293387154593,0.0071080030633627,0.00729698838152536,0.00749540420654402
"RS","Window-normalised decay, h(t)",13.6849500200118,0.00673451294248018,0.00691235485146937,0.00709986578146739
"RS","Window-normalised decay, h(t)",14.3735504264708,0.00637800234978427,0.00654596231724953,0.00672179463051701
"RS","Window-normalised decay, h(t)",15.0967998830966,0.00603874936614555,0.00619760638289983,0.00636363448015003
"RS","Window-normalised decay, h(t)",15.8564418635589,0.00571654965633809,0.00586576745916098,0.00602290742420241
"RS","Window-normalised decay, h(t)",16.6543075697743,0.00540974953064845,0.00555005737067595,0.00569835911029314
"RS","Window-normalised decay, h(t)",17.4923203462235,0.00511712303690001,0.00524978668180787,0.0053902597167838
"RS","Window-normalised decay, h(t)",18.3725003163882,0.00483918257154898,0.00496414262123957,0.00509524207383739
"RS","Window-normalised decay, h(t)",19.2969692524845,0.00457467090966629,0.00469211195851282,0.00481567868461167
"RS","Window-normalised decay, h(t)",20.2679556902322,0.00432290243846481,0.00443346869525938,0.00454985466577731
"RS","Window-normalised decay, h(t)",21.287800300989,0.00408287984602299,0.00418745114016307,0.00429685716458636
"RS","Window-normalised decay, h(t)",22.3589615342008,0.0038544435266607,0.00395332754951626,0.00405635306900618
"RS","Window-normalised decay, h(t)",23.4840215437686,0.00363686154866536,0.00373093240371563,0.00382801999839008
"RS","Window-normalised decay, h(t)",24.6656924126196,0.00342960018153083,0.00351919468197972,0.00361078938724435
"RS","Window-normalised decay, h(t)",25.9068226904857,0.00323270930720096,0.00331773508604177,0.00340459222712598
"RS","Window-normalised decay, h(t)",27.2104042606515,0.00304461927626102,0.00312602528247012,0.00320871074346996
"RS","Window-normalised decay, h(t)",28.5795795522234,0.00286595648151384,0.00294397575593566,0.0030222611828223
"RS","Window-normalised decay, h(t)",30.0176491153061,0.00269564090767142,0.00277065644126533,0.00284576956542312
"RS","Window-normalised decay, h(t)",31.5280795773476,0.00253363381330334,0.00260617245015255,0.00267830753691416
"RS","Window-normalised decay, h(t)",33.1145119998324,0.00237988837974638,0.00244997320273611,0.00251917721676004
"RS","Window-normalised decay, h(t)",34.7807706554672,0.00223385015674809,0.00230124841987606,0.00236764789844028
"RS","Window-normalised decay, h(t)",36.5308722470174,0.00209491380358089,0.00215998101389573,0.00222403171150547
"RS","Window-normalised decay, h(t)",38.3690355900191,0.00196234034537512,0.00202587756899564,0.00208767300572557
"RS","Window-normalised decay, h(t)",40.2996917827044,0.0018367765602256,0.00189841713420486,0.00195865734233309
"RS","Window-normalised decay, h(t)",42.3274948876598,0.00171704447335128,0.00177749491973369,0.00183599126224256
"RS","Window-normalised decay, h(t)",44.4573331509643,0.00160327734045784,0.00166272119971192,0.00171976047624687
"RS","Window-normalised decay, h(t)",46.6943407858529,0.00149535567559025,0.00155374829516043,0.00160974734072887
"RS","Window-normalised decay, h(t)",49.0439103493112,0.0013932765268597,0.00145042478135769,0.00150537690282538
"RS","Window-normalised decay, h(t)",51.5117057414381,0.00129650563643575,0.00135257922951065,0.00140592891601303
"RS","Window-normalised decay, h(t)",54.1036758589086,0.0012045991499271,0.0012598957596731,0.00131198502048232
"RS","Window-normalised decay, h(t)",56.8260689354551,0.00111762322886664,0.00117218422802889,0.00122337749146337
"RS","Window-normalised decay, h(t)",59.6854476039337,0.00103562267072274,0.00108923354964891,0.00113943357704379
"RS","Window-normalised decay, h(t)",62.6887047162836,0.000957983313502373,0.00101059680772613,0.00105991248509669
"RS","Window-normalised decay, h(t)",65.8430799595172,0.000884660608357878,0.000936322384327892,0.000984627375591345
"RS","Window-normalised decay, h(t)",69.1561773077962,0.000815180728451237,0.000866195530141389,0.00091379424961373
"RS","Window-normalised decay, h(t)",72.6359833526599,0.000749559670971019,0.0007999500843034,0.000846630640039636
"RS","Window-normalised decay, h(t)",76.2908865555977,0.00068818229426399,0.000737333779101447,0.000783101378380342
"RS","Window-normalised decay, h(t)",80.1296974693735,0.000630371160575423,0.000678411614132715,0.000723015519148309
"RS","Window-normalised decay, h(t)",84.1616699768472,0.000576040405877938,0.000622989562278385,0.000666485802595925
"RS","Window-normalised decay, h(t)",88.3965235984953,0.000525037612642135,0.00057093721115538,0.000613467079963073
"RS","Window-normalised decay, h(t)",92.8444669224,0.000477216920979148,0.000522005774048297,0.00056336986363221
"RS","Window-normalised decay, h(t)",97.5162222131928,0.000432542233375636,0.000476120969822017,0.00051639653159584
"RS","Window-normalised decay, h(t)",102.423051259273,0.000390986913737916,0.000433104672839143,0.000472208169048407
"RS","Window-normalised decay, h(t)",107.576782520605,0.000352448490623837,0.000392999244918233,0.000430843808913747
"RS","Window-normalised decay, h(t)",112.989839642545,0.00031646905635032,0.0003555153194909,0.00039199150816529
"RS","Window-normalised decay, h(t)",118.675271404431,0.000283192016551064,0.000320631172029348,0.00035579905691246
"RS","Window-normalised decay, h(t)",124.646783175114,0.000252477226910741,0.000288189730453016,0.000322142280937475
"RS","Window-normalised decay, h(t)",130.918769951293,0.00022415427583158,0.000258184442101319,0.000290727419081333
"RS","Window-normalised decay, h(t)",137.506351058256,0.000198235515093417,0.000230382783894854,0.000261555454167885
"RS","Window-normalised decay, h(t)",144.425406596708,0.000174411249612588,0.000204776301895951,0.000234523133499775
"RS","Window-normalised decay, h(t)",151.692615723526,0.000152737207237535,0.000181231060452583,0.000209513117637963
"RS","Window-normalised decay, h(t)",159.325496858736,0.000133003823056781,0.000159672576183105,0.000186407697901625
"RS","Window-normalised decay, h(t)",167.342449915617,0.000115140515950552,0.000140025759237418,0.000165145042657034
"RS","Window-normalised decay, h(t)",175.762800655753,9.91810725346462e-05,0.000122156916788128,0.000145705343522888
"RS","Window-normalised decay, h(t)",184.60684727594,8.48357930384634e-05,0.000106009498298008,0.000127937408793904
"RS","Window-normalised decay, h(t)",193.895909339259,7.21266282058743e-05,9.14412514559248e-05,0.000111799462822894
"RS","Window-normalised decay, h(t)",203.652379168268,6.08978819578085e-05,7.84005821522432e-05,9.71160188710415e-05
"RS","Window-normalised decay, h(t)",213.899775824195,5.10138054643619e-05,6.67823140538035e-05,8.39274624900759e-05
"RS","Window-normalised decay, h(t)",224.662801802268,4.24095489357238e-05,5.65045063466334e-05,7.20834885285069e-05
"RS","Window-normalised decay, h(t)",235.967402579838,3.49295687823067e-05,4.74585746789729e-05,6.15259979491397e-05
"RS","Window-normalised decay, h(t)",247.840829160858,2.85251943183398e-05,3.95526831396795e-05,5.21344707677588e-05
"RS","Window-normalised decay, h(t)",260.311703767468,2.30840016596422e-05,3.26812280525586e-05,4.3873940875239e-05
"RS","Window-normalised decay, h(t)",273.410088837064,1.84764699208972e-05,2.67645192272831e-05,3.66446699001656e-05
"RS","Window-normalised decay, h(t)",287.167559491166,1.46536716756152e-05,2.17242548289663e-05,3.03839484525298e-05
"RS","Window-normalised decay, h(t)",301.617279650778,1.14859108523331e-05,1.74561863445137e-05,2.49497226508216e-05
"RS","Window-normalised decay, h(t)",316.794081981721,8.90021441554934e-06,1.38795679248872e-05,2.02906046603224e-05
"RS","Window-normalised decay, h(t)",332.734551862678,6.8083364433233e-06,1.09159897439566e-05,1.63358200670134e-05
"RS","Window-normalised decay, h(t)",349.477115578331,5.14092413478504e-06,8.48858203719374e-06,1.30277999919692e-05
"RS","Window-normalised decay, h(t)",367.062132950219,3.82797829577246e-06,6.51759736068054e-06,1.02801495691103e-05
"RS","Window-normalised decay, h(t)",385.531994628602,2.8047354810599e-06,4.93915094180909e-06,8.02418069896282e-06
"RS","Window-normalised decay, h(t)",404.931224279859,2.02452443000906e-06,3.6922519739885e-06,6.1803238540219e-06
"RS","Window-normalised decay, h(t)",425.306585915763,1.43834295176463e-06,2.72070946890443e-06,4.70294134482412e-06
"RS","Window-normalised decay, h(t)",446.707196623364,1.00496222400804e-06,1.97469872184498e-06,3.52898348906862e-06
"RS","Window-normalised decay, h(t)",469.184644967214,6.89505638733791e-07,1.41009783760633e-06,2.6109998500442e-06
"RS","Window-normalised decay, h(t)",492.793115349368,4.64340456915005e-07,9.90274184979216e-07,1.90454109082614e-06
"RS","Window-normalised decay, h(t)",517.589518626948,3.06503970087512e-07,6.83256617671993e-07,1.36712205847284e-06
"RS","Window-normalised decay, h(t)",543.633629302121,1.98062158276772e-07,4.62909539219288e-07,9.65018048901506e-07
"RS","Window-normalised decay, h(t)",570.988229615221,1.2507321829496e-07,3.07427641031416e-07,6.69193937581099e-07
"RS","Window-normalised decay, h(t)",599.71926088836,7.72481172050951e-08,2.00137091063728e-07,4.55540797022806e-07
"RS","Window-normalised decay, h(t)",629.895982484354,4.65803054794314e-08,1.27476578102213e-07,3.04119218862187e-07
"RS","Window-normalised decay, h(t)",661.591138764156,2.73820374783408e-08,7.93314465383779e-08,1.98969750099295e-07
"RS","Window-normalised decay, h(t)",694.881134445283,1.56718771663923e-08,4.82199374890901e-08,1.27450821263001e-07
"RS","Window-normalised decay, h(t)",729.846218783914,8.7213407621392e-09,2.85878999304147e-08,7.98610158460146e-08
"RS","Window-normalised decay, h(t)",766.570679024703,4.71248619155154e-09,1.6508550760791e-08,4.88439895139327e-08
"RS","Window-normalised decay, h(t)",805.143043584603,2.46868556818503e-09,9.27094014753192e-09,2.91641915379875e-08
"RS","Window-normalised decay, h(t)",845.656295460511,1.25185265882528e-09,5.05807397771271e-09,1.69709557589214e-08
"RS","Window-normalised decay, h(t)",888.208096375173,6.13481367395668e-10,2.67584688290488e-09,9.61022740578049e-09
"RS","Window-normalised decay, h(t)",932.901022201696,2.90043746341598e-10,1.37165994899807e-09,5.288651961358e-09
"RS","Window-normalised decay, h(t)",979.842810234145,1.32055138317887e-10,6.79497625652346e-10,2.82421262188326e-09
"RS","Window-normalised decay, h(t)",1029.14661890034,5.77900442363404e-11,3.25065071634836e-10,1.46062992938013e-09
"RS","Window-normalised decay, h(t)",1080.93130054289,2.42597846727362e-11,1.49905916622873e-10,7.31468297586862e-10
"RS","Window-normalised decay, h(t)",1135.32168792608,9.74926915751784e-12,6.64861268317885e-11,3.53799638139584e-10
"RS","Window-normalised decay, h(t)",1192.44889515916,3.7441976917267e-12,2.83004332816502e-11,1.64915176225717e-10
"RS","Window-normalised decay, h(t)",1252.45063376159,1.37035353352266e-12,1.15443722552035e-11,7.39646826114774e-11
"RS","Window-normalised decay, h(t)",1315.47154463206,4.76764152477804e-13,4.50145156281083e-12,3.18594649511034e-11
"RS","Window-normalised decay, h(t)",1381.66354672152,1.57142233987269e-13,1.67254830516748e-12,1.31536693754568e-11
"RS","Window-normalised decay, h(t)",1451.18620325082,4.8981085163928e-14,5.91540565700381e-13,5.19425884269741e-12
"RS","Window-normalised decay, h(t)",1524.20710635568,1.4397584153985e-14,1.98558222204661e-13,1.95955531080918e-12
"RS","Window-normalised decay, h(t)",1600.90228108626,3.97919091781826e-15,6.30805114595632e-14,7.03290817954246e-13
"RS","Window-normalised decay, h(t)",1681.45660973525,1.03123549197946e-15,1.89122570542117e-14,2.39721398733348e-13
"RS","Window-normalised decay, h(t)",1766.06427751727,2.49718213104e-16,5.33832958276533e-15,7.74000433645407e-14
"RS","Window-normalised decay, h(t)",1854.92924067407,5.63055621734165e-17,1.41383983667556e-15,2.36086506521884e-14
"RS","Window-normalised decay, h(t)",1948.26571813383,1.17788169066094e-17,3.50448059162725e-16,6.78349656031129e-15
"RS","Window-normalised decay, h(t)",2046.29870790983,2.27752653728453e-18,8.09100818503715e-17,1.83048567357842e-15
"RS","Window-normalised decay, h(t)",2149.26452948336,4.05430409113712e-19,1.73516327334466e-17,4.62039621345061e-16
"RS","Window-normalised decay, h(t)",2257.41139347817,6.61688254123964e-20,3.4456367103942e-18,1.08819714737692e-16
"RS","Window-normalised decay, h(t)",2371,9.85773135923118e-21,6.30390992264087e-19,2.38307456534729e-17
