"truth_form","fitted_form","rep","catalogue_seed","fit_seed","n_fit","runtime_minutes","fit_status","converged","hit_max","inla_failure","nan_inf_logl","vb_aborted","n_iter","min_sd","degenerate","usable","status","error","file"
"ou","ou",1,1001,1000001,4103,4.71390471855799,"converged",TRUE,FALSE,FALSE,FALSE,FALSE,30,0.00554458864586056,FALSE,TRUE,"fitted",NA,"rep_0001_fit_ou.rds"
"ou","mse",1,1001,1000002,4103,10.8726977984111,"converged",TRUE,FALSE,FALSE,FALSE,FALSE,45,0.00554779804575053,FALSE,TRUE,"fitted",NA,"rep_0001_fit_mse.rds"
"ou","rate_state",1,1001,1000003,4103,7.96197460095088,"converged",TRUE,FALSE,FALSE,FALSE,FALSE,41,0.00563154390384889,FALSE,TRUE,"fitted",NA,"rep_0001_fit_rate_state.rds"
"ou","ou",2,1002,1000004,2562,2.3231373667717,"converged",TRUE,FALSE,FALSE,FALSE,FALSE,25,0.00681181718897883,FALSE,TRUE,"fitted",NA,"rep_0002_fit_ou.rds"
"ou","mse",2,1002,1000005,2562,4.02755719820658,"converged",TRUE,FALSE,FALSE,FALSE,FALSE,36,0.00680918843167468,FALSE,TRUE,"fitted",NA,"rep_0002_fit_mse.rds"
"ou","rate_state",2,1002,1000006,2562,3.82199858427048,"converged",TRUE,FALSE,FALSE,FALSE,FALSE,40,0.00696048219643395,FALSE,TRUE,"fitted",NA,"rep_0002_fit_rate_state.rds"
"ou","ou",3,1003,1000007,3713,4.68611419995626,"converged",TRUE,FALSE,FALSE,FALSE,FALSE,30,0.00570160189103124,FALSE,TRUE,"fitted",NA,"rep_0003_fit_ou.rds"
"ou","mse",3,1003,1000008,3713,34.6512949824333,"hit_max",FALSE,TRUE,FALSE,FALSE,FALSE,100,0.00573775493214967,FALSE,FALSE,"fitted",NA,"rep_0003_fit_mse.rds"
"ou","rate_state",3,1003,1000009,3713,8.41514978408813,"converged",TRUE,FALSE,FALSE,FALSE,FALSE,47,0.00576395813156487,FALSE,TRUE,"fitted",NA,"rep_0003_fit_rate_state.rds"
"ou","ou",4,1004,1000010,3973,5.03786548376083,"converged",TRUE,FALSE,FALSE,FALSE,FALSE,31,0.00566137300992148,FALSE,TRUE,"fitted",NA,"rep_0004_fit_ou.rds"
"ou","mse",4,1004,1000011,3973,8.75178573528926,"converged",TRUE,FALSE,FALSE,FALSE,FALSE,39,0.0056606322457577,FALSE,TRUE,"fitted",NA,"rep_0004_fit_mse.rds"
"ou","rate_state",4,1004,1000012,3973,17.3586211164792,"converged",TRUE,FALSE,FALSE,FALSE,FALSE,85,0.00567712889479957,FALSE,TRUE,"fitted",NA,"rep_0004_fit_rate_state.rds"
"ou","ou",5,1005,1000013,2148,1.96310098171234,"converged",TRUE,FALSE,FALSE,FALSE,FALSE,24,0.00709574294385745,FALSE,TRUE,"fitted",NA,"rep_0005_fit_ou.rds"
"ou","mse",5,1005,1000014,2148,3.07868310213089,"converged",TRUE,FALSE,FALSE,FALSE,FALSE,34,0.0070944595754829,FALSE,TRUE,"fitted",NA,"rep_0005_fit_mse.rds"
"ou","rate_state",5,1005,1000015,2148,1.66597596804301,"converged",TRUE,FALSE,FALSE,FALSE,FALSE,21,0.0071980142709094,FALSE,TRUE,"fitted",NA,"rep_0005_fit_rate_state.rds"
"ou","ou",6,1006,1000016,2938,2.90803315242132,"converged",TRUE,FALSE,FALSE,FALSE,FALSE,27,0.00643375711440226,FALSE,TRUE,"fitted",NA,"rep_0006_fit_ou.rds"
"ou","mse",6,1006,1000017,2938,4.74895050128301,"converged",TRUE,FALSE,FALSE,FALSE,FALSE,35,0.00644367616351969,FALSE,TRUE,"fitted",NA,"rep_0006_fit_mse.rds"
"ou","rate_state",6,1006,1000018,2938,5.15791398286819,"converged",TRUE,FALSE,FALSE,FALSE,FALSE,48,0.00651581646228843,FALSE,TRUE,"fitted",NA,"rep_0006_fit_rate_state.rds"
"ou","ou",7,1007,1000019,6229,12.2121756990751,"converged",TRUE,FALSE,FALSE,FALSE,FALSE,39,0.00440323351949745,FALSE,TRUE,"fitted",NA,"rep_0007_fit_ou.rds"
"ou","mse",7,1007,1000020,6229,21.3175565163294,"converged",TRUE,FALSE,FALSE,FALSE,FALSE,58,0.00440486655021118,FALSE,TRUE,"fitted",NA,"rep_0007_fit_mse.rds"
"ou","rate_state",7,1007,1000021,6229,17.1960162162781,"converged",TRUE,FALSE,FALSE,FALSE,FALSE,49,0.00452263141792451,FALSE,TRUE,"fitted",NA,"rep_0007_fit_rate_state.rds"
"ou","ou",8,1008,1000022,3661,4.88796306451162,"converged",TRUE,FALSE,FALSE,FALSE,FALSE,32,0.00531691723238619,FALSE,TRUE,"fitted",NA,"rep_0008_fit_ou.rds"
"ou","mse",8,1008,1000023,3661,8.85629826784134,"converged",TRUE,FALSE,FALSE,FALSE,FALSE,45,0.005325661127769,FALSE,TRUE,"fitted",NA,"rep_0008_fit_mse.rds"
"ou","rate_state",8,1008,1000024,3661,5.97631671826045,"converged",TRUE,FALSE,FALSE,FALSE,FALSE,33,0.00542713110665867,FALSE,TRUE,"fitted",NA,"rep_0008_fit_rate_state.rds"
"ou","ou",9,1009,1000025,2668,2.47896033128103,"converged",TRUE,FALSE,FALSE,FALSE,FALSE,25,0.00663892699979104,FALSE,TRUE,"fitted",NA,"rep_0009_fit_ou.rds"
"ou","mse",9,1009,1000026,2668,4.49560996691386,"converged",TRUE,FALSE,FALSE,FALSE,FALSE,37,0.00664219786748558,FALSE,TRUE,"fitted",NA,"rep_0009_fit_mse.rds"
"ou","rate_state",9,1009,1000027,2668,2.39432263374329,"converged",TRUE,FALSE,FALSE,FALSE,FALSE,22,0.00673621520931337,FALSE,TRUE,"fitted",NA,"rep_0009_fit_rate_state.rds"
"ou","ou",10,1010,1000028,2175,2.06806658506393,"converged",TRUE,FALSE,FALSE,FALSE,FALSE,22,0.00735906566817802,FALSE,TRUE,"fitted",NA,"rep_0010_fit_ou.rds"
"ou","mse",10,1010,1000029,2175,4.00429971615473,"converged",TRUE,FALSE,FALSE,FALSE,FALSE,42,0.00738389098391141,FALSE,TRUE,"fitted",NA,"rep_0010_fit_mse.rds"
"ou","rate_state",10,1010,1000030,2175,1.66853071451187,"converged",TRUE,FALSE,FALSE,FALSE,FALSE,18,0.00748185601650557,FALSE,TRUE,"fitted",NA,"rep_0010_fit_rate_state.rds"
"ou","ou",11,1011,1000031,2283,1.92452574968338,"converged",TRUE,FALSE,FALSE,FALSE,FALSE,21,0.00724455665273369,FALSE,TRUE,"fitted",NA,"rep_0011_fit_ou.rds"
"ou","mse",11,1011,1000032,2283,3.92378434737523,"converged",TRUE,FALSE,FALSE,FALSE,FALSE,41,0.00725667233579746,FALSE,TRUE,"fitted",NA,"rep_0011_fit_mse.rds"
"ou","rate_state",11,1011,1000033,2283,2.12767649888992,"converged",TRUE,FALSE,FALSE,FALSE,FALSE,26,0.00735827290215017,FALSE,TRUE,"fitted",NA,"rep_0011_fit_rate_state.rds"
"ou","ou",12,1012,1000034,6275,12.2056739846865,"converged",TRUE,FALSE,FALSE,FALSE,FALSE,37,0.00450756367755988,FALSE,TRUE,"fitted",NA,"rep_0012_fit_ou.rds"
"ou","mse",12,1012,1000035,6275,19.0023454507192,"converged",TRUE,FALSE,FALSE,FALSE,FALSE,45,0.00450847744250494,FALSE,TRUE,"fitted",NA,"rep_0012_fit_mse.rds"
"ou","rate_state",12,1012,1000036,6275,13.1655109961828,"converged",TRUE,FALSE,FALSE,FALSE,FALSE,36,0.0045397037526086,FALSE,TRUE,"fitted",NA,"rep_0012_fit_rate_state.rds"
"ou","ou",13,1013,1000037,2248,2.1888387521108,"converged",TRUE,FALSE,FALSE,FALSE,FALSE,27,0.0067666467573155,FALSE,TRUE,"fitted",NA,"rep_0013_fit_ou.rds"
"ou","mse",13,1013,1000038,2248,3.27281883557638,"converged",TRUE,FALSE,FALSE,FALSE,FALSE,33,0.006771428697428,FALSE,TRUE,"fitted",NA,"rep_0013_fit_mse.rds"
"ou","rate_state",13,1013,1000039,2248,2.79935369888941,"converged",TRUE,FALSE,FALSE,FALSE,FALSE,32,0.00679189556164622,FALSE,TRUE,"fitted",NA,"rep_0013_fit_rate_state.rds"
"ou","ou",14,1014,1000040,2945,3.04382208585739,"converged",TRUE,FALSE,FALSE,FALSE,FALSE,28,0.00634653647257723,FALSE,TRUE,"fitted",NA,"rep_0014_fit_ou.rds"
"ou","mse",14,1014,1000041,2945,5.81179666916529,"converged",TRUE,FALSE,FALSE,FALSE,FALSE,41,0.00635023175856647,FALSE,TRUE,"fitted",NA,"rep_0014_fit_mse.rds"
"ou","rate_state",14,1014,1000042,2945,6.43249858220418,"converged",TRUE,FALSE,FALSE,FALSE,FALSE,52,0.0064576538255763,FALSE,TRUE,"fitted",NA,"rep_0014_fit_rate_state.rds"
"ou","ou",15,1015,1000043,4153,5.21361800034841,"converged",TRUE,FALSE,FALSE,FALSE,FALSE,30,0.00552260497843723,FALSE,TRUE,"fitted",NA,"rep_0015_fit_ou.rds"
"ou","mse",15,1015,1000044,4153,9.37000674804052,"converged",TRUE,FALSE,FALSE,FALSE,FALSE,42,0.00552388895115046,FALSE,TRUE,"fitted",NA,"rep_0015_fit_mse.rds"
"ou","rate_state",15,1015,1000045,4153,9.70431512991587,"converged",TRUE,FALSE,FALSE,FALSE,FALSE,49,0.00558470181714488,FALSE,TRUE,"fitted",NA,"rep_0015_fit_rate_state.rds"
"ou","ou",16,1016,1000046,6330,11.6979853669802,"converged",TRUE,FALSE,FALSE,FALSE,FALSE,45,0.0044332030338482,FALSE,TRUE,"fitted",NA,"rep_0016_fit_ou.rds"
"ou","mse",16,1016,1000047,6330,21.1805392662684,"converged",TRUE,FALSE,FALSE,FALSE,FALSE,49,0.00443230137208047,FALSE,TRUE,"fitted",NA,"rep_0016_fit_mse.rds"
"ou","rate_state",16,1016,1000048,6330,23.1002816677093,"converged",TRUE,FALSE,FALSE,FALSE,FALSE,68,0.0044526586116803,FALSE,TRUE,"fitted",NA,"rep_0016_fit_rate_state.rds"
"ou","ou",17,1017,1000049,3077,3.31077496608098,"converged",TRUE,FALSE,FALSE,FALSE,FALSE,27,0.00623209158342702,FALSE,TRUE,"fitted",NA,"rep_0017_fit_ou.rds"
"ou","mse",17,1017,1000050,3077,8.07033148209254,"converged",TRUE,FALSE,FALSE,FALSE,FALSE,57,0.0062454222399506,FALSE,TRUE,"fitted",NA,"rep_0017_fit_mse.rds"
"ou","rate_state",17,1017,1000051,3077,4.56965980132421,"converged",TRUE,FALSE,FALSE,FALSE,FALSE,37,0.0064009296503541,FALSE,TRUE,"fitted",NA,"rep_0017_fit_rate_state.rds"
"ou","ou",18,1018,1000052,6894,11.047217019399,"converged",TRUE,FALSE,FALSE,FALSE,FALSE,39,0.00411158949054414,FALSE,TRUE,"fitted",NA,"rep_0018_fit_ou.rds"
"ou","mse",18,1018,1000053,6894,20.7223693172137,"converged",TRUE,FALSE,FALSE,FALSE,FALSE,42,0.00411184105256464,FALSE,TRUE,"fitted",NA,"rep_0018_fit_mse.rds"
"ou","rate_state",18,1018,1000054,6894,17.9714558005333,"converged",TRUE,FALSE,FALSE,FALSE,FALSE,42,0.00414826537953952,FALSE,TRUE,"fitted",NA,"rep_0018_fit_rate_state.rds"
"ou","ou",19,1019,1000055,3023,3.31810384988785,"converged",TRUE,FALSE,FALSE,FALSE,FALSE,27,0.00627145635717072,FALSE,TRUE,"fitted",NA,"rep_0019_fit_ou.rds"
"ou","mse",19,1019,1000056,3023,5.46116601626078,"converged",TRUE,FALSE,FALSE,FALSE,FALSE,36,0.00627150110758339,FALSE,TRUE,"fitted",NA,"rep_0019_fit_mse.rds"
"ou","rate_state",19,1019,1000057,3023,10.5773544152578,"converged",TRUE,FALSE,FALSE,FALSE,FALSE,78,0.00632736192310415,FALSE,TRUE,"fitted",NA,"rep_0019_fit_rate_state.rds"
"ou","ou",20,1020,1000058,2956,4.09087233146032,"converged",TRUE,FALSE,FALSE,FALSE,FALSE,29,0.00635831013607278,FALSE,TRUE,"fitted",NA,"rep_0020_fit_ou.rds"
"ou","mse",20,1020,1000059,2956,7.1950635155042,"converged",TRUE,FALSE,FALSE,FALSE,FALSE,49,0.00636214967043902,FALSE,TRUE,"fitted",NA,"rep_0020_fit_mse.rds"
"ou","rate_state",20,1020,1000060,2956,4.54343801339467,"converged",TRUE,FALSE,FALSE,FALSE,FALSE,36,0.00640121276948649,FALSE,TRUE,"fitted",NA,"rep_0020_fit_rate_state.rds"
"ou","ou",21,1021,1000061,2472,4.00484919945399,"converged",TRUE,FALSE,FALSE,FALSE,FALSE,32,0.0068709909195909,FALSE,TRUE,"fitted",NA,"rep_0021_fit_ou.rds"
"ou","mse",21,1021,1000062,2472,4.58153326511383,"converged",TRUE,FALSE,FALSE,FALSE,FALSE,44,0.00689752020200317,FALSE,TRUE,"fitted",NA,"rep_0021_fit_mse.rds"
"ou","rate_state",21,1021,1000063,2472,2.30174614985784,"converged",TRUE,FALSE,FALSE,FALSE,FALSE,19,0.00696877199764981,FALSE,TRUE,"fitted",NA,"rep_0021_fit_rate_state.rds"
"ou","ou",22,1022,1000064,3490,3.87972938219706,"converged",TRUE,FALSE,FALSE,FALSE,FALSE,29,0.00589433625720012,FALSE,TRUE,"fitted",NA,"rep_0022_fit_ou.rds"
"ou","mse",22,1022,1000065,3490,6.17472740014394,"converged",TRUE,FALSE,FALSE,FALSE,FALSE,38,0.00590182928387617,FALSE,TRUE,"fitted",NA,"rep_0022_fit_mse.rds"
"ou","rate_state",22,1022,1000066,3490,11.1031712690989,"converged",TRUE,FALSE,FALSE,FALSE,FALSE,86,0.00594392537367238,FALSE,TRUE,"fitted",NA,"rep_0022_fit_rate_state.rds"
"ou","ou",23,1023,1000067,3191,3.15178124904633,"converged",TRUE,FALSE,FALSE,FALSE,FALSE,30,0.00605737517228631,FALSE,TRUE,"fitted",NA,"rep_0023_fit_ou.rds"
"ou","mse",23,1023,1000068,3191,6.79487083355586,"converged",TRUE,FALSE,FALSE,FALSE,FALSE,34,0.00606021126121284,FALSE,TRUE,"fitted",NA,"rep_0023_fit_mse.rds"
"ou","rate_state",23,1023,1000069,3191,6.07327535152435,"converged",TRUE,FALSE,FALSE,FALSE,FALSE,49,0.00612750567391163,FALSE,TRUE,"fitted",NA,"rep_0023_fit_rate_state.rds"
"ou","ou",24,1024,1000070,3105,3.73051882982254,"converged",TRUE,FALSE,FALSE,FALSE,FALSE,35,0.00598458208790883,FALSE,TRUE,"fitted",NA,"rep_0024_fit_ou.rds"
"ou","mse",24,1024,1000071,3105,4.76240603526433,"converged",TRUE,FALSE,FALSE,FALSE,FALSE,36,0.00599268276065263,FALSE,TRUE,"fitted",NA,"rep_0024_fit_mse.rds"
"ou","rate_state",24,1024,1000072,3105,6.02720858256022,"converged",TRUE,FALSE,FALSE,FALSE,FALSE,46,0.00608893670862862,FALSE,TRUE,"fitted",NA,"rep_0024_fit_rate_state.rds"
"ou","ou",25,1025,1000073,2224,1.8050652662913,"converged",TRUE,FALSE,FALSE,FALSE,FALSE,27,0.00729346571712352,FALSE,TRUE,"fitted",NA,"rep_0025_fit_ou.rds"
"ou","mse",25,1025,1000074,2224,4.46394411722819,"converged",TRUE,FALSE,FALSE,FALSE,FALSE,40,0.00731211416286079,FALSE,TRUE,"fitted",NA,"rep_0025_fit_mse.rds"
"ou","rate_state",25,1025,1000075,2224,1.72726540168126,"converged",TRUE,FALSE,FALSE,FALSE,FALSE,21,0.00738669856331736,FALSE,TRUE,"fitted",NA,"rep_0025_fit_rate_state.rds"
"ou","ou",26,1026,1000076,3586,3.58011578321457,"converged",TRUE,FALSE,FALSE,FALSE,FALSE,29,0.00611945395400447,FALSE,TRUE,"fitted",NA,"rep_0026_fit_ou.rds"
"ou","mse",26,1026,1000077,3586,6.22797881762187,"converged",TRUE,FALSE,FALSE,FALSE,FALSE,41,0.00611503436912594,FALSE,TRUE,"fitted",NA,"rep_0026_fit_mse.rds"
"ou","rate_state",26,1026,1000078,3586,10.2278624812762,"converged",TRUE,FALSE,FALSE,FALSE,FALSE,71,0.00614408189885814,FALSE,TRUE,"fitted",NA,"rep_0026_fit_rate_state.rds"
"ou","ou",27,1027,1000079,2950,2.81664076646169,"converged",TRUE,FALSE,FALSE,FALSE,FALSE,30,0.00636364959438611,FALSE,TRUE,"fitted",NA,"rep_0027_fit_ou.rds"
"ou","mse",27,1027,1000080,2950,4.11730780204137,"converged",TRUE,FALSE,FALSE,FALSE,FALSE,38,0.00636856640871025,FALSE,TRUE,"fitted",NA,"rep_0027_fit_mse.rds"
"ou","rate_state",27,1027,1000081,2950,5.41455900271734,"converged",TRUE,FALSE,FALSE,FALSE,FALSE,50,0.00639235721719281,FALSE,TRUE,"fitted",NA,"rep_0027_fit_rate_state.rds"
"ou","ou",28,1028,1000082,6614,11.8272559483846,"converged",TRUE,FALSE,FALSE,FALSE,FALSE,38,0.00409757544824485,FALSE,TRUE,"fitted",NA,"rep_0028_fit_ou.rds"
"ou","mse",28,1028,1000083,6614,16.7390096505483,"converged",TRUE,FALSE,FALSE,FALSE,FALSE,40,0.00410102140879911,FALSE,TRUE,"fitted",NA,"rep_0028_fit_mse.rds"
"ou","rate_state",28,1028,1000084,6614,19.0309050480525,"converged",TRUE,FALSE,FALSE,FALSE,FALSE,52,0.00413566774476163,FALSE,TRUE,"fitted",NA,"rep_0028_fit_rate_state.rds"
"ou","ou",29,1029,1000085,3215,3.23171996672948,"converged",TRUE,FALSE,FALSE,FALSE,FALSE,28,0.00621320515859473,FALSE,TRUE,"fitted",NA,"rep_0029_fit_ou.rds"
"ou","mse",29,1029,1000086,3215,6.15665601889292,"converged",TRUE,FALSE,FALSE,FALSE,FALSE,43,0.00621778356021244,FALSE,TRUE,"fitted",NA,"rep_0029_fit_mse.rds"
"ou","rate_state",29,1029,1000087,3215,6.36965551773707,"converged",TRUE,FALSE,FALSE,FALSE,FALSE,51,0.00626180462058854,FALSE,TRUE,"fitted",NA,"rep_0029_fit_rate_state.rds"
"ou","ou",30,1030,1000088,2400,2.2004921634992,"converged",TRUE,FALSE,FALSE,FALSE,FALSE,25,0.00683795785599367,FALSE,TRUE,"fitted",NA,"rep_0030_fit_ou.rds"
"ou","mse",30,1030,1000089,2400,5.53540426492691,"converged",TRUE,FALSE,FALSE,FALSE,FALSE,52,0.00686277738850068,FALSE,TRUE,"fitted",NA,"rep_0030_fit_mse.rds"
"ou","rate_state",30,1030,1000090,2400,2.07896687984467,"converged",TRUE,FALSE,FALSE,FALSE,FALSE,21,0.00700647149300099,FALSE,TRUE,"fitted",NA,"rep_0030_fit_rate_state.rds"
"ou","ou",31,1031,1000091,4455,5.42598316669464,"converged",TRUE,FALSE,FALSE,FALSE,FALSE,31,0.00502861214747628,FALSE,TRUE,"fitted",NA,"rep_0031_fit_ou.rds"
"ou","mse",31,1031,1000092,4455,8.28005713224411,"converged",TRUE,FALSE,FALSE,FALSE,FALSE,37,0.00503571837830081,FALSE,TRUE,"fitted",NA,"rep_0031_fit_mse.rds"
"ou","rate_state",31,1031,1000093,4455,13.754566582044,"converged",TRUE,FALSE,FALSE,FALSE,FALSE,76,0.00515813084779458,FALSE,TRUE,"fitted",NA,"rep_0031_fit_rate_state.rds"
"ou","ou",32,1032,1000094,3378,3.81693001588186,"converged",TRUE,FALSE,FALSE,FALSE,FALSE,28,0.00597667607995334,FALSE,TRUE,"fitted",NA,"rep_0032_fit_ou.rds"
"ou","mse",32,1032,1000095,3378,5.16008494695028,"converged",TRUE,FALSE,FALSE,FALSE,FALSE,31,0.00598140658527831,FALSE,TRUE,"fitted",NA,"rep_0032_fit_mse.rds"
"ou","rate_state",32,1032,1000096,3378,5.35821168422699,"converged",TRUE,FALSE,FALSE,FALSE,FALSE,41,0.00595310661130095,FALSE,TRUE,"fitted",NA,"rep_0032_fit_rate_state.rds"
"ou","ou",33,1033,1000097,4147,5.39981210231781,"converged",TRUE,FALSE,FALSE,FALSE,FALSE,33,0.00514028575034515,FALSE,TRUE,"fitted",NA,"rep_0033_fit_ou.rds"
"ou","mse",33,1033,1000098,4147,7.74466673533122,"converged",TRUE,FALSE,FALSE,FALSE,FALSE,36,0.0051439007215296,FALSE,TRUE,"fitted",NA,"rep_0033_fit_mse.rds"
"ou","rate_state",33,1033,1000099,4147,6.22918984889984,"converged",TRUE,FALSE,FALSE,FALSE,FALSE,31,0.00525167331364927,FALSE,TRUE,"fitted",NA,"rep_0033_fit_rate_state.rds"
"ou","ou",34,1034,1000100,2649,2.43057673374812,"converged",TRUE,FALSE,FALSE,FALSE,FALSE,24,0.00653150712436449,FALSE,TRUE,"fitted",NA,"rep_0034_fit_ou.rds"
"ou","mse",34,1034,1000101,2649,4.74196930329005,"converged",TRUE,FALSE,FALSE,FALSE,FALSE,39,0.00654946782597595,FALSE,TRUE,"fitted",NA,"rep_0034_fit_mse.rds"
"ou","rate_state",34,1034,1000102,2649,2.31658931573232,"converged",TRUE,FALSE,FALSE,FALSE,FALSE,21,0.00661269330797653,FALSE,TRUE,"fitted",NA,"rep_0034_fit_rate_state.rds"
"ou","ou",35,1035,1000103,6409,12.0518362522125,"converged",TRUE,FALSE,FALSE,FALSE,FALSE,38,0.00465045267004794,FALSE,TRUE,"fitted",NA,"rep_0035_fit_ou.rds"
"ou","mse",35,1035,1000104,6409,16.7281269828479,"converged",TRUE,FALSE,FALSE,FALSE,FALSE,42,0.00464869774699882,FALSE,TRUE,"fitted",NA,"rep_0035_fit_mse.rds"
"ou","rate_state",35,1035,1000105,6409,19.9681497176488,"converged",TRUE,FALSE,FALSE,FALSE,FALSE,55,0.0046460261861503,FALSE,TRUE,"fitted",NA,"rep_0035_fit_rate_state.rds"
"ou","ou",36,1036,1000106,2554,2.72192783355713,"converged",TRUE,FALSE,FALSE,FALSE,FALSE,26,0.00672623461634277,FALSE,TRUE,"fitted",NA,"rep_0036_fit_ou.rds"
"ou","mse",36,1036,1000107,2554,4.76707798242569,"converged",TRUE,FALSE,FALSE,FALSE,FALSE,37,0.00672721956612831,FALSE,TRUE,"fitted",NA,"rep_0036_fit_mse.rds"
"ou","rate_state",36,1036,1000108,2554,2.65563989877701,"converged",TRUE,FALSE,FALSE,FALSE,FALSE,23,0.00680002822026723,FALSE,TRUE,"fitted",NA,"rep_0036_fit_rate_state.rds"
"ou","ou",37,1037,1000109,6747,13.5420096158981,"converged",TRUE,FALSE,FALSE,FALSE,FALSE,38,0.00405690205576734,FALSE,TRUE,"fitted",NA,"rep_0037_fit_ou.rds"
"ou","mse",37,1037,1000110,6747,21.6454379518827,"converged",TRUE,FALSE,FALSE,FALSE,FALSE,45,0.0040506425667452,FALSE,TRUE,"fitted",NA,"rep_0037_fit_mse.rds"
"ou","rate_state",37,1037,1000111,6747,21.4133952498436,"converged",TRUE,FALSE,FALSE,FALSE,FALSE,53,0.00401364234379314,FALSE,TRUE,"fitted",NA,"rep_0037_fit_rate_state.rds"
"ou","ou",38,1038,1000112,2499,2.53887854814529,"converged",TRUE,FALSE,FALSE,FALSE,FALSE,25,0.0068671846320442,FALSE,TRUE,"fitted",NA,"rep_0038_fit_ou.rds"
"ou","mse",38,1038,1000113,2499,4.36453381379445,"converged",TRUE,FALSE,FALSE,FALSE,FALSE,37,0.00686637382050756,FALSE,TRUE,"fitted",NA,"rep_0038_fit_mse.rds"
"ou","rate_state",38,1038,1000114,2499,2.41721008221308,"converged",TRUE,FALSE,FALSE,FALSE,FALSE,23,0.0068940265317897,FALSE,TRUE,"fitted",NA,"rep_0038_fit_rate_state.rds"
"ou","ou",39,1039,1000115,5235,8.39940148591995,"converged",TRUE,FALSE,FALSE,FALSE,FALSE,34,0.00487383274605762,FALSE,TRUE,"fitted",NA,"rep_0039_fit_ou.rds"
"ou","mse",39,1039,1000116,5235,11.0279494643211,"converged",TRUE,FALSE,FALSE,FALSE,FALSE,36,0.00487178142872806,FALSE,TRUE,"fitted",NA,"rep_0039_fit_mse.rds"
"ou","rate_state",39,1039,1000117,5235,18.3785889188449,"converged",TRUE,FALSE,FALSE,FALSE,FALSE,66,0.00484798485532194,FALSE,TRUE,"fitted",NA,"rep_0039_fit_rate_state.rds"
"ou","ou",40,1040,1000118,2839,3.03113786776861,"converged",TRUE,FALSE,FALSE,FALSE,FALSE,26,0.00621553830463122,FALSE,TRUE,"fitted",NA,"rep_0040_fit_ou.rds"
"ou","mse",40,1040,1000119,2839,6.17545523246129,"converged",TRUE,FALSE,FALSE,FALSE,FALSE,43,0.00621838897222042,FALSE,TRUE,"fitted",NA,"rep_0040_fit_mse.rds"
"ou","rate_state",40,1040,1000120,2839,2.89031098286311,"converged",TRUE,FALSE,FALSE,FALSE,FALSE,23,0.00628367729436388,FALSE,TRUE,"fitted",NA,"rep_0040_fit_rate_state.rds"
"ou","ou",41,1041,1000121,3922,5.64383063316345,"converged",TRUE,FALSE,FALSE,FALSE,FALSE,33,0.00525538406138515,FALSE,TRUE,"fitted",NA,"rep_0041_fit_ou.rds"
"ou","mse",41,1041,1000122,3922,17.6082762201627,"converged",TRUE,FALSE,FALSE,FALSE,FALSE,61,0.00525588938217851,FALSE,TRUE,"fitted",NA,"rep_0041_fit_mse.rds"
"ou","rate_state",41,1041,1000123,3922,18.533010049661,"converged",TRUE,FALSE,FALSE,FALSE,FALSE,91,0.00535712974746892,FALSE,TRUE,"fitted",NA,"rep_0041_fit_rate_state.rds"
"ou","ou",42,1042,1000124,4488,7.96220511595408,"converged",TRUE,FALSE,FALSE,FALSE,FALSE,33,0.00513435572467048,FALSE,TRUE,"fitted",NA,"rep_0042_fit_ou.rds"
"ou","mse",42,1042,1000125,4488,10.9014032483101,"converged",TRUE,FALSE,FALSE,FALSE,FALSE,37,0.00513541949968727,FALSE,TRUE,"fitted",NA,"rep_0042_fit_mse.rds"
"ou","rate_state",42,1042,1000126,4488,12.6694964647293,"converged",TRUE,FALSE,FALSE,FALSE,FALSE,45,0.00519383795947498,FALSE,TRUE,"fitted",NA,"rep_0042_fit_rate_state.rds"
"ou","ou",43,1043,1000127,6526,13.7719466845195,"converged",TRUE,FALSE,FALSE,FALSE,FALSE,36,0.00434608701114134,FALSE,TRUE,"fitted",NA,"rep_0043_fit_ou.rds"
"ou","mse",43,1043,1000128,6526,17.9954427520434,"converged",TRUE,FALSE,FALSE,FALSE,FALSE,39,0.0043437583695262,FALSE,TRUE,"fitted",NA,"rep_0043_fit_mse.rds"
"ou","rate_state",43,1043,1000129,6526,30.7241670330366,"converged",TRUE,FALSE,FALSE,FALSE,FALSE,74,0.00432416670324764,FALSE,TRUE,"fitted",NA,"rep_0043_fit_rate_state.rds"
"ou","ou",44,1044,1000130,6602,13.3133236845334,"converged",TRUE,FALSE,FALSE,FALSE,FALSE,36,0.00424364226789099,FALSE,TRUE,"fitted",NA,"rep_0044_fit_ou.rds"
"ou","mse",44,1044,1000131,6602,18.6232376495997,"converged",TRUE,FALSE,FALSE,FALSE,FALSE,40,0.00424637080576904,FALSE,TRUE,"fitted",NA,"rep_0044_fit_mse.rds"
"ou","rate_state",44,1044,1000132,6602,30.7660201629003,"converged",TRUE,FALSE,FALSE,FALSE,FALSE,70,0.00425480870825375,FALSE,TRUE,"fitted",NA,"rep_0044_fit_rate_state.rds"
"ou","ou",45,1045,1000133,5854,10.1560676972071,"converged",TRUE,FALSE,FALSE,FALSE,FALSE,33,0.00470313205149871,FALSE,TRUE,"fitted",NA,"rep_0045_fit_ou.rds"
"ou","mse",45,1045,1000134,5854,15.5638727664948,"converged",TRUE,FALSE,FALSE,FALSE,FALSE,40,0.00470226108267161,FALSE,TRUE,"fitted",NA,"rep_0045_fit_mse.rds"
"ou","rate_state",45,1045,1000135,5854,23.4558076659838,"converged",TRUE,FALSE,FALSE,FALSE,FALSE,67,0.00471105242194573,FALSE,TRUE,"fitted",NA,"rep_0045_fit_rate_state.rds"
"ou","ou",46,1046,1000136,4076,5.3710218667984,"converged",TRUE,FALSE,FALSE,FALSE,FALSE,31,0.00528379770616287,FALSE,TRUE,"fitted",NA,"rep_0046_fit_ou.rds"
"ou","mse",46,1046,1000137,4076,30.3962596495946,"converged",TRUE,FALSE,FALSE,FALSE,FALSE,84,0.00528423060600659,FALSE,TRUE,"fitted",NA,"rep_0046_fit_mse.rds"
"ou","rate_state",46,1046,1000138,4076,8.0893824338913,"converged",TRUE,FALSE,FALSE,FALSE,FALSE,41,0.00537197778075177,FALSE,TRUE,"fitted",NA,"rep_0046_fit_rate_state.rds"
"ou","ou",47,1047,1000139,3503,4.20700881878535,"converged",TRUE,FALSE,FALSE,FALSE,FALSE,27,0.00617058767224841,FALSE,TRUE,"fitted",NA,"rep_0047_fit_ou.rds"
"ou","mse",47,1047,1000140,3503,6.88158708016078,"converged",TRUE,FALSE,FALSE,FALSE,FALSE,36,0.00617941703316855,FALSE,TRUE,"fitted",NA,"rep_0047_fit_mse.rds"
"ou","rate_state",47,1047,1000141,3503,11.9041299144427,"converged",TRUE,FALSE,FALSE,FALSE,FALSE,69,0.0062276631672925,FALSE,TRUE,"fitted",NA,"rep_0047_fit_rate_state.rds"
"ou","ou",48,1048,1000142,2380,2.77094873189926,"converged",TRUE,FALSE,FALSE,FALSE,FALSE,22,0.00710920592520089,FALSE,TRUE,"fitted",NA,"rep_0048_fit_ou.rds"
"ou","mse",48,1048,1000143,2380,4.36561066706975,"converged",TRUE,FALSE,FALSE,FALSE,FALSE,36,0.00710697674137012,FALSE,TRUE,"fitted",NA,"rep_0048_fit_mse.rds"
"ou","rate_state",48,1048,1000144,2380,2.19945136706034,"converged",TRUE,FALSE,FALSE,FALSE,FALSE,19,0.00721242674976789,FALSE,TRUE,"fitted",NA,"rep_0048_fit_rate_state.rds"
"ou","ou",49,1049,1000145,3415,4.88991918563843,"converged",TRUE,FALSE,FALSE,FALSE,FALSE,31,0.00592858134123169,FALSE,TRUE,"fitted",NA,"rep_0049_fit_ou.rds"
"ou","mse",49,1049,1000146,3415,8.73452099959056,"converged",TRUE,FALSE,FALSE,FALSE,FALSE,47,0.00592001527165943,FALSE,TRUE,"fitted",NA,"rep_0049_fit_mse.rds"
"ou","rate_state",49,1049,1000147,3415,10.2000155329704,"converged",TRUE,FALSE,FALSE,FALSE,FALSE,61,0.00595378348298887,FALSE,TRUE,"fitted",NA,"rep_0049_fit_rate_state.rds"
"ou","ou",50,1050,1000148,2551,2.92970523436864,"converged",TRUE,FALSE,FALSE,FALSE,FALSE,23,0.00678505303009546,FALSE,TRUE,"fitted",NA,"rep_0050_fit_ou.rds"
"ou","mse",50,1050,1000149,2551,5.60056671698888,"converged",TRUE,FALSE,FALSE,FALSE,FALSE,38,0.00681267098380437,FALSE,TRUE,"fitted",NA,"rep_0050_fit_mse.rds"
"ou","rate_state",50,1050,1000150,2551,2.37715993324916,"converged",TRUE,FALSE,FALSE,FALSE,FALSE,18,0.00686591318516926,FALSE,TRUE,"fitted",NA,"rep_0050_fit_rate_state.rds"
"ou","ou",51,1051,1000151,2600,3.18541906674703,"converged",TRUE,FALSE,FALSE,FALSE,FALSE,28,0.0069479046291863,FALSE,TRUE,"fitted",NA,"rep_0051_fit_ou.rds"
"ou","mse",51,1051,1000152,2600,5.67604801654816,"converged",TRUE,FALSE,FALSE,FALSE,FALSE,45,0.0069631346039136,FALSE,TRUE,"fitted",NA,"rep_0051_fit_mse.rds"
"ou","rate_state",51,1051,1000153,2600,2.13102380037308,"converged",TRUE,FALSE,FALSE,FALSE,FALSE,19,0.00702140588660343,FALSE,TRUE,"fitted",NA,"rep_0051_fit_rate_state.rds"
"ou","ou",52,1052,1000154,3210,3.67433915138245,"converged",TRUE,FALSE,FALSE,FALSE,FALSE,27,0.00607550106983559,FALSE,TRUE,"fitted",NA,"rep_0052_fit_ou.rds"
"ou","mse",52,1052,1000155,3210,35.3717050989469,"hit_max",FALSE,TRUE,FALSE,FALSE,FALSE,100,0.00771106312758754,FALSE,FALSE,"fitted",NA,"rep_0052_fit_mse.rds"
"ou","rate_state",52,1052,1000156,3210,7.22846783399582,"converged",TRUE,FALSE,FALSE,FALSE,FALSE,53,0.00611025251751072,FALSE,TRUE,"fitted",NA,"rep_0052_fit_rate_state.rds"
"ou","ou",53,1053,1000157,2536,2.16947646935781,"converged",TRUE,FALSE,FALSE,FALSE,FALSE,25,0.00666136743125175,FALSE,TRUE,"fitted",NA,"rep_0053_fit_ou.rds"
"ou","mse",53,1053,1000158,2536,6.84948079983393,"converged",TRUE,FALSE,FALSE,FALSE,FALSE,46,0.00666237358198214,FALSE,TRUE,"fitted",NA,"rep_0053_fit_mse.rds"
"ou","rate_state",53,1053,1000159,2536,5.41262579758962,"converged",TRUE,FALSE,FALSE,FALSE,FALSE,46,0.00674028788107857,FALSE,TRUE,"fitted",NA,"rep_0053_fit_rate_state.rds"
"ou","ou",54,1054,1000160,4022,5.43486131827037,"converged",TRUE,FALSE,FALSE,FALSE,FALSE,31,0.00537708694273688,FALSE,TRUE,"fitted",NA,"rep_0054_fit_ou.rds"
"ou","mse",54,1054,1000161,4022,8.9673139333725,"converged",TRUE,FALSE,FALSE,FALSE,FALSE,41,0.00537690678845113,FALSE,TRUE,"fitted",NA,"rep_0054_fit_mse.rds"
"ou","rate_state",54,1054,1000162,4022,11.161402618885,"converged",TRUE,FALSE,FALSE,FALSE,FALSE,59,0.00541258685881353,FALSE,TRUE,"fitted",NA,"rep_0054_fit_rate_state.rds"
"ou","ou",55,1055,1000163,2319,1.92457050085068,"converged",TRUE,FALSE,FALSE,FALSE,FALSE,21,0.00712338161023528,FALSE,TRUE,"fitted",NA,"rep_0055_fit_ou.rds"
"ou","mse",55,1055,1000164,2319,3.41673144896825,"converged",TRUE,FALSE,FALSE,FALSE,FALSE,34,0.00712637377164623,FALSE,TRUE,"fitted",NA,"rep_0055_fit_mse.rds"
"ou","rate_state",55,1055,1000165,2319,1.44206011692683,"converged",TRUE,FALSE,FALSE,FALSE,FALSE,18,0.00719562893460056,FALSE,TRUE,"fitted",NA,"rep_0055_fit_rate_state.rds"
"ou","ou",56,1056,1000166,6299,13.0387883146604,"converged",TRUE,FALSE,FALSE,FALSE,FALSE,37,0.00418534873262706,FALSE,TRUE,"fitted",NA,"rep_0056_fit_ou.rds"
"ou","mse",56,1056,1000167,6299,17.6415832678477,"converged",TRUE,FALSE,FALSE,FALSE,FALSE,41,0.00418614724549199,FALSE,TRUE,"fitted",NA,"rep_0056_fit_mse.rds"
"ou","rate_state",56,1056,1000168,6299,24.7820416649183,"converged",TRUE,FALSE,FALSE,FALSE,FALSE,60,0.00420692386020049,FALSE,TRUE,"fitted",NA,"rep_0056_fit_rate_state.rds"
"ou","ou",57,1057,1000169,3674,4.38041303157806,"converged",TRUE,FALSE,FALSE,FALSE,FALSE,30,0.00590466246340102,FALSE,TRUE,"fitted",NA,"rep_0057_fit_ou.rds"
"ou","mse",57,1057,1000170,3674,7.22340571880341,"converged",TRUE,FALSE,FALSE,FALSE,FALSE,38,0.00591173717502349,FALSE,TRUE,"fitted",NA,"rep_0057_fit_mse.rds"
"ou","rate_state",57,1057,1000171,3674,7.27467091480891,"converged",TRUE,FALSE,FALSE,FALSE,FALSE,40,0.00594490135948841,FALSE,TRUE,"fitted",NA,"rep_0057_fit_rate_state.rds"
"ou","ou",58,1058,1000172,3127,3.80017798344294,"converged",TRUE,FALSE,FALSE,FALSE,FALSE,26,0.00613787062651448,FALSE,TRUE,"fitted",NA,"rep_0058_fit_ou.rds"
"ou","mse",58,1058,1000173,3127,8.23990650177002,"converged",TRUE,FALSE,FALSE,FALSE,FALSE,49,0.00614216995043654,FALSE,TRUE,"fitted",NA,"rep_0058_fit_mse.rds"
"ou","rate_state",58,1058,1000174,3127,6.79549693266551,"converged",TRUE,FALSE,FALSE,FALSE,FALSE,43,0.00621861452847143,FALSE,TRUE,"fitted",NA,"rep_0058_fit_rate_state.rds"
"ou","ou",59,1059,1000175,3872,5.84159970283508,"converged",TRUE,FALSE,FALSE,FALSE,FALSE,31,0.00553768235210897,FALSE,TRUE,"fitted",NA,"rep_0059_fit_ou.rds"
"ou","mse",59,1059,1000176,3872,15.6959627350171,"converged",TRUE,FALSE,FALSE,FALSE,FALSE,72,0.0055496264862033,FALSE,TRUE,"fitted",NA,"rep_0059_fit_mse.rds"
"ou","rate_state",59,1059,1000177,3872,10.735414036115,"converged",TRUE,FALSE,FALSE,FALSE,FALSE,59,0.00567286810484946,FALSE,TRUE,"fitted",NA,"rep_0059_fit_rate_state.rds"
"ou","ou",60,1060,1000178,6617,15.1902692993482,"converged",TRUE,FALSE,FALSE,FALSE,FALSE,41,0.00441402088677912,FALSE,TRUE,"fitted",NA,"rep_0060_fit_ou.rds"
"ou","mse",60,1060,1000179,6617,23.5456145485242,"converged",TRUE,FALSE,FALSE,FALSE,FALSE,45,0.00441457921079164,FALSE,TRUE,"fitted",NA,"rep_0060_fit_mse.rds"
"ou","rate_state",60,1060,1000180,6617,25.9814640839895,"converged",TRUE,FALSE,FALSE,FALSE,FALSE,61,0.00445195354466329,FALSE,TRUE,"fitted",NA,"rep_0060_fit_rate_state.rds"
"ou","ou",61,1061,1000181,2618,2.94434011379878,"converged",TRUE,FALSE,FALSE,FALSE,FALSE,25,0.00650010424904739,FALSE,TRUE,"fitted",NA,"rep_0061_fit_ou.rds"
"ou","mse",61,1061,1000182,2618,4.92616936763128,"converged",TRUE,FALSE,FALSE,FALSE,FALSE,36,0.00650251008080547,FALSE,TRUE,"fitted",NA,"rep_0061_fit_mse.rds"
"ou","rate_state",61,1061,1000183,2618,5.35519241889318,"converged",TRUE,FALSE,FALSE,FALSE,FALSE,44,0.00655879708676391,FALSE,TRUE,"fitted",NA,"rep_0061_fit_rate_state.rds"
"ou","ou",62,1062,1000184,2513,2.93372784852982,"converged",TRUE,FALSE,FALSE,FALSE,FALSE,27,0.00668243009003183,FALSE,TRUE,"fitted",NA,"rep_0062_fit_ou.rds"
"ou","mse",62,1062,1000185,2513,5.06300441424052,"converged",TRUE,FALSE,FALSE,FALSE,FALSE,39,0.00668942451156732,FALSE,TRUE,"fitted",NA,"rep_0062_fit_mse.rds"
"ou","rate_state",62,1062,1000186,2513,4.56792784929276,"converged",TRUE,FALSE,FALSE,FALSE,FALSE,36,0.00680353692937687,FALSE,TRUE,"fitted",NA,"rep_0062_fit_rate_state.rds"
"ou","ou",63,1063,1000187,2465,3.35323123137156,"converged",TRUE,FALSE,FALSE,FALSE,FALSE,29,0.00695533137424992,FALSE,TRUE,"fitted",NA,"rep_0063_fit_ou.rds"
"ou","mse",63,1063,1000188,2465,6.35439945062002,"converged",TRUE,FALSE,FALSE,FALSE,FALSE,52,0.00698741747992338,FALSE,TRUE,"fitted",NA,"rep_0063_fit_mse.rds"
"ou","rate_state",63,1063,1000189,2465,4.54744903246562,"converged",TRUE,FALSE,FALSE,FALSE,FALSE,43,0.00711752973481247,FALSE,TRUE,"fitted",NA,"rep_0063_fit_rate_state.rds"
"ou","ou",64,1064,1000190,2622,2.94231675068537,"converged",TRUE,FALSE,FALSE,FALSE,FALSE,26,0.0065664652911968,FALSE,TRUE,"fitted",NA,"rep_0064_fit_ou.rds"
"ou","mse",64,1064,1000191,2622,4.63882728417714,"converged",TRUE,FALSE,FALSE,FALSE,FALSE,34,0.00657791552479499,FALSE,TRUE,"fitted",NA,"rep_0064_fit_mse.rds"
"ou","rate_state",64,1064,1000192,2622,2.99737590154012,"converged",TRUE,FALSE,FALSE,FALSE,FALSE,23,0.0066697000002139,FALSE,TRUE,"fitted",NA,"rep_0064_fit_rate_state.rds"
"ou","ou",65,1065,1000193,6796,15.6742045164108,"converged",TRUE,FALSE,FALSE,FALSE,FALSE,38,0.0041976249086626,FALSE,TRUE,"fitted",NA,"rep_0065_fit_ou.rds"
"ou","mse",65,1065,1000194,6796,29.6643316864967,"converged",TRUE,FALSE,FALSE,FALSE,FALSE,50,0.0041986979486304,FALSE,TRUE,"fitted",NA,"rep_0065_fit_mse.rds"
"ou","rate_state",65,1065,1000195,6796,30.4222560167313,"converged",TRUE,FALSE,FALSE,FALSE,FALSE,64,0.00426398242314439,FALSE,TRUE,"fitted",NA,"rep_0065_fit_rate_state.rds"
"ou","ou",66,1066,1000196,1986,2.09034458001455,"converged",TRUE,FALSE,FALSE,FALSE,FALSE,23,0.00723125655488171,FALSE,TRUE,"fitted",NA,"rep_0066_fit_ou.rds"
"ou","mse",66,1066,1000197,1986,3.97689416805903,"converged",TRUE,FALSE,FALSE,FALSE,FALSE,38,0.00723281475209512,FALSE,TRUE,"fitted",NA,"rep_0066_fit_mse.rds"
"ou","rate_state",66,1066,1000198,1986,3.24934444824855,"converged",TRUE,FALSE,FALSE,FALSE,FALSE,33,0.00729932178629541,FALSE,TRUE,"fitted",NA,"rep_0066_fit_rate_state.rds"
"ou","ou",67,1067,1000199,5114,8.12615999778112,"converged",TRUE,FALSE,FALSE,FALSE,FALSE,34,0.004821775164491,FALSE,TRUE,"fitted",NA,"rep_0067_fit_ou.rds"
"ou","mse",67,1067,1000200,5114,12.7282843470573,"converged",TRUE,FALSE,FALSE,FALSE,FALSE,35,0.00482578064207183,FALSE,TRUE,"fitted",NA,"rep_0067_fit_mse.rds"
"ou","rate_state",67,1067,1000201,5114,17.548822247982,"converged",TRUE,FALSE,FALSE,FALSE,FALSE,59,0.00482587205745842,FALSE,TRUE,"fitted",NA,"rep_0067_fit_rate_state.rds"
"ou","ou",68,1068,1000202,2403,2.86702970266342,"converged",TRUE,FALSE,FALSE,FALSE,FALSE,26,0.00691826518651918,FALSE,TRUE,"fitted",NA,"rep_0068_fit_ou.rds"
"ou","mse",68,1068,1000203,2403,4.26049601634343,"converged",TRUE,FALSE,FALSE,FALSE,FALSE,37,0.00691860435360501,FALSE,TRUE,"fitted",NA,"rep_0068_fit_mse.rds"
"ou","rate_state",68,1068,1000204,2403,2.56520263353984,"converged",TRUE,FALSE,FALSE,FALSE,FALSE,22,0.00704785769282269,FALSE,TRUE,"fitted",NA,"rep_0068_fit_rate_state.rds"
"ou","ou",69,1069,1000205,1984,2.00177388191223,"converged",TRUE,FALSE,FALSE,FALSE,FALSE,22,0.00730072892082728,FALSE,TRUE,"fitted",NA,"rep_0069_fit_ou.rds"
"ou","mse",69,1069,1000206,1984,3.40979578495026,"converged",TRUE,FALSE,FALSE,FALSE,FALSE,33,0.00731667420464802,FALSE,TRUE,"fitted",NA,"rep_0069_fit_mse.rds"
"ou","rate_state",69,1069,1000207,1984,3.38008084694544,"converged",TRUE,FALSE,FALSE,FALSE,FALSE,33,0.007415366888656,FALSE,TRUE,"fitted",NA,"rep_0069_fit_rate_state.rds"
"ou","ou",70,1070,1000208,2533,2.67207934856415,"converged",TRUE,FALSE,FALSE,FALSE,FALSE,25,0.00662143403640558,FALSE,TRUE,"fitted",NA,"rep_0070_fit_ou.rds"
"ou","mse",70,1070,1000209,2533,4.67374373674393,"converged",TRUE,FALSE,FALSE,FALSE,FALSE,37,0.00662772062030409,FALSE,TRUE,"fitted",NA,"rep_0070_fit_mse.rds"
"ou","rate_state",70,1070,1000210,2533,2.52498979965846,"converged",TRUE,FALSE,FALSE,FALSE,FALSE,23,0.00668678320659111,FALSE,TRUE,"fitted",NA,"rep_0070_fit_rate_state.rds"
"ou","ou",71,1071,1000211,4037,5.07657076915105,"converged",TRUE,FALSE,FALSE,FALSE,FALSE,31,0.00543788985059568,FALSE,TRUE,"fitted",NA,"rep_0071_fit_ou.rds"
"ou","mse",71,1071,1000212,4037,10.8163704673449,"converged",TRUE,FALSE,FALSE,FALSE,FALSE,43,0.00544129473704148,FALSE,TRUE,"fitted",NA,"rep_0071_fit_mse.rds"
"ou","rate_state",71,1071,1000213,4037,9.335083035628,"converged",TRUE,FALSE,FALSE,FALSE,FALSE,42,0.00552068260275727,FALSE,TRUE,"fitted",NA,"rep_0071_fit_rate_state.rds"
"ou","ou",72,1072,1000214,3891,4.86130754947662,"converged",TRUE,FALSE,FALSE,FALSE,FALSE,30,0.00574040931528356,FALSE,TRUE,"fitted",NA,"rep_0072_fit_ou.rds"
"ou","mse",72,1072,1000215,3891,7.54651663303375,"converged",TRUE,FALSE,FALSE,FALSE,FALSE,34,0.00574500091416808,FALSE,TRUE,"fitted",NA,"rep_0072_fit_mse.rds"
"ou","rate_state",72,1072,1000216,3891,10.2671850164731,"converged",TRUE,FALSE,FALSE,FALSE,FALSE,51,0.00583913945636796,FALSE,TRUE,"fitted",NA,"rep_0072_fit_rate_state.rds"
"ou","ou",73,1073,1000217,2763,3.30221935113271,"converged",TRUE,FALSE,FALSE,FALSE,FALSE,27,0.00645570466348555,FALSE,TRUE,"fitted",NA,"rep_0073_fit_ou.rds"
"ou","mse",73,1073,1000218,2763,6.29485378662745,"converged",TRUE,FALSE,FALSE,FALSE,FALSE,45,0.0064570273197098,FALSE,TRUE,"fitted",NA,"rep_0073_fit_mse.rds"
"ou","rate_state",73,1073,1000219,2763,2.77935796578725,"converged",TRUE,FALSE,FALSE,FALSE,FALSE,23,0.00657338250284864,FALSE,TRUE,"fitted",NA,"rep_0073_fit_rate_state.rds"
"ou","ou",74,1074,1000220,3622,5.05999241669973,"converged",TRUE,FALSE,FALSE,FALSE,FALSE,34,0.00578557491143443,FALSE,TRUE,"fitted",NA,"rep_0074_fit_ou.rds"
"ou","mse",74,1074,1000221,3622,8.14223345120748,"converged",TRUE,FALSE,FALSE,FALSE,FALSE,37,0.00579288577528513,FALSE,TRUE,"fitted",NA,"rep_0074_fit_mse.rds"
"ou","rate_state",74,1074,1000222,3622,9.6872674981753,"converged",TRUE,FALSE,FALSE,FALSE,FALSE,54,0.00578116837937202,FALSE,TRUE,"fitted",NA,"rep_0074_fit_rate_state.rds"
"ou","ou",75,1075,1000223,3862,5.18479952017466,"converged",TRUE,FALSE,FALSE,FALSE,FALSE,30,0.00560677778177418,FALSE,TRUE,"fitted",NA,"rep_0075_fit_ou.rds"
"ou","mse",75,1075,1000224,3862,8.90953728357951,"converged",TRUE,FALSE,FALSE,FALSE,FALSE,39,0.00561485083095941,FALSE,TRUE,"fitted",NA,"rep_0075_fit_mse.rds"
"ou","rate_state",75,1075,1000225,3862,12.5656030694644,"converged",TRUE,FALSE,FALSE,FALSE,FALSE,64,0.00567357341248378,FALSE,TRUE,"fitted",NA,"rep_0075_fit_rate_state.rds"
"ou","ou",76,1076,1000226,2494,2.66200625101725,"converged",TRUE,FALSE,FALSE,FALSE,FALSE,24,0.00683772585381834,FALSE,TRUE,"fitted",NA,"rep_0076_fit_ou.rds"
"ou","mse",76,1076,1000227,2494,4.2576313495636,"converged",TRUE,FALSE,FALSE,FALSE,FALSE,32,0.00685623183752631,FALSE,TRUE,"fitted",NA,"rep_0076_fit_mse.rds"
"ou","rate_state",76,1076,1000228,2494,2.1973771850268,"converged",TRUE,FALSE,FALSE,FALSE,FALSE,21,0.00693644924147925,FALSE,TRUE,"fitted",NA,"rep_0076_fit_rate_state.rds"
"ou","ou",77,1077,1000229,6046,10.1081910173098,"converged",TRUE,FALSE,FALSE,FALSE,FALSE,39,0.00415082996833334,FALSE,TRUE,"fitted",NA,"rep_0077_fit_ou.rds"
"ou","mse",77,1077,1000230,6046,19.5326124827067,"converged",TRUE,FALSE,FALSE,FALSE,FALSE,43,0.00415116944836716,FALSE,TRUE,"fitted",NA,"rep_0077_fit_mse.rds"
"ou","rate_state",77,1077,1000231,6046,23.8727669159571,"converged",TRUE,FALSE,FALSE,FALSE,FALSE,65,0.00416609142356598,FALSE,TRUE,"fitted",NA,"rep_0077_fit_rate_state.rds"
"ou","ou",78,1078,1000232,5286,7.09432328144709,"converged",TRUE,FALSE,FALSE,FALSE,FALSE,35,0.00498164213066788,FALSE,TRUE,"fitted",NA,"rep_0078_fit_ou.rds"
"ou","mse",78,1078,1000233,5286,11.96816076835,"converged",TRUE,FALSE,FALSE,FALSE,FALSE,41,0.00498450330873405,FALSE,TRUE,"fitted",NA,"rep_0078_fit_mse.rds"
"ou","rate_state",78,1078,1000234,5286,22.2668126503626,"converged",TRUE,FALSE,FALSE,FALSE,FALSE,88,0.00503111413488393,FALSE,TRUE,"fitted",NA,"rep_0078_fit_rate_state.rds"
"ou","ou",79,1079,1000235,2818,3.22404710054398,"converged",TRUE,FALSE,FALSE,FALSE,FALSE,26,0.00636946309077507,FALSE,TRUE,"fitted",NA,"rep_0079_fit_ou.rds"
"ou","mse",79,1079,1000236,2818,5.42331159909566,"converged",TRUE,FALSE,FALSE,FALSE,FALSE,36,0.00637241652257787,FALSE,TRUE,"fitted",NA,"rep_0079_fit_mse.rds"
"ou","rate_state",79,1079,1000237,2818,5.87759051720301,"converged",TRUE,FALSE,FALSE,FALSE,FALSE,40,0.00637081381720818,FALSE,TRUE,"fitted",NA,"rep_0079_fit_rate_state.rds"
"ou","ou",80,1080,1000238,2651,2.88223410050074,"converged",TRUE,FALSE,FALSE,FALSE,FALSE,23,0.00680797612744116,FALSE,TRUE,"fitted",NA,"rep_0080_fit_ou.rds"
"ou","mse",80,1080,1000239,2651,5.06891813278198,"converged",TRUE,FALSE,FALSE,FALSE,FALSE,35,0.0068249451161491,FALSE,TRUE,"fitted",NA,"rep_0080_fit_mse.rds"
"ou","rate_state",80,1080,1000240,2651,2.39794299999873,"converged",TRUE,FALSE,FALSE,FALSE,FALSE,20,0.00690628571744855,FALSE,TRUE,"fitted",NA,"rep_0080_fit_rate_state.rds"
"ou","ou",81,1081,1000241,3487,3.67271551688512,"converged",TRUE,FALSE,FALSE,FALSE,FALSE,29,0.00591194874381326,FALSE,TRUE,"fitted",NA,"rep_0081_fit_ou.rds"
"ou","mse",81,1081,1000242,3487,37.2531973997752,"hit_max",FALSE,TRUE,FALSE,FALSE,FALSE,100,0.00752544831090354,FALSE,FALSE,"fitted",NA,"rep_0081_fit_mse.rds"
"ou","rate_state",81,1081,1000243,3487,8.61116391420364,"converged",TRUE,FALSE,FALSE,FALSE,FALSE,58,0.00592113826748779,FALSE,TRUE,"fitted",NA,"rep_0081_fit_rate_state.rds"
"ou","ou",82,1082,1000244,2687,2.70154155095418,"converged",TRUE,FALSE,FALSE,FALSE,FALSE,27,0.00665282648812896,FALSE,TRUE,"fitted",NA,"rep_0082_fit_ou.rds"
"ou","mse",82,1082,1000245,2687,4.85880756775538,"converged",TRUE,FALSE,FALSE,FALSE,FALSE,41,0.00664964636151297,FALSE,TRUE,"fitted",NA,"rep_0082_fit_mse.rds"
"ou","rate_state",82,1082,1000246,2687,2.67938560247421,"converged",TRUE,FALSE,FALSE,FALSE,FALSE,24,0.00673300898715858,FALSE,TRUE,"fitted",NA,"rep_0082_fit_rate_state.rds"
"ou","ou",83,1083,1000247,10381,12.4779478152593,"converged",TRUE,FALSE,FALSE,FALSE,FALSE,44,0.003289503274951,FALSE,TRUE,"fitted",NA,"rep_0083_fit_ou.rds"
"ou","mse",83,1083,1000248,10381,47.68579728206,"converged",TRUE,FALSE,FALSE,FALSE,FALSE,49,0.00328545869010942,FALSE,TRUE,"fitted",NA,"rep_0083_fit_mse.rds"
"ou","rate_state",83,1083,1000249,10381,52.3048353513082,"converged",TRUE,FALSE,FALSE,FALSE,FALSE,82,0.00326142582399024,FALSE,TRUE,"fitted",NA,"rep_0083_fit_rate_state.rds"
"ou","ou",84,1084,1000250,5888,3.87127578258514,"converged",TRUE,FALSE,FALSE,FALSE,FALSE,35,0.00478025328579643,FALSE,TRUE,"fitted",NA,"rep_0084_fit_ou.rds"
"ou","mse",84,1084,1000251,5888,5.85002841949463,"converged",TRUE,FALSE,FALSE,FALSE,FALSE,39,0.00478131388518195,FALSE,TRUE,"fitted",NA,"rep_0084_fit_mse.rds"
"ou","rate_state",84,1084,1000252,5888,8.90013489723206,"converged",TRUE,FALSE,FALSE,FALSE,FALSE,64,0.00479733419706911,FALSE,TRUE,"fitted",NA,"rep_0084_fit_rate_state.rds"
"ou","ou",85,1085,1000253,2248,2.5264452179273,"converged",TRUE,FALSE,FALSE,FALSE,FALSE,24,0.00703538067101389,FALSE,TRUE,"fitted",NA,"rep_0085_fit_ou.rds"
"ou","mse",85,1085,1000254,2248,3.70820709864299,"converged",TRUE,FALSE,FALSE,FALSE,FALSE,33,0.00704862820688099,FALSE,TRUE,"fitted",NA,"rep_0085_fit_mse.rds"
"ou","rate_state",85,1085,1000255,2248,2.28381090164185,"converged",TRUE,FALSE,FALSE,FALSE,FALSE,22,0.00715847089860963,FALSE,TRUE,"fitted",NA,"rep_0085_fit_rate_state.rds"
"ou","ou",86,1086,1000256,3336,3.81255235274633,"converged",TRUE,FALSE,FALSE,FALSE,FALSE,32,0.00563061447332751,FALSE,TRUE,"fitted",NA,"rep_0086_fit_ou.rds"
"ou","mse",86,1086,1000257,3336,6.17767878373464,"converged",TRUE,FALSE,FALSE,FALSE,FALSE,39,0.00563997054108518,FALSE,TRUE,"fitted",NA,"rep_0086_fit_mse.rds"
"ou","rate_state",86,1086,1000258,3336,10.3470010002454,"converged",TRUE,FALSE,FALSE,FALSE,FALSE,70,0.00570315729597239,FALSE,TRUE,"fitted",NA,"rep_0086_fit_rate_state.rds"
"ou","ou",87,1087,1000259,2593,2.43910501797994,"converged",TRUE,FALSE,FALSE,FALSE,FALSE,26,0.00668509414043298,FALSE,TRUE,"fitted",NA,"rep_0087_fit_ou.rds"
"ou","mse",87,1087,1000260,2593,5.91150151491165,"converged",TRUE,FALSE,FALSE,FALSE,FALSE,40,0.00670279082227066,FALSE,TRUE,"fitted",NA,"rep_0087_fit_mse.rds"
"ou","rate_state",87,1087,1000261,2593,2.43849283059438,"converged",TRUE,FALSE,FALSE,FALSE,FALSE,23,0.00680276387312275,FALSE,TRUE,"fitted",NA,"rep_0087_fit_rate_state.rds"
"ou","ou",88,1088,1000262,4209,5.04564816554387,"converged",TRUE,FALSE,FALSE,FALSE,FALSE,31,0.0054858026423581,FALSE,TRUE,"fitted",NA,"rep_0088_fit_ou.rds"
"ou","mse",88,1088,1000263,4209,9.10133013327916,"converged",TRUE,FALSE,FALSE,FALSE,FALSE,38,0.00548771732103868,FALSE,TRUE,"fitted",NA,"rep_0088_fit_mse.rds"
"ou","rate_state",88,1088,1000264,4209,11.9305311322212,"converged",TRUE,FALSE,FALSE,FALSE,FALSE,62,0.00554590067106456,FALSE,TRUE,"fitted",NA,"rep_0088_fit_rate_state.rds"
"ou","ou",89,1089,1000265,2098,1.93231353362401,"converged",TRUE,FALSE,FALSE,FALSE,FALSE,26,0.00705774348913464,FALSE,TRUE,"fitted",NA,"rep_0089_fit_ou.rds"
"ou","mse",89,1089,1000266,2098,3.58433606624603,"converged",TRUE,FALSE,FALSE,FALSE,FALSE,38,0.00705837489147909,FALSE,TRUE,"fitted",NA,"rep_0089_fit_mse.rds"
"ou","rate_state",89,1089,1000267,2098,1.81448169946671,"converged",TRUE,FALSE,FALSE,FALSE,FALSE,23,0.00714431672323309,FALSE,TRUE,"fitted",NA,"rep_0089_fit_rate_state.rds"
"ou","ou",90,1090,1000268,9438,12.5168211817741,"converged",TRUE,FALSE,FALSE,FALSE,FALSE,44,0.00358438336861042,FALSE,TRUE,"fitted",NA,"rep_0090_fit_ou.rds"
"ou","mse",90,1090,1000269,9438,33.0942558646202,"converged",TRUE,FALSE,FALSE,FALSE,FALSE,45,0.00358374139164167,FALSE,TRUE,"fitted",NA,"rep_0090_fit_mse.rds"
"ou","rate_state",90,1090,1000270,9438,30.7079546133677,"converged",TRUE,FALSE,FALSE,FALSE,FALSE,53,0.00356876575166042,FALSE,TRUE,"fitted",NA,"rep_0090_fit_rate_state.rds"
"ou","ou",91,1091,1000271,2164,1.79625771840413,"converged",TRUE,FALSE,FALSE,FALSE,FALSE,23,0.00720396065963395,FALSE,TRUE,"fitted",NA,"rep_0091_fit_ou.rds"
"ou","mse",91,1091,1000272,2164,3.02661645015081,"converged",TRUE,FALSE,FALSE,FALSE,FALSE,32,0.00720127667528189,FALSE,TRUE,"fitted",NA,"rep_0091_fit_mse.rds"
"ou","rate_state",91,1091,1000273,2164,3.53981703519821,"converged",TRUE,FALSE,FALSE,FALSE,FALSE,42,0.0072349075812012,FALSE,TRUE,"fitted",NA,"rep_0091_fit_rate_state.rds"
"ou","ou",92,1092,1000274,3854,4.37273532946905,"converged",TRUE,FALSE,FALSE,FALSE,FALSE,30,0.00587154866190598,FALSE,TRUE,"fitted",NA,"rep_0092_fit_ou.rds"
"ou","mse",92,1092,1000275,3854,7.64275534947713,"converged",TRUE,FALSE,FALSE,FALSE,FALSE,40,0.00588173682286212,FALSE,TRUE,"fitted",NA,"rep_0092_fit_mse.rds"
"ou","rate_state",92,1092,1000276,3854,9.44604316949844,"converged",TRUE,FALSE,FALSE,FALSE,FALSE,57,0.00594987740935185,FALSE,TRUE,"fitted",NA,"rep_0092_fit_rate_state.rds"
"ou","ou",93,1093,1000277,3775,4.63181141614914,"converged",TRUE,FALSE,FALSE,FALSE,FALSE,31,0.00570059004715992,FALSE,TRUE,"fitted",NA,"rep_0093_fit_ou.rds"
"ou","mse",93,1093,1000278,3775,7.53058833281199,"converged",TRUE,FALSE,FALSE,FALSE,FALSE,40,0.0057055725155077,FALSE,TRUE,"fitted",NA,"rep_0093_fit_mse.rds"
"ou","rate_state",93,1093,1000279,3775,8.75813376903534,"converged",TRUE,FALSE,FALSE,FALSE,FALSE,53,0.00571877551798892,FALSE,TRUE,"fitted",NA,"rep_0093_fit_rate_state.rds"
"ou","ou",94,1094,1000280,2111,1.7392476995786,"converged",TRUE,FALSE,FALSE,FALSE,FALSE,23,0.00715189830120719,FALSE,TRUE,"fitted",NA,"rep_0094_fit_ou.rds"
"ou","mse",94,1094,1000281,2111,3.398102247715,"converged",TRUE,FALSE,FALSE,FALSE,FALSE,38,0.00715319097771251,FALSE,TRUE,"fitted",NA,"rep_0094_fit_mse.rds"
"ou","rate_state",94,1094,1000282,2111,1.60522180000941,"converged",TRUE,FALSE,FALSE,FALSE,FALSE,20,0.0072706319931296,FALSE,TRUE,"fitted",NA,"rep_0094_fit_rate_state.rds"
"ou","ou",95,1095,1000283,3120,2.98942896525065,"converged",TRUE,FALSE,FALSE,FALSE,FALSE,28,0.00610700798101843,FALSE,TRUE,"fitted",NA,"rep_0095_fit_ou.rds"
"ou","mse",95,1095,1000284,3120,5.06831571658452,"converged",TRUE,FALSE,FALSE,FALSE,FALSE,37,0.00610681149102732,FALSE,TRUE,"fitted",NA,"rep_0095_fit_mse.rds"
"ou","rate_state",95,1095,1000285,3120,7.43478153546651,"converged",TRUE,FALSE,FALSE,FALSE,FALSE,56,0.00615291172140167,FALSE,TRUE,"fitted",NA,"rep_0095_fit_rate_state.rds"
"ou","ou",96,1096,1000286,3084,2.57573901812236,"converged",TRUE,FALSE,FALSE,FALSE,FALSE,28,0.0064777099889013,FALSE,TRUE,"fitted",NA,"rep_0096_fit_ou.rds"
"ou","mse",96,1096,1000287,3084,5.17283231417338,"converged",TRUE,FALSE,FALSE,FALSE,FALSE,38,0.00647752179028648,FALSE,TRUE,"fitted",NA,"rep_0096_fit_mse.rds"
"ou","rate_state",96,1096,1000288,3084,5.45809712012609,"converged",TRUE,FALSE,FALSE,FALSE,FALSE,48,0.0065311824838775,FALSE,TRUE,"fitted",NA,"rep_0096_fit_rate_state.rds"
"ou","ou",97,1097,1000289,2794,2.78097445170085,"converged",TRUE,FALSE,FALSE,FALSE,FALSE,27,0.0062603047024646,FALSE,TRUE,"fitted",NA,"rep_0097_fit_ou.rds"
"ou","mse",97,1097,1000290,2794,4.71310221751531,"converged",TRUE,FALSE,FALSE,FALSE,FALSE,40,0.00626939042586936,FALSE,TRUE,"fitted",NA,"rep_0097_fit_mse.rds"
"ou","rate_state",97,1097,1000291,2794,3.37055183251699,"converged",TRUE,FALSE,FALSE,FALSE,FALSE,35,0.00641943144191859,FALSE,TRUE,"fitted",NA,"rep_0097_fit_rate_state.rds"
"ou","ou",98,1098,1000292,2679,1.91962664922078,"converged",TRUE,FALSE,FALSE,FALSE,FALSE,23,0.00687994639524998,FALSE,TRUE,"fitted",NA,"rep_0098_fit_ou.rds"
"ou","mse",98,1098,1000293,2679,3.50986968278885,"converged",TRUE,FALSE,FALSE,FALSE,FALSE,32,0.00688229445821181,FALSE,TRUE,"fitted",NA,"rep_0098_fit_mse.rds"
"ou","rate_state",98,1098,1000294,2679,1.75670659939448,"converged",TRUE,FALSE,FALSE,FALSE,FALSE,20,0.00691958705287752,FALSE,TRUE,"fitted",NA,"rep_0098_fit_rate_state.rds"
"ou","ou",99,1099,1000295,2967,1.83774388233821,"converged",TRUE,FALSE,FALSE,FALSE,FALSE,28,0.00647670997146824,FALSE,TRUE,"fitted",NA,"rep_0099_fit_ou.rds"
"ou","mse",99,1099,1000296,2967,5.21836161613464,"converged",TRUE,FALSE,FALSE,FALSE,FALSE,39,0.00647556227730519,FALSE,TRUE,"fitted",NA,"rep_0099_fit_mse.rds"
"ou","rate_state",99,1099,1000297,2967,3.9176372329394,"converged",TRUE,FALSE,FALSE,FALSE,FALSE,38,0.00649009120473762,FALSE,TRUE,"fitted",NA,"rep_0099_fit_rate_state.rds"
"ou","ou",100,1100,1000298,2018,1.07487140099208,"converged",TRUE,FALSE,FALSE,FALSE,FALSE,23,0.00722760503572722,FALSE,TRUE,"fitted",NA,"rep_0100_fit_ou.rds"
"ou","mse",100,1100,1000299,2018,2.11858539978663,"converged",TRUE,FALSE,FALSE,FALSE,FALSE,41,0.00724900297262492,FALSE,TRUE,"fitted",NA,"rep_0100_fit_mse.rds"
"ou","rate_state",100,1100,1000300,2018,1.02908691565196,"converged",TRUE,FALSE,FALSE,FALSE,FALSE,20,0.00738789183606471,FALSE,TRUE,"fitted",NA,"rep_0100_fit_rate_state.rds"
"mse","ou",1,2001,1000301,2379,1.82730828523636,"converged",TRUE,FALSE,FALSE,FALSE,FALSE,25,0.00691419867440708,FALSE,TRUE,"fitted",NA,"rep_0001_fit_ou.rds"
"mse","mse",1,2001,1000302,2379,1.78184308211009,"converged",TRUE,FALSE,FALSE,FALSE,FALSE,25,0.0068842775642319,FALSE,TRUE,"fitted",NA,"rep_0001_fit_mse.rds"
"mse","rate_state",1,2001,1000303,2379,7.53938764731089,"hit_max",FALSE,TRUE,FALSE,FALSE,FALSE,100,2.54997462293935e-40,TRUE,FALSE,"fitted",NA,"rep_0001_fit_rate_state.rds"
"mse","ou",2,2002,1000304,2530,1.98116916418076,"converged",TRUE,FALSE,FALSE,FALSE,FALSE,23,0.00669952315072171,FALSE,TRUE,"fitted",NA,"rep_0002_fit_ou.rds"
"mse","mse",2,2002,1000305,2530,2.51906369924545,"converged",TRUE,FALSE,FALSE,FALSE,FALSE,25,0.00664909547105117,FALSE,TRUE,"fitted",NA,"rep_0002_fit_mse.rds"
"mse","rate_state",2,2002,1000306,2530,8.70272898276647,"hit_max",FALSE,TRUE,FALSE,FALSE,FALSE,100,0.00754765131865016,FALSE,FALSE,"fitted",NA,"rep_0002_fit_rate_state.rds"
"mse","ou",3,2003,1000307,2382,1.56793081760406,"converged",TRUE,FALSE,FALSE,FALSE,FALSE,21,0.00695444161977992,FALSE,TRUE,"fitted",NA,"rep_0003_fit_ou.rds"
"mse","mse",3,2003,1000308,2382,1.57053120136261,"converged",TRUE,FALSE,FALSE,FALSE,FALSE,22,0.0068986789768136,FALSE,TRUE,"fitted",NA,"rep_0003_fit_mse.rds"
"mse","rate_state",3,2003,1000309,2382,7.63802474737167,"hit_max",FALSE,TRUE,FALSE,FALSE,FALSE,100,0.0086165036962687,FALSE,FALSE,"fitted",NA,"rep_0003_fit_rate_state.rds"
"mse","ou",4,2004,1000310,2027,1.43181130091349,"converged",TRUE,FALSE,FALSE,FALSE,FALSE,22,0.00739053597741648,FALSE,TRUE,"fitted",NA,"rep_0004_fit_ou.rds"
"mse","mse",4,2004,1000311,2027,1.865786866347,"converged",TRUE,FALSE,FALSE,FALSE,FALSE,24,0.00732148346793238,FALSE,TRUE,"fitted",NA,"rep_0004_fit_mse.rds"
"mse","rate_state",4,2004,1000312,2027,6.69328611691793,"hit_max",FALSE,TRUE,FALSE,FALSE,FALSE,100,0.00888372870020768,FALSE,FALSE,"fitted",NA,"rep_0004_fit_rate_state.rds"
"mse","ou",5,2005,1000313,11660,35.7781548698743,"converged",TRUE,FALSE,FALSE,FALSE,FALSE,50,0.00343167506794756,FALSE,TRUE,"fitted",NA,"rep_0005_fit_ou.rds"
"mse","mse",5,2005,1000314,11660,54.1095002492269,"converged",TRUE,FALSE,FALSE,FALSE,FALSE,49,0.00338317085440569,FALSE,TRUE,"fitted",NA,"rep_0005_fit_mse.rds"
"mse","rate_state",5,2005,1000315,11660,87.0606246471405,"hit_max",FALSE,TRUE,FALSE,FALSE,FALSE,100,0.00371849392257364,FALSE,FALSE,"fitted",NA,"rep_0005_fit_rate_state.rds"
"mse","ou",6,2006,1000316,4142,5.00956686337789,"converged",TRUE,FALSE,FALSE,FALSE,FALSE,35,0.00535113078673425,FALSE,TRUE,"fitted",NA,"rep_0006_fit_ou.rds"
"mse","mse",6,2006,1000317,4142,6.14630959828695,"converged",TRUE,FALSE,FALSE,FALSE,FALSE,33,0.00531622733730965,FALSE,TRUE,"fitted",NA,"rep_0006_fit_mse.rds"
"mse","rate_state",6,2006,1000318,4142,17.2973630666733,"hit_max",FALSE,TRUE,FALSE,FALSE,FALSE,100,3.55446808233749e-74,TRUE,FALSE,"fitted",NA,"rep_0006_fit_rate_state.rds"
"mse","ou",7,2007,1000319,2010,1.3074657479922,"converged",TRUE,FALSE,FALSE,FALSE,FALSE,20,0.00732810859899602,FALSE,TRUE,"fitted",NA,"rep_0007_fit_ou.rds"
"mse","mse",7,2007,1000320,2010,1.9088391661644,"converged",TRUE,FALSE,FALSE,FALSE,FALSE,31,0.00731692788687892,FALSE,TRUE,"fitted",NA,"rep_0007_fit_mse.rds"
"mse","rate_state",7,2007,1000321,2010,6.43116813103358,"hit_max",FALSE,TRUE,FALSE,FALSE,FALSE,100,4.98522805859727e-49,TRUE,FALSE,"fitted",NA,"rep_0007_fit_rate_state.rds"
"mse","ou",8,2008,1000322,5127,8.55520116488139,"converged",TRUE,FALSE,FALSE,FALSE,FALSE,40,0.00485351910231928,FALSE,TRUE,"fitted",NA,"rep_0008_fit_ou.rds"
"mse","mse",8,2008,1000323,5127,10.158907131354,"converged",TRUE,FALSE,FALSE,FALSE,FALSE,39,0.00477795497649085,FALSE,TRUE,"fitted",NA,"rep_0008_fit_mse.rds"
"mse","rate_state",8,2008,1000324,5127,23.8283626834552,"hit_max",FALSE,TRUE,FALSE,FALSE,FALSE,100,0.00865385822312896,FALSE,FALSE,"fitted",NA,"rep_0008_fit_rate_state.rds"
"mse","ou",9,2009,1000325,1818,1.25073206424713,"converged",TRUE,FALSE,FALSE,FALSE,FALSE,21,0.00751185635544132,FALSE,TRUE,"fitted",NA,"rep_0009_fit_ou.rds"
"mse","mse",9,2009,1000326,1818,1.27486571868261,"converged",TRUE,FALSE,FALSE,FALSE,FALSE,23,0.00750389603127521,FALSE,TRUE,"fitted",NA,"rep_0009_fit_mse.rds"
"mse","rate_state",9,2009,1000327,1818,5.60731951793035,"hit_max",FALSE,TRUE,FALSE,FALSE,FALSE,100,0.00911305952937138,FALSE,FALSE,"fitted",NA,"rep_0009_fit_rate_state.rds"
"mse","ou",10,2010,1000328,2370,1.96854900121689,"converged",TRUE,FALSE,FALSE,FALSE,FALSE,26,0.0068972983273134,FALSE,TRUE,"fitted",NA,"rep_0010_fit_ou.rds"
"mse","mse",10,2010,1000329,2370,2.45567926565806,"converged",TRUE,FALSE,FALSE,FALSE,FALSE,28,0.00685065392004093,FALSE,TRUE,"fitted",NA,"rep_0010_fit_mse.rds"
"mse","rate_state",10,2010,1000330,2370,8.17860778172811,"hit_max",FALSE,TRUE,FALSE,FALSE,FALSE,100,3.13118982980134e-14,TRUE,FALSE,"fitted",NA,"rep_0010_fit_rate_state.rds"
"mse","ou",11,2011,1000331,3018,2.78223773241043,"converged",TRUE,FALSE,FALSE,FALSE,FALSE,29,0.0064763006122293,FALSE,TRUE,"fitted",NA,"rep_0011_fit_ou.rds"
"mse","mse",11,2011,1000332,3018,2.74491349856059,"converged",TRUE,FALSE,FALSE,FALSE,FALSE,29,0.00640707540295409,FALSE,TRUE,"fitted",NA,"rep_0011_fit_mse.rds"
"mse","rate_state",11,2011,1000333,3018,10.6571708480517,"hit_max",FALSE,TRUE,FALSE,FALSE,FALSE,100,0.0115102622744954,FALSE,FALSE,"fitted",NA,"rep_0011_fit_rate_state.rds"
"mse","ou",12,2012,1000334,2058,1.28787188529968,"converged",TRUE,FALSE,FALSE,FALSE,FALSE,17,0.00749239992270175,FALSE,TRUE,"fitted",NA,"rep_0012_fit_ou.rds"
"mse","mse",12,2012,1000335,2058,2.13029016653697,"converged",TRUE,FALSE,FALSE,FALSE,FALSE,27,0.00744897419760475,FALSE,TRUE,"fitted",NA,"rep_0012_fit_mse.rds"
"mse","rate_state",12,2012,1000336,2058,7.28673656781514,"hit_max",FALSE,TRUE,FALSE,FALSE,FALSE,100,0.0078263709421651,FALSE,FALSE,"fitted",NA,"rep_0012_fit_rate_state.rds"
"mse","ou",13,2013,1000337,3357,3.79552443424861,"converged",TRUE,FALSE,FALSE,FALSE,FALSE,31,0.00574731720531617,FALSE,TRUE,"fitted",NA,"rep_0013_fit_ou.rds"
"mse","mse",13,2013,1000338,3357,4.21773551702499,"converged",TRUE,FALSE,FALSE,FALSE,FALSE,29,0.00572813864037427,FALSE,TRUE,"fitted",NA,"rep_0013_fit_mse.rds"
"mse","rate_state",13,2013,1000339,3357,13.4629215319951,"hit_max",FALSE,TRUE,FALSE,FALSE,FALSE,100,0.00777059707366885,FALSE,FALSE,"fitted",NA,"rep_0013_fit_rate_state.rds"
"mse","ou",14,2014,1000340,4783,6.02139894962311,"converged",TRUE,FALSE,FALSE,FALSE,FALSE,40,0.00498614999188914,FALSE,TRUE,"fitted",NA,"rep_0014_fit_ou.rds"
"mse","mse",14,2014,1000341,4783,11.1188815156619,"converged",TRUE,FALSE,FALSE,FALSE,FALSE,42,0.00490741775760286,FALSE,TRUE,"fitted",NA,"rep_0014_fit_mse.rds"
"mse","rate_state",14,2014,1000342,4783,23.5702926834424,"hit_max",FALSE,TRUE,FALSE,FALSE,FALSE,100,0.00794365782772907,FALSE,FALSE,"fitted",NA,"rep_0014_fit_rate_state.rds"
"mse","ou",15,2015,1000343,4697,7.69471720059713,"converged",TRUE,FALSE,FALSE,FALSE,FALSE,40,0.00507018184530428,FALSE,TRUE,"fitted",NA,"rep_0015_fit_ou.rds"
"mse","mse",15,2015,1000344,4697,8.09095873435338,"converged",TRUE,FALSE,FALSE,FALSE,FALSE,31,0.00503193163973375,FALSE,TRUE,"fitted",NA,"rep_0015_fit_mse.rds"
"mse","rate_state",15,2015,1000345,4697,22.4636198798815,"hit_max",FALSE,TRUE,FALSE,FALSE,FALSE,100,0.00731431468433204,FALSE,FALSE,"fitted",NA,"rep_0015_fit_rate_state.rds"
"mse","ou",16,2016,1000346,6400,13.0429553866386,"converged",TRUE,FALSE,FALSE,FALSE,FALSE,47,0.00432528736679107,FALSE,TRUE,"fitted",NA,"rep_0016_fit_ou.rds"
"mse","mse",16,2016,1000347,6400,20.9465528686841,"converged",TRUE,FALSE,FALSE,FALSE,FALSE,49,0.00423795456478093,FALSE,TRUE,"fitted",NA,"rep_0016_fit_mse.rds"
"mse","rate_state",16,2016,1000348,6400,4.59618901809057,"inla_failure",FALSE,FALSE,TRUE,FALSE,FALSE,15,2.67023840299156e-45,TRUE,FALSE,"fitted",NA,"rep_0016_fit_rate_state.rds"
"mse","ou",17,2017,1000349,3723,4.37782465219498,"converged",TRUE,FALSE,FALSE,FALSE,FALSE,31,0.00581095646655303,FALSE,TRUE,"fitted",NA,"rep_0017_fit_ou.rds"
"mse","mse",17,2017,1000350,3723,5.12525778214137,"converged",TRUE,FALSE,FALSE,FALSE,FALSE,29,0.00576643045795208,FALSE,TRUE,"fitted",NA,"rep_0017_fit_mse.rds"
"mse","rate_state",17,2017,1000351,3723,15.6463090141614,"hit_max",FALSE,TRUE,FALSE,FALSE,FALSE,100,0.0111418205917957,FALSE,FALSE,"fitted",NA,"rep_0017_fit_rate_state.rds"
"mse","ou",18,2018,1000352,3558,4.10230445067088,"converged",TRUE,FALSE,FALSE,FALSE,FALSE,30,0.00617991687968376,FALSE,TRUE,"fitted",NA,"rep_0018_fit_ou.rds"
"mse","mse",18,2018,1000353,3558,4.60171771446864,"converged",TRUE,FALSE,FALSE,FALSE,FALSE,26,0.00608419768315561,FALSE,TRUE,"fitted",NA,"rep_0018_fit_mse.rds"
"mse","rate_state",18,2018,1000354,3558,16.3518906990687,"hit_max",FALSE,TRUE,FALSE,FALSE,FALSE,100,0.0112199683573778,FALSE,FALSE,"fitted",NA,"rep_0018_fit_rate_state.rds"
"mse","ou",19,2019,1000355,2451,1.97366296450297,"converged",TRUE,FALSE,FALSE,FALSE,FALSE,22,0.00682780359575278,FALSE,TRUE,"fitted",NA,"rep_0019_fit_ou.rds"
"mse","mse",19,2019,1000356,2451,2.78423398335775,"converged",TRUE,FALSE,FALSE,FALSE,FALSE,27,0.00673201516007639,FALSE,TRUE,"fitted",NA,"rep_0019_fit_mse.rds"
"mse","rate_state",19,2019,1000357,2451,9.1187788327535,"hit_max",FALSE,TRUE,FALSE,FALSE,FALSE,100,1.36175152317609e-72,TRUE,FALSE,"fitted",NA,"rep_0019_fit_rate_state.rds"
"mse","ou",20,2020,1000358,2475,1.96583026647568,"converged",TRUE,FALSE,FALSE,FALSE,FALSE,22,0.00690293914069384,FALSE,TRUE,"fitted",NA,"rep_0020_fit_ou.rds"
"mse","mse",20,2020,1000359,2475,2.62191063165665,"converged",TRUE,FALSE,FALSE,FALSE,FALSE,24,0.00687633078190248,FALSE,TRUE,"fitted",NA,"rep_0020_fit_mse.rds"
"mse","rate_state",20,2020,1000360,2475,9.95479883352916,"hit_max",FALSE,TRUE,FALSE,FALSE,FALSE,100,0.007595214834791,FALSE,FALSE,"fitted",NA,"rep_0020_fit_rate_state.rds"
"mse","ou",21,2021,1000361,1965,1.68649216890335,"converged",TRUE,FALSE,FALSE,FALSE,FALSE,21,0.00742916002625604,FALSE,TRUE,"fitted",NA,"rep_0021_fit_ou.rds"
"mse","mse",21,2021,1000362,1965,1.84443221489588,"converged",TRUE,FALSE,FALSE,FALSE,FALSE,22,0.00738406316482567,FALSE,TRUE,"fitted",NA,"rep_0021_fit_mse.rds"
"mse","rate_state",21,2021,1000363,1965,8.38456820249558,"hit_max",FALSE,TRUE,FALSE,FALSE,FALSE,100,0.0089755352405334,FALSE,FALSE,"fitted",NA,"rep_0021_fit_rate_state.rds"
"mse","ou",22,2022,1000364,2014,1.44215080340703,"converged",TRUE,FALSE,FALSE,FALSE,FALSE,22,0.00708150651275575,FALSE,TRUE,"fitted",NA,"rep_0022_fit_ou.rds"
"mse","mse",22,2022,1000365,2014,2.68073556820552,"converged",TRUE,FALSE,FALSE,FALSE,FALSE,28,0.00708282173617054,FALSE,TRUE,"fitted",NA,"rep_0022_fit_mse.rds"
"mse","rate_state",22,2022,1000366,2014,8.13748760223389,"hit_max",FALSE,TRUE,FALSE,FALSE,FALSE,100,7.32330312863202e-73,TRUE,FALSE,"fitted",NA,"rep_0022_fit_rate_state.rds"
"mse","ou",23,2023,1000367,4581,5.91616011460622,"converged",TRUE,FALSE,FALSE,FALSE,FALSE,36,0.00490503868672225,FALSE,TRUE,"fitted",NA,"rep_0023_fit_ou.rds"
"mse","mse",23,2023,1000368,4581,9.40949811935425,"converged",TRUE,FALSE,FALSE,FALSE,FALSE,35,0.00486402751928272,FALSE,TRUE,"fitted",NA,"rep_0023_fit_mse.rds"
"mse","rate_state",23,2023,1000369,4581,21.3551413496335,"hit_max",FALSE,TRUE,FALSE,FALSE,FALSE,100,3.53626657587798e-08,TRUE,FALSE,"fitted",NA,"rep_0023_fit_rate_state.rds"
"mse","ou",24,2024,1000370,2254,1.60232646465302,"converged",TRUE,FALSE,FALSE,FALSE,FALSE,23,0.00689757773449888,FALSE,TRUE,"fitted",NA,"rep_0024_fit_ou.rds"
"mse","mse",24,2024,1000371,2254,2.50650685230891,"converged",TRUE,FALSE,FALSE,FALSE,FALSE,25,0.00687407828500551,FALSE,TRUE,"fitted",NA,"rep_0024_fit_mse.rds"
"mse","rate_state",24,2024,1000372,2254,8.59350023269653,"hit_max",FALSE,TRUE,FALSE,FALSE,FALSE,100,0.0112141411477927,FALSE,FALSE,"fitted",NA,"rep_0024_fit_rate_state.rds"
"mse","ou",25,2025,1000373,3648,4.54834158420563,"converged",TRUE,FALSE,FALSE,FALSE,FALSE,33,0.00572371194278288,FALSE,TRUE,"fitted",NA,"rep_0025_fit_ou.rds"
"mse","mse",25,2025,1000374,3648,5.07610241572062,"converged",TRUE,FALSE,FALSE,FALSE,FALSE,31,0.0056350376745426,FALSE,TRUE,"fitted",NA,"rep_0025_fit_mse.rds"
"mse","rate_state",25,2025,1000375,3648,13.8339196006457,"hit_max",FALSE,TRUE,FALSE,FALSE,FALSE,100,0.00855149140692912,FALSE,FALSE,"fitted",NA,"rep_0025_fit_rate_state.rds"
"mse","ou",26,2026,1000376,1941,1.34515393177668,"converged",TRUE,FALSE,FALSE,FALSE,FALSE,22,0.00732196588220203,FALSE,TRUE,"fitted",NA,"rep_0026_fit_ou.rds"
"mse","mse",26,2026,1000377,1941,2.3186793645223,"converged",TRUE,FALSE,FALSE,FALSE,FALSE,26,0.00730908387312311,FALSE,TRUE,"fitted",NA,"rep_0026_fit_mse.rds"
"mse","rate_state",26,2026,1000378,1941,6.33236281871796,"hit_max",FALSE,TRUE,FALSE,FALSE,FALSE,100,0.0119176484506634,FALSE,FALSE,"fitted",NA,"rep_0026_fit_rate_state.rds"
"mse","ou",27,2027,1000379,2924,3.42204976479212,"converged",TRUE,FALSE,FALSE,FALSE,FALSE,32,0.00634145982099044,FALSE,TRUE,"fitted",NA,"rep_0027_fit_ou.rds"
"mse","mse",27,2027,1000380,2924,3.10585666894913,"converged",TRUE,FALSE,FALSE,FALSE,FALSE,30,0.00626622005506409,FALSE,TRUE,"fitted",NA,"rep_0027_fit_mse.rds"
"mse","rate_state",27,2027,1000381,2924,10.4849285999934,"hit_max",FALSE,TRUE,FALSE,FALSE,FALSE,100,0.00927075673735383,FALSE,FALSE,"fitted",NA,"rep_0027_fit_rate_state.rds"
"mse","ou",28,2028,1000382,4966,6.88428816397985,"converged",TRUE,FALSE,FALSE,FALSE,FALSE,39,0.00467433146731383,FALSE,TRUE,"fitted",NA,"rep_0028_fit_ou.rds"
"mse","mse",28,2028,1000383,4966,10.6257730642955,"converged",TRUE,FALSE,FALSE,FALSE,FALSE,41,0.00459482181362637,FALSE,TRUE,"fitted",NA,"rep_0028_fit_mse.rds"
"mse","rate_state",28,2028,1000384,4966,21.4701885660489,"hit_max",FALSE,TRUE,FALSE,FALSE,FALSE,100,0.00702278458045188,FALSE,FALSE,"fitted",NA,"rep_0028_fit_rate_state.rds"
"mse","ou",29,2029,1000385,2170,1.76236026684443,"converged",TRUE,FALSE,FALSE,FALSE,FALSE,22,0.00720199798916607,FALSE,TRUE,"fitted",NA,"rep_0029_fit_ou.rds"
"mse","mse",29,2029,1000386,2170,1.86575324932734,"converged",TRUE,FALSE,FALSE,FALSE,FALSE,24,0.00716396662716854,FALSE,TRUE,"fitted",NA,"rep_0029_fit_mse.rds"
"mse","rate_state",29,2029,1000387,2170,7.49629716873169,"hit_max",FALSE,TRUE,FALSE,FALSE,FALSE,100,0.00868663580718076,FALSE,FALSE,"fitted",NA,"rep_0029_fit_rate_state.rds"
"mse","ou",30,2030,1000388,2244,1.57938211758931,"converged",TRUE,FALSE,FALSE,FALSE,FALSE,23,0.00692126035743861,FALSE,TRUE,"fitted",NA,"rep_0030_fit_ou.rds"
"mse","mse",30,2030,1000389,2244,2.52133546670278,"converged",TRUE,FALSE,FALSE,FALSE,FALSE,24,0.0069136065550165,FALSE,TRUE,"fitted",NA,"rep_0030_fit_mse.rds"
"mse","rate_state",30,2030,1000390,2244,8.46910605033239,"hit_max",FALSE,TRUE,FALSE,FALSE,FALSE,100,0.00822545984746385,FALSE,FALSE,"fitted",NA,"rep_0030_fit_rate_state.rds"
"mse","ou",31,2031,1000391,2138,1.59185930093129,"converged",TRUE,FALSE,FALSE,FALSE,FALSE,23,0.00714170819662107,FALSE,TRUE,"fitted",NA,"rep_0031_fit_ou.rds"
"mse","mse",31,2031,1000392,2138,2.22737556695938,"converged",TRUE,FALSE,FALSE,FALSE,FALSE,24,0.00711302896195057,FALSE,TRUE,"fitted",NA,"rep_0031_fit_mse.rds"
"mse","rate_state",31,2031,1000393,2138,7.05275954802831,"hit_max",FALSE,TRUE,FALSE,FALSE,FALSE,100,0.00882783542408264,FALSE,FALSE,"fitted",NA,"rep_0031_fit_rate_state.rds"
"mse","ou",32,2032,1000394,5416,7.61413849989573,"converged",TRUE,FALSE,FALSE,FALSE,FALSE,37,0.00466508180731093,FALSE,TRUE,"fitted",NA,"rep_0032_fit_ou.rds"
"mse","mse",32,2032,1000395,5416,10.4885984659195,"converged",TRUE,FALSE,FALSE,FALSE,FALSE,37,0.00454529674442581,FALSE,TRUE,"fitted",NA,"rep_0032_fit_mse.rds"
"mse","rate_state",32,2032,1000396,5416,24.2794169982274,"hit_max",FALSE,TRUE,FALSE,FALSE,FALSE,100,0.00591154264287428,FALSE,FALSE,"fitted",NA,"rep_0032_fit_rate_state.rds"
"mse","ou",33,2033,1000397,5324,7.86657826503118,"converged",TRUE,FALSE,FALSE,FALSE,FALSE,41,0.00500547497575839,FALSE,TRUE,"fitted",NA,"rep_0033_fit_ou.rds"
"mse","mse",33,2033,1000398,5324,9.52728228569031,"converged",TRUE,FALSE,FALSE,FALSE,FALSE,36,0.00495379934431373,FALSE,TRUE,"fitted",NA,"rep_0033_fit_mse.rds"
"mse","rate_state",33,2033,1000399,5324,25.4045933802923,"hit_max",FALSE,TRUE,FALSE,FALSE,FALSE,100,0.0088927850940459,FALSE,FALSE,"fitted",NA,"rep_0033_fit_rate_state.rds"
"mse","ou",34,2034,1000400,5001,6.69695658286413,"converged",TRUE,FALSE,FALSE,FALSE,FALSE,37,0.00503300448529878,FALSE,TRUE,"fitted",NA,"rep_0034_fit_ou.rds"
"mse","mse",34,2034,1000401,5001,8.3713298201561,"converged",TRUE,FALSE,FALSE,FALSE,FALSE,34,0.00498324875734856,FALSE,TRUE,"fitted",NA,"rep_0034_fit_mse.rds"
"mse","rate_state",34,2034,1000402,5001,21.3349142471949,"hit_max",FALSE,TRUE,FALSE,FALSE,FALSE,100,0.00590403501039268,FALSE,FALSE,"fitted",NA,"rep_0034_fit_rate_state.rds"
"mse","ou",35,2035,1000403,2426,1.82334684928258,"converged",TRUE,FALSE,FALSE,FALSE,FALSE,23,0.00690929320623377,FALSE,TRUE,"fitted",NA,"rep_0035_fit_ou.rds"
"mse","mse",35,2035,1000404,2426,2.41280686457952,"converged",TRUE,FALSE,FALSE,FALSE,FALSE,26,0.00685525325666684,FALSE,TRUE,"fitted",NA,"rep_0035_fit_mse.rds"
"mse","rate_state",35,2035,1000405,2426,8.53112608194351,"hit_max",FALSE,TRUE,FALSE,FALSE,FALSE,100,0.0116547866076576,FALSE,FALSE,"fitted",NA,"rep_0035_fit_rate_state.rds"
"mse","ou",36,2036,1000406,2306,1.8729208668073,"converged",TRUE,FALSE,FALSE,FALSE,FALSE,25,0.00681199011342539,FALSE,TRUE,"fitted",NA,"rep_0036_fit_ou.rds"
"mse","mse",36,2036,1000407,2306,2.42813748121262,"converged",TRUE,FALSE,FALSE,FALSE,FALSE,26,0.00682974327344895,FALSE,TRUE,"fitted",NA,"rep_0036_fit_mse.rds"
"mse","rate_state",36,2036,1000408,2306,7.7625413497289,"hit_max",FALSE,TRUE,FALSE,FALSE,FALSE,100,0.00781546658685106,FALSE,FALSE,"fitted",NA,"rep_0036_fit_rate_state.rds"
"mse","ou",37,2037,1000409,4221,4.79055200020472,"converged",TRUE,FALSE,FALSE,FALSE,FALSE,34,0.00539931385469359,FALSE,TRUE,"fitted",NA,"rep_0037_fit_ou.rds"
"mse","mse",37,2037,1000410,4221,5.71303810278575,"converged",TRUE,FALSE,FALSE,FALSE,FALSE,31,0.00536042988650167,FALSE,TRUE,"fitted",NA,"rep_0037_fit_mse.rds"
"mse","rate_state",37,2037,1000411,4221,17.0699907183647,"hit_max",FALSE,TRUE,FALSE,FALSE,FALSE,100,0.00758474467967949,FALSE,FALSE,"fitted",NA,"rep_0037_fit_rate_state.rds"
"mse","ou",38,2038,1000412,3508,3.362985932827,"converged",TRUE,FALSE,FALSE,FALSE,FALSE,30,0.00593133557997297,FALSE,TRUE,"fitted",NA,"rep_0038_fit_ou.rds"
"mse","mse",38,2038,1000413,3508,4.22184835275014,"converged",TRUE,FALSE,FALSE,FALSE,FALSE,29,0.00591416505656881,FALSE,TRUE,"fitted",NA,"rep_0038_fit_mse.rds"
"mse","rate_state",38,2038,1000414,3508,12.884743698438,"hit_max",FALSE,TRUE,FALSE,FALSE,FALSE,100,3.02468916736675e-40,TRUE,FALSE,"fitted",NA,"rep_0038_fit_rate_state.rds"
"mse","ou",39,2039,1000415,3245,3.12213653326035,"converged",TRUE,FALSE,FALSE,FALSE,FALSE,31,0.0062037887492038,FALSE,TRUE,"fitted",NA,"rep_0039_fit_ou.rds"
"mse","mse",39,2039,1000416,3245,4.32538201411565,"converged",TRUE,FALSE,FALSE,FALSE,FALSE,33,0.0061348010563735,FALSE,TRUE,"fitted",NA,"rep_0039_fit_mse.rds"
"mse","rate_state",39,2039,1000417,3245,11.8818581342697,"hit_max",FALSE,TRUE,FALSE,FALSE,FALSE,100,0.0113369512381564,FALSE,FALSE,"fitted",NA,"rep_0039_fit_rate_state.rds"
"mse","ou",40,2040,1000418,6945,13.1754735310872,"converged",TRUE,FALSE,FALSE,FALSE,FALSE,45,0.0043370484414691,FALSE,TRUE,"fitted",NA,"rep_0040_fit_ou.rds"
"mse","mse",40,2040,1000419,6945,16.81344435215,"converged",TRUE,FALSE,FALSE,FALSE,FALSE,39,0.00427841066491876,FALSE,TRUE,"fitted",NA,"rep_0040_fit_mse.rds"
"mse","rate_state",40,2040,1000420,6945,34.7805662671725,"hit_max",FALSE,TRUE,FALSE,FALSE,FALSE,100,6.93347216955895e-40,TRUE,FALSE,"fitted",NA,"rep_0040_fit_rate_state.rds"
"mse","ou",41,2041,1000421,5230,7.32051473458608,"converged",TRUE,FALSE,FALSE,FALSE,FALSE,39,0.00460191063691912,FALSE,TRUE,"fitted",NA,"rep_0041_fit_ou.rds"
"mse","mse",41,2041,1000422,5230,9.84139671723048,"converged",TRUE,FALSE,FALSE,FALSE,FALSE,38,0.00455187158525685,FALSE,TRUE,"fitted",NA,"rep_0041_fit_mse.rds"
"mse","rate_state",41,2041,1000423,5230,22.4348806977272,"hit_max",FALSE,TRUE,FALSE,FALSE,FALSE,100,0.00950037323541087,FALSE,FALSE,"fitted",NA,"rep_0041_fit_rate_state.rds"
"mse","ou",42,2042,1000424,6755,12.0872651497523,"converged",TRUE,FALSE,FALSE,FALSE,FALSE,43,0.0045258667907553,FALSE,TRUE,"fitted",NA,"rep_0042_fit_ou.rds"
"mse","mse",42,2042,1000425,6755,18.1256688157717,"converged",TRUE,FALSE,FALSE,FALSE,FALSE,44,0.00438760088663914,FALSE,TRUE,"fitted",NA,"rep_0042_fit_mse.rds"
"mse","rate_state",42,2042,1000426,6755,32.8705943981806,"hit_max",FALSE,TRUE,FALSE,FALSE,FALSE,100,0.00502054291010575,FALSE,FALSE,"fitted",NA,"rep_0042_fit_rate_state.rds"
"mse","ou",43,2043,1000427,2470,1.84804085095723,"converged",TRUE,FALSE,FALSE,FALSE,FALSE,22,0.00678050003135996,FALSE,TRUE,"fitted",NA,"rep_0043_fit_ou.rds"
"mse","mse",43,2043,1000428,2470,2.29544425010681,"converged",TRUE,FALSE,FALSE,FALSE,FALSE,24,0.00677059347713794,FALSE,TRUE,"fitted",NA,"rep_0043_fit_mse.rds"
"mse","rate_state",43,2043,1000429,2470,8.7760126153628,"hit_max",FALSE,TRUE,FALSE,FALSE,FALSE,100,0.00735183748784136,FALSE,FALSE,"fitted",NA,"rep_0043_fit_rate_state.rds"
"mse","ou",44,2044,1000430,2931,2.90725030104319,"converged",TRUE,FALSE,FALSE,FALSE,FALSE,30,0.00634917195905022,FALSE,TRUE,"fitted",NA,"rep_0044_fit_ou.rds"
"mse","mse",44,2044,1000431,2931,3.96443935235341,"converged",TRUE,FALSE,FALSE,FALSE,FALSE,33,0.00625932738490885,FALSE,TRUE,"fitted",NA,"rep_0044_fit_mse.rds"
"mse","rate_state",44,2044,1000432,2931,11.1348306337992,"hit_max",FALSE,TRUE,FALSE,FALSE,FALSE,100,0.00830886863861426,FALSE,FALSE,"fitted",NA,"rep_0044_fit_rate_state.rds"
"mse","ou",45,2045,1000433,4450,6.4789625008901,"converged",TRUE,FALSE,FALSE,FALSE,FALSE,43,0.00496413457535783,FALSE,TRUE,"fitted",NA,"rep_0045_fit_ou.rds"
"mse","mse",45,2045,1000434,4450,8.89933218558629,"converged",TRUE,FALSE,FALSE,FALSE,FALSE,43,0.00492504546578317,FALSE,TRUE,"fitted",NA,"rep_0045_fit_mse.rds"
"mse","rate_state",45,2045,1000435,4450,18.4520662506421,"hit_max",FALSE,TRUE,FALSE,FALSE,FALSE,100,0.00810619781131922,FALSE,FALSE,"fitted",NA,"rep_0045_fit_rate_state.rds"
"mse","ou",46,2046,1000436,2715,2.20412541627884,"converged",TRUE,FALSE,FALSE,FALSE,FALSE,25,0.00647832621096696,FALSE,TRUE,"fitted",NA,"rep_0046_fit_ou.rds"
"mse","mse",46,2046,1000437,2715,3.00031425158183,"converged",TRUE,FALSE,FALSE,FALSE,FALSE,29,0.00644063790593783,FALSE,TRUE,"fitted",NA,"rep_0046_fit_mse.rds"
"mse","rate_state",46,2046,1000438,2715,9.32670219739278,"hit_max",FALSE,TRUE,FALSE,FALSE,FALSE,100,0.00727557927846491,FALSE,FALSE,"fitted",NA,"rep_0046_fit_rate_state.rds"
"mse","ou",47,2047,1000439,3261,3.5336186170578,"converged",TRUE,FALSE,FALSE,FALSE,FALSE,33,0.00617373849930346,FALSE,TRUE,"fitted",NA,"rep_0047_fit_ou.rds"
"mse","mse",47,2047,1000440,3261,4.31301133235296,"converged",TRUE,FALSE,FALSE,FALSE,FALSE,31,0.00608297592054765,FALSE,TRUE,"fitted",NA,"rep_0047_fit_mse.rds"
"mse","rate_state",47,2047,1000441,3261,12.8833504835765,"hit_max",FALSE,TRUE,FALSE,FALSE,FALSE,100,0.00753729290788567,FALSE,FALSE,"fitted",NA,"rep_0047_fit_rate_state.rds"
"mse","ou",48,2048,1000442,1817,1.45000291665395,"converged",TRUE,FALSE,FALSE,FALSE,FALSE,25,0.00762329737870062,FALSE,TRUE,"fitted",NA,"rep_0048_fit_ou.rds"
"mse","mse",48,2048,1000443,1817,1.93619453509649,"converged",TRUE,FALSE,FALSE,FALSE,FALSE,28,0.00761339163351148,FALSE,TRUE,"fitted",NA,"rep_0048_fit_mse.rds"
"mse","rate_state",48,2048,1000444,1817,6.29928656816483,"hit_max",FALSE,TRUE,FALSE,FALSE,FALSE,100,0.014768136600923,FALSE,FALSE,"fitted",NA,"rep_0048_fit_rate_state.rds"
"mse","ou",49,2049,1000445,2120,1.51318216721217,"converged",TRUE,FALSE,FALSE,FALSE,FALSE,22,0.00726559139513869,FALSE,TRUE,"fitted",NA,"rep_0049_fit_ou.rds"
"mse","mse",49,2049,1000446,2120,2.09159414768219,"converged",TRUE,FALSE,FALSE,FALSE,FALSE,27,0.00711321668289788,FALSE,TRUE,"fitted",NA,"rep_0049_fit_mse.rds"
"mse","rate_state",49,2049,1000447,2120,7.2705309510231,"hit_max",FALSE,TRUE,FALSE,FALSE,FALSE,100,0.00837372280174494,FALSE,FALSE,"fitted",NA,"rep_0049_fit_rate_state.rds"
"mse","ou",50,2050,1000448,4719,6.05070435206095,"converged",TRUE,FALSE,FALSE,FALSE,FALSE,38,0.00490544347902509,FALSE,TRUE,"fitted",NA,"rep_0050_fit_ou.rds"
"mse","mse",50,2050,1000449,4719,8.63898075024287,"converged",TRUE,FALSE,FALSE,FALSE,FALSE,39,0.00486236783077569,FALSE,TRUE,"fitted",NA,"rep_0050_fit_mse.rds"
"mse","rate_state",50,2050,1000450,4719,19.524079533418,"hit_max",FALSE,TRUE,FALSE,FALSE,FALSE,100,0.00686371988985616,FALSE,FALSE,"fitted",NA,"rep_0050_fit_rate_state.rds"
"mse","ou",51,2051,1000451,3917,5.02467350165049,"converged",TRUE,FALSE,FALSE,FALSE,FALSE,39,0.00546036154567472,FALSE,TRUE,"fitted",NA,"rep_0051_fit_ou.rds"
"mse","mse",51,2051,1000452,3917,6.46869183381399,"converged",TRUE,FALSE,FALSE,FALSE,FALSE,33,0.00535930209487867,FALSE,TRUE,"fitted",NA,"rep_0051_fit_mse.rds"
"mse","rate_state",51,2051,1000453,3917,14.9857558012009,"hit_max",FALSE,TRUE,FALSE,FALSE,FALSE,100,0.0111740417130314,FALSE,FALSE,"fitted",NA,"rep_0051_fit_rate_state.rds"
"mse","ou",52,2052,1000454,4463,5.53693908452988,"converged",TRUE,FALSE,FALSE,FALSE,FALSE,36,0.0053600804140467,FALSE,TRUE,"fitted",NA,"rep_0052_fit_ou.rds"
"mse","mse",52,2052,1000455,4463,6.49940056403478,"converged",TRUE,FALSE,FALSE,FALSE,FALSE,31,0.00529139165211349,FALSE,TRUE,"fitted",NA,"rep_0052_fit_mse.rds"
"mse","rate_state",52,2052,1000456,4463,17.0569304982821,"hit_max",FALSE,TRUE,FALSE,FALSE,FALSE,100,0.00686826108414769,FALSE,FALSE,"fitted",NA,"rep_0052_fit_rate_state.rds"
"mse","ou",53,2053,1000457,2018,1.52136290073395,"converged",TRUE,FALSE,FALSE,FALSE,FALSE,22,0.0072914142474536,FALSE,TRUE,"fitted",NA,"rep_0053_fit_ou.rds"
"mse","mse",53,2053,1000458,2018,1.81303036610285,"converged",TRUE,FALSE,FALSE,FALSE,FALSE,23,0.00724995481851951,FALSE,TRUE,"fitted",NA,"rep_0053_fit_mse.rds"
"mse","rate_state",53,2053,1000459,2018,7.75877793629964,"hit_max",FALSE,TRUE,FALSE,FALSE,FALSE,100,0.000119484388155712,FALSE,FALSE,"fitted",NA,"rep_0053_fit_rate_state.rds"
"mse","ou",54,2054,1000460,3341,3.5425580183665,"converged",TRUE,FALSE,FALSE,FALSE,FALSE,31,0.00604530531136935,FALSE,TRUE,"fitted",NA,"rep_0054_fit_ou.rds"
"mse","mse",54,2054,1000461,3341,4.52056996822357,"converged",TRUE,FALSE,FALSE,FALSE,FALSE,30,0.00597472253966468,FALSE,TRUE,"fitted",NA,"rep_0054_fit_mse.rds"
"mse","rate_state",54,2054,1000462,3341,14.238089732329,"hit_max",FALSE,TRUE,FALSE,FALSE,FALSE,100,3.9657321097817e-56,TRUE,FALSE,"fitted",NA,"rep_0054_fit_rate_state.rds"
"mse","ou",55,2055,1000463,2417,1.85434095064799,"converged",TRUE,FALSE,FALSE,FALSE,FALSE,24,0.0069824939721326,FALSE,TRUE,"fitted",NA,"rep_0055_fit_ou.rds"
"mse","mse",55,2055,1000464,2417,2.39935264984767,"converged",TRUE,FALSE,FALSE,FALSE,FALSE,25,0.00695338522276851,FALSE,TRUE,"fitted",NA,"rep_0055_fit_mse.rds"
"mse","rate_state",55,2055,1000465,2417,9.15624065001806,"hit_max",FALSE,TRUE,FALSE,FALSE,FALSE,100,0.0114715810593523,FALSE,FALSE,"fitted",NA,"rep_0055_fit_rate_state.rds"
"mse","ou",56,2056,1000466,4005,5.38303000132243,"converged",TRUE,FALSE,FALSE,FALSE,FALSE,39,0.00523332968148541,FALSE,TRUE,"fitted",NA,"rep_0056_fit_ou.rds"
"mse","mse",56,2056,1000467,4005,7.0829602320989,"converged",TRUE,FALSE,FALSE,FALSE,FALSE,39,0.00514966336805195,FALSE,TRUE,"fitted",NA,"rep_0056_fit_mse.rds"
"mse","rate_state",56,2056,1000468,4005,17.3384080648422,"hit_max",FALSE,TRUE,FALSE,FALSE,FALSE,100,0.00566327642925565,FALSE,FALSE,"fitted",NA,"rep_0056_fit_rate_state.rds"
"mse","ou",57,2057,1000469,3374,3.9985363483429,"converged",TRUE,FALSE,FALSE,FALSE,FALSE,36,0.00594461066813089,FALSE,TRUE,"fitted",NA,"rep_0057_fit_ou.rds"
"mse","mse",57,2057,1000470,3374,4.9541415810585,"converged",TRUE,FALSE,FALSE,FALSE,FALSE,36,0.00591363553256451,FALSE,TRUE,"fitted",NA,"rep_0057_fit_mse.rds"
"mse","rate_state",57,2057,1000471,3374,13.2512511491776,"hit_max",FALSE,TRUE,FALSE,FALSE,FALSE,100,0.00747972579216621,FALSE,FALSE,"fitted",NA,"rep_0057_fit_rate_state.rds"
"mse","ou",58,2058,1000472,3844,4.62479581435521,"converged",TRUE,FALSE,FALSE,FALSE,FALSE,37,0.00561856372017154,FALSE,TRUE,"fitted",NA,"rep_0058_fit_ou.rds"
"mse","mse",58,2058,1000473,3844,6.58624085187912,"converged",TRUE,FALSE,FALSE,FALSE,FALSE,38,0.00550991957847157,FALSE,TRUE,"fitted",NA,"rep_0058_fit_mse.rds"
"mse","rate_state",58,2058,1000474,3844,16.2793129642804,"hit_max",FALSE,TRUE,FALSE,FALSE,FALSE,100,0.0112012726859388,FALSE,FALSE,"fitted",NA,"rep_0058_fit_rate_state.rds"
"mse","ou",59,2059,1000475,5450,8.11672953367233,"converged",TRUE,FALSE,FALSE,FALSE,FALSE,41,0.00472969399635687,FALSE,TRUE,"fitted",NA,"rep_0059_fit_ou.rds"
"mse","mse",59,2059,1000476,5450,12.1241612990697,"converged",TRUE,FALSE,FALSE,FALSE,FALSE,44,0.00462854626522782,FALSE,TRUE,"fitted",NA,"rep_0059_fit_mse.rds"
"mse","rate_state",59,2059,1000477,5450,25.2132901310921,"hit_max",FALSE,TRUE,FALSE,FALSE,FALSE,100,0.0093770293299201,FALSE,FALSE,"fitted",NA,"rep_0059_fit_rate_state.rds"
"mse","ou",60,2060,1000478,2590,1.93470944960912,"converged",TRUE,FALSE,FALSE,FALSE,FALSE,23,0.00656096113017446,FALSE,TRUE,"fitted",NA,"rep_0060_fit_ou.rds"
"mse","mse",60,2060,1000479,2590,2.41505988438924,"converged",TRUE,FALSE,FALSE,FALSE,FALSE,25,0.00656142708561762,FALSE,TRUE,"fitted",NA,"rep_0060_fit_mse.rds"
"mse","rate_state",60,2060,1000480,2590,8.83083763122559,"hit_max",FALSE,TRUE,FALSE,FALSE,FALSE,100,8.84229921992405e-58,TRUE,FALSE,"fitted",NA,"rep_0060_fit_rate_state.rds"
"mse","ou",61,2061,1000481,4478,5.75834436416626,"converged",TRUE,FALSE,FALSE,FALSE,FALSE,38,0.0049176474753152,FALSE,TRUE,"fitted",NA,"rep_0061_fit_ou.rds"
"mse","mse",61,2061,1000482,4478,8.34480030139287,"converged",TRUE,FALSE,FALSE,FALSE,FALSE,40,0.00487666760267702,FALSE,TRUE,"fitted",NA,"rep_0061_fit_mse.rds"
"mse","rate_state",61,2061,1000483,4478,19.6292858521144,"hit_max",FALSE,TRUE,FALSE,FALSE,FALSE,100,0.0058543992997231,FALSE,FALSE,"fitted",NA,"rep_0061_fit_rate_state.rds"
"mse","ou",62,2062,1000484,5537,9.04556956688563,"converged",TRUE,FALSE,FALSE,FALSE,FALSE,41,0.00496963459873734,FALSE,TRUE,"fitted",NA,"rep_0062_fit_ou.rds"
"mse","mse",62,2062,1000485,5537,10.9707571347555,"converged",TRUE,FALSE,FALSE,FALSE,FALSE,38,0.00485414631981031,FALSE,TRUE,"fitted",NA,"rep_0062_fit_mse.rds"
"mse","rate_state",62,2062,1000486,5537,26.5592827002207,"hit_max",FALSE,TRUE,FALSE,FALSE,FALSE,100,0.0079586054134499,FALSE,FALSE,"fitted",NA,"rep_0062_fit_rate_state.rds"
"mse","ou",63,2063,1000487,3419,4.12669813235601,"converged",TRUE,FALSE,FALSE,FALSE,FALSE,35,0.00591092832057386,FALSE,TRUE,"fitted",NA,"rep_0063_fit_ou.rds"
"mse","mse",63,2063,1000488,3419,5.38182666699092,"converged",TRUE,FALSE,FALSE,FALSE,FALSE,36,0.00584077970433913,FALSE,TRUE,"fitted",NA,"rep_0063_fit_mse.rds"
"mse","rate_state",63,2063,1000489,3419,13.6699557979902,"hit_max",FALSE,TRUE,FALSE,FALSE,FALSE,100,0.0116745279947333,FALSE,FALSE,"fitted",NA,"rep_0063_fit_rate_state.rds"
"mse","ou",64,2064,1000490,6763,14.0205533146858,"converged",TRUE,FALSE,FALSE,FALSE,FALSE,46,0.00453976358735091,FALSE,TRUE,"fitted",NA,"rep_0064_fit_ou.rds"
"mse","mse",64,2064,1000491,6763,19.1585957686106,"converged",TRUE,FALSE,FALSE,FALSE,FALSE,46,0.00444391715166044,FALSE,TRUE,"fitted",NA,"rep_0064_fit_mse.rds"
"mse","rate_state",64,2064,1000492,6763,39.8338231523832,"hit_max",FALSE,TRUE,FALSE,FALSE,FALSE,100,0.00961539052530855,FALSE,FALSE,"fitted",NA,"rep_0064_fit_rate_state.rds"
"mse","ou",65,2065,1000493,3114,2.93256316582362,"converged",TRUE,FALSE,FALSE,FALSE,FALSE,29,0.0064798081214,FALSE,TRUE,"fitted",NA,"rep_0065_fit_ou.rds"
"mse","mse",65,2065,1000494,3114,3.33424058357875,"converged",TRUE,FALSE,FALSE,FALSE,FALSE,24,0.00642655191369774,FALSE,TRUE,"fitted",NA,"rep_0065_fit_mse.rds"
"mse","rate_state",65,2065,1000495,3114,11.5129342516263,"hit_max",FALSE,TRUE,FALSE,FALSE,FALSE,100,5.40357642492592e-66,TRUE,FALSE,"fitted",NA,"rep_0065_fit_rate_state.rds"
"mse","ou",66,2066,1000496,3036,3.09677856763204,"converged",TRUE,FALSE,FALSE,FALSE,FALSE,31,0.00637751615098109,FALSE,TRUE,"fitted",NA,"rep_0066_fit_ou.rds"
"mse","mse",66,2066,1000497,3036,4.03915181954702,"converged",TRUE,FALSE,FALSE,FALSE,FALSE,32,0.00633926782907323,FALSE,TRUE,"fitted",NA,"rep_0066_fit_mse.rds"
"mse","rate_state",66,2066,1000498,3036,10.8381134668986,"hit_max",FALSE,TRUE,FALSE,FALSE,FALSE,100,0.00866185041588115,FALSE,FALSE,"fitted",NA,"rep_0066_fit_rate_state.rds"
"mse","ou",67,2067,1000499,2401,1.93623398542404,"converged",TRUE,FALSE,FALSE,FALSE,FALSE,25,0.00669998647323701,FALSE,TRUE,"fitted",NA,"rep_0067_fit_ou.rds"
"mse","mse",67,2067,1000500,2401,2.3800220489502,"converged",TRUE,FALSE,FALSE,FALSE,FALSE,26,0.00668520384320209,FALSE,TRUE,"fitted",NA,"rep_0067_fit_mse.rds"
"mse","rate_state",67,2067,1000501,2401,8.1605596502622,"hit_max",FALSE,TRUE,FALSE,FALSE,FALSE,100,0.00741372578345206,FALSE,FALSE,"fitted",NA,"rep_0067_fit_rate_state.rds"
"mse","ou",68,2068,1000502,2593,1.94834750096003,"converged",TRUE,FALSE,FALSE,FALSE,FALSE,23,0.00662717958660439,FALSE,TRUE,"fitted",NA,"rep_0068_fit_ou.rds"
"mse","mse",68,2068,1000503,2593,2.68910251458486,"converged",TRUE,FALSE,FALSE,FALSE,FALSE,26,0.00656613388449223,FALSE,TRUE,"fitted",NA,"rep_0068_fit_mse.rds"
"mse","rate_state",68,2068,1000504,2593,9.30079941352208,"hit_max",FALSE,TRUE,FALSE,FALSE,FALSE,100,1.18983457360741e-05,FALSE,FALSE,"fitted",NA,"rep_0068_fit_rate_state.rds"
"mse","ou",69,2069,1000505,3231,3.0467210650444,"converged",TRUE,FALSE,FALSE,FALSE,FALSE,29,0.00638731148369116,FALSE,TRUE,"fitted",NA,"rep_0069_fit_ou.rds"
"mse","mse",69,2069,1000506,3231,3.76049738327662,"converged",TRUE,FALSE,FALSE,FALSE,FALSE,28,0.00634682179860957,FALSE,TRUE,"fitted",NA,"rep_0069_fit_mse.rds"
"mse","rate_state",69,2069,1000507,3231,3.75619303385417,"inla_failure",FALSE,FALSE,TRUE,FALSE,FALSE,29,0.0110442453939012,FALSE,FALSE,"fitted",NA,"rep_0069_fit_rate_state.rds"
"mse","ou",70,2070,1000508,10156,28.8201760172844,"converged",TRUE,FALSE,FALSE,FALSE,FALSE,49,0.00356376156403235,FALSE,TRUE,"fitted",NA,"rep_0070_fit_ou.rds"
"mse","mse",70,2070,1000509,10156,42.1640929341316,"converged",TRUE,FALSE,FALSE,FALSE,FALSE,51,0.00347188842265351,FALSE,TRUE,"fitted",NA,"rep_0070_fit_mse.rds"
"mse","rate_state",70,2070,1000510,10156,72.3166006843249,"hit_max",FALSE,TRUE,FALSE,FALSE,FALSE,100,0.00632388684160619,FALSE,FALSE,"fitted",NA,"rep_0070_fit_rate_state.rds"
"mse","ou",71,2071,1000511,3471,3.7605956196785,"converged",TRUE,FALSE,FALSE,FALSE,FALSE,33,0.00597322745575254,FALSE,TRUE,"fitted",NA,"rep_0071_fit_ou.rds"
"mse","mse",71,2071,1000512,3471,4.42919640143712,"converged",TRUE,FALSE,FALSE,FALSE,FALSE,30,0.00593066498178253,FALSE,TRUE,"fitted",NA,"rep_0071_fit_mse.rds"
"mse","rate_state",71,2071,1000513,3471,13.6287633339564,"hit_max",FALSE,TRUE,FALSE,FALSE,FALSE,100,0.0112791372037526,FALSE,FALSE,"fitted",NA,"rep_0071_fit_rate_state.rds"
"mse","ou",72,2072,1000514,3260,3.49616816441218,"converged",TRUE,FALSE,FALSE,FALSE,FALSE,34,0.00573604645014775,FALSE,TRUE,"fitted",NA,"rep_0072_fit_ou.rds"
"mse","mse",72,2072,1000515,3260,4.83864571650823,"converged",TRUE,FALSE,FALSE,FALSE,FALSE,35,0.00565553470897453,FALSE,TRUE,"fitted",NA,"rep_0072_fit_mse.rds"
"mse","rate_state",72,2072,1000516,3260,12.196440800031,"hit_max",FALSE,TRUE,FALSE,FALSE,FALSE,100,5.96431726050237e-05,FALSE,FALSE,"fitted",NA,"rep_0072_fit_rate_state.rds"
"mse","ou",73,2073,1000517,4942,7.43676826556524,"converged",TRUE,FALSE,FALSE,FALSE,FALSE,42,0.00508905463848997,FALSE,TRUE,"fitted",NA,"rep_0073_fit_ou.rds"
"mse","mse",73,2073,1000518,4942,11.5899435162544,"converged",TRUE,FALSE,FALSE,FALSE,FALSE,47,0.00495497615381126,FALSE,TRUE,"fitted",NA,"rep_0073_fit_mse.rds"
"mse","rate_state",73,2073,1000519,4942,23.8594611326853,"hit_max",FALSE,TRUE,FALSE,FALSE,FALSE,100,0.00807653697739939,FALSE,FALSE,"fitted",NA,"rep_0073_fit_rate_state.rds"
"mse","ou",74,2074,1000520,2483,1.88377028306325,"converged",TRUE,FALSE,FALSE,FALSE,FALSE,23,0.00682722518243669,FALSE,TRUE,"fitted",NA,"rep_0074_fit_ou.rds"
"mse","mse",74,2074,1000521,2483,2.725308517615,"converged",TRUE,FALSE,FALSE,FALSE,FALSE,28,0.00677033942835275,FALSE,TRUE,"fitted",NA,"rep_0074_fit_mse.rds"
"mse","rate_state",74,2074,1000522,2483,9.20072588523229,"hit_max",FALSE,TRUE,FALSE,FALSE,FALSE,100,9.26870049921697e-84,TRUE,FALSE,"fitted",NA,"rep_0074_fit_rate_state.rds"
"mse","ou",75,2075,1000523,2675,2.00163470109304,"converged",TRUE,FALSE,FALSE,FALSE,FALSE,22,0.00671492348309778,FALSE,TRUE,"fitted",NA,"rep_0075_fit_ou.rds"
"mse","mse",75,2075,1000524,2675,2.87302441596985,"converged",TRUE,FALSE,FALSE,FALSE,FALSE,26,0.00663874052435951,FALSE,TRUE,"fitted",NA,"rep_0075_fit_mse.rds"
"mse","rate_state",75,2075,1000525,2675,10.1808306852976,"hit_max",FALSE,TRUE,FALSE,FALSE,FALSE,100,0.0120824118924107,FALSE,FALSE,"fitted",NA,"rep_0075_fit_rate_state.rds"
"mse","ou",76,2076,1000526,3191,3.23923228184382,"converged",TRUE,FALSE,FALSE,FALSE,FALSE,31,0.00632952632631516,FALSE,TRUE,"fitted",NA,"rep_0076_fit_ou.rds"
"mse","mse",76,2076,1000527,3191,3.51951435009638,"converged",TRUE,FALSE,FALSE,FALSE,FALSE,24,0.00624806138400186,FALSE,TRUE,"fitted",NA,"rep_0076_fit_mse.rds"
"mse","rate_state",76,2076,1000528,3191,12.6403141140938,"hit_max",FALSE,TRUE,FALSE,FALSE,FALSE,100,0.0109689608541222,FALSE,FALSE,"fitted",NA,"rep_0076_fit_rate_state.rds"
"mse","ou",77,2077,1000529,2829,2.49363443454107,"converged",TRUE,FALSE,FALSE,FALSE,FALSE,26,0.00637570849594243,FALSE,TRUE,"fitted",NA,"rep_0077_fit_ou.rds"
"mse","mse",77,2077,1000530,2829,3.14677275021871,"converged",TRUE,FALSE,FALSE,FALSE,FALSE,27,0.00637727710076781,FALSE,TRUE,"fitted",NA,"rep_0077_fit_mse.rds"
"mse","rate_state",77,2077,1000531,2829,10.5610712011655,"hit_max",FALSE,TRUE,FALSE,FALSE,FALSE,100,0.00749857078529911,FALSE,FALSE,"fitted",NA,"rep_0077_fit_rate_state.rds"
"mse","ou",78,2078,1000532,4138,4.95822221835454,"converged",TRUE,FALSE,FALSE,FALSE,FALSE,33,0.00554454742187847,FALSE,TRUE,"fitted",NA,"rep_0078_fit_ou.rds"
"mse","mse",78,2078,1000533,4138,5.2652924656868,"converged",TRUE,FALSE,FALSE,FALSE,FALSE,26,0.00549909081530505,FALSE,TRUE,"fitted",NA,"rep_0078_fit_mse.rds"
"mse","rate_state",78,2078,1000534,4138,19.8378985524178,"hit_max",FALSE,TRUE,FALSE,FALSE,FALSE,100,2.2468496713659e-49,TRUE,FALSE,"fitted",NA,"rep_0078_fit_rate_state.rds"
"mse","ou",79,2079,1000535,3945,4.67156625191371,"converged",TRUE,FALSE,FALSE,FALSE,FALSE,34,0.00541591929620151,FALSE,TRUE,"fitted",NA,"rep_0079_fit_ou.rds"
"mse","mse",79,2079,1000536,3945,6.93091198205948,"converged",TRUE,FALSE,FALSE,FALSE,FALSE,38,0.00530617838162409,FALSE,TRUE,"fitted",NA,"rep_0079_fit_mse.rds"
"mse","rate_state",79,2079,1000537,3945,17.5073251167933,"hit_max",FALSE,TRUE,FALSE,FALSE,FALSE,100,0.011472723840318,FALSE,FALSE,"fitted",NA,"rep_0079_fit_rate_state.rds"
"mse","ou",80,2080,1000538,3392,4.38588096698125,"converged",TRUE,FALSE,FALSE,FALSE,FALSE,37,0.00600703962867254,FALSE,TRUE,"fitted",NA,"rep_0080_fit_ou.rds"
"mse","mse",80,2080,1000539,3392,5.30548804998398,"converged",TRUE,FALSE,FALSE,FALSE,FALSE,36,0.00592465145087838,FALSE,TRUE,"fitted",NA,"rep_0080_fit_mse.rds"
"mse","rate_state",80,2080,1000540,3392,13.8444771528244,"hit_max",FALSE,TRUE,FALSE,FALSE,FALSE,100,0.0102908203374162,FALSE,FALSE,"fitted",NA,"rep_0080_fit_rate_state.rds"
"mse","ou",81,2081,1000541,4047,4.95446626742681,"converged",TRUE,FALSE,FALSE,FALSE,FALSE,36,0.00515802493028102,FALSE,TRUE,"fitted",NA,"rep_0081_fit_ou.rds"
"mse","mse",81,2081,1000542,4047,6.67069336970647,"converged",TRUE,FALSE,FALSE,FALSE,FALSE,36,0.00505623980706761,FALSE,TRUE,"fitted",NA,"rep_0081_fit_mse.rds"
"mse","rate_state",81,2081,1000543,4047,15.6308820168177,"hit_max",FALSE,TRUE,FALSE,FALSE,FALSE,100,1.46337445706509e-81,TRUE,FALSE,"fitted",NA,"rep_0081_fit_rate_state.rds"
"mse","ou",82,2082,1000544,6724,12.3970993995667,"converged",TRUE,FALSE,FALSE,FALSE,FALSE,42,0.00435671888661273,FALSE,TRUE,"fitted",NA,"rep_0082_fit_ou.rds"
"mse","mse",82,2082,1000545,6724,17.9615212996801,"converged",TRUE,FALSE,FALSE,FALSE,FALSE,43,0.00427174861216935,FALSE,TRUE,"fitted",NA,"rep_0082_fit_mse.rds"
"mse","rate_state",82,2082,1000546,6724,35.0797937830289,"hit_max",FALSE,TRUE,FALSE,FALSE,FALSE,100,2.65248408729387e-21,TRUE,FALSE,"fitted",NA,"rep_0082_fit_rate_state.rds"
"mse","ou",83,2083,1000547,7421,17.4446491003036,"converged",TRUE,FALSE,FALSE,FALSE,FALSE,48,0.00414936550458289,FALSE,TRUE,"fitted",NA,"rep_0083_fit_ou.rds"
"mse","mse",83,2083,1000548,7421,21.2923947016398,"converged",TRUE,FALSE,FALSE,FALSE,FALSE,42,0.00405858523970903,FALSE,TRUE,"fitted",NA,"rep_0083_fit_mse.rds"
"mse","rate_state",83,2083,1000549,7421,44.6122375488281,"hit_max",FALSE,TRUE,FALSE,FALSE,FALSE,100,0.00469449557524559,FALSE,FALSE,"fitted",NA,"rep_0083_fit_rate_state.rds"
"mse","ou",84,2084,1000550,2590,1.78534696499507,"converged",TRUE,FALSE,FALSE,FALSE,FALSE,20,0.00681934204737115,FALSE,TRUE,"fitted",NA,"rep_0084_fit_ou.rds"
"mse","mse",84,2084,1000551,2590,2.51511378288269,"converged",TRUE,FALSE,FALSE,FALSE,FALSE,25,0.00670996392793409,FALSE,TRUE,"fitted",NA,"rep_0084_fit_mse.rds"
"mse","rate_state",84,2084,1000552,2590,4.49846959908803,"inla_failure",FALSE,FALSE,TRUE,FALSE,FALSE,49,0.00902143029393547,FALSE,FALSE,"fitted",NA,"rep_0084_fit_rate_state.rds"
"mse","ou",85,2085,1000553,6850,13.252569882075,"converged",TRUE,FALSE,FALSE,FALSE,FALSE,43,0.00433582598373332,FALSE,TRUE,"fitted",NA,"rep_0085_fit_ou.rds"
"mse","mse",85,2085,1000554,6850,18.4509510358175,"converged",TRUE,FALSE,FALSE,FALSE,FALSE,42,0.00429655338266425,FALSE,TRUE,"fitted",NA,"rep_0085_fit_mse.rds"
"mse","rate_state",85,2085,1000555,6850,38.3431514700254,"hit_max",FALSE,TRUE,FALSE,FALSE,FALSE,100,1.01232607386746e-13,TRUE,FALSE,"fitted",NA,"rep_0085_fit_rate_state.rds"
"mse","ou",86,2086,1000556,1847,1.28230686585108,"converged",TRUE,FALSE,FALSE,FALSE,FALSE,21,0.00746339594666536,FALSE,TRUE,"fitted",NA,"rep_0086_fit_ou.rds"
"mse","mse",86,2086,1000557,1847,2.10439749956131,"converged",TRUE,FALSE,FALSE,FALSE,FALSE,29,0.00747417033450832,FALSE,TRUE,"fitted",NA,"rep_0086_fit_mse.rds"
"mse","rate_state",86,2086,1000558,1847,6.36779719988505,"hit_max",FALSE,TRUE,FALSE,FALSE,FALSE,100,0.00859968013601184,FALSE,FALSE,"fitted",NA,"rep_0086_fit_rate_state.rds"
"mse","ou",87,2087,1000559,4018,5.89765843153,"converged",TRUE,FALSE,FALSE,FALSE,FALSE,40,0.00560494640788262,FALSE,TRUE,"fitted",NA,"rep_0087_fit_ou.rds"
"mse","mse",87,2087,1000560,4018,7.7613108476003,"converged",TRUE,FALSE,FALSE,FALSE,FALSE,41,0.00554108794360856,FALSE,TRUE,"fitted",NA,"rep_0087_fit_mse.rds"
"mse","rate_state",87,2087,1000561,4018,17.8314601182938,"hit_max",FALSE,TRUE,FALSE,FALSE,FALSE,100,0.00707054317738845,FALSE,FALSE,"fitted",NA,"rep_0087_fit_rate_state.rds"
"mse","ou",88,2088,1000562,1994,1.43858451843262,"converged",TRUE,FALSE,FALSE,FALSE,FALSE,20,0.00730492364453748,FALSE,TRUE,"fitted",NA,"rep_0088_fit_ou.rds"
"mse","mse",88,2088,1000563,1994,2.01687079668045,"converged",TRUE,FALSE,FALSE,FALSE,FALSE,24,0.00728424468634307,FALSE,TRUE,"fitted",NA,"rep_0088_fit_mse.rds"
"mse","rate_state",88,2088,1000564,1994,7.71201858520508,"hit_max",FALSE,TRUE,FALSE,FALSE,FALSE,100,2.0194042292185e-94,TRUE,FALSE,"fitted",NA,"rep_0088_fit_rate_state.rds"
"mse","ou",89,2089,1000565,6886,13.8630465348562,"converged",TRUE,FALSE,FALSE,FALSE,FALSE,43,0.00428322633997195,FALSE,TRUE,"fitted",NA,"rep_0089_fit_ou.rds"
"mse","mse",89,2089,1000566,6886,18.2913435022036,"converged",TRUE,FALSE,FALSE,FALSE,FALSE,41,0.00421556130277281,FALSE,TRUE,"fitted",NA,"rep_0089_fit_mse.rds"
"mse","rate_state",89,2089,1000567,6886,34.5673550327619,"hit_max",FALSE,TRUE,FALSE,FALSE,FALSE,100,6.0671795319892e-28,TRUE,FALSE,"fitted",NA,"rep_0089_fit_rate_state.rds"
"mse","ou",90,2090,1000568,3216,3.72864449818929,"converged",TRUE,FALSE,FALSE,FALSE,FALSE,32,0.00617187075690754,FALSE,TRUE,"fitted",NA,"rep_0090_fit_ou.rds"
"mse","mse",90,2090,1000569,3216,4.77850163380305,"converged",TRUE,FALSE,FALSE,FALSE,FALSE,33,0.00610536720950531,FALSE,TRUE,"fitted",NA,"rep_0090_fit_mse.rds"
"mse","rate_state",90,2090,1000570,3216,13.1029198169708,"hit_max",FALSE,TRUE,FALSE,FALSE,FALSE,100,2.87264004781546e-109,TRUE,FALSE,"fitted",NA,"rep_0090_fit_rate_state.rds"
"mse","ou",91,2091,1000571,3816,4.39134288231532,"converged",TRUE,FALSE,FALSE,FALSE,FALSE,34,0.00571814500337065,FALSE,TRUE,"fitted",NA,"rep_0091_fit_ou.rds"
"mse","mse",91,2091,1000572,3816,5.88450301885605,"converged",TRUE,FALSE,FALSE,FALSE,FALSE,26,0.0056692654670854,FALSE,TRUE,"fitted",NA,"rep_0091_fit_mse.rds"
"mse","rate_state",91,2091,1000573,3816,15.0258626977603,"hit_max",FALSE,TRUE,FALSE,FALSE,FALSE,100,0.00645469461191221,FALSE,FALSE,"fitted",NA,"rep_0091_fit_rate_state.rds"
"mse","ou",92,2092,1000574,9058,22.3827983657519,"converged",TRUE,FALSE,FALSE,FALSE,FALSE,47,0.00383889184826692,FALSE,TRUE,"fitted",NA,"rep_0092_fit_ou.rds"
"mse","mse",92,2092,1000575,9058,31.7015107989311,"converged",TRUE,FALSE,FALSE,FALSE,FALSE,43,0.00378515911394467,FALSE,TRUE,"fitted",NA,"rep_0092_fit_mse.rds"
"mse","rate_state",92,2092,1000576,9058,64.3622735142708,"hit_max",FALSE,TRUE,FALSE,FALSE,FALSE,100,0.00845960035191259,FALSE,FALSE,"fitted",NA,"rep_0092_fit_rate_state.rds"
"mse","ou",93,2093,1000577,6264,11.6187044858933,"converged",TRUE,FALSE,FALSE,FALSE,FALSE,41,0.00460025219715487,FALSE,TRUE,"fitted",NA,"rep_0093_fit_ou.rds"
"mse","mse",93,2093,1000578,6264,14.9582151492437,"converged",TRUE,FALSE,FALSE,FALSE,FALSE,42,0.00451462892316242,FALSE,TRUE,"fitted",NA,"rep_0093_fit_mse.rds"
"mse","rate_state",93,2093,1000579,6264,31.4408315857251,"hit_max",FALSE,TRUE,FALSE,FALSE,FALSE,100,8.33003332414063e-30,TRUE,FALSE,"fitted",NA,"rep_0093_fit_rate_state.rds"
"mse","ou",94,2094,1000580,4680,6.54064008394877,"converged",TRUE,FALSE,FALSE,FALSE,FALSE,35,0.00510990133314805,FALSE,TRUE,"fitted",NA,"rep_0094_fit_ou.rds"
"mse","mse",94,2094,1000581,4680,7.94994403123856,"converged",TRUE,FALSE,FALSE,FALSE,FALSE,33,0.00507582009210934,FALSE,TRUE,"fitted",NA,"rep_0094_fit_mse.rds"
"mse","rate_state",94,2094,1000582,4680,23.4048476815224,"hit_max",FALSE,TRUE,FALSE,FALSE,FALSE,100,0.00994527282565683,FALSE,FALSE,"fitted",NA,"rep_0094_fit_rate_state.rds"
"mse","ou",95,2095,1000583,2109,1.61029903093974,"converged",TRUE,FALSE,FALSE,FALSE,FALSE,22,0.00715218816192266,FALSE,TRUE,"fitted",NA,"rep_0095_fit_ou.rds"
"mse","mse",95,2095,1000584,2109,2.0416881163915,"converged",TRUE,FALSE,FALSE,FALSE,FALSE,25,0.00712535409988138,FALSE,TRUE,"fitted",NA,"rep_0095_fit_mse.rds"
"mse","rate_state",95,2095,1000585,2109,7.8212119658788,"hit_max",FALSE,TRUE,FALSE,FALSE,FALSE,100,0.00887147401327204,FALSE,FALSE,"fitted",NA,"rep_0095_fit_rate_state.rds"
"mse","ou",96,2096,1000586,9984,27.8375936508179,"converged",TRUE,FALSE,FALSE,FALSE,FALSE,52,0.0034903121168983,FALSE,TRUE,"fitted",NA,"rep_0096_fit_ou.rds"
"mse","mse",96,2096,1000587,9984,48.6820172190666,"converged",TRUE,FALSE,FALSE,FALSE,FALSE,56,0.00339728115366277,FALSE,TRUE,"fitted",NA,"rep_0096_fit_mse.rds"
"mse","rate_state",96,2096,1000588,9984,76.4720127662023,"hit_max",FALSE,TRUE,FALSE,FALSE,FALSE,100,0.00921743902364494,FALSE,FALSE,"fitted",NA,"rep_0096_fit_rate_state.rds"
"mse","ou",97,2097,1000589,2192,1.67151271899541,"converged",TRUE,FALSE,FALSE,FALSE,FALSE,22,0.00715089826488778,FALSE,TRUE,"fitted",NA,"rep_0097_fit_ou.rds"
"mse","mse",97,2097,1000590,2192,2.65762649774551,"converged",TRUE,FALSE,FALSE,FALSE,FALSE,30,0.00712514258187505,FALSE,TRUE,"fitted",NA,"rep_0097_fit_mse.rds"
"mse","rate_state",97,2097,1000591,2192,7.89149921735128,"hit_max",FALSE,TRUE,FALSE,FALSE,FALSE,100,0.0125210245953162,FALSE,FALSE,"fitted",NA,"rep_0097_fit_rate_state.rds"
"mse","ou",98,2098,1000592,3661,4.90881008307139,"converged",TRUE,FALSE,FALSE,FALSE,FALSE,36,0.00601948063582687,FALSE,TRUE,"fitted",NA,"rep_0098_fit_ou.rds"
"mse","mse",98,2098,1000593,3661,5.14354039827983,"converged",TRUE,FALSE,FALSE,FALSE,FALSE,29,0.00592533676049391,FALSE,TRUE,"fitted",NA,"rep_0098_fit_mse.rds"
"mse","rate_state",98,2098,1000594,3661,17.3622850179672,"hit_max",FALSE,TRUE,FALSE,FALSE,FALSE,100,3.94511682702301e-61,TRUE,FALSE,"fitted",NA,"rep_0098_fit_rate_state.rds"
"mse","ou",99,2099,1000595,6664,15.2583088676135,"converged",TRUE,FALSE,FALSE,FALSE,FALSE,48,0.00436711557211197,FALSE,TRUE,"fitted",NA,"rep_0099_fit_ou.rds"
"mse","mse",99,2099,1000596,6664,21.8856458504995,"converged",TRUE,FALSE,FALSE,FALSE,FALSE,49,0.00428554160322127,FALSE,TRUE,"fitted",NA,"rep_0099_fit_mse.rds"
"mse","rate_state",99,2099,1000597,6664,42.3965390841166,"hit_max",FALSE,TRUE,FALSE,FALSE,FALSE,100,0.00944629309230585,FALSE,FALSE,"fitted",NA,"rep_0099_fit_rate_state.rds"
"mse","ou",100,2100,1000598,3200,3.19868901968002,"converged",TRUE,FALSE,FALSE,FALSE,FALSE,27,0.00638011485931847,FALSE,TRUE,"fitted",NA,"rep_0100_fit_ou.rds"
"mse","mse",100,2100,1000599,3200,4.26531629959742,"converged",TRUE,FALSE,FALSE,FALSE,FALSE,28,0.00631835088339701,FALSE,TRUE,"fitted",NA,"rep_0100_fit_mse.rds"
"mse","rate_state",100,2100,1000600,3200,12.9745545307795,"hit_max",FALSE,TRUE,FALSE,FALSE,FALSE,100,1.87685068252398e-97,TRUE,FALSE,"fitted",NA,"rep_0100_fit_rate_state.rds"
"rate_state","ou",1,3001,1000601,3263,3.81354828278224,"converged",TRUE,FALSE,FALSE,FALSE,FALSE,32,0.00619782075335853,FALSE,TRUE,"fitted",NA,"rep_0001_fit_ou.rds"
"rate_state","mse",1,3001,1000602,3263,5.74666524728139,"converged",TRUE,FALSE,FALSE,FALSE,FALSE,39,0.00608694876753589,FALSE,TRUE,"fitted",NA,"rep_0001_fit_mse.rds"
"rate_state","rate_state",1,3001,1000603,3263,4.68994830052058,"converged",TRUE,FALSE,FALSE,FALSE,FALSE,34,0.00606891835008327,FALSE,TRUE,"fitted",NA,"rep_0001_fit_rate_state.rds"
"rate_state","ou",2,3002,1000604,2355,1.96793921788534,"converged",TRUE,FALSE,FALSE,FALSE,FALSE,24,0.00684306940306561,FALSE,TRUE,"fitted",NA,"rep_0002_fit_ou.rds"
"rate_state","mse",2,3002,1000605,2355,3.31568893194199,"converged",TRUE,FALSE,FALSE,FALSE,FALSE,33,0.0068523192084389,FALSE,TRUE,"fitted",NA,"rep_0002_fit_mse.rds"
"rate_state","rate_state",2,3002,1000606,2355,2.01107749938965,"converged",TRUE,FALSE,FALSE,FALSE,FALSE,22,0.00684475979692237,FALSE,TRUE,"fitted",NA,"rep_0002_fit_rate_state.rds"
"rate_state","ou",3,3003,1000607,1841,1.69075318574905,"converged",TRUE,FALSE,FALSE,FALSE,FALSE,25,0.00734033594958428,FALSE,TRUE,"fitted",NA,"rep_0003_fit_ou.rds"
"rate_state","mse",3,3003,1000608,1841,3.10551133155823,"converged",TRUE,FALSE,FALSE,FALSE,FALSE,39,0.0073817586696708,FALSE,TRUE,"fitted",NA,"rep_0003_fit_mse.rds"
"rate_state","rate_state",3,3003,1000609,1841,2.37767023245494,"converged",TRUE,FALSE,FALSE,FALSE,FALSE,32,0.00744186757348119,FALSE,TRUE,"fitted",NA,"rep_0003_fit_rate_state.rds"
"rate_state","ou",4,3004,1000610,2299,2.29488393465678,"converged",TRUE,FALSE,FALSE,FALSE,FALSE,28,0.0068597050447998,FALSE,TRUE,"fitted",NA,"rep_0004_fit_ou.rds"
"rate_state","mse",4,3004,1000611,2299,9.76438143253326,"hit_max",FALSE,TRUE,FALSE,FALSE,FALSE,100,0.0067440538683725,FALSE,FALSE,"fitted",NA,"rep_0004_fit_mse.rds"
"rate_state","rate_state",4,3004,1000612,2299,2.27745726505915,"converged",TRUE,FALSE,FALSE,FALSE,FALSE,25,0.00681034829310511,FALSE,TRUE,"fitted",NA,"rep_0004_fit_rate_state.rds"
"rate_state","ou",5,3005,1000613,2061,2.05212216774623,"converged",TRUE,FALSE,FALSE,FALSE,FALSE,28,0.00738189405804134,FALSE,TRUE,"fitted",NA,"rep_0005_fit_ou.rds"
"rate_state","mse",5,3005,1000614,2061,8.16669960021973,"hit_max",FALSE,TRUE,FALSE,FALSE,FALSE,100,0.00727700106841615,FALSE,FALSE,"fitted",NA,"rep_0005_fit_mse.rds"
"rate_state","rate_state",5,3005,1000615,2061,1.88923071622849,"converged",TRUE,FALSE,FALSE,FALSE,FALSE,24,0.00736557679808714,FALSE,TRUE,"fitted",NA,"rep_0005_fit_rate_state.rds"
"rate_state","ou",6,3006,1000616,5129,8.5675006310145,"converged",TRUE,FALSE,FALSE,FALSE,FALSE,42,0.00470277934395234,FALSE,TRUE,"fitted",NA,"rep_0006_fit_ou.rds"
"rate_state","mse",6,3006,1000617,5129,17.2893832008044,"converged",TRUE,FALSE,FALSE,FALSE,FALSE,60,0.00469297380303061,FALSE,TRUE,"fitted",NA,"rep_0006_fit_mse.rds"
"rate_state","rate_state",6,3006,1000618,5129,12.5045163313548,"converged",TRUE,FALSE,FALSE,FALSE,FALSE,50,0.00474207341904104,FALSE,TRUE,"fitted",NA,"rep_0006_fit_rate_state.rds"
"rate_state","ou",7,3007,1000619,2046,1.8888125816981,"converged",TRUE,FALSE,FALSE,FALSE,FALSE,26,0.00722498586191131,FALSE,TRUE,"fitted",NA,"rep_0007_fit_ou.rds"
"rate_state","mse",7,3007,1000620,2046,3.80253731807073,"converged",TRUE,FALSE,FALSE,FALSE,FALSE,46,0.00710188808230762,FALSE,TRUE,"fitted",NA,"rep_0007_fit_mse.rds"
"rate_state","rate_state",7,3007,1000621,2046,1.83722054958344,"converged",TRUE,FALSE,FALSE,FALSE,FALSE,23,0.00720473539868747,FALSE,TRUE,"fitted",NA,"rep_0007_fit_rate_state.rds"
"rate_state","ou",8,3008,1000622,3637,4.30809311469396,"converged",TRUE,FALSE,FALSE,FALSE,FALSE,32,0.00577791822316396,FALSE,TRUE,"fitted",NA,"rep_0008_fit_ou.rds"
"rate_state","mse",8,3008,1000623,3637,6.43082111676534,"converged",TRUE,FALSE,FALSE,FALSE,FALSE,39,0.0056987202278735,FALSE,TRUE,"fitted",NA,"rep_0008_fit_mse.rds"
"rate_state","rate_state",8,3008,1000624,3637,5.04979685147603,"converged",TRUE,FALSE,FALSE,FALSE,FALSE,32,0.00568829221233268,FALSE,TRUE,"fitted",NA,"rep_0008_fit_rate_state.rds"
"rate_state","ou",9,3009,1000625,2869,2.83022855122884,"converged",TRUE,FALSE,FALSE,FALSE,FALSE,28,0.00637196770268446,FALSE,TRUE,"fitted",NA,"rep_0009_fit_ou.rds"
"rate_state","mse",9,3009,1000626,2869,12.307336084048,"hit_max",FALSE,TRUE,FALSE,FALSE,FALSE,100,0.00623140379801064,FALSE,FALSE,"fitted",NA,"rep_0009_fit_mse.rds"
"rate_state","rate_state",9,3009,1000627,2869,3.67283916473389,"converged",TRUE,FALSE,FALSE,FALSE,FALSE,32,0.00636647356627853,FALSE,TRUE,"fitted",NA,"rep_0009_fit_rate_state.rds"
"rate_state","ou",10,3010,1000628,2375,2.18014956315358,"converged",TRUE,FALSE,FALSE,FALSE,FALSE,26,0.00718258558304942,FALSE,TRUE,"fitted",NA,"rep_0010_fit_ou.rds"
"rate_state","mse",10,3010,1000629,2375,3.76006243228912,"converged",TRUE,FALSE,FALSE,FALSE,FALSE,39,0.00707686124196626,FALSE,TRUE,"fitted",NA,"rep_0010_fit_mse.rds"
"rate_state","rate_state",10,3010,1000630,2375,2.11550358136495,"converged",TRUE,FALSE,FALSE,FALSE,FALSE,23,0.00707489217777199,FALSE,TRUE,"fitted",NA,"rep_0010_fit_rate_state.rds"
"rate_state","ou",11,3011,1000631,1827,1.60579895178477,"converged",TRUE,FALSE,FALSE,FALSE,FALSE,24,0.00747835781381376,FALSE,TRUE,"fitted",NA,"rep_0011_fit_ou.rds"
"rate_state","mse",11,3011,1000632,1827,2.30443383057912,"converged",TRUE,FALSE,FALSE,FALSE,FALSE,31,0.00743264319856579,FALSE,TRUE,"fitted",NA,"rep_0011_fit_mse.rds"
"rate_state","rate_state",11,3011,1000633,1827,1.60999764998754,"converged",TRUE,FALSE,FALSE,FALSE,FALSE,22,0.00741976641252909,FALSE,TRUE,"fitted",NA,"rep_0011_fit_rate_state.rds"
"rate_state","ou",12,3012,1000634,3641,4.08553889989853,"converged",TRUE,FALSE,FALSE,FALSE,FALSE,31,0.00556377267421923,FALSE,TRUE,"fitted",NA,"rep_0012_fit_ou.rds"
"rate_state","mse",12,3012,1000635,3641,7.08527949651082,"converged",TRUE,FALSE,FALSE,FALSE,FALSE,43,0.0055340436233089,FALSE,TRUE,"fitted",NA,"rep_0012_fit_mse.rds"
"rate_state","rate_state",12,3012,1000636,3641,5.53065708080928,"converged",TRUE,FALSE,FALSE,FALSE,FALSE,38,0.00557789827163524,FALSE,TRUE,"fitted",NA,"rep_0012_fit_rate_state.rds"
"rate_state","ou",13,3013,1000637,2111,1.97246206601461,"converged",TRUE,FALSE,FALSE,FALSE,FALSE,26,0.00712121220887223,FALSE,TRUE,"fitted",NA,"rep_0013_fit_ou.rds"
"rate_state","mse",13,3013,1000638,2111,3.12226693630218,"converged",TRUE,FALSE,FALSE,FALSE,FALSE,35,0.00706535275720713,FALSE,TRUE,"fitted",NA,"rep_0013_fit_mse.rds"
"rate_state","rate_state",13,3013,1000639,2111,2.03786778450012,"converged",TRUE,FALSE,FALSE,FALSE,FALSE,24,0.00707573447703198,FALSE,TRUE,"fitted",NA,"rep_0013_fit_rate_state.rds"
"rate_state","ou",14,3014,1000640,5524,8.77689751784007,"converged",TRUE,FALSE,FALSE,FALSE,FALSE,38,0.00494780439902991,FALSE,TRUE,"fitted",NA,"rep_0014_fit_ou.rds"
"rate_state","mse",14,3014,1000641,5524,18.7325514157613,"converged",TRUE,FALSE,FALSE,FALSE,FALSE,59,0.00492420090065177,FALSE,TRUE,"fitted",NA,"rep_0014_fit_mse.rds"
"rate_state","rate_state",14,3014,1000642,5524,12.2796978831291,"converged",TRUE,FALSE,FALSE,FALSE,FALSE,46,0.00495434621361418,FALSE,TRUE,"fitted",NA,"rep_0014_fit_rate_state.rds"
"rate_state","ou",15,3015,1000643,3583,3.65740236838659,"converged",TRUE,FALSE,FALSE,FALSE,FALSE,30,0.00614345832905352,FALSE,TRUE,"fitted",NA,"rep_0015_fit_ou.rds"
"rate_state","mse",15,3015,1000644,3583,16.213092982769,"hit_max",FALSE,TRUE,FALSE,FALSE,FALSE,100,0.0059961340893169,FALSE,FALSE,"fitted",NA,"rep_0015_fit_mse.rds"
"rate_state","rate_state",15,3015,1000645,3583,4.11009448369344,"converged",TRUE,FALSE,FALSE,FALSE,FALSE,29,0.00603375518717801,FALSE,TRUE,"fitted",NA,"rep_0015_fit_rate_state.rds"
"rate_state","ou",16,3016,1000646,2823,2.5988741517067,"converged",TRUE,FALSE,FALSE,FALSE,FALSE,27,0.00671410027895963,FALSE,TRUE,"fitted",NA,"rep_0016_fit_ou.rds"
"rate_state","mse",16,3016,1000647,2823,7.13687608242035,"converged",TRUE,FALSE,FALSE,FALSE,FALSE,65,0.00664667679087104,FALSE,TRUE,"fitted",NA,"rep_0016_fit_mse.rds"
"rate_state","rate_state",16,3016,1000648,2823,2.44657075007757,"converged",TRUE,FALSE,FALSE,FALSE,FALSE,22,0.00669375033537795,FALSE,TRUE,"fitted",NA,"rep_0016_fit_rate_state.rds"
"rate_state","ou",17,3017,1000649,3826,4.72986364761988,"converged",TRUE,FALSE,FALSE,FALSE,FALSE,34,0.00555234423564812,FALSE,TRUE,"fitted",NA,"rep_0017_fit_ou.rds"
"rate_state","mse",17,3017,1000650,3826,7.2053306500117,"converged",TRUE,FALSE,FALSE,FALSE,FALSE,43,0.00540230837041955,FALSE,TRUE,"fitted",NA,"rep_0017_fit_mse.rds"
"rate_state","rate_state",17,3017,1000651,3826,5.86979876756668,"converged",TRUE,FALSE,FALSE,FALSE,FALSE,35,0.00541264120146074,FALSE,TRUE,"fitted",NA,"rep_0017_fit_rate_state.rds"
"rate_state","ou",18,3018,1000652,2006,1.95279779831568,"converged",TRUE,FALSE,FALSE,FALSE,FALSE,29,0.00717410151623479,FALSE,TRUE,"fitted",NA,"rep_0018_fit_ou.rds"
"rate_state","mse",18,3018,1000653,2006,2.67398606538773,"converged",TRUE,FALSE,FALSE,FALSE,FALSE,35,0.00721999664396598,FALSE,TRUE,"fitted",NA,"rep_0018_fit_mse.rds"
"rate_state","rate_state",18,3018,1000654,2006,1.87834401528041,"converged",TRUE,FALSE,FALSE,FALSE,FALSE,25,0.00728089089321045,FALSE,TRUE,"fitted",NA,"rep_0018_fit_rate_state.rds"
"rate_state","ou",19,3019,1000655,2126,1.91918079853058,"converged",TRUE,FALSE,FALSE,FALSE,FALSE,26,0.00703288139550945,FALSE,TRUE,"fitted",NA,"rep_0019_fit_ou.rds"
"rate_state","mse",19,3019,1000656,2126,3.15373551448186,"converged",TRUE,FALSE,FALSE,FALSE,FALSE,37,0.00706765161305304,FALSE,TRUE,"fitted",NA,"rep_0019_fit_mse.rds"
"rate_state","rate_state",19,3019,1000657,2126,2.14856399695079,"converged",TRUE,FALSE,FALSE,FALSE,FALSE,27,0.0071457122093849,FALSE,TRUE,"fitted",NA,"rep_0019_fit_rate_state.rds"
"rate_state","ou",20,3020,1000658,3730,4.05507066647212,"converged",TRUE,FALSE,FALSE,FALSE,FALSE,32,0.00576980420362625,FALSE,TRUE,"fitted",NA,"rep_0020_fit_ou.rds"
"rate_state","mse",20,3020,1000659,3730,16.0889272332191,"hit_max",FALSE,TRUE,FALSE,FALSE,FALSE,100,0.00568299821539187,FALSE,FALSE,"fitted",NA,"rep_0020_fit_mse.rds"
"rate_state","rate_state",20,3020,1000660,3730,4.90355961720149,"converged",TRUE,FALSE,FALSE,FALSE,FALSE,33,0.005730810613266,FALSE,TRUE,"fitted",NA,"rep_0020_fit_rate_state.rds"
"rate_state","ou",21,3021,1000661,2408,2.07710709969203,"converged",TRUE,FALSE,FALSE,FALSE,FALSE,26,0.00674358617407592,FALSE,TRUE,"fitted",NA,"rep_0021_fit_ou.rds"
"rate_state","mse",21,3021,1000662,2408,9.06750423113505,"hit_max",FALSE,TRUE,FALSE,FALSE,FALSE,100,0.0067112739410398,FALSE,FALSE,"fitted",NA,"rep_0021_fit_mse.rds"
"rate_state","rate_state",21,3021,1000663,2408,2.45620010296504,"converged",TRUE,FALSE,FALSE,FALSE,FALSE,29,0.0068112378767587,FALSE,TRUE,"fitted",NA,"rep_0021_fit_rate_state.rds"
"rate_state","ou",22,3022,1000664,2233,2.12772461573283,"converged",TRUE,FALSE,FALSE,FALSE,FALSE,29,0.00689139753397292,FALSE,TRUE,"fitted",NA,"rep_0022_fit_ou.rds"
"rate_state","mse",22,3022,1000665,2233,3.25737855037053,"converged",TRUE,FALSE,FALSE,FALSE,FALSE,37,0.00685640099730783,FALSE,TRUE,"fitted",NA,"rep_0022_fit_mse.rds"
"rate_state","rate_state",22,3022,1000666,2233,2.12879693508148,"converged",TRUE,FALSE,FALSE,FALSE,FALSE,26,0.00689141277982047,FALSE,TRUE,"fitted",NA,"rep_0022_fit_rate_state.rds"
"rate_state","ou",23,3023,1000667,5729,8.85338914791743,"converged",TRUE,FALSE,FALSE,FALSE,FALSE,38,0.00462089660881716,FALSE,TRUE,"fitted",NA,"rep_0023_fit_ou.rds"
"rate_state","mse",23,3023,1000668,5729,14.2391808668772,"converged",TRUE,FALSE,FALSE,FALSE,FALSE,47,0.00447923165300271,FALSE,TRUE,"fitted",NA,"rep_0023_fit_mse.rds"
"rate_state","rate_state",23,3023,1000669,5729,11.9854239662488,"converged",TRUE,FALSE,FALSE,FALSE,FALSE,42,0.0044824086083207,FALSE,TRUE,"fitted",NA,"rep_0023_fit_rate_state.rds"
"rate_state","ou",24,3024,1000670,5137,6.95385468403498,"converged",TRUE,FALSE,FALSE,FALSE,FALSE,35,0.00507636184820008,FALSE,TRUE,"fitted",NA,"rep_0024_fit_ou.rds"
"rate_state","mse",24,3024,1000671,5137,25.8473217487335,"hit_max",FALSE,TRUE,FALSE,FALSE,FALSE,100,0.00488964415537983,FALSE,FALSE,"fitted",NA,"rep_0024_fit_mse.rds"
"rate_state","rate_state",24,3024,1000672,5137,8.96718269983927,"converged",TRUE,FALSE,FALSE,FALSE,FALSE,38,0.00492324667231364,FALSE,TRUE,"fitted",NA,"rep_0024_fit_rate_state.rds"
"rate_state","ou",25,3025,1000673,2575,2.12562023003896,"converged",TRUE,FALSE,FALSE,FALSE,FALSE,24,0.00706517311271494,FALSE,TRUE,"fitted",NA,"rep_0025_fit_ou.rds"
"rate_state","mse",25,3025,1000674,2575,4.04138973553975,"converged",TRUE,FALSE,FALSE,FALSE,FALSE,39,0.00698373482155938,FALSE,TRUE,"fitted",NA,"rep_0025_fit_mse.rds"
"rate_state","rate_state",25,3025,1000675,2575,2.12245038350423,"converged",TRUE,FALSE,FALSE,FALSE,FALSE,22,0.00699890142504998,FALSE,TRUE,"fitted",NA,"rep_0025_fit_rate_state.rds"
"rate_state","ou",26,3026,1000676,5856,8.92555291652679,"converged",TRUE,FALSE,FALSE,FALSE,FALSE,37,0.00474897619419592,FALSE,TRUE,"fitted",NA,"rep_0026_fit_ou.rds"
"rate_state","mse",26,3026,1000677,5856,17.9811246156693,"converged",TRUE,FALSE,FALSE,FALSE,FALSE,56,0.00448000958762787,FALSE,TRUE,"fitted",NA,"rep_0026_fit_mse.rds"
"rate_state","rate_state",26,3026,1000678,5856,13.4372969985008,"converged",TRUE,FALSE,FALSE,FALSE,FALSE,44,0.00443562188685464,FALSE,TRUE,"fitted",NA,"rep_0026_fit_rate_state.rds"
"rate_state","ou",27,3027,1000679,3658,4.37650553385417,"converged",TRUE,FALSE,FALSE,FALSE,FALSE,34,0.00571594146136048,FALSE,TRUE,"fitted",NA,"rep_0027_fit_ou.rds"
"rate_state","mse",27,3027,1000680,3658,6.4043266693751,"converged",TRUE,FALSE,FALSE,FALSE,FALSE,41,0.00562131857174552,FALSE,TRUE,"fitted",NA,"rep_0027_fit_mse.rds"
"rate_state","rate_state",27,3027,1000681,3658,5.01419275204341,"converged",TRUE,FALSE,FALSE,FALSE,FALSE,33,0.00564818012683025,FALSE,TRUE,"fitted",NA,"rep_0027_fit_rate_state.rds"
"rate_state","ou",28,3028,1000682,2005,1.96223014990489,"converged",TRUE,FALSE,FALSE,FALSE,FALSE,29,0.00704349640572601,FALSE,TRUE,"fitted",NA,"rep_0028_fit_ou.rds"
"rate_state","mse",28,3028,1000683,2005,7.93323116699854,"hit_max",FALSE,TRUE,FALSE,FALSE,FALSE,100,0.0070866966927867,FALSE,FALSE,"fitted",NA,"rep_0028_fit_mse.rds"
"rate_state","rate_state",28,3028,1000684,2005,1.74651246468226,"converged",TRUE,FALSE,FALSE,FALSE,FALSE,24,0.00719245652214408,FALSE,TRUE,"fitted",NA,"rep_0028_fit_rate_state.rds"
"rate_state","ou",29,3029,1000685,2058,1.72667413155238,"converged",TRUE,FALSE,FALSE,FALSE,FALSE,25,0.00724086598139882,FALSE,TRUE,"fitted",NA,"rep_0029_fit_ou.rds"
"rate_state","mse",29,3029,1000686,2058,2.63510876496633,"converged",TRUE,FALSE,FALSE,FALSE,FALSE,33,0.0072071375701073,FALSE,TRUE,"fitted",NA,"rep_0029_fit_mse.rds"
"rate_state","rate_state",29,3029,1000687,2058,1.64335721731186,"converged",TRUE,FALSE,FALSE,FALSE,FALSE,22,0.00720765657895545,FALSE,TRUE,"fitted",NA,"rep_0029_fit_rate_state.rds"
"rate_state","ou",30,3030,1000688,2571,2.28698489665985,"converged",TRUE,FALSE,FALSE,FALSE,FALSE,26,0.00702997632162834,FALSE,TRUE,"fitted",NA,"rep_0030_fit_ou.rds"
"rate_state","mse",30,3030,1000689,2571,3.84838864803314,"converged",TRUE,FALSE,FALSE,FALSE,FALSE,36,0.00692940869876308,FALSE,TRUE,"fitted",NA,"rep_0030_fit_mse.rds"
"rate_state","rate_state",30,3030,1000690,2571,2.2677988688151,"converged",TRUE,FALSE,FALSE,FALSE,FALSE,23,0.00693918310473459,FALSE,TRUE,"fitted",NA,"rep_0030_fit_rate_state.rds"
"rate_state","ou",31,3031,1000691,4263,5.35365455150604,"converged",TRUE,FALSE,FALSE,FALSE,FALSE,31,0.00522339231519883,FALSE,TRUE,"fitted",NA,"rep_0031_fit_ou.rds"
"rate_state","mse",31,3031,1000692,4263,20.8854196826617,"hit_max",FALSE,TRUE,FALSE,FALSE,FALSE,100,0.0050814658053873,FALSE,FALSE,"fitted",NA,"rep_0031_fit_mse.rds"
"rate_state","rate_state",31,3031,1000693,4263,6.00342188278834,"converged",TRUE,FALSE,FALSE,FALSE,FALSE,31,0.00512499486779541,FALSE,TRUE,"fitted",NA,"rep_0031_fit_rate_state.rds"
"rate_state","ou",32,3032,1000694,3294,3.39679733514786,"converged",TRUE,FALSE,FALSE,FALSE,FALSE,28,0.00618082891106642,FALSE,TRUE,"fitted",NA,"rep_0032_fit_ou.rds"
"rate_state","mse",32,3032,1000695,3294,6.04023281335831,"converged",TRUE,FALSE,FALSE,FALSE,FALSE,41,0.0061929623719154,FALSE,TRUE,"fitted",NA,"rep_0032_fit_mse.rds"
"rate_state","rate_state",32,3032,1000696,3294,5.42046063343684,"converged",TRUE,FALSE,FALSE,FALSE,FALSE,41,0.00620665662465644,FALSE,TRUE,"fitted",NA,"rep_0032_fit_rate_state.rds"
"rate_state","ou",33,3033,1000697,2965,2.95122756560644,"converged",TRUE,FALSE,FALSE,FALSE,FALSE,30,0.00623493733424423,FALSE,TRUE,"fitted",NA,"rep_0033_fit_ou.rds"
"rate_state","mse",33,3033,1000698,2965,4.27458463112513,"converged",TRUE,FALSE,FALSE,FALSE,FALSE,38,0.00617015559673151,FALSE,TRUE,"fitted",NA,"rep_0033_fit_mse.rds"
"rate_state","rate_state",33,3033,1000699,2965,3.80135800043742,"converged",TRUE,FALSE,FALSE,FALSE,FALSE,36,0.0061906003612563,FALSE,TRUE,"fitted",NA,"rep_0033_fit_rate_state.rds"
"rate_state","ou",34,3034,1000700,2499,2.45097896655401,"converged",TRUE,FALSE,FALSE,FALSE,FALSE,27,0.006851623872809,FALSE,TRUE,"fitted",NA,"rep_0034_fit_ou.rds"
"rate_state","mse",34,3034,1000701,2499,4.54593938191732,"converged",TRUE,FALSE,FALSE,FALSE,FALSE,43,0.00678245354178481,FALSE,TRUE,"fitted",NA,"rep_0034_fit_mse.rds"
"rate_state","rate_state",34,3034,1000702,2499,2.49241135120392,"converged",TRUE,FALSE,FALSE,FALSE,FALSE,25,0.0068100256195014,FALSE,TRUE,"fitted",NA,"rep_0034_fit_rate_state.rds"
"rate_state","ou",35,3035,1000703,2307,1.97795438369115,"converged",TRUE,FALSE,FALSE,FALSE,FALSE,25,0.00682405917558839,FALSE,TRUE,"fitted",NA,"rep_0035_fit_ou.rds"
"rate_state","mse",35,3035,1000704,2307,3.7950542807579,"converged",TRUE,FALSE,FALSE,FALSE,FALSE,41,0.00679633599050692,FALSE,TRUE,"fitted",NA,"rep_0035_fit_mse.rds"
"rate_state","rate_state",35,3035,1000705,2307,2.25277818441391,"converged",TRUE,FALSE,FALSE,FALSE,FALSE,26,0.00684306297905605,FALSE,TRUE,"fitted",NA,"rep_0035_fit_rate_state.rds"
"rate_state","ou",36,3036,1000706,5691,8.5412195165952,"converged",TRUE,FALSE,FALSE,FALSE,FALSE,37,0.00461475685256176,FALSE,TRUE,"fitted",NA,"rep_0036_fit_ou.rds"
"rate_state","mse",36,3036,1000707,5691,13.8519630829493,"converged",TRUE,FALSE,FALSE,FALSE,FALSE,44,0.00452058105732598,FALSE,TRUE,"fitted",NA,"rep_0036_fit_mse.rds"
"rate_state","rate_state",36,3036,1000708,5691,10.2311639467875,"converged",TRUE,FALSE,FALSE,FALSE,FALSE,37,0.00450514700925527,FALSE,TRUE,"fitted",NA,"rep_0036_fit_rate_state.rds"
"rate_state","ou",37,3037,1000709,4376,5.21535233259201,"converged",TRUE,FALSE,FALSE,FALSE,FALSE,32,0.00534678415117586,FALSE,TRUE,"fitted",NA,"rep_0037_fit_ou.rds"
"rate_state","mse",37,3037,1000710,4376,9.87860821882884,"converged",TRUE,FALSE,FALSE,FALSE,FALSE,49,0.00526938563816231,FALSE,TRUE,"fitted",NA,"rep_0037_fit_mse.rds"
"rate_state","rate_state",37,3037,1000711,4376,5.87274771531423,"converged",TRUE,FALSE,FALSE,FALSE,FALSE,30,0.00529114770159601,FALSE,TRUE,"fitted",NA,"rep_0037_fit_rate_state.rds"
"rate_state","ou",38,3038,1000712,2809,2.60884041786194,"converged",TRUE,FALSE,FALSE,FALSE,FALSE,27,0.00656828444560146,FALSE,TRUE,"fitted",NA,"rep_0038_fit_ou.rds"
"rate_state","mse",38,3038,1000713,2809,4.52705324888229,"converged",TRUE,FALSE,FALSE,FALSE,FALSE,38,0.00645751110291284,FALSE,TRUE,"fitted",NA,"rep_0038_fit_mse.rds"
"rate_state","rate_state",38,3038,1000714,2809,2.84047746658325,"converged",TRUE,FALSE,FALSE,FALSE,FALSE,26,0.00641186610995612,FALSE,TRUE,"fitted",NA,"rep_0038_fit_rate_state.rds"
"rate_state","ou",39,3039,1000715,7349,13.9622025171916,"converged",TRUE,FALSE,FALSE,FALSE,FALSE,40,0.00422034452412752,FALSE,TRUE,"fitted",NA,"rep_0039_fit_ou.rds"
"rate_state","mse",39,3039,1000716,7349,23.9518545826276,"converged",TRUE,FALSE,FALSE,FALSE,FALSE,52,0.00406233066604807,FALSE,TRUE,"fitted",NA,"rep_0039_fit_mse.rds"
"rate_state","rate_state",39,3039,1000717,7349,17.3864137848218,"converged",TRUE,FALSE,FALSE,FALSE,FALSE,42,0.00405611584164273,FALSE,TRUE,"fitted",NA,"rep_0039_fit_rate_state.rds"
"rate_state","ou",40,3040,1000718,2823,2.92070488532384,"converged",TRUE,FALSE,FALSE,FALSE,FALSE,29,0.00636439975563239,FALSE,TRUE,"fitted",NA,"rep_0040_fit_ou.rds"
"rate_state","mse",40,3040,1000719,2823,4.4955377181371,"converged",TRUE,FALSE,FALSE,FALSE,FALSE,40,0.00635663901918194,FALSE,TRUE,"fitted",NA,"rep_0040_fit_mse.rds"
"rate_state","rate_state",40,3040,1000720,2823,2.83875091473262,"converged",TRUE,FALSE,FALSE,FALSE,FALSE,26,0.00638905559195325,FALSE,TRUE,"fitted",NA,"rep_0040_fit_rate_state.rds"
"rate_state","ou",41,3041,1000721,3292,3.87994911670685,"converged",TRUE,FALSE,FALSE,FALSE,FALSE,35,0.00614990229545177,FALSE,TRUE,"fitted",NA,"rep_0041_fit_ou.rds"
"rate_state","mse",41,3041,1000722,3292,5.51479570070903,"converged",TRUE,FALSE,FALSE,FALSE,FALSE,41,0.00607842550197223,FALSE,TRUE,"fitted",NA,"rep_0041_fit_mse.rds"
"rate_state","rate_state",41,3041,1000723,3292,4.40899431705475,"converged",TRUE,FALSE,FALSE,FALSE,FALSE,34,0.00610810895765015,FALSE,TRUE,"fitted",NA,"rep_0041_fit_rate_state.rds"
"rate_state","ou",42,3042,1000724,3449,3.83509553273519,"converged",TRUE,FALSE,FALSE,FALSE,FALSE,32,0.00584599456487884,FALSE,TRUE,"fitted",NA,"rep_0042_fit_ou.rds"
"rate_state","mse",42,3042,1000725,3449,9.06539671818415,"converged",TRUE,FALSE,FALSE,FALSE,FALSE,63,0.00580699076603067,FALSE,TRUE,"fitted",NA,"rep_0042_fit_mse.rds"
"rate_state","rate_state",42,3042,1000726,3449,4.3839916507403,"converged",TRUE,FALSE,FALSE,FALSE,FALSE,32,0.00582638800732911,FALSE,TRUE,"fitted",NA,"rep_0042_fit_rate_state.rds"
"rate_state","ou",43,3043,1000727,3079,3.44102015097936,"converged",TRUE,FALSE,FALSE,FALSE,FALSE,32,0.00608787603747783,FALSE,TRUE,"fitted",NA,"rep_0043_fit_ou.rds"
"rate_state","mse",43,3043,1000728,3079,6.39705293178558,"converged",TRUE,FALSE,FALSE,FALSE,FALSE,49,0.00602604862251964,FALSE,TRUE,"fitted",NA,"rep_0043_fit_mse.rds"
"rate_state","rate_state",43,3043,1000729,3079,3.83091376622518,"converged",TRUE,FALSE,FALSE,FALSE,FALSE,31,0.00606192555864365,FALSE,TRUE,"fitted",NA,"rep_0043_fit_rate_state.rds"
"rate_state","ou",44,3044,1000730,2575,2.49746738274892,"converged",TRUE,FALSE,FALSE,FALSE,FALSE,27,0.00674011228659366,FALSE,TRUE,"fitted",NA,"rep_0044_fit_ou.rds"
"rate_state","mse",44,3044,1000731,2575,3.91848193407059,"converged",TRUE,FALSE,FALSE,FALSE,FALSE,37,0.00672345081672169,FALSE,TRUE,"fitted",NA,"rep_0044_fit_mse.rds"
"rate_state","rate_state",44,3044,1000732,2575,2.49970043500264,"converged",TRUE,FALSE,FALSE,FALSE,FALSE,24,0.0067558976401374,FALSE,TRUE,"fitted",NA,"rep_0044_fit_rate_state.rds"
"rate_state","ou",45,3045,1000733,1889,1.54456831614176,"converged",TRUE,FALSE,FALSE,FALSE,FALSE,24,0.00737419617814284,FALSE,TRUE,"fitted",NA,"rep_0045_fit_ou.rds"
"rate_state","mse",45,3045,1000734,1889,2.6865379691124,"converged",TRUE,FALSE,FALSE,FALSE,FALSE,38,0.00730623695599751,FALSE,TRUE,"fitted",NA,"rep_0045_fit_mse.rds"
"rate_state","rate_state",45,3045,1000735,1889,1.49433389902115,"converged",TRUE,FALSE,FALSE,FALSE,FALSE,21,0.00735023115835417,FALSE,TRUE,"fitted",NA,"rep_0045_fit_rate_state.rds"
"rate_state","ou",46,3046,1000736,4149,5.0544652501742,"converged",TRUE,FALSE,FALSE,FALSE,FALSE,33,0.00567794213240711,FALSE,TRUE,"fitted",NA,"rep_0046_fit_ou.rds"
"rate_state","mse",46,3046,1000737,4149,7.54350143273671,"converged",TRUE,FALSE,FALSE,FALSE,FALSE,40,0.00557121977629211,FALSE,TRUE,"fitted",NA,"rep_0046_fit_mse.rds"
"rate_state","rate_state",46,3046,1000738,4149,5.88976106643677,"converged",TRUE,FALSE,FALSE,FALSE,FALSE,33,0.00558554299525267,FALSE,TRUE,"fitted",NA,"rep_0046_fit_rate_state.rds"
"rate_state","ou",47,3047,1000739,4107,4.60429545243581,"converged",TRUE,FALSE,FALSE,FALSE,FALSE,30,0.00535614109865373,FALSE,TRUE,"fitted",NA,"rep_0047_fit_ou.rds"
"rate_state","mse",47,3047,1000740,4107,7.90609039862951,"converged",TRUE,FALSE,FALSE,FALSE,FALSE,43,0.00521623727772651,FALSE,TRUE,"fitted",NA,"rep_0047_fit_mse.rds"
"rate_state","rate_state",47,3047,1000741,4107,5.3894818464915,"converged",TRUE,FALSE,FALSE,FALSE,FALSE,31,0.00521852550644407,FALSE,TRUE,"fitted",NA,"rep_0047_fit_rate_state.rds"
"rate_state","ou",48,3048,1000742,2130,1.75534861882528,"converged",TRUE,FALSE,FALSE,FALSE,FALSE,24,0.00718171724353605,FALSE,TRUE,"fitted",NA,"rep_0048_fit_ou.rds"
"rate_state","mse",48,3048,1000743,2130,3.13240938186645,"converged",TRUE,FALSE,FALSE,FALSE,FALSE,37,0.00721961652073094,FALSE,TRUE,"fitted",NA,"rep_0048_fit_mse.rds"
"rate_state","rate_state",48,3048,1000744,2130,2.05290916760763,"converged",TRUE,FALSE,FALSE,FALSE,FALSE,26,0.00725129078231645,FALSE,TRUE,"fitted",NA,"rep_0048_fit_rate_state.rds"
"rate_state","ou",49,3049,1000745,1881,1.68902219931285,"converged",TRUE,FALSE,FALSE,FALSE,FALSE,26,0.00759787643574564,FALSE,TRUE,"fitted",NA,"rep_0049_fit_ou.rds"
"rate_state","mse",49,3049,1000746,1881,2.49726508061091,"converged",TRUE,FALSE,FALSE,FALSE,FALSE,35,0.00754800108327474,FALSE,TRUE,"fitted",NA,"rep_0049_fit_mse.rds"
"rate_state","rate_state",49,3049,1000747,1881,1.69232361714045,"converged",TRUE,FALSE,FALSE,FALSE,FALSE,24,0.00758899486229538,FALSE,TRUE,"fitted",NA,"rep_0049_fit_rate_state.rds"
"rate_state","ou",50,3050,1000748,2757,2.66775991916656,"converged",TRUE,FALSE,FALSE,FALSE,FALSE,28,0.00659401496363112,FALSE,TRUE,"fitted",NA,"rep_0050_fit_ou.rds"
"rate_state","mse",50,3050,1000749,2757,4.65781060059865,"converged",TRUE,FALSE,FALSE,FALSE,FALSE,40,0.0064953024393659,FALSE,TRUE,"fitted",NA,"rep_0050_fit_mse.rds"
"rate_state","rate_state",50,3050,1000750,2757,2.71447083552678,"converged",TRUE,FALSE,FALSE,FALSE,FALSE,25,0.00651727378905986,FALSE,TRUE,"fitted",NA,"rep_0050_fit_rate_state.rds"
"rate_state","ou",51,3051,1000751,4178,5.62140596707662,"converged",TRUE,FALSE,FALSE,FALSE,FALSE,35,0.00553356612940467,FALSE,TRUE,"fitted",NA,"rep_0051_fit_ou.rds"
"rate_state","mse",51,3051,1000752,4178,8.38721328576406,"converged",TRUE,FALSE,FALSE,FALSE,FALSE,41,0.00542970768915679,FALSE,TRUE,"fitted",NA,"rep_0051_fit_mse.rds"
"rate_state","rate_state",51,3051,1000753,4178,6.54099986950556,"converged",TRUE,FALSE,FALSE,FALSE,FALSE,35,0.00543543587151239,FALSE,TRUE,"fitted",NA,"rep_0051_fit_rate_state.rds"
"rate_state","ou",52,3052,1000754,2657,2.83430325190226,"converged",TRUE,FALSE,FALSE,FALSE,FALSE,29,0.0065533856322499,FALSE,TRUE,"fitted",NA,"rep_0052_fit_ou.rds"
"rate_state","mse",52,3052,1000755,2657,4.41721779902776,"converged",TRUE,FALSE,FALSE,FALSE,FALSE,39,0.00650871510673001,FALSE,TRUE,"fitted",NA,"rep_0052_fit_mse.rds"
"rate_state","rate_state",52,3052,1000756,2657,2.83257071574529,"converged",TRUE,FALSE,FALSE,FALSE,FALSE,26,0.0065194846567581,FALSE,TRUE,"fitted",NA,"rep_0052_fit_rate_state.rds"
"rate_state","ou",53,3053,1000757,4661,6.48693385124207,"converged",TRUE,FALSE,FALSE,FALSE,FALSE,36,0.00520659091574741,FALSE,TRUE,"fitted",NA,"rep_0053_fit_ou.rds"
"rate_state","mse",53,3053,1000758,4661,22.4971693674723,"hit_max",FALSE,TRUE,FALSE,FALSE,FALSE,100,0.00502370984918092,FALSE,FALSE,"fitted",NA,"rep_0053_fit_mse.rds"
"rate_state","rate_state",53,3053,1000759,4661,8.72951350212097,"converged",TRUE,FALSE,FALSE,FALSE,FALSE,39,0.00508602628792411,FALSE,TRUE,"fitted",NA,"rep_0053_fit_rate_state.rds"
"rate_state","ou",54,3054,1000760,3273,3.46670983235041,"converged",TRUE,FALSE,FALSE,FALSE,FALSE,31,0.00619088563217008,FALSE,TRUE,"fitted",NA,"rep_0054_fit_ou.rds"
"rate_state","mse",54,3054,1000761,3273,5.86700398127238,"converged",TRUE,FALSE,FALSE,FALSE,FALSE,37,0.00614178464611573,FALSE,TRUE,"fitted",NA,"rep_0054_fit_mse.rds"
"rate_state","rate_state",54,3054,1000762,3273,3.87835141420364,"converged",TRUE,FALSE,FALSE,FALSE,FALSE,30,0.0061656355711076,FALSE,TRUE,"fitted",NA,"rep_0054_fit_rate_state.rds"
"rate_state","ou",55,3055,1000763,3122,3.39154270092646,"converged",TRUE,FALSE,FALSE,FALSE,FALSE,31,0.00606565934906212,FALSE,TRUE,"fitted",NA,"rep_0055_fit_ou.rds"
"rate_state","mse",55,3055,1000764,3122,5.04845124880473,"converged",TRUE,FALSE,FALSE,FALSE,FALSE,38,0.00598926544914615,FALSE,TRUE,"fitted",NA,"rep_0055_fit_mse.rds"
"rate_state","rate_state",55,3055,1000765,3122,3.79446571667989,"converged",TRUE,FALSE,FALSE,FALSE,FALSE,31,0.00600172289378326,FALSE,TRUE,"fitted",NA,"rep_0055_fit_rate_state.rds"
"rate_state","ou",56,3056,1000766,6893,12.462954167525,"converged",TRUE,FALSE,FALSE,FALSE,FALSE,37,0.00447148490965366,FALSE,TRUE,"fitted",NA,"rep_0056_fit_ou.rds"
"rate_state","mse",56,3056,1000767,6893,26.5022358020147,"converged",TRUE,FALSE,FALSE,FALSE,FALSE,66,0.00435330635992019,FALSE,TRUE,"fitted",NA,"rep_0056_fit_mse.rds"
"rate_state","rate_state",56,3056,1000768,6893,15.8448709487915,"converged",TRUE,FALSE,FALSE,FALSE,FALSE,41,0.00435520827764639,FALSE,TRUE,"fitted",NA,"rep_0056_fit_rate_state.rds"
"rate_state","ou",57,3057,1000769,2333,2.1018492658933,"converged",TRUE,FALSE,FALSE,FALSE,FALSE,26,0.00694720252610239,FALSE,TRUE,"fitted",NA,"rep_0057_fit_ou.rds"
"rate_state","mse",57,3057,1000770,2333,3.52726293404897,"converged",TRUE,FALSE,FALSE,FALSE,FALSE,37,0.00694947049266428,FALSE,TRUE,"fitted",NA,"rep_0057_fit_mse.rds"
"rate_state","rate_state",57,3057,1000771,2333,2.24623686472575,"converged",TRUE,FALSE,FALSE,FALSE,FALSE,25,0.00695922854825278,FALSE,TRUE,"fitted",NA,"rep_0057_fit_rate_state.rds"
"rate_state","ou",58,3058,1000772,4858,6.61910208463669,"converged",TRUE,FALSE,FALSE,FALSE,FALSE,37,0.00478193990167545,FALSE,TRUE,"fitted",NA,"rep_0058_fit_ou.rds"
"rate_state","mse",58,3058,1000773,4858,10.7024920503298,"converged",TRUE,FALSE,FALSE,FALSE,FALSE,44,0.00468447136504635,FALSE,TRUE,"fitted",NA,"rep_0058_fit_mse.rds"
"rate_state","rate_state",58,3058,1000774,4858,9.42279965082804,"converged",TRUE,FALSE,FALSE,FALSE,FALSE,38,0.00466994317837623,FALSE,TRUE,"fitted",NA,"rep_0058_fit_rate_state.rds"
"rate_state","ou",59,3059,1000775,3522,4.11408321857452,"converged",TRUE,FALSE,FALSE,FALSE,FALSE,33,0.00601159592082237,FALSE,TRUE,"fitted",NA,"rep_0059_fit_ou.rds"
"rate_state","mse",59,3059,1000776,3522,6.03671133518219,"converged",TRUE,FALSE,FALSE,FALSE,FALSE,39,0.00592373420970098,FALSE,TRUE,"fitted",NA,"rep_0059_fit_mse.rds"
"rate_state","rate_state",59,3059,1000777,3522,4.8542562007904,"converged",TRUE,FALSE,FALSE,FALSE,FALSE,34,0.00593387734034363,FALSE,TRUE,"fitted",NA,"rep_0059_fit_rate_state.rds"
"rate_state","ou",60,3060,1000778,3964,5.0306233326594,"converged",TRUE,FALSE,FALSE,FALSE,FALSE,37,0.00559335710249349,FALSE,TRUE,"fitted",NA,"rep_0060_fit_ou.rds"
"rate_state","mse",60,3060,1000779,3964,8.65702634652456,"converged",TRUE,FALSE,FALSE,FALSE,FALSE,46,0.00550661428697744,FALSE,TRUE,"fitted",NA,"rep_0060_fit_mse.rds"
"rate_state","rate_state",60,3060,1000780,3964,6.56471993525823,"converged",TRUE,FALSE,FALSE,FALSE,FALSE,36,0.00552763258897329,FALSE,TRUE,"fitted",NA,"rep_0060_fit_rate_state.rds"
"rate_state","ou",61,3061,1000781,3452,3.5651408513387,"converged",TRUE,FALSE,FALSE,FALSE,FALSE,31,0.00578885334014118,FALSE,TRUE,"fitted",NA,"rep_0061_fit_ou.rds"
"rate_state","mse",61,3061,1000782,3452,6.32531981865565,"converged",TRUE,FALSE,FALSE,FALSE,FALSE,39,0.00577821768792605,FALSE,TRUE,"fitted",NA,"rep_0061_fit_mse.rds"
"rate_state","rate_state",61,3061,1000783,3452,5.83354365030924,"converged",TRUE,FALSE,FALSE,FALSE,FALSE,37,0.00579766575637016,FALSE,TRUE,"fitted",NA,"rep_0061_fit_rate_state.rds"
"rate_state","ou",62,3062,1000784,5547,10.092398750782,"converged",TRUE,FALSE,FALSE,FALSE,FALSE,39,0.00462240753146069,FALSE,TRUE,"fitted",NA,"rep_0062_fit_ou.rds"
"rate_state","mse",62,3062,1000785,5547,14.0447264989217,"converged",TRUE,FALSE,FALSE,FALSE,FALSE,48,0.00449089381741723,FALSE,TRUE,"fitted",NA,"rep_0062_fit_mse.rds"
"rate_state","rate_state",62,3062,1000786,5547,11.5878622690837,"converged",TRUE,FALSE,FALSE,FALSE,FALSE,40,0.00448904549944549,FALSE,TRUE,"fitted",NA,"rep_0062_fit_rate_state.rds"
"rate_state","ou",63,3063,1000787,3833,4.90274039904277,"converged",TRUE,FALSE,FALSE,FALSE,FALSE,36,0.00550738043904725,FALSE,TRUE,"fitted",NA,"rep_0063_fit_ou.rds"
"rate_state","mse",63,3063,1000788,3833,7.72862541675568,"converged",TRUE,FALSE,FALSE,FALSE,FALSE,40,0.0054633221589764,FALSE,TRUE,"fitted",NA,"rep_0063_fit_mse.rds"
"rate_state","rate_state",63,3063,1000789,3833,5.48283791939417,"converged",TRUE,FALSE,FALSE,FALSE,FALSE,33,0.00547475819903852,FALSE,TRUE,"fitted",NA,"rep_0063_fit_rate_state.rds"
"rate_state","ou",64,3064,1000790,3701,4.53557096322378,"converged",TRUE,FALSE,FALSE,FALSE,FALSE,31,0.00583164680527831,FALSE,TRUE,"fitted",NA,"rep_0064_fit_ou.rds"
"rate_state","mse",64,3064,1000791,3701,6.88297091325124,"converged",TRUE,FALSE,FALSE,FALSE,FALSE,40,0.00574337850335789,FALSE,TRUE,"fitted",NA,"rep_0064_fit_mse.rds"
"rate_state","rate_state",64,3064,1000792,3701,5.61505349874496,"converged",TRUE,FALSE,FALSE,FALSE,FALSE,32,0.00576848289681967,FALSE,TRUE,"fitted",NA,"rep_0064_fit_rate_state.rds"
"rate_state","ou",65,3065,1000793,3226,3.40438663164775,"converged",TRUE,FALSE,FALSE,FALSE,FALSE,31,0.00611366842699958,FALSE,TRUE,"fitted",NA,"rep_0065_fit_ou.rds"
"rate_state","mse",65,3065,1000794,3226,4.94064938227336,"converged",TRUE,FALSE,FALSE,FALSE,FALSE,38,0.00604899801412919,FALSE,TRUE,"fitted",NA,"rep_0065_fit_mse.rds"
"rate_state","rate_state",65,3065,1000795,3226,4.65348529815674,"converged",TRUE,FALSE,FALSE,FALSE,FALSE,37,0.00608295598190885,FALSE,TRUE,"fitted",NA,"rep_0065_fit_rate_state.rds"
"rate_state","ou",66,3066,1000796,5360,9.87450246810913,"converged",TRUE,FALSE,FALSE,FALSE,FALSE,37,0.00502030434705324,FALSE,TRUE,"fitted",NA,"rep_0066_fit_ou.rds"
"rate_state","mse",66,3066,1000797,5360,30.6174258152644,"converged",TRUE,FALSE,FALSE,FALSE,FALSE,92,0.00491566460350105,FALSE,TRUE,"fitted",NA,"rep_0066_fit_mse.rds"
"rate_state","rate_state",66,3066,1000798,5360,12.5541206518809,"converged",TRUE,FALSE,FALSE,FALSE,FALSE,41,0.00492950342359967,FALSE,TRUE,"fitted",NA,"rep_0066_fit_rate_state.rds"
"rate_state","ou",67,3067,1000799,5206,8.42048559983571,"converged",TRUE,FALSE,FALSE,FALSE,FALSE,35,0.00496951755575147,FALSE,TRUE,"fitted",NA,"rep_0067_fit_ou.rds"
"rate_state","mse",67,3067,1000800,5206,12.0765516161919,"converged",TRUE,FALSE,FALSE,FALSE,FALSE,44,0.00479744722606599,FALSE,TRUE,"fitted",NA,"rep_0067_fit_mse.rds"
"rate_state","rate_state",67,3067,1000801,5206,9.46121318340301,"converged",TRUE,FALSE,FALSE,FALSE,FALSE,36,0.00477614328194209,FALSE,TRUE,"fitted",NA,"rep_0067_fit_rate_state.rds"
"rate_state","ou",68,3068,1000802,3488,4.41010274887085,"converged",TRUE,FALSE,FALSE,FALSE,FALSE,31,0.00614496656392512,FALSE,TRUE,"fitted",NA,"rep_0068_fit_ou.rds"
"rate_state","mse",68,3068,1000803,3488,7.01576186815898,"converged",TRUE,FALSE,FALSE,FALSE,FALSE,39,0.00603961233448741,FALSE,TRUE,"fitted",NA,"rep_0068_fit_mse.rds"
"rate_state","rate_state",68,3068,1000804,3488,5.17174628178279,"converged",TRUE,FALSE,FALSE,FALSE,FALSE,32,0.00602349995081265,FALSE,TRUE,"fitted",NA,"rep_0068_fit_rate_state.rds"
"rate_state","ou",69,3069,1000805,2715,2.78562218348185,"converged",TRUE,FALSE,FALSE,FALSE,FALSE,29,0.00670947958684304,FALSE,TRUE,"fitted",NA,"rep_0069_fit_ou.rds"
"rate_state","mse",69,3069,1000806,2715,5.04289960066477,"converged",TRUE,FALSE,FALSE,FALSE,FALSE,41,0.00663879032511182,FALSE,TRUE,"fitted",NA,"rep_0069_fit_mse.rds"
"rate_state","rate_state",69,3069,1000807,2715,2.80662238200506,"converged",TRUE,FALSE,FALSE,FALSE,FALSE,27,0.00666870767058367,FALSE,TRUE,"fitted",NA,"rep_0069_fit_rate_state.rds"
"rate_state","ou",70,3070,1000808,2891,2.9073733329773,"converged",TRUE,FALSE,FALSE,FALSE,FALSE,26,0.00627808591615392,FALSE,TRUE,"fitted",NA,"rep_0070_fit_ou.rds"
"rate_state","mse",70,3070,1000809,2891,7.25114348332087,"converged",TRUE,FALSE,FALSE,FALSE,FALSE,55,0.00623017921638612,FALSE,TRUE,"fitted",NA,"rep_0070_fit_mse.rds"
"rate_state","rate_state",70,3070,1000810,2891,3.22305306593577,"converged",TRUE,FALSE,FALSE,FALSE,FALSE,25,0.00626803201161279,FALSE,TRUE,"fitted",NA,"rep_0070_fit_rate_state.rds"
"rate_state","ou",71,3071,1000811,1931,2.09501690069834,"converged",TRUE,FALSE,FALSE,FALSE,FALSE,26,0.00731859720513613,FALSE,TRUE,"fitted",NA,"rep_0071_fit_ou.rds"
"rate_state","mse",71,3071,1000812,1931,3.36955086787542,"converged",TRUE,FALSE,FALSE,FALSE,FALSE,38,0.00733941395558994,FALSE,TRUE,"fitted",NA,"rep_0071_fit_mse.rds"
"rate_state","rate_state",71,3071,1000813,1931,1.78023373285929,"converged",TRUE,FALSE,FALSE,FALSE,FALSE,22,0.00742940589693709,FALSE,TRUE,"fitted",NA,"rep_0071_fit_rate_state.rds"
"rate_state","ou",72,3072,1000814,2373,2.34427990118663,"converged",TRUE,FALSE,FALSE,FALSE,FALSE,25,0.00693361097666263,FALSE,TRUE,"fitted",NA,"rep_0072_fit_ou.rds"
"rate_state","mse",72,3072,1000815,2373,11.2659450689952,"converged",TRUE,FALSE,FALSE,FALSE,FALSE,98,0.00689174274307831,FALSE,TRUE,"fitted",NA,"rep_0072_fit_mse.rds"
"rate_state","rate_state",72,3072,1000816,2373,2.20652988354365,"converged",TRUE,FALSE,FALSE,FALSE,FALSE,21,0.00692386628195331,FALSE,TRUE,"fitted",NA,"rep_0072_fit_rate_state.rds"
"rate_state","ou",73,3073,1000817,2315,2.55926380157471,"converged",TRUE,FALSE,FALSE,FALSE,FALSE,27,0.00699043383909163,FALSE,TRUE,"fitted",NA,"rep_0073_fit_ou.rds"
"rate_state","mse",73,3073,1000818,2315,3.89198763370514,"converged",TRUE,FALSE,FALSE,FALSE,FALSE,38,0.00693221603565941,FALSE,TRUE,"fitted",NA,"rep_0073_fit_mse.rds"
"rate_state","rate_state",73,3073,1000819,2315,2.34382085005442,"converged",TRUE,FALSE,FALSE,FALSE,FALSE,24,0.00694784730296995,FALSE,TRUE,"fitted",NA,"rep_0073_fit_rate_state.rds"
"rate_state","ou",74,3074,1000820,2407,2.37995445330938,"converged",TRUE,FALSE,FALSE,FALSE,FALSE,26,0.00712055502937755,FALSE,TRUE,"fitted",NA,"rep_0074_fit_ou.rds"
"rate_state","mse",74,3074,1000821,2407,4.23942198355993,"converged",TRUE,FALSE,FALSE,FALSE,FALSE,40,0.00708361920525973,FALSE,TRUE,"fitted",NA,"rep_0074_fit_mse.rds"
"rate_state","rate_state",74,3074,1000822,2407,2.85212829907735,"converged",TRUE,FALSE,FALSE,FALSE,FALSE,26,0.0071396121617271,FALSE,TRUE,"fitted",NA,"rep_0074_fit_rate_state.rds"
"rate_state","ou",75,3075,1000823,6299,12.9877579649289,"converged",TRUE,FALSE,FALSE,FALSE,FALSE,37,0.00476370715821118,FALSE,TRUE,"fitted",NA,"rep_0075_fit_ou.rds"
"rate_state","mse",75,3075,1000824,6299,20.5408962488174,"converged",TRUE,FALSE,FALSE,FALSE,FALSE,49,0.00457733521512064,FALSE,TRUE,"fitted",NA,"rep_0075_fit_mse.rds"
"rate_state","rate_state",75,3075,1000825,6299,16.2970859527588,"converged",TRUE,FALSE,FALSE,FALSE,FALSE,40,0.00456177482414913,FALSE,TRUE,"fitted",NA,"rep_0075_fit_rate_state.rds"
"rate_state","ou",76,3076,1000826,2966,3.84376670122147,"converged",TRUE,FALSE,FALSE,FALSE,FALSE,32,0.00626710693473394,FALSE,TRUE,"fitted",NA,"rep_0076_fit_ou.rds"
"rate_state","mse",76,3076,1000827,2966,5.33418914874395,"converged",TRUE,FALSE,FALSE,FALSE,FALSE,36,0.00625703439573659,FALSE,TRUE,"fitted",NA,"rep_0076_fit_mse.rds"
"rate_state","rate_state",76,3076,1000828,2966,4.09534966548284,"converged",TRUE,FALSE,FALSE,FALSE,FALSE,29,0.00632479297283127,FALSE,TRUE,"fitted",NA,"rep_0076_fit_rate_state.rds"
"rate_state","ou",77,3077,1000829,3503,4.41338286797206,"converged",TRUE,FALSE,FALSE,FALSE,FALSE,28,0.0060706949816936,FALSE,TRUE,"fitted",NA,"rep_0077_fit_ou.rds"
"rate_state","mse",77,3077,1000830,3503,16.8067559480667,"hit_max",FALSE,TRUE,FALSE,FALSE,FALSE,100,0.0059333560014532,FALSE,FALSE,"fitted",NA,"rep_0077_fit_mse.rds"
"rate_state","rate_state",77,3077,1000831,3503,5.41846655209859,"converged",TRUE,FALSE,FALSE,FALSE,FALSE,31,0.00595594924382939,FALSE,TRUE,"fitted",NA,"rep_0077_fit_rate_state.rds"
"rate_state","ou",78,3078,1000832,4183,7.42132111787796,"converged",TRUE,FALSE,FALSE,FALSE,FALSE,38,0.00517236470245123,FALSE,TRUE,"fitted",NA,"rep_0078_fit_ou.rds"
"rate_state","mse",78,3078,1000833,4183,11.3874401330948,"converged",TRUE,FALSE,FALSE,FALSE,FALSE,46,0.00509813881303949,FALSE,TRUE,"fitted",NA,"rep_0078_fit_mse.rds"
"rate_state","rate_state",78,3078,1000834,4183,8.99311266740163,"converged",TRUE,FALSE,FALSE,FALSE,FALSE,38,0.00511769968743341,FALSE,TRUE,"fitted",NA,"rep_0078_fit_rate_state.rds"
"rate_state","ou",79,3079,1000835,3269,4.62027265230815,"converged",TRUE,FALSE,FALSE,FALSE,FALSE,32,0.00632721838635084,FALSE,TRUE,"fitted",NA,"rep_0079_fit_ou.rds"
"rate_state","mse",79,3079,1000836,3269,6.54998269875844,"converged",TRUE,FALSE,FALSE,FALSE,FALSE,38,0.00624289287885972,FALSE,TRUE,"fitted",NA,"rep_0079_fit_mse.rds"
"rate_state","rate_state",79,3079,1000837,3269,5.07419341802597,"converged",TRUE,FALSE,FALSE,FALSE,FALSE,31,0.00623720980186985,FALSE,TRUE,"fitted",NA,"rep_0079_fit_rate_state.rds"
"rate_state","ou",80,3080,1000838,5091,9.16429546674093,"converged",TRUE,FALSE,FALSE,FALSE,FALSE,36,0.00477860959530795,FALSE,TRUE,"fitted",NA,"rep_0080_fit_ou.rds"
"rate_state","mse",80,3080,1000839,5091,15.9645329515139,"converged",TRUE,FALSE,FALSE,FALSE,FALSE,48,0.00463398358868152,FALSE,TRUE,"fitted",NA,"rep_0080_fit_mse.rds"
"rate_state","rate_state",80,3080,1000840,5091,11.5369684497515,"converged",TRUE,FALSE,FALSE,FALSE,FALSE,36,0.00465504589299824,FALSE,TRUE,"fitted",NA,"rep_0080_fit_rate_state.rds"
"rate_state","ou",81,3081,1000841,3311,4.7782705505689,"converged",TRUE,FALSE,FALSE,FALSE,FALSE,34,0.00609403042276648,FALSE,TRUE,"fitted",NA,"rep_0081_fit_ou.rds"
"rate_state","mse",81,3081,1000842,3311,6.99023143450419,"converged",TRUE,FALSE,FALSE,FALSE,FALSE,40,0.00600181125260442,FALSE,TRUE,"fitted",NA,"rep_0081_fit_mse.rds"
"rate_state","rate_state",81,3081,1000843,3311,5.78123381535212,"converged",TRUE,FALSE,FALSE,FALSE,FALSE,35,0.00599638206623229,FALSE,TRUE,"fitted",NA,"rep_0081_fit_rate_state.rds"
"rate_state","ou",82,3082,1000844,1839,2.12794450124105,"converged",TRUE,FALSE,FALSE,FALSE,FALSE,26,0.00729345494256364,FALSE,TRUE,"fitted",NA,"rep_0082_fit_ou.rds"
"rate_state","mse",82,3082,1000845,1839,3.58163068294525,"converged",TRUE,FALSE,FALSE,FALSE,FALSE,35,0.00733412612708498,FALSE,TRUE,"fitted",NA,"rep_0082_fit_mse.rds"
"rate_state","rate_state",82,3082,1000846,1839,1.99227068424225,"converged",TRUE,FALSE,FALSE,FALSE,FALSE,24,0.00737907193599123,FALSE,TRUE,"fitted",NA,"rep_0082_fit_rate_state.rds"
"rate_state","ou",83,3083,1000847,4349,7.39140504995982,"converged",TRUE,FALSE,FALSE,FALSE,FALSE,36,0.00532859303421275,FALSE,TRUE,"fitted",NA,"rep_0083_fit_ou.rds"
"rate_state","mse",83,3083,1000848,4349,25.7232279817263,"hit_max",FALSE,TRUE,FALSE,FALSE,FALSE,100,0.00520331046205868,FALSE,FALSE,"fitted",NA,"rep_0083_fit_mse.rds"
"rate_state","rate_state",83,3083,1000849,4349,8.92137915293376,"converged",TRUE,FALSE,FALSE,FALSE,FALSE,36,0.00524643430073434,FALSE,TRUE,"fitted",NA,"rep_0083_fit_rate_state.rds"
"rate_state","ou",84,3084,1000850,4322,7.13200449943542,"converged",TRUE,FALSE,FALSE,FALSE,FALSE,35,0.00574180989484041,FALSE,TRUE,"fitted",NA,"rep_0084_fit_ou.rds"
"rate_state","mse",84,3084,1000851,4322,11.5700264851252,"converged",TRUE,FALSE,FALSE,FALSE,FALSE,47,0.00552553787739937,FALSE,TRUE,"fitted",NA,"rep_0084_fit_mse.rds"
"rate_state","rate_state",84,3084,1000852,4322,8.56399316390355,"converged",TRUE,FALSE,FALSE,FALSE,FALSE,38,0.00549578980033738,FALSE,TRUE,"fitted",NA,"rep_0084_fit_rate_state.rds"
"rate_state","ou",85,3085,1000853,4113,7.32585843404134,"converged",TRUE,FALSE,FALSE,FALSE,FALSE,39,0.00504477790130896,FALSE,TRUE,"fitted",NA,"rep_0085_fit_ou.rds"
"rate_state","mse",85,3085,1000854,4113,9.84748833179474,"converged",TRUE,FALSE,FALSE,FALSE,FALSE,43,0.00501214526021234,FALSE,TRUE,"fitted",NA,"rep_0085_fit_mse.rds"
"rate_state","rate_state",85,3085,1000855,4113,7.86364060242971,"converged",TRUE,FALSE,FALSE,FALSE,FALSE,35,0.00503617537948439,FALSE,TRUE,"fitted",NA,"rep_0085_fit_rate_state.rds"
"rate_state","ou",86,3086,1000856,2957,3.84255964756012,"converged",TRUE,FALSE,FALSE,FALSE,FALSE,32,0.00582990425147306,FALSE,TRUE,"fitted",NA,"rep_0086_fit_ou.rds"
"rate_state","mse",86,3086,1000857,2957,4.8448276480039,"converged",TRUE,FALSE,FALSE,FALSE,FALSE,34,0.00585008179755233,FALSE,TRUE,"fitted",NA,"rep_0086_fit_mse.rds"
"rate_state","rate_state",86,3086,1000858,2957,4.18179908196131,"converged",TRUE,FALSE,FALSE,FALSE,FALSE,31,0.00588510730848297,FALSE,TRUE,"fitted",NA,"rep_0086_fit_rate_state.rds"
"rate_state","ou",87,3087,1000859,2483,2.89595080216726,"converged",TRUE,FALSE,FALSE,FALSE,FALSE,28,0.00682133978940451,FALSE,TRUE,"fitted",NA,"rep_0087_fit_ou.rds"
"rate_state","mse",87,3087,1000860,2483,5.06373303333918,"converged",TRUE,FALSE,FALSE,FALSE,FALSE,39,0.00679317342295736,FALSE,TRUE,"fitted",NA,"rep_0087_fit_mse.rds"
"rate_state","rate_state",87,3087,1000861,2483,2.97450933456421,"converged",TRUE,FALSE,FALSE,FALSE,FALSE,24,0.00684730014058959,FALSE,TRUE,"fitted",NA,"rep_0087_fit_rate_state.rds"
"rate_state","ou",88,3088,1000862,2385,2.26463853518168,"converged",TRUE,FALSE,FALSE,FALSE,FALSE,24,0.00689740106313571,FALSE,TRUE,"fitted",NA,"rep_0088_fit_ou.rds"
"rate_state","mse",88,3088,1000863,2385,11.6560325662295,"hit_max",FALSE,TRUE,FALSE,FALSE,FALSE,100,0.00686537565619488,FALSE,FALSE,"fitted",NA,"rep_0088_fit_mse.rds"
"rate_state","rate_state",88,3088,1000864,2385,2.22794365088145,"converged",TRUE,FALSE,FALSE,FALSE,FALSE,21,0.00693528980728644,FALSE,TRUE,"fitted",NA,"rep_0088_fit_rate_state.rds"
"rate_state","ou",89,3089,1000865,2082,2.13938039938609,"converged",TRUE,FALSE,FALSE,FALSE,FALSE,26,0.00714474443315556,FALSE,TRUE,"fitted",NA,"rep_0089_fit_ou.rds"
"rate_state","mse",89,3089,1000866,2082,9.66699016888936,"hit_max",FALSE,TRUE,FALSE,FALSE,FALSE,100,0.00708586261003617,FALSE,FALSE,"fitted",NA,"rep_0089_fit_mse.rds"
"rate_state","rate_state",89,3089,1000867,2082,2.20812426805496,"converged",TRUE,FALSE,FALSE,FALSE,FALSE,24,0.00716734692318659,FALSE,TRUE,"fitted",NA,"rep_0089_fit_rate_state.rds"
"rate_state","ou",90,3090,1000868,1862,2.13199991782506,"converged",TRUE,FALSE,FALSE,FALSE,FALSE,26,0.00728875358355347,FALSE,TRUE,"fitted",NA,"rep_0090_fit_ou.rds"
"rate_state","mse",90,3090,1000869,1862,3.7580467859904,"converged",TRUE,FALSE,FALSE,FALSE,FALSE,45,0.00733393746682342,FALSE,TRUE,"fitted",NA,"rep_0090_fit_mse.rds"
"rate_state","rate_state",90,3090,1000870,1862,1.81402989625931,"converged",TRUE,FALSE,FALSE,FALSE,FALSE,22,0.00744461910478334,FALSE,TRUE,"fitted",NA,"rep_0090_fit_rate_state.rds"
"rate_state","ou",91,3091,1000871,2287,2.67977566719055,"converged",TRUE,FALSE,FALSE,FALSE,FALSE,27,0.00720206866546733,FALSE,TRUE,"fitted",NA,"rep_0091_fit_ou.rds"
"rate_state","mse",91,3091,1000872,2287,10.3968449314435,"hit_max",FALSE,TRUE,FALSE,FALSE,FALSE,100,0.00700913542682979,FALSE,FALSE,"fitted",NA,"rep_0091_fit_mse.rds"
"rate_state","rate_state",91,3091,1000873,2287,2.63560911417007,"converged",TRUE,FALSE,FALSE,FALSE,FALSE,25,0.00706971679317271,FALSE,TRUE,"fitted",NA,"rep_0091_fit_rate_state.rds"
"rate_state","ou",92,3092,1000874,3013,4.09952763319015,"converged",TRUE,FALSE,FALSE,FALSE,FALSE,35,0.00621742783770495,FALSE,TRUE,"fitted",NA,"rep_0092_fit_ou.rds"
"rate_state","mse",92,3092,1000875,3013,6.95916575193405,"converged",TRUE,FALSE,FALSE,FALSE,FALSE,42,0.00611579972545722,FALSE,TRUE,"fitted",NA,"rep_0092_fit_mse.rds"
"rate_state","rate_state",92,3092,1000876,3013,5.23284300168355,"converged",TRUE,FALSE,FALSE,FALSE,FALSE,34,0.00617055783587391,FALSE,TRUE,"fitted",NA,"rep_0092_fit_rate_state.rds"
"rate_state","ou",93,3093,1000877,4388,7.29453669786453,"converged",TRUE,FALSE,FALSE,FALSE,FALSE,37,0.00507299585834939,FALSE,TRUE,"fitted",NA,"rep_0093_fit_ou.rds"
"rate_state","mse",93,3093,1000878,4388,11.4208653688431,"converged",TRUE,FALSE,FALSE,FALSE,FALSE,47,0.00496222538753631,FALSE,TRUE,"fitted",NA,"rep_0093_fit_mse.rds"
"rate_state","rate_state",93,3093,1000879,4388,9.40597539742788,"converged",TRUE,FALSE,FALSE,FALSE,FALSE,39,0.00496514624383325,FALSE,TRUE,"fitted",NA,"rep_0093_fit_rate_state.rds"
"rate_state","ou",94,3094,1000880,4355,5.42052753369013,"converged",TRUE,FALSE,FALSE,FALSE,FALSE,32,0.00565096379133624,FALSE,TRUE,"fitted",NA,"rep_0094_fit_ou.rds"
"rate_state","mse",94,3094,1000881,4355,9.66922183434169,"converged",TRUE,FALSE,FALSE,FALSE,FALSE,42,0.0054793140090691,FALSE,TRUE,"fitted",NA,"rep_0094_fit_mse.rds"
"rate_state","rate_state",94,3094,1000882,4355,7.15117370287577,"converged",TRUE,FALSE,FALSE,FALSE,FALSE,35,0.00546717064989365,FALSE,TRUE,"fitted",NA,"rep_0094_fit_rate_state.rds"
"rate_state","ou",95,3095,1000883,4005,5.88527845144272,"converged",TRUE,FALSE,FALSE,FALSE,FALSE,33,0.00588655292365649,FALSE,TRUE,"fitted",NA,"rep_0095_fit_ou.rds"
"rate_state","mse",95,3095,1000884,4005,9.30868206818898,"converged",TRUE,FALSE,FALSE,FALSE,FALSE,42,0.00570393491446056,FALSE,TRUE,"fitted",NA,"rep_0095_fit_mse.rds"
"rate_state","rate_state",95,3095,1000885,4005,7.6480610648791,"converged",TRUE,FALSE,FALSE,FALSE,FALSE,36,0.00566243727146924,FALSE,TRUE,"fitted",NA,"rep_0095_fit_rate_state.rds"
"rate_state","ou",96,3096,1000886,3192,3.93358925183614,"converged",TRUE,FALSE,FALSE,FALSE,FALSE,32,0.00635025278132521,FALSE,TRUE,"fitted",NA,"rep_0096_fit_ou.rds"
"rate_state","mse",96,3096,1000887,3192,6.65133613348007,"converged",TRUE,FALSE,FALSE,FALSE,FALSE,44,0.00629108785169088,FALSE,TRUE,"fitted",NA,"rep_0096_fit_mse.rds"
"rate_state","rate_state",96,3096,1000888,3192,4.50325394868851,"converged",TRUE,FALSE,FALSE,FALSE,FALSE,32,0.00633263614759536,FALSE,TRUE,"fitted",NA,"rep_0096_fit_rate_state.rds"
"rate_state","ou",97,3097,1000889,4704,7.0028249502182,"converged",TRUE,FALSE,FALSE,FALSE,FALSE,35,0.00529346093937054,FALSE,TRUE,"fitted",NA,"rep_0097_fit_ou.rds"
"rate_state","mse",97,3097,1000890,4704,12.3445876161257,"converged",TRUE,FALSE,FALSE,FALSE,FALSE,44,0.00518271218478737,FALSE,TRUE,"fitted",NA,"rep_0097_fit_mse.rds"
"rate_state","rate_state",97,3097,1000891,4704,9.48941366672516,"converged",TRUE,FALSE,FALSE,FALSE,FALSE,36,0.00515974088420565,FALSE,TRUE,"fitted",NA,"rep_0097_fit_rate_state.rds"
"rate_state","ou",98,3098,1000892,2970,3.33061559995015,"converged",TRUE,FALSE,FALSE,FALSE,FALSE,32,0.00621085950761654,FALSE,TRUE,"fitted",NA,"rep_0098_fit_ou.rds"
"rate_state","mse",98,3098,1000893,2970,5.00745038191477,"converged",TRUE,FALSE,FALSE,FALSE,FALSE,37,0.00622527800335255,FALSE,TRUE,"fitted",NA,"rep_0098_fit_mse.rds"
"rate_state","rate_state",98,3098,1000894,2970,3.76967066923777,"converged",TRUE,FALSE,FALSE,FALSE,FALSE,31,0.00629515603105902,FALSE,TRUE,"fitted",NA,"rep_0098_fit_rate_state.rds"
"rate_state","ou",99,3099,1000895,2208,2.47608541647593,"converged",TRUE,FALSE,FALSE,FALSE,FALSE,26,0.00700874448026271,FALSE,TRUE,"fitted",NA,"rep_0099_fit_ou.rds"
"rate_state","mse",99,3099,1000896,2208,4.26851690212886,"converged",TRUE,FALSE,FALSE,FALSE,FALSE,38,0.0070325125361964,FALSE,TRUE,"fitted",NA,"rep_0099_fit_mse.rds"
"rate_state","rate_state",99,3099,1000897,2208,2.84197835127513,"converged",TRUE,FALSE,FALSE,FALSE,FALSE,26,0.00704969252667651,FALSE,TRUE,"fitted",NA,"rep_0099_fit_rate_state.rds"
"rate_state","ou",100,3100,1000898,3470,3.84771459897359,"converged",TRUE,FALSE,FALSE,FALSE,FALSE,30,0.00597869487313998,FALSE,TRUE,"fitted",NA,"rep_0100_fit_ou.rds"
"rate_state","mse",100,3100,1000899,3470,17.274599814415,"hit_max",FALSE,TRUE,FALSE,FALSE,FALSE,100,0.00589444493337759,FALSE,FALSE,"fitted",NA,"rep_0100_fit_mse.rds"
"rate_state","rate_state",100,3100,1000900,3470,4.20518225034078,"converged",TRUE,FALSE,FALSE,FALSE,FALSE,29,0.00595943297448137,FALSE,TRUE,"fitted",NA,"rep_0100_fit_rate_state.rds"
