"truth_kernel","rep","parameter_1","parameter_2","correlation"
"ou",1,"K","mu",0.0109359109359109
"ou",1,"alpha","mu",0.00974468174468174
"ou",1,"c","mu",0.00222119022119022
"ou",1,"alpha","K",-0.348972336972337
"ou",1,"c","K",-0.816623688623689
"ou",1,"alpha","c",-0.0736681576681577
"ou",1,"mu","p",0.0256423216423216
"ou",1,"K","p",-0.460570240570241
"ou",1,"alpha","p",-0.059993171993172
"ou",1,"c","p",0.768508152508153
"ou",2,"K","mu",0.00752403152403153
"ou",2,"alpha","mu",0.0445439485439486
"ou",2,"c","mu",-0.0414283014283014
"ou",2,"alpha","K",-0.398723834723835
"ou",2,"c","K",-0.81837347037347
"ou",2,"alpha","c",0.00453528453528454
"ou",2,"mu","p",-0.0247768927768928
"ou",2,"K","p",-0.40423988023988
"ou",2,"alpha","p",0.0307495147495148
"ou",2,"c","p",0.718934578934579
"ou",3,"K","mu",0.0164876204876205
"ou",3,"alpha","mu",-0.0173773253773254
"ou",3,"c","mu",-0.0236679836679837
"ou",3,"alpha","K",-0.401568893568894
"ou",3,"c","K",-0.823771711771712
"ou",3,"alpha","c",0.00608001008001008
"ou",3,"mu","p",-0.0134052974052974
"ou",3,"K","p",-0.437079665079665
"ou",3,"alpha","p",0.0135587415587416
"ou",3,"c","p",0.752743544743545
"ou",4,"K","mu",0.0133654093654094
"ou",4,"alpha","mu",-0.0595708075708076
"ou",4,"c","mu",0.0148332268332268
"ou",4,"alpha","K",-0.435047391047391
"ou",4,"c","K",-0.818661902661903
"ou",4,"alpha","c",0.0368515688515689
"ou",4,"mu","p",0.00636727836727837
"ou",4,"K","p",-0.426029142029142
"ou",4,"alpha","p",0.0535973695973696
"ou",4,"c","p",0.737970461970462
"ou",5,"K","mu",0.0160719040719041
"ou",5,"alpha","mu",0.0256037656037656
"ou",5,"c","mu",-0.0474019554019554
"ou",5,"alpha","K",-0.399817827817828
"ou",5,"c","K",-0.838436434436435
"ou",5,"alpha","c",0.0284749244749245
"ou",5,"mu","p",-0.0307054507054507
"ou",5,"K","p",-0.435626955626956
"ou",5,"alpha","p",0.0332960372960373
"ou",5,"c","p",0.733238593238593
"ou",6,"K","mu",0.0135190095190095
"ou",6,"alpha","mu",-0.0230656190656191
"ou",6,"c","mu",-0.00682787482787483
"ou",6,"alpha","K",-0.387667815667816
"ou",6,"c","K",-0.832047196047196
"ou",6,"alpha","c",-0.0162352122352122
"ou",6,"mu","p",-0.017966285966286
"ou",6,"K","p",-0.469386517386517
"ou",6,"alpha","p",0.0111332151332151
"ou",6,"c","p",0.751443007443008
"ou",7,"K","mu",0.0193054753054753
"ou",7,"alpha","mu",-0.0104413784413784
"ou",7,"c","mu",-0.00197548997548998
"ou",7,"alpha","K",-0.359953727953728
"ou",7,"c","K",-0.844903000903001
"ou",7,"alpha","c",-0.0150532110532111
"ou",7,"mu","p",0.0330851970851971
"ou",7,"K","p",-0.471302307302307
"ou",7,"alpha","p",-0.0118437958437958
"ou",7,"c","p",0.752826596826597
"ou",8,"K","mu",0.0348008868008868
"ou",8,"alpha","mu",-0.0174779814779815
"ou",8,"c","mu",-0.0304286704286704
"ou",8,"alpha","K",-0.350116322116322
"ou",8,"c","K",-0.844063852063852
"ou",8,"alpha","c",-0.023022263022263
"ou",8,"mu","p",-0.0237370317370317
"ou",8,"K","p",-0.49202592002592
"ou",8,"alpha","p",-0.0233651273651274
"ou",8,"c","p",0.780801864801865
"ou",9,"K","mu",-0.032948156948157
"ou",9,"alpha","mu",0.0382922542922543
"ou",9,"c","mu",0.0371814011814012
"ou",9,"alpha","K",-0.356260544260544
"ou",9,"c","K",-0.850857658857659
"ou",9,"alpha","c",0.00311108711108711
"ou",9,"mu","p",0.0335720015720016
"ou",9,"K","p",-0.448865152865153
"ou",9,"alpha","p",0.0148286308286308
"ou",9,"c","p",0.733700533700534
"ou",10,"K","mu",-9.6972096972097e-05
"ou",10,"alpha","mu",0.0274201114201114
"ou",10,"c","mu",-0.00624387024387024
"ou",10,"alpha","K",-0.352933120933121
"ou",10,"c","K",-0.830182898182898
"ou",10,"alpha","c",-0.0391856191856192
"ou",10,"mu","p",-0.0277992037992038
"ou",10,"K","p",-0.392346512346512
"ou",10,"alpha","p",-0.0483245523245523
"ou",10,"c","p",0.715171387171387
"ou",11,"K","mu",-0.0206942126942127
"ou",11,"alpha","mu",0.0561416841416841
"ou",11,"c","mu",-0.0205088965088965
"ou",11,"alpha","K",-0.415702363702364
"ou",11,"c","K",-0.821833013833014
"ou",11,"alpha","c",0.0148025188025188
"ou",11,"mu","p",-0.0336425616425616
"ou",11,"K","p",-0.402686394686395
"ou",11,"alpha","p",-0.00598475398475398
"ou",11,"c","p",0.731863475863476
"ou",12,"K","mu",0.0124542964542965
"ou",12,"alpha","mu",-0.0636480396480397
"ou",12,"c","mu",0.0255140655140655
"ou",12,"alpha","K",-0.333620913620914
"ou",12,"c","K",-0.824234312234312
"ou",12,"alpha","c",-0.0692119172119172
"ou",12,"mu","p",0.00618883818883819
"ou",12,"K","p",-0.431798975798976
"ou",12,"alpha","p",-0.0156564876564877
"ou",12,"c","p",0.724197388197388
"ou",13,"K","mu",0.0231883791883792
"ou",13,"alpha","mu",-0.0535022095022095
"ou",13,"c","mu",-0.0133727773727774
"ou",13,"alpha","K",-0.328375168375168
"ou",13,"c","K",-0.837517593517594
"ou",13,"alpha","c",-0.0512164472164472
"ou",13,"mu","p",-0.019041775041775
"ou",13,"K","p",-0.443690951690952
"ou",13,"alpha","p",-0.0688012888012888
"ou",13,"c","p",0.753400593400594
"ou",14,"K","mu",-0.00545214545214545
"ou",14,"alpha","mu",-0.0251470331470332
"ou",14,"c","mu",0.00253483453483454
"ou",14,"alpha","K",-0.385890793890794
"ou",14,"c","K",-0.836965664965665
"ou",14,"alpha","c",0.00551501351501352
"ou",14,"mu","p",-0.0228444348444348
"ou",14,"K","p",-0.475930483930484
"ou",14,"alpha","p",0.0164870444870445
"ou",14,"c","p",0.766883302883303
"ou",15,"K","mu",0.0637540357540358
"ou",15,"alpha","mu",-0.0132145932145932
"ou",15,"c","mu",-0.0683843123843124
"ou",15,"alpha","K",-0.36380877980878
"ou",15,"c","K",-0.839606351606352
"ou",15,"alpha","c",-0.000819108819108819
"ou",15,"mu","p",-0.0289398169398169
"ou",15,"K","p",-0.441455685455686
"ou",15,"alpha","p",0.0156807756807757
"ou",15,"c","p",0.738334314334314
"ou",16,"K","mu",-0.0274067674067674
"ou",16,"alpha","mu",0.0299088179088179
"ou",16,"c","mu",0.00382760782760783
"ou",16,"alpha","K",-0.396548268548269
"ou",16,"c","K",-0.832633780633781
"ou",16,"alpha","c",-0.00189420189420189
"ou",16,"mu","p",-0.0101851181851182
"ou",16,"K","p",-0.438745182745183
"ou",16,"alpha","p",0.0232256752256752
"ou",16,"c","p",0.725412461412462
"ou",17,"K","mu",-0.0334177414177414
"ou",17,"alpha","mu",-0.0167983967983968
"ou",17,"c","mu",0.0313390993390993
"ou",17,"alpha","K",-0.382166158166158
"ou",17,"c","K",-0.820172152172152
"ou",17,"alpha","c",-0.0168176088176088
"ou",17,"mu","p",-0.00408400008400008
"ou",17,"K","p",-0.417735237735238
"ou",17,"alpha","p",-0.0438665478665479
"ou",17,"c","p",0.74772891972892
"ou",18,"K","mu",0.0135416415416415
"ou",18,"alpha","mu",-0.000551268551268551
"ou",18,"c","mu",-0.00161516561516562
"ou",18,"alpha","K",-0.368582996582997
"ou",18,"c","K",-0.838585402585403
"ou",18,"alpha","c",-0.00833141633141633
"ou",18,"mu","p",0.0125220365220365
"ou",18,"K","p",-0.449379569379569
"ou",18,"alpha","p",0.019006087006087
"ou",18,"c","p",0.738516546516547
"ou",19,"K","mu",-0.0530511530511531
"ou",19,"alpha","mu",0.00285468285468286
"ou",19,"c","mu",0.0441186681186681
"ou",19,"alpha","K",-0.408508692508693
"ou",19,"c","K",-0.8356927996928
"ou",19,"alpha","c",0.0134767214767215
"ou",19,"mu","p",0.0239382359382359
"ou",19,"K","p",-0.414698982698983
"ou",19,"alpha","p",0.000942276942276942
"ou",19,"c","p",0.712725448725449
"ou",20,"K","mu",0.0492365892365892
"ou",20,"alpha","mu",-0.0376484056484057
"ou",20,"c","mu",-0.04804218004218
"ou",20,"alpha","K",-0.384124932124932
"ou",20,"c","K",-0.865800361800362
"ou",20,"alpha","c",0.0576255696255696
"ou",20,"mu","p",-0.00914212514212514
"ou",20,"K","p",-0.475256983256983
"ou",20,"alpha","p",0.0654099894099894
"ou",20,"c","p",0.736553728553729
"ou",21,"K","mu",-0.0187246627246627
"ou",21,"alpha","mu",-0.0264149544149544
"ou",21,"c","mu",0.0271551631551632
"ou",21,"alpha","K",-0.377264789264789
"ou",21,"c","K",-0.832277932277932
"ou",21,"alpha","c",0.0124308244308244
"ou",21,"mu","p",0.0392166872166872
"ou",21,"K","p",-0.414405942405942
"ou",21,"alpha","p",0.020997092997093
"ou",21,"c","p",0.719919191919192
"ou",22,"K","mu",-0.00190501390501391
"ou",22,"alpha","mu",-0.0422629022629023
"ou",22,"c","mu",0.014966474966475
"ou",22,"alpha","K",-0.423846531846532
"ou",22,"c","K",-0.812443196443197
"ou",22,"alpha","c",0.00708454308454309
"ou",22,"mu","p",-0.00652180252180252
"ou",22,"K","p",-0.404892200892201
"ou",22,"alpha","p",0.0112740592740593
"ou",22,"c","p",0.724093168093168
"ou",23,"K","mu",0.00442579642579643
"ou",23,"alpha","mu",0.0124743844743845
"ou",23,"c","mu",0.000240984240984241
"ou",23,"alpha","K",-0.321042753042753
"ou",23,"c","K",-0.833819045819046
"ou",23,"alpha","c",-0.0475943755943756
"ou",23,"mu","p",0.0457156777156777
"ou",23,"K","p",-0.399749715749716
"ou",23,"alpha","p",-0.0473643113643114
"ou",23,"c","p",0.716704004704005
"ou",24,"K","mu",-0.00486013686013686
"ou",24,"alpha","mu",-0.00206213006213006
"ou",24,"c","mu",0.0213221013221013
"ou",24,"alpha","K",-0.390061578061578
"ou",24,"c","K",-0.79003675003675
"ou",24,"alpha","c",-0.05997803997804
"ou",24,"mu","p",0.018995706995707
"ou",24,"K","p",-0.384097008097008
"ou",24,"alpha","p",-0.0834601314601315
"ou",24,"c","p",0.736976860976861
"ou",25,"K","mu",0.0144629064629065
"ou",25,"alpha","mu",-0.0104451464451464
"ou",25,"c","mu",-0.0035037275037275
"ou",25,"alpha","K",-0.380716964716965
"ou",25,"c","K",-0.838551562551563
"ou",25,"alpha","c",-0.0105826305826306
"ou",25,"mu","p",0.00524527724527725
"ou",25,"K","p",-0.432801516801517
"ou",25,"alpha","p",0.00236279036279036
"ou",25,"c","p",0.727074427074427
"ou",26,"K","mu",0.00524333324333324
"ou",26,"alpha","mu",-0.0693670893670894
"ou",26,"c","mu",0.0207874767874768
"ou",26,"alpha","K",-0.365418377418377
"ou",26,"c","K",-0.837839013839014
"ou",26,"alpha","c",0.000252372252372252
"ou",26,"mu","p",0.00878804078804079
"ou",26,"K","p",-0.463008427008427
"ou",26,"alpha","p",0.0132427692427692
"ou",26,"c","p",0.75452743052743
"ou",27,"K","mu",-0.00180681780681781
"ou",27,"alpha","mu",0.0456083496083496
"ou",27,"c","mu",-0.00755213555213555
"ou",27,"alpha","K",-0.357300717300717
"ou",27,"c","K",-0.85024531024531
"ou",27,"alpha","c",0.00966812166812167
"ou",27,"mu","p",0.0392491352491353
"ou",27,"K","p",-0.483238251238251
"ou",27,"alpha","p",0.0532098892098892
"ou",27,"c","p",0.74812684012684
"ou",28,"K","mu",0.0197397437397437
"ou",28,"alpha","mu",0.0311481431481432
"ou",28,"c","mu",-0.0398924438924439
"ou",28,"alpha","K",-0.342311454311454
"ou",28,"c","K",-0.816153588153588
"ou",28,"alpha","c",-0.0483342123342123
"ou",28,"mu","p",-0.0332748572748573
"ou",28,"K","p",-0.398197754197754
"ou",28,"alpha","p",-0.0290569850569851
"ou",28,"c","p",0.726109482109482
"ou",29,"K","mu",0.0265195345195345
"ou",29,"alpha","mu",0.0305564105564106
"ou",29,"c","mu",-0.0268092988092988
"ou",29,"alpha","K",-0.331422475422475
"ou",29,"c","K",-0.854904086904087
"ou",29,"alpha","c",-0.0240868440868441
"ou",29,"mu","p",-0.00441397641397641
"ou",29,"K","p",-0.464753180753181
"ou",29,"alpha","p",0.0175628215628216
"ou",29,"c","p",0.730189306189306
"ou",30,"K","mu",0.0264016464016464
"ou",30,"alpha","mu",-0.0804340044340044
"ou",30,"c","mu",0.00321296721296721
"ou",30,"alpha","K",-0.429205149205149
"ou",30,"c","K",-0.827232851232851
"ou",30,"alpha","c",0.0264094104094104
"ou",30,"mu","p",-0.0172747132747133
"ou",30,"K","p",-0.421100749100749
"ou",30,"alpha","p",-0.0151376671376671
"ou",30,"c","p",0.740672324672325
"ou",31,"K","mu",-0.0131591531591532
"ou",31,"alpha","mu",0.0153091833091833
"ou",31,"c","mu",0.00350705150705151
"ou",31,"alpha","K",-0.365601353601354
"ou",31,"c","K",-0.83046827046827
"ou",31,"alpha","c",-0.023998475998476
"ou",31,"mu","p",0.0177320937320937
"ou",31,"K","p",-0.434437622437623
"ou",31,"alpha","p",-0.0118261078261078
"ou",31,"c","p",0.744508980508981
"ou",32,"K","mu",0.0183735663735664
"ou",32,"alpha","mu",0.0348868788868789
"ou",32,"c","mu",-0.0260630780630781
"ou",32,"alpha","K",-0.361959757959758
"ou",32,"c","K",-0.829805917805918
"ou",32,"alpha","c",-0.0243987363987364
"ou",32,"mu","p",-0.00874385674385674
"ou",32,"K","p",-0.42236561036561
"ou",32,"alpha","p",-0.0195331875331875
"ou",32,"c","p",0.732588672588673
"ou",33,"K","mu",0.0458031698031698
"ou",33,"alpha","mu",-0.0259278739278739
"ou",33,"c","mu",-0.031968571968572
"ou",33,"alpha","K",-0.41995727995728
"ou",33,"c","K",-0.830189522189522
"ou",33,"alpha","c",0.020994344994345
"ou",33,"mu","p",-0.0335465375465376
"ou",33,"K","p",-0.454041322041322
"ou",33,"alpha","p",0.012024408024408
"ou",33,"c","p",0.747471003471004
"ou",34,"K","mu",-0.0795133275133275
"ou",34,"alpha","mu",0.0118827478827479
"ou",34,"c","mu",0.0794735594735595
"ou",34,"alpha","K",-0.368372972372972
"ou",34,"c","K",-0.823178359178359
"ou",34,"alpha","c",-0.0247127047127047
"ou",34,"mu","p",0.0645681765681766
"ou",34,"K","p",-0.445095721095721
"ou",34,"alpha","p",0.0257961857961858
"ou",34,"c","p",0.743078171078171
"ou",35,"K","mu",0.00284294684294684
"ou",35,"alpha","mu",-0.00744142344142344
"ou",35,"c","mu",-0.00381619581619582
"ou",35,"alpha","K",-0.395053307053307
"ou",35,"c","K",-0.856042864042864
"ou",35,"alpha","c",0.0336138816138816
"ou",35,"mu","p",0.00905697305697306
"ou",35,"K","p",-0.491461871461871
"ou",35,"alpha","p",0.0103937143937144
"ou",35,"c","p",0.768391452391452
"ou",36,"K","mu",-0.0141051381051381
"ou",36,"alpha","mu",0.0157175557175557
"ou",36,"c","mu",0.00502772902772903
"ou",36,"alpha","K",-0.370723210723211
"ou",36,"c","K",-0.821960717960718
"ou",36,"alpha","c",-0.0146650466650467
"ou",36,"mu","p",-0.022996318996319
"ou",36,"K","p",-0.435705363705364
"ou",36,"alpha","p",-0.00878591678591679
"ou",36,"c","p",0.745255885255885
"ou",37,"K","mu",-0.0606859206859207
"ou",37,"alpha","mu",0.0573998853998854
"ou",37,"c","mu",0.038985146985147
"ou",37,"alpha","K",-0.390753882753883
"ou",37,"c","K",-0.813280341280341
"ou",37,"alpha","c",-0.00651016251016251
"ou",37,"mu","p",0.0174488094488095
"ou",37,"K","p",-0.393832917832918
"ou",37,"alpha","p",-0.0199220359220359
"ou",37,"c","p",0.725804057804058
"ou",38,"K","mu",0.0181035301035301
"ou",38,"alpha","mu",0.0244192804192804
"ou",38,"c","mu",-0.0338584778584779
"ou",38,"alpha","K",-0.386081606081606
"ou",38,"c","K",-0.822729318729319
"ou",38,"alpha","c",-0.0311540471540472
"ou",38,"mu","p",-0.00478312078312078
"ou",38,"K","p",-0.480292368292368
"ou",38,"alpha","p",-0.0208818808818809
"ou",38,"c","p",0.776687432687433
"ou",39,"K","mu",0.0414754494754495
"ou",39,"alpha","mu",0.0171818211818212
"ou",39,"c","mu",-0.0644600324600325
"ou",39,"alpha","K",-0.347890031890032
"ou",39,"c","K",-0.848032544032544
"ou",39,"alpha","c",-0.00303060303060303
"ou",39,"mu","p",-0.0828833868833869
"ou",39,"K","p",-0.466656334656335
"ou",39,"alpha","p",0.013022233022233
"ou",39,"c","p",0.759020475020475
"ou",40,"K","mu",-0.0154551874551875
"ou",40,"alpha","mu",0.0346247266247266
"ou",40,"c","mu",-0.0139287619287619
"ou",40,"alpha","K",-0.342793950793951
"ou",40,"c","K",-0.837026145026145
"ou",40,"alpha","c",-0.0216179256179256
"ou",40,"mu","p",-0.01397254997255
"ou",40,"K","p",-0.482318402318402
"ou",40,"alpha","p",-0.0109211389211389
"ou",40,"c","p",0.768184476184476
"ou",41,"K","mu",0.0296408576408576
"ou",41,"alpha","mu",-0.0384162024162024
"ou",41,"c","mu",-0.00279267879267879
"ou",41,"alpha","K",-0.392437028437028
"ou",41,"c","K",-0.833997797997798
"ou",41,"alpha","c",-0.00744395544395545
"ou",41,"mu","p",0.0166360126360126
"ou",41,"K","p",-0.425015333015333
"ou",41,"alpha","p",-0.0329233649233649
"ou",41,"c","p",0.73343752943753
"ou",42,"K","mu",0.0194604674604675
"ou",42,"alpha","mu",-0.0248398088398088
"ou",42,"c","mu",-0.00161149361149361
"ou",42,"alpha","K",-0.361134517134517
"ou",42,"c","K",-0.807364635364636
"ou",42,"alpha","c",-0.0624418704418704
"ou",42,"mu","p",-0.000105792105792106
"ou",42,"K","p",-0.413977757977758
"ou",42,"alpha","p",-0.0376799896799897
"ou",42,"c","p",0.736653808653809
"ou",43,"K","mu",0.0283642243642244
"ou",43,"alpha","mu",-0.0163058683058683
"ou",43,"c","mu",-0.00311714711714712
"ou",43,"alpha","K",-0.370396006396006
"ou",43,"c","K",-0.834673350673351
"ou",43,"alpha","c",-0.0159209679209679
"ou",43,"mu","p",0.0205625965625966
"ou",43,"K","p",-0.475716583716584
"ou",43,"alpha","p",0.0269294429294429
"ou",43,"c","p",0.756324072324072
"ou",44,"K","mu",-0.0338970818970819
"ou",44,"alpha","mu",0.0460538260538261
"ou",44,"c","mu",0.0168906648906649
"ou",44,"alpha","K",-0.389983313983314
"ou",44,"c","K",-0.845065817065817
"ou",44,"alpha","c",0.0338299298299298
"ou",44,"mu","p",0.019951075951076
"ou",44,"K","p",-0.43970947970948
"ou",44,"alpha","p",0.0381865461865462
"ou",44,"c","p",0.73227912027912
"ou",45,"K","mu",0.0178706098706099
"ou",45,"alpha","mu",0.0150714630714631
"ou",45,"c","mu",-0.0172118812118812
"ou",45,"alpha","K",-0.40440464040464
"ou",45,"c","K",-0.81982737982738
"ou",45,"alpha","c",-0.0132644412644413
"ou",45,"mu","p",0.0184254904254904
"ou",45,"K","p",-0.455128355128355
"ou",45,"alpha","p",-0.01000669000669
"ou",45,"c","p",0.762240294240294
"ou",46,"K","mu",-0.0282513042513043
"ou",46,"alpha","mu",0.0231507951507952
"ou",46,"c","mu",0.0183591063591064
"ou",46,"alpha","K",-0.412918648918649
"ou",46,"c","K",-0.828133656133656
"ou",46,"alpha","c",0.0097998457998458
"ou",46,"mu","p",0.0151154191154191
"ou",46,"K","p",-0.404731232731233
"ou",46,"alpha","p",0.000528828528828529
"ou",46,"c","p",0.707860703860704
"ou",47,"K","mu",-0.0225862545862546
"ou",47,"alpha","mu",-0.00361830361830362
"ou",47,"c","mu",0.0237335637335637
"ou",47,"alpha","K",-0.396039804039804
"ou",47,"c","K",-0.844679452679453
"ou",47,"alpha","c",0.025026781026781
"ou",47,"mu","p",0.0253708453708454
"ou",47,"K","p",-0.422502314502315
"ou",47,"alpha","p",0.00631458631458631
"ou",47,"c","p",0.715989811989812
"ou",48,"K","mu",0.0182853062853063
"ou",48,"alpha","mu",0.00746915546915547
"ou",48,"c","mu",-0.00763065163065163
"ou",48,"alpha","K",-0.320224856224856
"ou",48,"c","K",-0.836273984273984
"ou",48,"alpha","c",-0.0538417858417859
"ou",48,"mu","p",0.017985881985882
"ou",48,"K","p",-0.462648126648127
"ou",48,"alpha","p",-0.0374354294354294
"ou",48,"c","p",0.763998007998008
"ou",49,"K","mu",0.0277682317682318
"ou",49,"alpha","mu",-0.00386573186573187
"ou",49,"c","mu",0.00337133137133137
"ou",49,"alpha","K",-0.416151476151476
"ou",49,"c","K",-0.830161058161058
"ou",49,"alpha","c",0.0207076527076527
"ou",49,"mu","p",0.0431988791988792
"ou",49,"K","p",-0.425444837444837
"ou",49,"alpha","p",-0.00807840807840808
"ou",49,"c","p",0.738765414765415
"ou",50,"K","mu",0.046005346005346
"ou",50,"alpha","mu",-0.00923538923538924
"ou",50,"c","mu",-0.0447549327549328
"ou",50,"alpha","K",-0.3436834996835
"ou",50,"c","K",-0.853209553209553
"ou",50,"alpha","c",-0.0113828753828754
"ou",50,"mu","p",-0.025043257043257
"ou",50,"K","p",-0.466205326205326
"ou",50,"alpha","p",0.0075005715005715
"ou",50,"c","p",0.748260316260316
"ou",51,"K","mu",-0.00881390081390081
"ou",51,"alpha","mu",0.0337637137637138
"ou",51,"c","mu",0.01604212004212
"ou",51,"alpha","K",-0.399540375540376
"ou",51,"c","K",-0.823923751923752
"ou",51,"alpha","c",0.00388915588915589
"ou",51,"mu","p",0.0438155478155478
"ou",51,"K","p",-0.468525876525877
"ou",51,"alpha","p",0.0261923181923182
"ou",51,"c","p",0.761773625773626
"ou",52,"K","mu",-0.0711294471294471
"ou",52,"alpha","mu",0.0228220188220188
"ou",52,"c","mu",0.0668470028470028
"ou",52,"alpha","K",-0.401319137319137
"ou",52,"c","K",-0.801508125508126
"ou",52,"alpha","c",-0.0215894735894736
"ou",52,"mu","p",0.0508621468621469
"ou",52,"K","p",-0.395221091221091
"ou",52,"alpha","p",-0.031991443991444
"ou",52,"c","p",0.74166414966415
"ou",53,"K","mu",-0.0197210597210597
"ou",53,"alpha","mu",-0.0290809490809491
"ou",53,"c","mu",0.0488542328542329
"ou",53,"alpha","K",-0.370661134661135
"ou",53,"c","K",-0.825950841950842
"ou",53,"alpha","c",-0.00969134169134169
"ou",53,"mu","p",0.0441821481821482
"ou",53,"K","p",-0.432477264477265
"ou",53,"alpha","p",0.0267780387780388
"ou",53,"c","p",0.734095658095658
"ou",54,"K","mu",-0.0107658587658588
"ou",54,"alpha","mu",-0.0118180678180678
"ou",54,"c","mu",0.0151279351279351
"ou",54,"alpha","K",-0.368737340737341
"ou",54,"c","K",-0.83234374034374
"ou",54,"alpha","c",-0.00945968145968146
"ou",54,"mu","p",0.0345500625500626
"ou",54,"K","p",-0.466723174723175
"ou",54,"alpha","p",0.0427021147021147
"ou",54,"c","p",0.755464127464128
"ou",55,"K","mu",-0.0163357003357003
"ou",55,"alpha","mu",-0.0185635985635986
"ou",55,"c","mu",0.0226511626511627
"ou",55,"alpha","K",-0.336473652473653
"ou",55,"c","K",-0.852084708084708
"ou",55,"alpha","c",-0.00185892185892186
"ou",55,"mu","p",0.0157065997065997
"ou",55,"K","p",-0.483100467100467
"ou",55,"alpha","p",0.0684891924891925
"ou",55,"c","p",0.744879264879265
"ou",56,"K","mu",0.0257648417648418
"ou",56,"alpha","mu",-0.0151654951654952
"ou",56,"c","mu",-0.0101053181053181
"ou",56,"alpha","K",-0.397449061449062
"ou",56,"c","K",-0.833083133083133
"ou",56,"alpha","c",-0.00342453942453943
"ou",56,"mu","p",-0.00251544251544252
"ou",56,"K","p",-0.450981450981451
"ou",56,"alpha","p",0.0224282744282744
"ou",56,"c","p",0.732689772689773
"ou",57,"K","mu",0.0128973728973729
"ou",57,"alpha","mu",-0.0428566748566749
"ou",57,"c","mu",0.00270863070863071
"ou",57,"alpha","K",-0.378229446229446
"ou",57,"c","K",-0.848893676893677
"ou",57,"alpha","c",0.0257188577188577
"ou",57,"mu","p",-0.0102040182040182
"ou",57,"K","p",-0.456767040767041
"ou",57,"alpha","p",0.0477635877635878
"ou",57,"c","p",0.734209934209934
"ou",58,"K","mu",0.0291185571185571
"ou",58,"alpha","mu",0.045997125997126
"ou",58,"c","mu",-0.0667605067605068
"ou",58,"alpha","K",-0.371509235509236
"ou",58,"c","K",-0.844504924504925
"ou",58,"alpha","c",0.00727729927729928
"ou",58,"mu","p",-0.0620569940569941
"ou",58,"K","p",-0.468602784602785
"ou",58,"alpha","p",0.0157786237786238
"ou",58,"c","p",0.749136089136089
"ou",59,"K","mu",0.00362283962283962
"ou",59,"alpha","mu",-0.0216091416091416
"ou",59,"c","mu",-0.00117099717099717
"ou",59,"alpha","K",-0.349520881520882
"ou",59,"c","K",-0.843633627633628
"ou",59,"alpha","c",-0.00457152457152457
"ou",59,"mu","p",0.00798919998919999
"ou",59,"K","p",-0.410904878904879
"ou",59,"alpha","p",0.041981477981478
"ou",59,"c","p",0.696711216711217
"ou",60,"K","mu",-0.0078946398946399
"ou",60,"alpha","mu",-0.0227288507288507
"ou",60,"c","mu",0.0306890826890827
"ou",60,"alpha","K",-0.412533088533089
"ou",60,"c","K",-0.844140244140244
"ou",60,"alpha","c",0.0323408003408003
"ou",60,"mu","p",0.0167707967707968
"ou",60,"K","p",-0.440058032058032
"ou",60,"alpha","p",0.00186596586596587
"ou",60,"c","p",0.73225692025692
"ou",61,"K","mu",-0.0158835878835879
"ou",61,"alpha","mu",-0.0113595833595834
"ou",61,"c","mu",-0.00244202644202644
"ou",61,"alpha","K",-0.30840398040398
"ou",61,"c","K",-0.826296598296598
"ou",61,"alpha","c",-0.0932880812880813
"ou",61,"mu","p",-0.0133712533712534
"ou",61,"K","p",-0.419312219312219
"ou",61,"alpha","p",-0.0672203232203232
"ou",61,"c","p",0.72562154962155
"ou",62,"K","mu",0.0458804978804979
"ou",62,"alpha","mu",-0.00256374256374256
"ou",62,"c","mu",-0.0342323142323142
"ou",62,"alpha","K",-0.312791052791053
"ou",62,"c","K",-0.818028182028182
"ou",62,"alpha","c",-0.0852962052962053
"ou",62,"mu","p",-0.00595445395445396
"ou",62,"K","p",-0.405802833802834
"ou",62,"alpha","p",-0.0841690801690802
"ou",62,"c","p",0.735025191025191
"ou",63,"K","mu",0.0219351219351219
"ou",63,"alpha","mu",0.0284238884238884
"ou",63,"c","mu",-0.0299014499014499
"ou",63,"alpha","K",-0.363996087996088
"ou",63,"c","K",-0.855078555078555
"ou",63,"alpha","c",0.0103791703791704
"ou",63,"mu","p",-0.00667459867459868
"ou",63,"K","p",-0.459327255327255
"ou",63,"alpha","p",0.0421201501201501
"ou",63,"c","p",0.723149259149259
"ou",64,"K","mu",-0.0055995895995896
"ou",64,"alpha","mu",0.0125140685140685
"ou",64,"c","mu",0.00328925128925129
"ou",64,"alpha","K",-0.408903468903469
"ou",64,"c","K",-0.835577431577432
"ou",64,"alpha","c",0.0325898365898366
"ou",64,"mu","p",-0.0191883191883192
"ou",64,"K","p",-0.434235626235626
"ou",64,"alpha","p",0.0294771534771535
"ou",64,"c","p",0.734091026091026
"ou",65,"K","mu",0.00683489483489483
"ou",65,"alpha","mu",-0.0258555618555619
"ou",65,"c","mu",0.0166391086391086
"ou",65,"alpha","K",-0.371082911082911
"ou",65,"c","K",-0.829982521982522
"ou",65,"alpha","c",-0.0233437793437793
"ou",65,"mu","p",0.0308831948831949
"ou",65,"K","p",-0.393100761100761
"ou",65,"alpha","p",-0.0131636411636412
"ou",65,"c","p",0.70404806004806
"ou",66,"K","mu",0.00894056094056094
"ou",66,"alpha","mu",-0.0237334077334077
"ou",66,"c","mu",-0.00601057801057801
"ou",66,"alpha","K",-0.396256464256464
"ou",66,"c","K",-0.824070572070572
"ou",66,"alpha","c",0.00508097308097308
"ou",66,"mu","p",0.00358913158913159
"ou",66,"K","p",-0.427548895548896
"ou",66,"alpha","p",0.0281178281178281
"ou",66,"c","p",0.737065205065205
"ou",67,"K","mu",-0.063015027015027
"ou",67,"alpha","mu",0.0214279054279054
"ou",67,"c","mu",0.0566330606330606
"ou",67,"alpha","K",-0.376147036147036
"ou",67,"c","K",-0.815218739218739
"ou",67,"alpha","c",-0.0218871818871819
"ou",67,"mu","p",0.03397470997471
"ou",67,"K","p",-0.369602001602002
"ou",67,"alpha","p",-0.0365057525057525
"ou",67,"c","p",0.70751705951706
"ou",68,"K","mu",-0.0490903570903571
"ou",68,"alpha","mu",0.0373660093660094
"ou",68,"c","mu",0.0469237549237549
"ou",68,"alpha","K",-0.383215955215955
"ou",68,"c","K",-0.824751584751585
"ou",68,"alpha","c",-0.0184780144780145
"ou",68,"mu","p",0.0642473322473323
"ou",68,"K","p",-0.417416661416661
"ou",68,"alpha","p",-0.0238774318774319
"ou",68,"c","p",0.730872334872335
"ou",69,"K","mu",0.0466132066132066
"ou",69,"alpha","mu",-0.0466592266592267
"ou",69,"c","mu",-0.0341740421740422
"ou",69,"alpha","K",-0.381174249174249
"ou",69,"c","K",-0.823049491049491
"ou",69,"alpha","c",-0.0169022689022689
"ou",69,"mu","p",-0.00447622047622048
"ou",69,"K","p",-0.440309000309
"ou",69,"alpha","p",0.00616206616206616
"ou",69,"c","p",0.743314391314391
"ou",70,"K","mu",0.0285237645237645
"ou",70,"alpha","mu",0.0124613044613045
"ou",70,"c","mu",-0.0234710634710635
"ou",70,"alpha","K",-0.390275094275094
"ou",70,"c","K",-0.82418048018048
"ou",70,"alpha","c",-0.0137718497718498
"ou",70,"mu","p",-0.0192340632340632
"ou",70,"K","p",-0.423750375750376
"ou",70,"alpha","p",0.00311136311136311
"ou",70,"c","p",0.732949524949525
"ou",71,"K","mu",0.0225029265029265
"ou",71,"alpha","mu",0.0315905835905836
"ou",71,"c","mu",-0.0328086448086448
"ou",71,"alpha","K",-0.407657231657232
"ou",71,"c","K",-0.829433761433762
"ou",71,"alpha","c",0.030004926004926
"ou",71,"mu","p",-0.0577158097158097
"ou",71,"K","p",-0.431117951117951
"ou",71,"alpha","p",0.0322992442992443
"ou",71,"c","p",0.737719361719362
"ou",72,"K","mu",0.00337992337992338
"ou",72,"alpha","mu",-0.0018013818013818
"ou",72,"c","mu",-0.00498474498474499
"ou",72,"alpha","K",-0.402627438627439
"ou",72,"c","K",-0.818850830850831
"ou",72,"alpha","c",-0.00797643197643198
"ou",72,"mu","p",-0.0132647052647053
"ou",72,"K","p",-0.448349668349668
"ou",72,"alpha","p",0.00947033747033747
"ou",72,"c","p",0.752542664542665
"ou",73,"K","mu",-0.0417760137760138
"ou",73,"alpha","mu",0.00936778536778537
"ou",73,"c","mu",0.0465314745314745
"ou",73,"alpha","K",-0.304196608196608
"ou",73,"c","K",-0.854747474747475
"ou",73,"alpha","c",-0.0324163644163644
"ou",73,"mu","p",0.0465880545880546
"ou",73,"K","p",-0.452692964692965
"ou",73,"alpha","p",-0.0169171369171369
"ou",73,"c","p",0.742167418167418
"ou",74,"K","mu",0.0337704817704818
"ou",74,"alpha","mu",0.0257895137895138
"ou",74,"c","mu",-0.0333195933195933
"ou",74,"alpha","K",-0.3677293997294
"ou",74,"c","K",-0.83590303990304
"ou",74,"alpha","c",-0.0134007494007494
"ou",74,"mu","p",-0.00517404517404517
"ou",74,"K","p",-0.449039585039585
"ou",74,"alpha","p",-0.0266812586812587
"ou",74,"c","p",0.752018084018084
"ou",75,"K","mu",0.0502632502632503
"ou",75,"alpha","mu",-0.0428689868689869
"ou",75,"c","mu",-0.0426673866673867
"ou",75,"alpha","K",-0.365921585921586
"ou",75,"c","K",-0.858798750798751
"ou",75,"alpha","c",0.0327596727596728
"ou",75,"mu","p",-0.024984912984913
"ou",75,"K","p",-0.46146512946513
"ou",75,"alpha","p",0.0395209835209835
"ou",75,"c","p",0.732921756921757
"ou",76,"K","mu",-0.0151477831477832
"ou",76,"alpha","mu",0.0751183711183711
"ou",76,"c","mu",0.001000981000981
"ou",76,"alpha","K",-0.362525762525763
"ou",76,"c","K",-0.833861633861634
"ou",76,"alpha","c",-0.0214148254148254
"ou",76,"mu","p",0.0116084996084996
"ou",76,"K","p",-0.458714210714211
"ou",76,"alpha","p",0.0227479907479908
"ou",76,"c","p",0.741653061653062
"ou",77,"K","mu",0.00548539748539749
"ou",77,"alpha","mu",0.0112259152259152
"ou",77,"c","mu",-0.0133582813582814
"ou",77,"alpha","K",-0.360068796068796
"ou",77,"c","K",-0.850029106029106
"ou",77,"alpha","c",0.0188470628470628
"ou",77,"mu","p",-0.0140661020661021
"ou",77,"K","p",-0.460522756522757
"ou",77,"alpha","p",0.0718862158862159
"ou",77,"c","p",0.733312297312297
"ou",78,"K","mu",-0.0133841653841654
"ou",78,"alpha","mu",-0.00657307857307857
"ou",78,"c","mu",0.028955548955549
"ou",78,"alpha","K",-0.355789963789964
"ou",78,"c","K",-0.835249915249915
"ou",78,"alpha","c",-0.00944734544734545
"ou",78,"mu","p",0.031030807030807
"ou",78,"K","p",-0.485379569379569
"ou",78,"alpha","p",0.0214430614430614
"ou",78,"c","p",0.779234555234555
"ou",79,"K","mu",-0.0571572691572692
"ou",79,"alpha","mu",0.0176879216879217
"ou",79,"c","mu",0.0535770895770896
"ou",79,"alpha","K",-0.318701706701707
"ou",79,"c","K",-0.838994974994975
"ou",79,"alpha","c",-0.0582993942993943
"ou",79,"mu","p",0.0388707628707629
"ou",79,"K","p",-0.435860595860596
"ou",79,"alpha","p",-0.0233864873864874
"ou",79,"c","p",0.730337986337986
"ou",80,"K","mu",-0.00957164157164157
"ou",80,"alpha","mu",0.0163969723969724
"ou",80,"c","mu",0.0242679842679843
"ou",80,"alpha","K",-0.341623961623962
"ou",80,"c","K",-0.843854571854572
"ou",80,"alpha","c",-0.0124407844407844
"ou",80,"mu","p",0.0428038148038148
"ou",80,"K","p",-0.405465441465442
"ou",80,"alpha","p",-0.00648907848907849
"ou",80,"c","p",0.711888615888616
"ou",81,"K","mu",0.0641613041613042
"ou",81,"alpha","mu",-0.0316501876501877
"ou",81,"c","mu",-0.0556212556212556
"ou",81,"alpha","K",-0.365361953361953
"ou",81,"c","K",-0.850031278031278
"ou",81,"alpha","c",-0.0043017403017403
"ou",81,"mu","p",-0.0680759600759601
"ou",81,"K","p",-0.463834831834832
"ou",81,"alpha","p",-0.0255921975921976
"ou",81,"c","p",0.746976638976639
"ou",82,"K","mu",-0.0226378546378546
"ou",82,"alpha","mu",-0.00192735792735793
"ou",82,"c","mu",0.0306922986922987
"ou",82,"alpha","K",-0.325913917913918
"ou",82,"c","K",-0.83022491022491
"ou",82,"alpha","c",-0.0703136383136383
"ou",82,"mu","p",0.0357824997824998
"ou",82,"K","p",-0.421022797022797
"ou",82,"alpha","p",-0.0625956505956506
"ou",82,"c","p",0.729965481965482
"ou",83,"K","mu",0.0322196002196002
"ou",83,"alpha","mu",-0.079024699024699
"ou",83,"c","mu",0.0226915906915907
"ou",83,"alpha","K",-0.34031236031236
"ou",83,"c","K",-0.822723030723031
"ou",83,"alpha","c",-0.0563089883089883
"ou",83,"mu","p",0.0586034506034506
"ou",83,"K","p",-0.434964878964879
"ou",83,"alpha","p",-0.0385152505152505
"ou",83,"c","p",0.750621066621067
"ou",84,"K","mu",-0.00829266829266829
"ou",84,"alpha","mu",0.0154587514587515
"ou",84,"c","mu",0.0167700527700528
"ou",84,"alpha","K",-0.390967734967735
"ou",84,"c","K",-0.798648354648355
"ou",84,"alpha","c",-0.0639255039255039
"ou",84,"mu","p",0.0397449997449998
"ou",84,"K","p",-0.40602997002997
"ou",84,"alpha","p",-0.0458816498816499
"ou",84,"c","p",0.736665160665161
"ou",85,"K","mu",-0.0186154026154026
"ou",85,"alpha","mu",0.0184388344388344
"ou",85,"c","mu",0.0376850896850897
"ou",85,"alpha","K",-0.374778842778843
"ou",85,"c","K",-0.823230475230475
"ou",85,"alpha","c",-0.0473157713157713
"ou",85,"mu","p",0.0437196557196557
"ou",85,"K","p",-0.462988362988363
"ou",85,"alpha","p",-0.00757009957009957
"ou",85,"c","p",0.744641580641581
"ou",86,"K","mu",-0.012962976962977
"ou",86,"alpha","mu",0.0154516114516115
"ou",86,"c","mu",0.00273002673002673
"ou",86,"alpha","K",-0.39752842952843
"ou",86,"c","K",-0.792808044808045
"ou",86,"alpha","c",-0.0393840273840274
"ou",86,"mu","p",-0.00412872412872413
"ou",86,"K","p",-0.396883872883873
"ou",86,"alpha","p",-0.0280537240537241
"ou",86,"c","p",0.746230778230778
"ou",87,"K","mu",0.00706965106965107
"ou",87,"alpha","mu",-0.0261204021204021
"ou",87,"c","mu",0.00677387477387478
"ou",87,"alpha","K",-0.436550824550825
"ou",87,"c","K",-0.826221814221814
"ou",87,"alpha","c",0.0363949443949444
"ou",87,"mu","p",-0.0186829866829867
"ou",87,"K","p",-0.43021177021177
"ou",87,"alpha","p",0.0324144804144804
"ou",87,"c","p",0.732385644385644
"ou",88,"K","mu",-0.00314539514539515
"ou",88,"alpha","mu",0.024963996963997
"ou",88,"c","mu",0.0201039921039921
"ou",88,"alpha","K",-0.353718785718786
"ou",88,"c","K",-0.810868182868183
"ou",88,"alpha","c",-0.0462248742248742
"ou",88,"mu","p",0.0585311505311505
"ou",88,"K","p",-0.426840414840415
"ou",88,"alpha","p",0.0177086097086097
"ou",88,"c","p",0.742073818073818
"ou",89,"K","mu",-0.0161712641712642
"ou",89,"alpha","mu",0.0255971535971536
"ou",89,"c","mu",0.0131360291360291
"ou",89,"alpha","K",-0.329639261639262
"ou",89,"c","K",-0.855876063876064
"ou",89,"alpha","c",-0.0218311418311418
"ou",89,"mu","p",0.0127193767193767
"ou",89,"K","p",-0.451068979068979
"ou",89,"alpha","p",0.0240705240705241
"ou",89,"c","p",0.719741267741268
"ou",90,"K","mu",0.020045972045972
"ou",90,"alpha","mu",-0.0417833217833218
"ou",90,"c","mu",-0.0143613503613504
"ou",90,"alpha","K",-0.420726660726661
"ou",90,"c","K",-0.827793863793864
"ou",90,"alpha","c",0.0158952518952519
"ou",90,"mu","p",0.0152607032607033
"ou",90,"K","p",-0.463145167145167
"ou",90,"alpha","p",0.0295572175572176
"ou",90,"c","p",0.750391662391662
"ou",91,"K","mu",-0.056028236028236
"ou",91,"alpha","mu",0.0355494835494835
"ou",91,"c","mu",0.0336008976008976
"ou",91,"alpha","K",-0.418686442686443
"ou",91,"c","K",-0.838436914436915
"ou",91,"alpha","c",0.0301449781449781
"ou",91,"mu","p",0.0165663045663046
"ou",91,"K","p",-0.478804762804763
"ou",91,"alpha","p",0.0553527433527434
"ou",91,"c","p",0.751832503832504
"ou",92,"K","mu",-0.00642357042357043
"ou",92,"alpha","mu",0.0287543447543448
"ou",92,"c","mu",-0.00182356982356982
"ou",92,"alpha","K",-0.402026826026826
"ou",92,"c","K",-0.839171783171783
"ou",92,"alpha","c",0.0191942591942592
"ou",92,"mu","p",-0.000194412194412194
"ou",92,"K","p",-0.457280413280413
"ou",92,"alpha","p",0.0385505545505546
"ou",92,"c","p",0.740483696483696
"ou",93,"K","mu",0.00755021555021555
"ou",93,"alpha","mu",-0.0327233487233487
"ou",93,"c","mu",0.00566173766173766
"ou",93,"alpha","K",-0.325297825297825
"ou",93,"c","K",-0.863259143259143
"ou",93,"alpha","c",-0.0305330225330225
"ou",93,"mu","p",0.017035013035013
"ou",93,"K","p",-0.445189237189237
"ou",93,"alpha","p",-0.0174724494724495
"ou",93,"c","p",0.710908742908743
"ou",94,"K","mu",0.0348307068307068
"ou",94,"alpha","mu",-0.00713007113007113
"ou",94,"c","mu",-0.0293800493800494
"ou",94,"alpha","K",-0.399967491967492
"ou",94,"c","K",-0.816386916386916
"ou",94,"alpha","c",-0.0193753513753514
"ou",94,"mu","p",0.00478302478302478
"ou",94,"K","p",-0.390524718524719
"ou",94,"alpha","p",-0.0142578502578503
"ou",94,"c","p",0.706442014442014
"ou",95,"K","mu",0.00699204699204699
"ou",95,"alpha","mu",-0.0397990237990238
"ou",95,"c","mu",0.0161718281718282
"ou",95,"alpha","K",-0.33816713016713
"ou",95,"c","K",-0.829489141489142
"ou",95,"alpha","c",-0.0386052026052026
"ou",95,"mu","p",0.0267136827136827
"ou",95,"K","p",-0.428009156009156
"ou",95,"alpha","p",-0.0135904695904696
"ou",95,"c","p",0.737922233922234
"ou",96,"K","mu",0.00884400884400884
"ou",96,"alpha","mu",-0.0175610215610216
"ou",96,"c","mu",-0.00743505143505144
"ou",96,"alpha","K",-0.330475434475435
"ou",96,"c","K",-0.8438403998404
"ou",96,"alpha","c",-0.0322707922707923
"ou",96,"mu","p",-0.0126971046971047
"ou",96,"K","p",-0.458437958437959
"ou",96,"alpha","p",0.0231909831909832
"ou",96,"c","p",0.733326457326457
"ou",97,"K","mu",0.0105993585993586
"ou",97,"alpha","mu",0.00534263334263334
"ou",97,"c","mu",-0.0142442302442302
"ou",97,"alpha","K",-0.435016599016599
"ou",97,"c","K",-0.822024642024642
"ou",97,"alpha","c",0.0195730635730636
"ou",97,"mu","p",0.00291708291708292
"ou",97,"K","p",-0.405221709221709
"ou",97,"alpha","p",0.0183886863886864
"ou",97,"c","p",0.710241614241614
"ou",98,"K","mu",0.0308169428169428
"ou",98,"alpha","mu",0.00462920862920863
"ou",98,"c","mu",-0.0353413073413073
"ou",98,"alpha","K",-0.383867087867088
"ou",98,"c","K",-0.829982353982354
"ou",98,"alpha","c",-0.0126390726390726
"ou",98,"mu","p",-0.0417835257835258
"ou",98,"K","p",-0.477327453327453
"ou",98,"alpha","p",-0.00414655614655615
"ou",98,"c","p",0.764665892665893
"ou",99,"K","mu",-0.0278559398559399
"ou",99,"alpha","mu",0.02604383004383
"ou",99,"c","mu",0.0122719562719563
"ou",99,"alpha","K",-0.369748077748078
"ou",99,"c","K",-0.845055437055437
"ou",99,"alpha","c",0.000107484107484107
"ou",99,"mu","p",-0.0392624192624193
"ou",99,"K","p",-0.443075999075999
"ou",99,"alpha","p",0.0106755106755107
"ou",99,"c","p",0.726807030807031
"ou",100,"K","mu",-0.0302621102621103
"ou",100,"alpha","mu",0.00243060243060243
"ou",100,"c","mu",0.0301070221070221
"ou",100,"alpha","K",-0.416502632502633
"ou",100,"c","K",-0.822172266172266
"ou",100,"alpha","c",0.0276926676926677
"ou",100,"mu","p",0.0311218871218871
"ou",100,"K","p",-0.430081318081318
"ou",100,"alpha","p",0.0128122568122568
"ou",100,"c","p",0.739565815565816
"mse",1,"K","mu",0.0047039807039807
"mse",1,"alpha","mu",-0.0275236955236955
"mse",1,"d","mu",0.0170723450723451
"mse",1,"gamma","mu",-0.0295625215625216
"mse",1,"alpha","K",-0.364725688725689
"mse",1,"d","K",-0.788922248922249
"mse",1,"gamma","K",0.459264327264327
"mse",1,"alpha","d",-0.0365768045768046
"mse",1,"mu","rho",0.0205344205344205
"mse",1,"K","rho",-0.53236696036696
"mse",1,"alpha","rho",-0.0246379446379446
"mse",1,"d","rho",0.879661647661648
"mse",1,"gamma","rho",-0.968990108990109
"mse",1,"alpha","gamma",0.027016911016911
"mse",1,"d","gamma",-0.802731226731227
"mse",2,"K","mu",0.0329350769350769
"mse",2,"alpha","mu",9.89280989280989e-05
"mse",2,"d","mu",-0.0526600486600487
"mse",2,"gamma","mu",0.0497723657723658
"mse",2,"alpha","K",-0.24151588951589
"mse",2,"d","K",-0.871249123249123
"mse",2,"gamma","K",0.56409408009408
"mse",2,"alpha","d",-0.0703871143871144
"mse",2,"mu","rho",-0.0676107556107556
"mse",2,"K","rho",-0.636417000417
"mse",2,"alpha","rho",-0.0668464028464029
"mse",2,"d","rho",0.891742143742144
"mse",2,"gamma","rho",-0.947503103503104
"mse",2,"alpha","gamma",0.0701832821832822
"mse",2,"d","gamma",-0.818761322761323
"mse",3,"K","mu",0.0188957828957829
"mse",3,"alpha","mu",0.0013986373986374
"mse",3,"d","mu",-0.0378733098733099
"mse",3,"gamma","mu",0.00790615990615991
"mse",3,"alpha","K",-0.321883353883354
"mse",3,"d","K",-0.847795207795208
"mse",3,"gamma","K",0.515135267135267
"mse",3,"alpha","d",0.00524780924780925
"mse",3,"mu","rho",-0.0283421083421083
"mse",3,"K","rho",-0.581264777264777
"mse",3,"alpha","rho",0.0241019401019401
"mse",3,"d","rho",0.871622083622084
"mse",3,"gamma","rho",-0.959142323142323
"mse",3,"alpha","gamma",-0.0408501048501049
"mse",3,"d","gamma",-0.796111624111624
"mse",4,"K","mu",0.00071992871992872
"mse",4,"alpha","mu",0.0158100278100278
"mse",4,"d","mu",0.00372362772362772
"mse",4,"gamma","mu",-0.0233713673713674
"mse",4,"alpha","K",-0.344863484863485
"mse",4,"d","K",-0.803255927255927
"mse",4,"gamma","K",0.496774540774541
"mse",4,"alpha","d",-0.0232509832509833
"mse",4,"mu","rho",0.0205725325725326
"mse",4,"K","rho",-0.561268977268977
"mse",4,"alpha","rho",-0.00744361944361944
"mse",4,"d","rho",0.889879381879382
"mse",4,"gamma","rho",-0.967356235356235
"mse",4,"alpha","gamma",0.00538025338025338
"mse",4,"d","gamma",-0.817268929268929
"mse",5,"K","mu",0.0545377145377145
"mse",5,"alpha","mu",0.0105498105498106
"mse",5,"d","mu",-0.0655801135801136
"mse",5,"gamma","mu",0.0536471696471697
"mse",5,"alpha","K",-0.289881325881326
"mse",5,"d","K",-0.870152034152034
"mse",5,"gamma","K",0.563466671466672
"mse",5,"alpha","d",0.00523506523506524
"mse",5,"mu","rho",-0.0534481854481855
"mse",5,"K","rho",-0.631666051666052
"mse",5,"alpha","rho",0.0416583896583897
"mse",5,"d","rho",0.877614373614374
"mse",5,"gamma","rho",-0.954586314586315
"mse",5,"alpha","gamma",-0.0471574791574792
"mse",5,"d","gamma",-0.79795148995149
"mse",6,"K","mu",0.0474245994245994
"mse",6,"alpha","mu",0.00940413340413341
"mse",6,"d","mu",-0.077022569022569
"mse",6,"gamma","mu",0.0697031137031137
"mse",6,"alpha","K",-0.362947418947419
"mse",6,"d","K",-0.845152265152265
"mse",6,"gamma","K",0.526295698295698
"mse",6,"alpha","d",0.0159157959157959
"mse",6,"mu","rho",-0.077018633018633
"mse",6,"K","rho",-0.596591588591589
"mse",6,"alpha","rho",-0.00572021372021372
"mse",6,"d","rho",0.882134166134166
"mse",6,"gamma","rho",-0.958332082332082
"mse",6,"alpha","gamma",0.0117965757965758
"mse",6,"d","gamma",-0.80420322020322
"mse",7,"K","mu",-0.00103738903738904
"mse",7,"alpha","mu",0.0694106494106494
"mse",7,"d","mu",-0.00705490305490306
"mse",7,"gamma","mu",-0.00433098433098433
"mse",7,"alpha","K",-0.335447195447195
"mse",7,"d","K",-0.822967830967831
"mse",7,"gamma","K",0.478836874836875
"mse",7,"alpha","d",-0.0167535887535888
"mse",7,"mu","rho",0.00630886230886231
"mse",7,"K","rho",-0.546984954984955
"mse",7,"alpha","rho",-0.020023916023916
"mse",7,"d","rho",0.870982050982051
"mse",7,"gamma","rho",-0.963487563487564
"mse",7,"alpha","gamma",0.028977628977629
"mse",7,"d","gamma",-0.794642342642343
"mse",8,"K","mu",-0.03197311997312
"mse",8,"alpha","mu",-0.0375331815331815
"mse",8,"d","mu",0.0584466464466465
"mse",8,"gamma","mu",-0.0822854622854623
"mse",8,"alpha","K",-0.312436104436104
"mse",8,"d","K",-0.85329400929401
"mse",8,"gamma","K",0.553279285279285
"mse",8,"alpha","d",-0.00722049122049122
"mse",8,"mu","rho",0.0736542856542857
"mse",8,"K","rho",-0.625696801696802
"mse",8,"alpha","rho",0.00532138132138132
"mse",8,"d","rho",0.89564113964114
"mse",8,"gamma","rho",-0.953797973797974
"mse",8,"alpha","gamma",-0.0177863337863338
"mse",8,"d","gamma",-0.819388743388744
"mse",9,"K","mu",-0.0306884946884947
"mse",9,"alpha","mu",0.0399225759225759
"mse",9,"d","mu",-0.00454337254337254
"mse",9,"gamma","mu",0.0178607098607099
"mse",9,"alpha","K",-0.425781365781366
"mse",9,"d","K",-0.773429465429466
"mse",9,"gamma","K",0.47032889032889
"mse",9,"alpha","d",-0.0108917148917149
"mse",9,"mu","rho",-0.0153802113802114
"mse",9,"K","rho",-0.524614052614053
"mse",9,"alpha","rho",-0.0232597192597193
"mse",9,"d","rho",0.884701124701125
"mse",9,"gamma","rho",-0.970250962250962
"mse",9,"alpha","gamma",0.0182094422094422
"mse",9,"d","gamma",-0.81382026982027
"mse",10,"K","mu",-0.0293782373782374
"mse",10,"alpha","mu",0.00695839895839896
"mse",10,"d","mu",0.0143393183393183
"mse",10,"gamma","mu",0.00462721662721663
"mse",10,"alpha","K",-0.311602151602152
"mse",10,"d","K",-0.850267114267114
"mse",10,"gamma","K",0.495262539262539
"mse",10,"alpha","d",-0.0137449577449577
"mse",10,"mu","rho",0.00173065373065373
"mse",10,"K","rho",-0.575177471177471
"mse",10,"alpha","rho",0.00664533064533065
"mse",10,"d","rho",0.863697131697132
"mse",10,"gamma","rho",-0.957205029205029
"mse",10,"alpha","gamma",0.00610794610794611
"mse",10,"d","gamma",-0.784160392160392
"mse",11,"K","mu",-0.0229308469308469
"mse",11,"alpha","mu",-0.00693841893841894
"mse",11,"d","mu",-0.0117232077232077
"mse",11,"gamma","mu",0.0677842397842398
"mse",11,"alpha","K",-0.359065583065583
"mse",11,"d","K",-0.787153843153843
"mse",11,"gamma","K",0.449778173778174
"mse",11,"alpha","d",-0.0381632061632062
"mse",11,"mu","rho",-0.0564452724452725
"mse",11,"K","rho",-0.519794955794956
"mse",11,"alpha","rho",-0.0163428403428403
"mse",11,"d","rho",0.869653073653074
"mse",11,"gamma","rho",-0.969373785373785
"mse",11,"alpha","gamma",0.00611993411993412
"mse",11,"d","gamma",-0.78991032991033
"mse",12,"K","mu",-0.00602058602058602
"mse",12,"alpha","mu",0.0617493737493738
"mse",12,"d","mu",-0.0147042027042027
"mse",12,"gamma","mu",0.00237315837315837
"mse",12,"alpha","K",-0.275813351813352
"mse",12,"d","K",-0.885726165726166
"mse",12,"gamma","K",0.562924294924295
"mse",12,"alpha","d",-0.0121204201204201
"mse",12,"mu","rho",-0.00702040302040302
"mse",12,"K","rho",-0.647040455040455
"mse",12,"alpha","rho",-0.0428950148950149
"mse",12,"d","rho",0.889164133164133
"mse",12,"gamma","rho",-0.94025548025548
"mse",12,"alpha","gamma",0.042006498006498
"mse",12,"d","gamma",-0.802223698223698
"mse",13,"K","mu",-0.00297771897771898
"mse",13,"alpha","mu",0.0229400389400389
"mse",13,"d","mu",-0.01201848001848
"mse",13,"gamma","mu",0.0274302874302874
"mse",13,"alpha","K",-0.346629970629971
"mse",13,"d","K",-0.861556953556954
"mse",13,"gamma","K",0.552663900663901
"mse",13,"alpha","d",0.0343653943653944
"mse",13,"mu","rho",-0.0301064221064221
"mse",13,"K","rho",-0.634923106923107
"mse",13,"alpha","rho",0.0491988611988612
"mse",13,"d","rho",0.890591570591571
"mse",13,"gamma","rho",-0.956536016536017
"mse",13,"alpha","gamma",-0.0523877443877444
"mse",13,"d","gamma",-0.80588140988141
"mse",14,"K","mu",0.0463081063081063
"mse",14,"alpha","mu",-0.0568978888978889
"mse",14,"d","mu",-0.0315180555180555
"mse",14,"gamma","mu",0.0365612405612406
"mse",14,"alpha","K",-0.242024186024186
"mse",14,"d","K",-0.880535704535705
"mse",14,"gamma","K",0.595175407175407
"mse",14,"alpha","d",-0.0513115113115113
"mse",14,"mu","rho",-0.031036723036723
"mse",14,"K","rho",-0.666927642927643
"mse",14,"alpha","rho",-0.047981423981424
"mse",14,"d","rho",0.90242303042303
"mse",14,"gamma","rho",-0.944722064722065
"mse",14,"alpha","gamma",0.0430694590694591
"mse",14,"d","gamma",-0.830530262530263
"mse",15,"K","mu",-0.0247747687747688
"mse",15,"alpha","mu",0.00628788628788629
"mse",15,"d","mu",0.0402363162363162
"mse",15,"gamma","mu",-0.0185166065166065
"mse",15,"alpha","K",-0.341071337071337
"mse",15,"d","K",-0.810335502335502
"mse",15,"gamma","K",0.503029355029355
"mse",15,"alpha","d",-0.0415926535926536
"mse",15,"mu","rho",0.0313551553551554
"mse",15,"K","rho",-0.57218648018648
"mse",15,"alpha","rho",-0.0493090333090333
"mse",15,"d","rho",0.893832233832234
"mse",15,"gamma","rho",-0.963559815559816
"mse",15,"alpha","gamma",0.0386056946056946
"mse",15,"d","gamma",-0.815705147705148
"mse",16,"K","mu",0.0273078993078993
"mse",16,"alpha","mu",0.00606867006867007
"mse",16,"d","mu",-0.0462405822405823
"mse",16,"gamma","mu",0.0282868842868843
"mse",16,"alpha","K",-0.298417174417174
"mse",16,"d","K",-0.828364452364452
"mse",16,"gamma","K",0.519869967869968
"mse",16,"alpha","d",-0.0556819036819037
"mse",16,"mu","rho",-0.037980961980962
"mse",16,"K","rho",-0.579636231636232
"mse",16,"alpha","rho",-0.0412887412887413
"mse",16,"d","rho",0.881535197535198
"mse",16,"gamma","rho",-0.96384867984868
"mse",16,"alpha","gamma",0.0437012117012117
"mse",16,"d","gamma",-0.812051276051276
"mse",17,"K","mu",0.0352376992376992
"mse",17,"alpha","mu",0.00881992481992482
"mse",17,"d","mu",-0.0356602796602797
"mse",17,"gamma","mu",-0.0123788643788644
"mse",17,"alpha","K",-0.383142587142587
"mse",17,"d","K",-0.816931548931549
"mse",17,"gamma","K",0.45014937014937
"mse",17,"alpha","d",0.0296857256857257
"mse",17,"mu","rho",0.00113294513294513
"mse",17,"K","rho",-0.500731868731869
"mse",17,"alpha","rho",-0.000879216879216879
"mse",17,"d","rho",0.846548286548287
"mse",17,"gamma","rho",-0.965112605112605
"mse",17,"alpha","gamma",-0.00870753270753271
"mse",17,"d","gamma",-0.776096252096252
"mse",18,"K","mu",-0.026994278994279
"mse",18,"alpha","mu",-0.0152623832623833
"mse",18,"d","mu",0.0296723336723337
"mse",18,"gamma","mu",-0.0102860262860263
"mse",18,"alpha","K",-0.386600210600211
"mse",18,"d","K",-0.829268581268581
"mse",18,"gamma","K",0.477422889422889
"mse",18,"alpha","d",0.0153267513267513
"mse",18,"mu","rho",0.0160517320517321
"mse",18,"K","rho",-0.561091065091065
"mse",18,"alpha","rho",-0.010992502992503
"mse",18,"d","rho",0.874274134274134
"mse",18,"gamma","rho",-0.952505872505873
"mse",18,"alpha","gamma",0.0246301086301086
"mse",18,"d","gamma",-0.787103947103947
"mse",19,"K","mu",-0.0165841485841486
"mse",19,"alpha","mu",0.0203883923883924
"mse",19,"d","mu",0.0272623592623593
"mse",19,"gamma","mu",-0.0575044055044055
"mse",19,"alpha","K",-0.342851106851107
"mse",19,"d","K",-0.801151065151065
"mse",19,"gamma","K",0.448556092556093
"mse",19,"alpha","d",-0.0529013329013329
"mse",19,"mu","rho",0.0517440637440637
"mse",19,"K","rho",-0.529460617460618
"mse",19,"alpha","rho",-0.0420703620703621
"mse",19,"d","rho",0.869238173238173
"mse",19,"gamma","rho",-0.960551868551869
"mse",19,"alpha","gamma",0.0453984933984934
"mse",19,"d","gamma",-0.782508722508723
"mse",20,"K","mu",-0.0331401811401811
"mse",20,"alpha","mu",0.0365047085047085
"mse",20,"d","mu",0.0316803196803197
"mse",20,"gamma","mu",-0.045045417045417
"mse",20,"alpha","K",-0.356134688134688
"mse",20,"d","K",-0.835258927258927
"mse",20,"gamma","K",0.52742243942244
"mse",20,"alpha","d",0.04000924000924
"mse",20,"mu","rho",0.0356511236511237
"mse",20,"K","rho",-0.586520746520747
"mse",20,"alpha","rho",0.0575746655746656
"mse",20,"d","rho",0.883202635202635
"mse",20,"gamma","rho",-0.957540717540718
"mse",20,"alpha","gamma",-0.0600904440904441
"mse",20,"d","gamma",-0.814555354555355
"mse",21,"K","mu",-0.0276493596493597
"mse",21,"alpha","mu",0.0375238695238695
"mse",21,"d","mu",0.0192631272631273
"mse",21,"gamma","mu",-0.00233358233358233
"mse",21,"alpha","K",-0.303179811179811
"mse",21,"d","K",-0.813466785466786
"mse",21,"gamma","K",0.476752964752965
"mse",21,"alpha","d",-0.0586645066645067
"mse",21,"mu","rho",0.00823425223425223
"mse",21,"K","rho",-0.537107565107565
"mse",21,"alpha","rho",-0.0528190968190968
"mse",21,"d","rho",0.874962262962263
"mse",21,"gamma","rho",-0.960902784902785
"mse",21,"alpha","gamma",0.0350793230793231
"mse",21,"d","gamma",-0.799698595698596
"mse",22,"K","mu",0.032941136941137
"mse",22,"alpha","mu",-0.0209078369078369
"mse",22,"d","mu",-0.00708209508209508
"mse",22,"gamma","mu",-0.00323966723966724
"mse",22,"alpha","K",-0.326141522141522
"mse",22,"d","K",-0.83726214926215
"mse",22,"gamma","K",0.503203295203295
"mse",22,"alpha","d",-0.00763170763170763
"mse",22,"mu","rho",0.0117674637674638
"mse",22,"K","rho",-0.57015831015831
"mse",22,"alpha","rho",0.00687609087609088
"mse",22,"d","rho",0.870078162078162
"mse",22,"gamma","rho",-0.956560400560401
"mse",22,"alpha","gamma",-0.00515237315237315
"mse",22,"d","gamma",-0.7920795000795
"mse",23,"K","mu",-0.0698547698547699
"mse",23,"alpha","mu",0.00579208179208179
"mse",23,"d","mu",0.0799050439050439
"mse",23,"gamma","mu",-0.0559019719019719
"mse",23,"alpha","K",-0.295193407193407
"mse",23,"d","K",-0.868016572016572
"mse",23,"gamma","K",0.54374493974494
"mse",23,"alpha","d",-0.0244438444438444
"mse",23,"mu","rho",0.0570724890724891
"mse",23,"K","rho",-0.638525594525595
"mse",23,"alpha","rho",-0.0498688578688579
"mse",23,"d","rho",0.894711702711703
"mse",23,"gamma","rho",-0.948889260889261
"mse",23,"alpha","gamma",0.0790458190458191
"mse",23,"d","gamma",-0.807952431952432
"mse",24,"K","mu",0.00457585657585658
"mse",24,"alpha","mu",-0.0261677061677062
"mse",24,"d","mu",0.0366041646041646
"mse",24,"gamma","mu",-0.0361448161448161
"mse",24,"alpha","K",-0.382099738099738
"mse",24,"d","K",-0.785035961035961
"mse",24,"gamma","K",0.465582813582814
"mse",24,"alpha","d",-0.0243084483084483
"mse",24,"mu","rho",0.0505845625845626
"mse",24,"K","rho",-0.523572787572788
"mse",24,"alpha","rho",-0.0237890397890398
"mse",24,"d","rho",0.873429993429994
"mse",24,"gamma","rho",-0.964718344718345
"mse",24,"alpha","gamma",0.0195318915318915
"mse",24,"d","gamma",-0.796975000975001
"mse",25,"K","mu",-0.00118294918294918
"mse",25,"alpha","mu",0.00619396219396219
"mse",25,"d","mu",0.0161830121830122
"mse",25,"gamma","mu",-0.0313026073026073
"mse",25,"alpha","K",-0.290410826410826
"mse",25,"d","K",-0.843454503454504
"mse",25,"gamma","K",0.524118284118284
"mse",25,"alpha","d",-0.0137367377367377
"mse",25,"mu","rho",0.0237858117858118
"mse",25,"K","rho",-0.599002451002451
"mse",25,"alpha","rho",0.0173851733851734
"mse",25,"d","rho",0.885652365652366
"mse",25,"gamma","rho",-0.96191374991375
"mse",25,"alpha","gamma",-0.0155142755142755
"mse",25,"d","gamma",-0.810192702192702
"mse",26,"K","mu",0.043043131043131
"mse",26,"alpha","mu",-0.0491228291228291
"mse",26,"d","mu",-0.00366282366282366
"mse",26,"gamma","mu",-0.0193843033843034
"mse",26,"alpha","K",-0.354844842844843
"mse",26,"d","K",-0.808232932232932
"mse",26,"gamma","K",0.501669453669454
"mse",26,"alpha","d",-0.0145241545241545
"mse",26,"mu","rho",0.0118675678675679
"mse",26,"K","rho",-0.56585092985093
"mse",26,"alpha","rho",0.00594504594504595
"mse",26,"d","rho",0.884138324138324
"mse",26,"gamma","rho",-0.967748227748228
"mse",26,"alpha","gamma",-0.00724450324450325
"mse",26,"d","gamma",-0.809812997812998
"mse",27,"K","mu",-0.0310998310998311
"mse",27,"alpha","mu",0.0161014481014481
"mse",27,"d","mu",0.00446909246909247
"mse",27,"gamma","mu",0.037035013035013
"mse",27,"alpha","K",-0.297991953991954
"mse",27,"d","K",-0.872683184683185
"mse",27,"gamma","K",0.544328992328992
"mse",27,"alpha","d",0.0384920064920065
"mse",27,"mu","rho",-0.0326149166149166
"mse",27,"K","rho",-0.61839105039105
"mse",27,"alpha","rho",0.044039288039288
"mse",27,"d","rho",0.881267537267537
"mse",27,"gamma","rho",-0.955578763578764
"mse",27,"alpha","gamma",-0.0453339093339093
"mse",27,"d","gamma",-0.803762471762472
"mse",28,"K","mu",-0.0478467718467719
"mse",28,"alpha","mu",-0.0203055803055803
"mse",28,"d","mu",0.0792550752550753
"mse",28,"gamma","mu",-0.108931044931045
"mse",28,"alpha","K",-0.335774351774352
"mse",28,"d","K",-0.825483597483598
"mse",28,"gamma","K",0.481399717399717
"mse",28,"alpha","d",-0.0198132798132798
"mse",28,"mu","rho",0.10573530973531
"mse",28,"K","rho",-0.552001464001464
"mse",28,"alpha","rho",-0.0351286551286551
"mse",28,"d","rho",0.873914541914542
"mse",28,"gamma","rho",-0.965364569364569
"mse",28,"alpha","gamma",0.040994308994309
"mse",28,"d","gamma",-0.79979095979096
"mse",29,"K","mu",0.00604162204162204
"mse",29,"alpha","mu",-0.00608932208932209
"mse",29,"d","mu",-0.00527939327939328
"mse",29,"gamma","mu",0.0187084747084747
"mse",29,"alpha","K",-0.301488661488662
"mse",29,"d","K",-0.849367509367509
"mse",29,"gamma","K",0.5521047001047
"mse",29,"alpha","d",-0.0203754923754924
"mse",29,"mu","rho",-0.00898071298071298
"mse",29,"K","rho",-0.612576852576853
"mse",29,"alpha","rho",0.00147476547476548
"mse",29,"d","rho",0.892174744174744
"mse",29,"gamma","rho",-0.960884112884113
"mse",29,"alpha","gamma",-0.00584143784143784
"mse",29,"d","gamma",-0.825793821793822
"mse",30,"K","mu",0.0401935481935482
"mse",30,"alpha","mu",-0.0146730866730867
"mse",30,"d","mu",-0.0540953820953821
"mse",30,"gamma","mu",0.0370844530844531
"mse",30,"alpha","K",-0.332086736086736
"mse",30,"d","K",-0.833369513369513
"mse",30,"gamma","K",0.484405156405156
"mse",30,"alpha","d",-0.0089046809046809
"mse",30,"mu","rho",-0.0557107397107397
"mse",30,"K","rho",-0.560248028248028
"mse",30,"alpha","rho",-0.016045516045516
"mse",30,"d","rho",0.870441246441247
"mse",30,"gamma","rho",-0.964286176286177
"mse",30,"alpha","gamma",0.0243036483036483
"mse",30,"d","gamma",-0.790994290994291
"mse",31,"K","mu",-0.002998310998311
"mse",31,"alpha","mu",-0.0316024036024036
"mse",31,"d","mu",0.00294827094827095
"mse",31,"gamma","mu",-0.00671338271338271
"mse",31,"alpha","K",-0.278578550578551
"mse",31,"d","K",-0.821863181863182
"mse",31,"gamma","K",0.493260961260961
"mse",31,"alpha","d",-0.0555564795564796
"mse",31,"mu","rho",-0.00196993396993397
"mse",31,"K","rho",-0.565890193890194
"mse",31,"alpha","rho",-0.0198585678585679
"mse",31,"d","rho",0.878911898911899
"mse",31,"gamma","rho",-0.955007119007119
"mse",31,"alpha","gamma",0.0139270939270939
"mse",31,"d","gamma",-0.796758004758005
"mse",32,"K","mu",-0.0295263295263295
"mse",32,"alpha","mu",-0.0106340506340506
"mse",32,"d","mu",0.0297404697404697
"mse",32,"gamma","mu",-0.0505736905736906
"mse",32,"alpha","K",-0.331528171528172
"mse",32,"d","K",-0.798694686694687
"mse",32,"gamma","K",0.483324495324495
"mse",32,"alpha","d",-0.0886583566583567
"mse",32,"mu","rho",0.0407106527106527
"mse",32,"K","rho",-0.551568227568228
"mse",32,"alpha","rho",-0.0673948153948154
"mse",32,"d","rho",0.883709035709036
"mse",32,"gamma","rho",-0.966719094719095
"mse",32,"alpha","gamma",0.0572679572679573
"mse",32,"d","gamma",-0.808132000132
"mse",33,"K","mu",0.014973734973735
"mse",33,"alpha","mu",-0.0515573075573076
"mse",33,"d","mu",-0.0095046575046575
"mse",33,"gamma","mu",0.00456983256983257
"mse",33,"alpha","K",-0.34404362004362
"mse",33,"d","K",-0.861156153156153
"mse",33,"gamma","K",0.55823637023637
"mse",33,"alpha","d",0.020980508980509
"mse",33,"mu","rho",-0.0157279237279237
"mse",33,"K","rho",-0.6355562995563
"mse",33,"alpha","rho",0.00923895323895324
"mse",33,"d","rho",0.897595977595978
"mse",33,"gamma","rho",-0.951364791364792
"mse",33,"alpha","gamma",-0.00853904053904054
"mse",33,"d","gamma",-0.820659508659509
"mse",34,"K","mu",-0.016985608985609
"mse",34,"alpha","mu",0.00732850332850333
"mse",34,"d","mu",0.00266753066753067
"mse",34,"gamma","mu",0.0273528633528634
"mse",34,"alpha","K",-0.214692238692239
"mse",34,"d","K",-0.890517614517615
"mse",34,"gamma","K",0.569414081414081
"mse",34,"alpha","d",-0.0494019254019254
"mse",34,"mu","rho",-0.0204395244395244
"mse",34,"K","rho",-0.64239225039225
"mse",34,"alpha","rho",-0.0457776097776098
"mse",34,"d","rho",0.879305703305703
"mse",34,"gamma","rho",-0.933120885120885
"mse",34,"alpha","gamma",0.0247782967782968
"mse",34,"d","gamma",-0.800654084654085
"mse",35,"K","mu",0.0265063585063585
"mse",35,"alpha","mu",-0.00852995652995653
"mse",35,"d","mu",-0.022971562971563
"mse",35,"gamma","mu",0.0224147504147504
"mse",35,"alpha","K",-0.338278694278694
"mse",35,"d","K",-0.834805950805951
"mse",35,"gamma","K",0.529014709014709
"mse",35,"alpha","d",0.0067041547041547
"mse",35,"mu","rho",-0.0233914553914554
"mse",35,"K","rho",-0.591844131844132
"mse",35,"alpha","rho",0.0236701316701317
"mse",35,"d","rho",0.884610956610957
"mse",35,"gamma","rho",-0.965733905733906
"mse",35,"alpha","gamma",-0.0135298095298095
"mse",35,"d","gamma",-0.817198225198225
"mse",36,"K","mu",-0.0175463455463455
"mse",36,"alpha","mu",0.0446220926220926
"mse",36,"d","mu",0.00617661017661018
"mse",36,"gamma","mu",0.0236958356958357
"mse",36,"alpha","K",-0.295412323412323
"mse",36,"d","K",-0.831701451701452
"mse",36,"gamma","K",0.53028359028359
"mse",36,"alpha","d",-0.0608515928515929
"mse",36,"mu","rho",-0.00886660486660487
"mse",36,"K","rho",-0.597267069267069
"mse",36,"alpha","rho",-0.04403222003222
"mse",36,"d","rho",0.892998928998929
"mse",36,"gamma","rho",-0.960492888492889
"mse",36,"alpha","gamma",0.0434540354540355
"mse",36,"d","gamma",-0.822276978276978
"mse",37,"K","mu",0.00755206355206355
"mse",37,"alpha","mu",-0.0302361902361902
"mse",37,"d","mu",0.00477932877932878
"mse",37,"gamma","mu",-0.0108792108792109
"mse",37,"alpha","K",-0.345134289134289
"mse",37,"d","K",-0.818669126669127
"mse",37,"gamma","K",0.506652674652675
"mse",37,"alpha","d",-0.0279397239397239
"mse",37,"mu","rho",0.0100661980661981
"mse",37,"K","rho",-0.564239748239748
"mse",37,"alpha","rho",-0.025021033021033
"mse",37,"d","rho",0.87762154962155
"mse",37,"gamma","rho",-0.964343572343572
"mse",37,"alpha","gamma",0.0224895224895225
"mse",37,"d","gamma",-0.805687993687994
"mse",38,"K","mu",-0.00981660981660982
"mse",38,"alpha","mu",-0.0222931542931543
"mse",38,"d","mu",0.0158777438777439
"mse",38,"gamma","mu",-0.0186255306255306
"mse",38,"alpha","K",-0.322236922236922
"mse",38,"d","K",-0.862725922725923
"mse",38,"gamma","K",0.526002346002346
"mse",38,"alpha","d",-0.00225473025473026
"mse",38,"mu","rho",0.0199334359334359
"mse",38,"K","rho",-0.603164799164799
"mse",38,"alpha","rho",-0.0241109161109161
"mse",38,"d","rho",0.876012744012744
"mse",38,"gamma","rho",-0.943125799125799
"mse",38,"alpha","gamma",0.0256306576306576
"mse",38,"d","gamma",-0.795130539130539
"mse",39,"K","mu",0.00317736317736318
"mse",39,"alpha","mu",0.00788339588339589
"mse",39,"d","mu",0.00681246681246681
"mse",39,"gamma","mu",-0.0108966348966349
"mse",39,"alpha","K",-0.327395931395931
"mse",39,"d","K",-0.823515943515944
"mse",39,"gamma","K",0.522844374844375
"mse",39,"alpha","d",-0.0383145263145263
"mse",39,"mu","rho",0.0173740373740374
"mse",39,"K","rho",-0.585346641346641
"mse",39,"alpha","rho",-0.0364424884424884
"mse",39,"d","rho",0.890054474054474
"mse",39,"gamma","rho",-0.960223356223356
"mse",39,"alpha","gamma",0.0339104259104259
"mse",39,"d","gamma",-0.817647193647194
"mse",40,"K","mu",0.0106159786159786
"mse",40,"alpha","mu",0.0128338568338568
"mse",40,"d","mu",0.0114581394581395
"mse",40,"gamma","mu",-0.0513002193002193
"mse",40,"alpha","K",-0.298958386958387
"mse",40,"d","K",-0.826403758403759
"mse",40,"gamma","K",0.506262686262686
"mse",40,"alpha","d",-0.050022722022722
"mse",40,"mu","rho",0.0434421314421315
"mse",40,"K","rho",-0.572225684225684
"mse",40,"alpha","rho",-0.0383509703509704
"mse",40,"d","rho",0.879156387156387
"mse",40,"gamma","rho",-0.95936345936346
"mse",40,"alpha","gamma",0.0414725694725695
"mse",40,"d","gamma",-0.800797040797041
"mse",41,"K","mu",0.0594691434691435
"mse",41,"alpha","mu",-0.017013005013005
"mse",41,"d","mu",-0.0418444978444978
"mse",41,"gamma","mu",0.002998730998731
"mse",41,"alpha","K",-0.385421881421881
"mse",41,"d","K",-0.785374001374001
"mse",41,"gamma","K",0.46842114042114
"mse",41,"alpha","d",0.00944726144726145
"mse",41,"mu","rho",-0.0131555051555052
"mse",41,"K","rho",-0.52590468990469
"mse",41,"alpha","rho",0.0354971754971755
"mse",41,"d","rho",0.874424434424435
"mse",41,"gamma","rho",-0.97598913998914
"mse",41,"alpha","gamma",-0.0271510711510712
"mse",41,"d","gamma",-0.807893571893572
"mse",42,"K","mu",-0.0315143355143355
"mse",42,"alpha","mu",0.0130731370731371
"mse",42,"d","mu",0.00676801876801877
"mse",42,"gamma","mu",-0.002994794994795
"mse",42,"alpha","K",-0.322909198909199
"mse",42,"d","K",-0.818070122070122
"mse",42,"gamma","K",0.475948591948592
"mse",42,"alpha","d",-0.0268217428217428
"mse",42,"mu","rho",-0.00617415017415017
"mse",42,"K","rho",-0.552784884784885
"mse",42,"alpha","rho",-0.019962835962836
"mse",42,"d","rho",0.87603864003864
"mse",42,"gamma","rho",-0.963913395913396
"mse",42,"alpha","gamma",0.0296437616437616
"mse",42,"d","gamma",-0.796365016365016
"mse",43,"K","mu",0.00593120993120993
"mse",43,"alpha","mu",-0.0268051348051348
"mse",43,"d","mu",-0.00215913815913816
"mse",43,"gamma","mu",0.0161016041016041
"mse",43,"alpha","K",-0.356849936849937
"mse",43,"d","K",-0.819431967431967
"mse",43,"gamma","K",0.483427203427204
"mse",43,"alpha","d",0.00200775800775801
"mse",43,"mu","rho",-0.00904202104202104
"mse",43,"K","rho",-0.556643896643897
"mse",43,"alpha","rho",-0.000412284412284412
"mse",43,"d","rho",0.876729588729589
"mse",43,"gamma","rho",-0.963554007554008
"mse",43,"alpha","gamma",0.00234397434397434
"mse",43,"d","gamma",-0.795100827100827
"mse",44,"K","mu",-0.0130765810765811
"mse",44,"alpha","mu",0.0256069216069216
"mse",44,"d","mu",-0.00422159222159222
"mse",44,"gamma","mu",0.00463638463638464
"mse",44,"alpha","K",-0.296996060996061
"mse",44,"d","K",-0.829484437484438
"mse",44,"gamma","K",0.506601002601003
"mse",44,"alpha","d",-0.0542139302139302
"mse",44,"mu","rho",-0.0141631941631942
"mse",44,"K","rho",-0.578810786810787
"mse",44,"alpha","rho",-0.0714974994974995
"mse",44,"d","rho",0.892427752427753
"mse",44,"gamma","rho",-0.957471741471742
"mse",44,"alpha","gamma",0.0710706710706711
"mse",44,"d","gamma",-0.81736078936079
"mse",45,"K","mu",-0.00460866460866461
"mse",45,"alpha","mu",-0.00390581190581191
"mse",45,"d","mu",0.00891411291411292
"mse",45,"gamma","mu",0.00237831837831838
"mse",45,"alpha","K",-0.333429249429249
"mse",45,"d","K",-0.8681662001662
"mse",45,"gamma","K",0.53760768960769
"mse",45,"alpha","d",0.0465936465936466
"mse",45,"mu","rho",0.00920774120774121
"mse",45,"K","rho",-0.616087984087984
"mse",45,"alpha","rho",0.04203507003507
"mse",45,"d","rho",0.87767548967549
"mse",45,"gamma","rho",-0.947291579291579
"mse",45,"alpha","gamma",-0.0288220728220728
"mse",45,"d","gamma",-0.795359535359535
"mse",46,"K","mu",-0.0364336564336564
"mse",46,"alpha","mu",0.0511311751311751
"mse",46,"d","mu",0.0161335361335361
"mse",46,"gamma","mu",-0.0145881985881986
"mse",46,"alpha","K",-0.267439611439611
"mse",46,"d","K",-0.854366654366654
"mse",46,"gamma","K",0.53384798984799
"mse",46,"alpha","d",-0.0626667266667267
"mse",46,"mu","rho",0.0161526401526402
"mse",46,"K","rho",-0.607511683511684
"mse",46,"alpha","rho",-0.0684093804093804
"mse",46,"d","rho",0.886655014655015
"mse",46,"gamma","rho",-0.958615786615787
"mse",46,"alpha","gamma",0.0620739980739981
"mse",46,"d","gamma",-0.811523947523948
"mse",47,"K","mu",-0.0773595173595174
"mse",47,"alpha","mu",0.0348530628530629
"mse",47,"d","mu",0.0845882765882766
"mse",47,"gamma","mu",-0.0777556137556138
"mse",47,"alpha","K",-0.319474375474376
"mse",47,"d","K",-0.84011838011838
"mse",47,"gamma","K",0.514901170901171
"mse",47,"alpha","d",0.00976973776973777
"mse",47,"mu","rho",0.0822879342879343
"mse",47,"K","rho",-0.576674472674473
"mse",47,"alpha","rho",0.00702249102249102
"mse",47,"d","rho",0.87801317001317
"mse",47,"gamma","rho",-0.960579048579049
"mse",47,"alpha","gamma",-0.00854980454980455
"mse",47,"d","gamma",-0.804184764184764
"mse",48,"K","mu",-0.0307030507030507
"mse",48,"alpha","mu",0.0360811440811441
"mse",48,"d","mu",0.0308817668817669
"mse",48,"gamma","mu",-0.0221366741366741
"mse",48,"alpha","K",-0.327656007656008
"mse",48,"d","K",-0.809147201147201
"mse",48,"gamma","K",0.487154311154311
"mse",48,"alpha","d",-0.0332137772137772
"mse",48,"mu","rho",0.0191518151518152
"mse",48,"K","rho",-0.551560847560848
"mse",48,"alpha","rho",-0.0205837405837406
"mse",48,"d","rho",0.88372627972628
"mse",48,"gamma","rho",-0.96800468000468
"mse",48,"alpha","gamma",0.0221498021498021
"mse",48,"d","gamma",-0.813892065892066
"mse",49,"K","mu",-0.0413800133800134
"mse",49,"alpha","mu",0.0292260652260652
"mse",49,"d","mu",0.0503268983268983
"mse",49,"gamma","mu",-0.0497925857925858
"mse",49,"alpha","K",-0.353959625959626
"mse",49,"d","K",-0.848713040713041
"mse",49,"gamma","K",0.508172296172296
"mse",49,"alpha","d",0.0129150609150609
"mse",49,"mu","rho",0.0483622923622924
"mse",49,"K","rho",-0.60037392037392
"mse",49,"alpha","rho",-0.0188067788067788
"mse",49,"d","rho",0.887562611562612
"mse",49,"gamma","rho",-0.946898842898843
"mse",49,"alpha","gamma",0.0308256668256668
"mse",49,"d","gamma",-0.80171178971179
"mse",50,"K","mu",0.0293956133956134
"mse",50,"alpha","mu",-0.0306622386622387
"mse",50,"d","mu",0.00456190056190056
"mse",50,"gamma","mu",-0.0536211536211536
"mse",50,"alpha","K",-0.316635724635725
"mse",50,"d","K",-0.829206133206133
"mse",50,"gamma","K",0.501818997818998
"mse",50,"alpha","d",-0.0198214638214638
"mse",50,"mu","rho",0.0430729990729991
"mse",50,"K","rho",-0.574215574215574
"mse",50,"alpha","rho",-0.00203868203868204
"mse",50,"d","rho",0.880736848736849
"mse",50,"gamma","rho",-0.959331323331323
"mse",50,"alpha","gamma",0.0025048465048465
"mse",50,"d","gamma",-0.803493815493816
"mse",51,"K","mu",0.0128059328059328
"mse",51,"alpha","mu",-0.0724403884403885
"mse",51,"d","mu",0.0243332403332403
"mse",51,"gamma","mu",-0.0446573726573727
"mse",51,"alpha","K",-0.291961203961204
"mse",51,"d","K",-0.846601458601459
"mse",51,"gamma","K",0.527151599151599
"mse",51,"alpha","d",-0.0457884817884818
"mse",51,"mu","rho",0.0293772533772534
"mse",51,"K","rho",-0.600179124179124
"mse",51,"alpha","rho",-0.0373047253047253
"mse",51,"d","rho",0.881698985698986
"mse",51,"gamma","rho",-0.960474600474601
"mse",51,"alpha","gamma",0.0302811302811303
"mse",51,"d","gamma",-0.806223266223266
"mse",52,"K","mu",-0.0335945735945736
"mse",52,"alpha","mu",-0.032994488994489
"mse",52,"d","mu",0.054952254952255
"mse",52,"gamma","mu",-0.0344341184341184
"mse",52,"alpha","K",-0.300209952209952
"mse",52,"d","K",-0.865859317859318
"mse",52,"gamma","K",0.550253482253482
"mse",52,"alpha","d",-0.00897759297759298
"mse",52,"mu","rho",0.04395145995146
"mse",52,"K","rho",-0.628697332697333
"mse",52,"alpha","rho",-0.0299315939315939
"mse",52,"d","rho",0.894697590697591
"mse",52,"gamma","rho",-0.956609504609505
"mse",52,"alpha","gamma",0.0335500175500176
"mse",52,"d","gamma",-0.819884547884548
"mse",53,"K","mu",0.0353218553218553
"mse",53,"alpha","mu",-0.0356807156807157
"mse",53,"d","mu",-0.0221447021447021
"mse",53,"gamma","mu",0.00121550521550522
"mse",53,"alpha","K",-0.381526545526546
"mse",53,"d","K",-0.810850950850951
"mse",53,"gamma","K",0.507417423417423
"mse",53,"alpha","d",0.0314170394170394
"mse",53,"mu","rho",-0.00947361347361348
"mse",53,"K","rho",-0.574892182892183
"mse",53,"alpha","rho",0.0504689904689905
"mse",53,"d","rho",0.888297948297948
"mse",53,"gamma","rho",-0.967097455097455
"mse",53,"alpha","gamma",-0.0414379374379374
"mse",53,"d","gamma",-0.813190881190881
"mse",54,"K","mu",-0.0621527541527542
"mse",54,"alpha","mu",0.000554220554220554
"mse",54,"d","mu",0.0815692415692416
"mse",54,"gamma","mu",-0.0574179334179334
"mse",54,"alpha","K",-0.283429459429459
"mse",54,"d","K",-0.829492537492538
"mse",54,"gamma","K",0.485243033243033
"mse",54,"alpha","d",-0.0866511986511986
"mse",54,"mu","rho",0.0832133992133992
"mse",54,"K","rho",-0.569572781572782
"mse",54,"alpha","rho",-0.0693938613938614
"mse",54,"d","rho",0.871966615966616
"mse",54,"gamma","rho",-0.951341547341548
"mse",54,"alpha","gamma",0.0662378222378222
"mse",54,"d","gamma",-0.785491373491374
"mse",55,"K","mu",-0.0291926931926932
"mse",55,"alpha","mu",0.0496825336825337
"mse",55,"d","mu",0.00588134988134988
"mse",55,"gamma","mu",0.0132046332046332
"mse",55,"alpha","K",-0.337380397380397
"mse",55,"d","K",-0.844583188583189
"mse",55,"gamma","K",0.541613005613006
"mse",55,"alpha","d",-0.0241608361608362
"mse",55,"mu","rho",-0.0119174399174399
"mse",55,"K","rho",-0.616006372006372
"mse",55,"alpha","rho",-0.0263594303594304
"mse",55,"d","rho",0.891963351963352
"mse",55,"gamma","rho",-0.956231216231216
"mse",55,"alpha","gamma",0.0182255582255582
"mse",55,"d","gamma",-0.813996573996574
"mse",56,"K","mu",0.0218197898197898
"mse",56,"alpha","mu",-0.017963093963094
"mse",56,"d","mu",-0.00938816138816139
"mse",56,"gamma","mu",-0.00138021738021738
"mse",56,"alpha","K",-0.33808085008085
"mse",56,"d","K",-0.825192417192417
"mse",56,"gamma","K",0.520863100863101
"mse",56,"alpha","d",0.00968235368235368
"mse",56,"mu","rho",-0.0065985905985906
"mse",56,"K","rho",-0.578505902505903
"mse",56,"alpha","rho",0.0334397734397734
"mse",56,"d","rho",0.888793836793837
"mse",56,"gamma","rho",-0.971149799149799
"mse",56,"alpha","gamma",-0.0361217281217281
"mse",56,"d","gamma",-0.826218334218334
"mse",57,"K","mu",-0.0154268194268194
"mse",57,"alpha","mu",0.034014742014742
"mse",57,"d","mu",-0.0213920613920614
"mse",57,"gamma","mu",0.0574397494397495
"mse",57,"alpha","K",-0.284471912471913
"mse",57,"d","K",-0.863206967206967
"mse",57,"gamma","K",0.540636480636481
"mse",57,"alpha","d",-0.0092947532947533
"mse",57,"mu","rho",-0.039992931992932
"mse",57,"K","rho",-0.611316155316155
"mse",57,"alpha","rho",0.00402324402324402
"mse",57,"d","rho",0.878138918138918
"mse",57,"gamma","rho",-0.955437115437116
"mse",57,"alpha","gamma",-0.00395010395010395
"mse",57,"d","gamma",-0.80179818979819
"mse",58,"K","mu",0.0057017097017097
"mse",58,"alpha","mu",0.00521963321963322
"mse",58,"d","mu",0.00511103311103311
"mse",58,"gamma","mu",-0.0133799893799894
"mse",58,"alpha","K",-0.325329637329637
"mse",58,"d","K",-0.839056031056031
"mse",58,"gamma","K",0.539712911712912
"mse",58,"alpha","d",-0.0246671166671167
"mse",58,"mu","rho",0.021970185970186
"mse",58,"K","rho",-0.609317301317301
"mse",58,"alpha","rho",-0.0284849564849565
"mse",58,"d","rho",0.892602292602293
"mse",58,"gamma","rho",-0.959782487782488
"mse",58,"alpha","gamma",0.0228437148437148
"mse",58,"d","gamma",-0.813053493053493
"mse",59,"K","mu",-0.0038031278031278
"mse",59,"alpha","mu",-0.0205513765513766
"mse",59,"d","mu",-0.00388361188361188
"mse",59,"gamma","mu",0.0033996153996154
"mse",59,"alpha","K",-0.273318825318825
"mse",59,"d","K",-0.854571458571459
"mse",59,"gamma","K",0.52586076986077
"mse",59,"alpha","d",-0.0534512694512695
"mse",59,"mu","rho",-0.0113420873420873
"mse",59,"K","rho",-0.592044232044232
"mse",59,"alpha","rho",-0.0520441240441241
"mse",59,"d","rho",0.872503256503257
"mse",59,"gamma","rho",-0.954572190572191
"mse",59,"alpha","gamma",0.0346344226344226
"mse",59,"d","gamma",-0.793811581811582
"mse",60,"K","mu",0.0415948495948496
"mse",60,"alpha","mu",-0.0149215469215469
"mse",60,"d","mu",-0.0170898770898771
"mse",60,"gamma","mu",-0.00617893817893818
"mse",60,"alpha","K",-0.356014436014436
"mse",60,"d","K",-0.838775614775615
"mse",60,"gamma","K",0.510469806469806
"mse",60,"alpha","d",0.00328881928881929
"mse",60,"mu","rho",0.000419412419412419
"mse",60,"K","rho",-0.581665001665002
"mse",60,"alpha","rho",-0.00333963933963934
"mse",60,"d","rho",0.876912612912613
"mse",60,"gamma","rho",-0.951580983580984
"mse",60,"alpha","gamma",0.00639238239238239
"mse",60,"d","gamma",-0.800685428685429
"mse",61,"K","mu",0.0176808896808897
"mse",61,"alpha","mu",-0.0108217308217308
"mse",61,"d","mu",-0.0196632916632917
"mse",61,"gamma","mu",0.00488231288231288
"mse",61,"alpha","K",-0.337052821052821
"mse",61,"d","K",-0.816495384495385
"mse",61,"gamma","K",0.505895581895582
"mse",61,"alpha","d",-0.0268321588321588
"mse",61,"mu","rho",-0.0128193128193128
"mse",61,"K","rho",-0.570079374079374
"mse",61,"alpha","rho",-0.0335483015483016
"mse",61,"d","rho",0.88808532008532
"mse",61,"gamma","rho",-0.976888120888121
"mse",61,"alpha","gamma",0.0396436716436716
"mse",61,"d","gamma",-0.822862974862975
"mse",62,"K","mu",0.0253812613812614
"mse",62,"alpha","mu",-0.00769122769122769
"mse",62,"d","mu",-0.0122414402414402
"mse",62,"gamma","mu",0.0197500037500038
"mse",62,"alpha","K",-0.287952935952936
"mse",62,"d","K",-0.839764583764584
"mse",62,"gamma","K",0.524397356397356
"mse",62,"alpha","d",-0.0567843207843208
"mse",62,"mu","rho",-0.0139058059058059
"mse",62,"K","rho",-0.586064614064614
"mse",62,"alpha","rho",-0.071965391965392
"mse",62,"d","rho",0.882671442671443
"mse",62,"gamma","rho",-0.959444303444304
"mse",62,"alpha","gamma",0.0760907920907921
"mse",62,"d","gamma",-0.813016653016653
"mse",63,"K","mu",-0.0038963918963919
"mse",63,"alpha","mu",-0.0303406383406383
"mse",63,"d","mu",0.0180794700794701
"mse",63,"gamma","mu",-0.0161578961578962
"mse",63,"alpha","K",-0.285895677895678
"mse",63,"d","K",-0.811693687693688
"mse",63,"gamma","K",0.440174024174024
"mse",63,"alpha","d",-0.057030021030021
"mse",63,"mu","rho",0.0206428886428886
"mse",63,"K","rho",-0.520974376974377
"mse",63,"alpha","rho",-0.0134759054759055
"mse",63,"d","rho",0.856596688596689
"mse",63,"gamma","rho",-0.95752350952351
"mse",63,"alpha","gamma",0.0135089655089655
"mse",63,"d","gamma",-0.7674830994831
"mse",64,"K","mu",-0.0443943683943684
"mse",64,"alpha","mu",0.0196040596040596
"mse",64,"d","mu",0.0537944097944098
"mse",64,"gamma","mu",-0.0372805212805213
"mse",64,"alpha","K",-0.357422649422649
"mse",64,"d","K",-0.807911211911212
"mse",64,"gamma","K",0.498697566697567
"mse",64,"alpha","d",-0.0142884502884503
"mse",64,"mu","rho",0.0433864393864394
"mse",64,"K","rho",-0.558549546549547
"mse",64,"alpha","rho",-0.0180948540948541
"mse",64,"d","rho",0.888505896505897
"mse",64,"gamma","rho",-0.966368658368658
"mse",64,"alpha","gamma",0.0123407403407403
"mse",64,"d","gamma",-0.814954906954907
"mse",65,"K","mu",0.003997335997336
"mse",65,"alpha","mu",0.0228517428517429
"mse",65,"d","mu",0.018011634011634
"mse",65,"gamma","mu",-0.0569281529281529
"mse",65,"alpha","K",-0.394019182019182
"mse",65,"d","K",-0.819222051222051
"mse",65,"gamma","K",0.46193792993793
"mse",65,"alpha","d",0.0427637947637948
"mse",65,"mu","rho",0.0414879054879055
"mse",65,"K","rho",-0.538737034737035
"mse",65,"alpha","rho",0.0331451971451972
"mse",65,"d","rho",0.861761781761782
"mse",65,"gamma","rho",-0.965961881961882
"mse",65,"alpha","gamma",-0.0218172218172218
"mse",65,"d","gamma",-0.779557343557344
"mse",66,"K","mu",0.0651629331629332
"mse",66,"alpha","mu",0.000397884397884398
"mse",66,"d","mu",-0.0316167076167076
"mse",66,"gamma","mu",0.00596128196128196
"mse",66,"alpha","K",-0.316202392202392
"mse",66,"d","K",-0.858930546930547
"mse",66,"gamma","K",0.52951558951559
"mse",66,"alpha","d",-0.00266936666936667
"mse",66,"mu","rho",-0.00487685287685288
"mse",66,"K","rho",-0.612942144942145
"mse",66,"alpha","rho",-0.00262969462969463
"mse",66,"d","rho",0.883566931566932
"mse",66,"gamma","rho",-0.950662910662911
"mse",66,"alpha","gamma",0.0208755688755689
"mse",66,"d","gamma",-0.803944643944644
"mse",67,"K","mu",0.0213873093873094
"mse",67,"alpha","mu",0.0313047673047673
"mse",67,"d","mu",-0.034030174030174
"mse",67,"gamma","mu",0.0413671253671254
"mse",67,"alpha","K",-0.370327498327498
"mse",67,"d","K",-0.80249359049359
"mse",67,"gamma","K",0.459655275655276
"mse",67,"alpha","d",-0.00441773241773242
"mse",67,"mu","rho",-0.0383873303873304
"mse",67,"K","rho",-0.517896025896026
"mse",67,"alpha","rho",-0.0233608193608194
"mse",67,"d","rho",0.864164508164508
"mse",67,"gamma","rho",-0.974609402609403
"mse",67,"alpha","gamma",0.0285300645300645
"mse",67,"d","gamma",-0.794460638460639
"mse",68,"K","mu",-0.0185832665832666
"mse",68,"alpha","mu",-0.0465612345612346
"mse",68,"d","mu",0.0461573981573982
"mse",68,"gamma","mu",-0.0316034716034716
"mse",68,"alpha","K",-0.343079011079011
"mse",68,"d","K",-0.79430729030729
"mse",68,"gamma","K",0.470628878628879
"mse",68,"alpha","d",-0.0423360783360783
"mse",68,"mu","rho",0.0372183612183612
"mse",68,"K","rho",-0.531428031428032
"mse",68,"alpha","rho",-0.0232159792159792
"mse",68,"d","rho",0.874470406470407
"mse",68,"gamma","rho",-0.972954984954985
"mse",68,"alpha","gamma",0.0192064392064392
"mse",68,"d","gamma",-0.80371397971398
"mse",69,"K","mu",0.0718369198369198
"mse",69,"alpha","mu",-0.0266489066489067
"mse",69,"d","mu",-0.0853206493206493
"mse",69,"gamma","mu",0.0741946221946222
"mse",69,"alpha","K",-0.301895053895054
"mse",69,"d","K",-0.837040941040941
"mse",69,"gamma","K",0.506505074505075
"mse",69,"alpha","d",-0.0562631242631243
"mse",69,"mu","rho",-0.0787910227910228
"mse",69,"K","rho",-0.58569144969145
"mse",69,"alpha","rho",-0.0355002115002115
"mse",69,"d","rho",0.878158718158718
"mse",69,"gamma","rho",-0.95611334011334
"mse",69,"alpha","gamma",0.0266911706911707
"mse",69,"d","gamma",-0.79141703941704
"mse",70,"K","mu",-0.0505310785310785
"mse",70,"alpha","mu",0.0183614463614464
"mse",70,"d","mu",0.0470581070581071
"mse",70,"gamma","mu",-0.0408710208710209
"mse",70,"alpha","K",-0.341158265158265
"mse",70,"d","K",-0.836733764733765
"mse",70,"gamma","K",0.509120141120141
"mse",70,"alpha","d",-0.0118967998967999
"mse",70,"mu","rho",0.0424569424569425
"mse",70,"K","rho",-0.590804546804547
"mse",70,"alpha","rho",-0.0121758841758842
"mse",70,"d","rho",0.882327174327174
"mse",70,"gamma","rho",-0.966564258564259
"mse",70,"alpha","gamma",0.0127887607887608
"mse",70,"d","gamma",-0.798320166320166
"mse",71,"K","mu",0.0359059199059199
"mse",71,"alpha","mu",0.026970134970135
"mse",71,"d","mu",-0.0168713448713449
"mse",71,"gamma","mu",-0.00234613434613435
"mse",71,"alpha","K",-0.350491634491635
"mse",71,"d","K",-0.806250146250146
"mse",71,"gamma","K",0.452761316761317
"mse",71,"alpha","d",-0.028039312039312
"mse",71,"mu","rho",-0.0043028083028083
"mse",71,"K","rho",-0.515027063027063
"mse",71,"alpha","rho",-0.040013104013104
"mse",71,"d","rho",0.859543771543772
"mse",71,"gamma","rho",-0.97172027972028
"mse",71,"alpha","gamma",0.0282242322242322
"mse",71,"d","gamma",-0.780545100545101
"mse",72,"K","mu",-0.00657353457353457
"mse",72,"alpha","mu",0.0126123126123126
"mse",72,"d","mu",0.0121215841215841
"mse",72,"gamma","mu",-0.0271727431727432
"mse",72,"alpha","K",-0.275043047043047
"mse",72,"d","K",-0.854371526371526
"mse",72,"gamma","K",0.509005757005757
"mse",72,"alpha","d",-0.0305545265545266
"mse",72,"mu","rho",0.0285425085425085
"mse",72,"K","rho",-0.584720900720901
"mse",72,"alpha","rho",-0.00964480564480565
"mse",72,"d","rho",0.866311778311778
"mse",72,"gamma","rho",-0.949869073869074
"mse",72,"alpha","gamma",0.00716483516483517
"mse",72,"d","gamma",-0.785294345294345
"mse",73,"K","mu",0.0857195657195657
"mse",73,"alpha","mu",0.0108497388497388
"mse",73,"d","mu",-0.0855633375633376
"mse",73,"gamma","mu",0.0477386637386637
"mse",73,"alpha","K",-0.329207897207897
"mse",73,"d","K",-0.854892674892675
"mse",73,"gamma","K",0.544949524949525
"mse",73,"alpha","d",-2.79120279120279e-05
"mse",73,"mu","rho",-0.0474701514701515
"mse",73,"K","rho",-0.613931053931054
"mse",73,"alpha","rho",0.00370523170523171
"mse",73,"d","rho",0.88560852960853
"mse",73,"gamma","rho",-0.957454113454114
"mse",73,"alpha","gamma",-0.00232445032445032
"mse",73,"d","gamma",-0.814374178374178
"mse",74,"K","mu",0.00168218568218568
"mse",74,"alpha","mu",-0.0336349536349536
"mse",74,"d","mu",-0.00315113115113115
"mse",74,"gamma","mu",0.0208467808467808
"mse",74,"alpha","K",-0.307852171852172
"mse",74,"d","K",-0.820581100581101
"mse",74,"gamma","K",0.481915753915754
"mse",74,"alpha","d",-0.0308985308985309
"mse",74,"mu","rho",-0.0208030888030888
"mse",74,"K","rho",-0.554329538329538
"mse",74,"alpha","rho",-0.017992985992986
"mse",74,"d","rho",0.877296937296937
"mse",74,"gamma","rho",-0.960027432027432
"mse",74,"alpha","gamma",0.015989667989668
"mse",74,"d","gamma",-0.800433608433609
"mse",75,"K","mu",-0.038013302013302
"mse",75,"alpha","mu",-0.015952287952288
"mse",75,"d","mu",0.0446647046647047
"mse",75,"gamma","mu",-0.0141504621504622
"mse",75,"alpha","K",-0.300400692400692
"mse",75,"d","K",-0.86151144951145
"mse",75,"gamma","K",0.55402967002967
"mse",75,"alpha","d",-0.0112139512139512
"mse",75,"mu","rho",0.0174811854811855
"mse",75,"K","rho",-0.627334239334239
"mse",75,"alpha","rho",-0.025992205992206
"mse",75,"d","rho",0.892835500835501
"mse",75,"gamma","rho",-0.955305751305751
"mse",75,"alpha","gamma",0.0404326724326724
"mse",75,"d","gamma",-0.817981261981262
"mse",76,"K","mu",0.0487491127491128
"mse",76,"alpha","mu",-0.0273948393948394
"mse",76,"d","mu",-0.0200999960999961
"mse",76,"gamma","mu",0.00968890568890569
"mse",76,"alpha","K",-0.269260349260349
"mse",76,"d","K",-0.870563562563563
"mse",76,"gamma","K",0.572789864789865
"mse",76,"alpha","d",-0.0144766104766105
"mse",76,"mu","rho",-0.00725704325704326
"mse",76,"K","rho",-0.642138282138282
"mse",76,"alpha","rho",0.0137560457560458
"mse",76,"d","rho",0.889688797688798
"mse",76,"gamma","rho",-0.957100137100137
"mse",76,"alpha","gamma",-0.0140781860781861
"mse",76,"d","gamma",-0.818088734088734
"mse",77,"K","mu",-0.0172326412326412
"mse",77,"alpha","mu",-0.0155603195603196
"mse",77,"d","mu",0.0148756348756349
"mse",77,"gamma","mu",-0.00455837255837256
"mse",77,"alpha","K",-0.294441702441702
"mse",77,"d","K",-0.87011319011319
"mse",77,"gamma","K",0.548465516465516
"mse",77,"alpha","d",-0.00457658857658858
"mse",77,"mu","rho",0.00133188133188133
"mse",77,"K","rho",-0.626368418368418
"mse",77,"alpha","rho",0.0211760851760852
"mse",77,"d","rho",0.878990510990511
"mse",77,"gamma","rho",-0.947160323160323
"mse",77,"alpha","gamma",-0.0370510450510451
"mse",77,"d","gamma",-0.797064233064233
"mse",78,"K","mu",-0.0239197799197799
"mse",78,"alpha","mu",0.0347728787728788
"mse",78,"d","mu",0.00717106317106317
"mse",78,"gamma","mu",-0.0075047235047235
"mse",78,"alpha","K",-0.334492042492043
"mse",78,"d","K",-0.81794938994939
"mse",78,"gamma","K",0.514560742560743
"mse",78,"alpha","d",-0.0483264723264723
"mse",78,"mu","rho",0.0090958290958291
"mse",78,"K","rho",-0.574354642354642
"mse",78,"alpha","rho",-0.0355582915582916
"mse",78,"d","rho",0.885576837576838
"mse",78,"gamma","rho",-0.960589872589873
"mse",78,"alpha","gamma",0.0196104076104076
"mse",78,"d","gamma",-0.812680232680233
"mse",79,"K","mu",0.000651072651072651
"mse",79,"alpha","mu",-0.0132778332778333
"mse",79,"d","mu",-0.0250567570567571
"mse",79,"gamma","mu",0.022045906045906
"mse",79,"alpha","K",-0.2881161001161
"mse",79,"d","K",-0.836997344997345
"mse",79,"gamma","K",0.490817194817195
"mse",79,"alpha","d",-0.0357720837720838
"mse",79,"mu","rho",-0.0330770850770851
"mse",79,"K","rho",-0.558859242859243
"mse",79,"alpha","rho",-0.0312154992154992
"mse",79,"d","rho",0.87234212034212
"mse",79,"gamma","rho",-0.954111966111966
"mse",79,"alpha","gamma",0.012993864993865
"mse",79,"d","gamma",-0.791299595299595
"mse",80,"K","mu",0.00339127539127539
"mse",80,"alpha","mu",0.000201276201276201
"mse",80,"d","mu",-0.00176016176016176
"mse",80,"gamma","mu",-0.00907938907938908
"mse",80,"alpha","K",-0.339728943728944
"mse",80,"d","K",-0.854626262626263
"mse",80,"gamma","K",0.537337185337185
"mse",80,"alpha","d",0.0136740856740857
"mse",80,"mu","rho",-0.00192758592758593
"mse",80,"K","rho",-0.608957804957805
"mse",80,"alpha","rho",0.00883670083670084
"mse",80,"d","rho",0.883278619278619
"mse",80,"gamma","rho",-0.951131415131415
"mse",80,"alpha","gamma",0.0106461106461106
"mse",80,"d","gamma",-0.813994821994822
"mse",81,"K","mu",-0.0727719127719128
"mse",81,"alpha","mu",0.0333923133923134
"mse",81,"d","mu",0.0623460743460744
"mse",81,"gamma","mu",-0.0143021783021783
"mse",81,"alpha","K",-0.307394863394863
"mse",81,"d","K",-0.822739926739927
"mse",81,"gamma","K",0.49554255954256
"mse",81,"alpha","d",-0.0510582390582391
"mse",81,"mu","rho",0.0374083454083454
"mse",81,"K","rho",-0.555371907371907
"mse",81,"alpha","rho",-0.0505880785880786
"mse",81,"d","rho",0.876955164955165
"mse",81,"gamma","rho",-0.959994467994468
"mse",81,"alpha","gamma",0.0476181596181596
"mse",81,"d","gamma",-0.807294783294783
"mse",82,"K","mu",0.0433177393177393
"mse",82,"alpha","mu",-0.0358549198549199
"mse",82,"d","mu",-0.0339282099282099
"mse",82,"gamma","mu",0.0117760077760078
"mse",82,"alpha","K",-0.346716190716191
"mse",82,"d","K",-0.806936486936487
"mse",82,"gamma","K",0.515690231690232
"mse",82,"alpha","d",-0.0453289413289413
"mse",82,"mu","rho",-0.0196172596172596
"mse",82,"K","rho",-0.578044754044754
"mse",82,"alpha","rho",-0.039029391029391
"mse",82,"d","rho",0.899816951816952
"mse",82,"gamma","rho",-0.966664398664399
"mse",82,"alpha","gamma",0.0404255444255444
"mse",82,"d","gamma",-0.832836316836317
"mse",83,"K","mu",-0.0222630702630703
"mse",83,"alpha","mu",-0.00131035331035331
"mse",83,"d","mu",0.00479209679209679
"mse",83,"gamma","mu",-0.011024603024603
"mse",83,"alpha","K",-0.330145554145554
"mse",83,"d","K",-0.85797962997963
"mse",83,"gamma","K",0.529034137034137
"mse",83,"alpha","d",0.0340581340581341
"mse",83,"mu","rho",0.00690687090687091
"mse",83,"K","rho",-0.603632415632416
"mse",83,"alpha","rho",0.0307080307080307
"mse",83,"d","rho",0.880431244431245
"mse",83,"gamma","rho",-0.962750882750883
"mse",83,"alpha","gamma",-0.0235930915930916
"mse",83,"d","gamma",-0.805103509103509
"mse",84,"K","mu",-0.0133745893745894
"mse",84,"alpha","mu",0.00775486375486376
"mse",84,"d","mu",0.00917757317757318
"mse",84,"gamma","mu",-0.00826217626217626
"mse",84,"alpha","K",-0.251779187779188
"mse",84,"d","K",-0.849643473643474
"mse",84,"gamma","K",0.513361461361461
"mse",84,"alpha","d",-0.0673572673572674
"mse",84,"mu","rho",0.0135356775356775
"mse",84,"K","rho",-0.592691188691189
"mse",84,"alpha","rho",-0.0336884616884617
"mse",84,"d","rho",0.876820776820777
"mse",84,"gamma","rho",-0.94984222984223
"mse",84,"alpha","gamma",0.0222085302085302
"mse",84,"d","gamma",-0.795505803505803
"mse",85,"K","mu",0.0426468306468307
"mse",85,"alpha","mu",-0.0293366933366933
"mse",85,"d","mu",-0.0167582087582088
"mse",85,"gamma","mu",-0.022008586008586
"mse",85,"alpha","K",-0.401362733362733
"mse",85,"d","K",-0.806240702240702
"mse",85,"gamma","K",0.506813078813079
"mse",85,"alpha","d",0.0212281892281892
"mse",85,"mu","rho",0.0117299997299997
"mse",85,"K","rho",-0.565183789183789
"mse",85,"alpha","rho",0.0135150375150375
"mse",85,"d","rho",0.885762945762946
"mse",85,"gamma","rho",-0.977414405414406
"mse",85,"alpha","gamma",-0.00492786492786493
"mse",85,"d","gamma",-0.819256935256935
"mse",86,"K","mu",-0.0077936837936838
"mse",86,"alpha","mu",-0.0153144513144513
"mse",86,"d","mu",0.0118500598500599
"mse",86,"gamma","mu",-0.0131705531705532
"mse",86,"alpha","K",-0.358590478590479
"mse",86,"d","K",-0.855189759189759
"mse",86,"gamma","K",0.511284487284487
"mse",86,"alpha","d",0.0356527556527557
"mse",86,"mu","rho",0.00438337638337638
"mse",86,"K","rho",-0.602229938229938
"mse",86,"alpha","rho",0.0248867528867529
"mse",86,"d","rho",0.87950067950068
"mse",86,"gamma","rho",-0.946961290961291
"mse",86,"alpha","gamma",-0.0227972147972148
"mse",86,"d","gamma",-0.786626358626359
"mse",87,"K","mu",0.017031581031581
"mse",87,"alpha","mu",0.00387755187755188
"mse",87,"d","mu",-0.0165348885348885
"mse",87,"gamma","mu",-0.00694024294024294
"mse",87,"alpha","K",-0.29604662004662
"mse",87,"d","K",-0.844558960558961
"mse",87,"gamma","K",0.512850140850141
"mse",87,"alpha","d",-0.0480730200730201
"mse",87,"mu","rho",0.00147934947934948
"mse",87,"K","rho",-0.592896736896737
"mse",87,"alpha","rho",-0.0543572703572704
"mse",87,"d","rho",0.880603756603757
"mse",87,"gamma","rho",-0.955376083376083
"mse",87,"alpha","gamma",0.0650968970968971
"mse",87,"d","gamma",-0.800869484869485
"mse",88,"K","mu",-0.0276628716628717
"mse",88,"alpha","mu",0.054949134949135
"mse",88,"d","mu",0.0198388518388518
"mse",88,"gamma","mu",-0.0148732348732349
"mse",88,"alpha","K",-0.276530184530185
"mse",88,"d","K",-0.882610950610951
"mse",88,"gamma","K",0.571823311823312
"mse",88,"alpha","d",0.00776661176661177
"mse",88,"mu","rho",0.0292852252852253
"mse",88,"K","rho",-0.651900063900064
"mse",88,"alpha","rho",0.0236930636930637
"mse",88,"d","rho",0.889147141147141
"mse",88,"gamma","rho",-0.943178479178479
"mse",88,"alpha","gamma",-0.0316462636462636
"mse",88,"d","gamma",-0.807249375249375
"mse",89,"K","mu",-0.0231658671658672
"mse",89,"alpha","mu",-0.00461663261663262
"mse",89,"d","mu",0.0328347568347568
"mse",89,"gamma","mu",0.00418877218877219
"mse",89,"alpha","K",-0.356729108729109
"mse",89,"d","K",-0.806289662289662
"mse",89,"gamma","K",0.466307542307542
"mse",89,"alpha","d",-0.00492378492378492
"mse",89,"mu","rho",0.00948934548934549
"mse",89,"K","rho",-0.532170472170472
"mse",89,"alpha","rho",-0.0264398664398664
"mse",89,"d","rho",0.876462876462877
"mse",89,"gamma","rho",-0.976827688827689
"mse",89,"alpha","gamma",0.0309060549060549
"mse",89,"d","gamma",-0.808418920418921
"mse",90,"K","mu",-0.0584465144465145
"mse",90,"alpha","mu",-0.0242516402516403
"mse",90,"d","mu",0.0819066819066819
"mse",90,"gamma","mu",-0.0375009615009615
"mse",90,"alpha","K",-0.350227142227142
"mse",90,"d","K",-0.806151854151854
"mse",90,"gamma","K",0.476721332721333
"mse",90,"alpha","d",-0.0404719964719965
"mse",90,"mu","rho",0.0530521730521731
"mse",90,"K","rho",-0.546839238839239
"mse",90,"alpha","rho",-0.0552197112197112
"mse",90,"d","rho",0.882848970848971
"mse",90,"gamma","rho",-0.963637035637036
"mse",90,"alpha","gamma",0.04600189000189
"mse",90,"d","gamma",-0.801109293109293
"mse",91,"K","mu",0.0653691773691774
"mse",91,"alpha","mu",-0.034043602043602
"mse",91,"d","mu",-0.0603209283209283
"mse",91,"gamma","mu",0.0445521805521806
"mse",91,"alpha","K",-0.359205635205635
"mse",91,"d","K",-0.830658470658471
"mse",91,"gamma","K",0.466781338781339
"mse",91,"alpha","d",0.00585557385557386
"mse",91,"mu","rho",-0.0501221661221661
"mse",91,"K","rho",-0.550716610716611
"mse",91,"alpha","rho",0.0123331443331443
"mse",91,"d","rho",0.856742584742585
"mse",91,"gamma","rho",-0.954907410907411
"mse",91,"alpha","gamma",-0.000351396351396351
"mse",91,"d","gamma",-0.76941346941347
"mse",92,"K","mu",-0.00465584865584866
"mse",92,"alpha","mu",0.0331153891153891
"mse",92,"d","mu",-0.00978249378249378
"mse",92,"gamma","mu",-0.00873393273393274
"mse",92,"alpha","K",-0.28644187044187
"mse",92,"d","K",-0.843594555594556
"mse",92,"gamma","K",0.499006243006243
"mse",92,"alpha","d",-0.0668776868776869
"mse",92,"mu","rho",-0.00118562518562519
"mse",92,"K","rho",-0.573232329232329
"mse",92,"alpha","rho",-0.066959526959527
"mse",92,"d","rho",0.867317439317439
"mse",92,"gamma","rho",-0.952986904986905
"mse",92,"alpha","gamma",0.0641730881730882
"mse",92,"d","gamma",-0.785234165234165
"mse",93,"K","mu",-0.00442336042336042
"mse",93,"alpha","mu",-0.00948656148656149
"mse",93,"d","mu",0.00227405027405027
"mse",93,"gamma","mu",0.01597341997342
"mse",93,"alpha","K",-0.322271074271074
"mse",93,"d","K",-0.839313383313383
"mse",93,"gamma","K",0.519787323787324
"mse",93,"alpha","d",-0.0153954873954874
"mse",93,"mu","rho",-0.0122911562911563
"mse",93,"K","rho",-0.589008469008469
"mse",93,"alpha","rho",0.0233848073848074
"mse",93,"d","rho",0.872653868653869
"mse",93,"gamma","rho",-0.958284958284958
"mse",93,"alpha","gamma",-0.0376231216231216
"mse",93,"d","gamma",-0.79146455946456
"mse",94,"K","mu",-0.0176233016233016
"mse",94,"alpha","mu",-0.00324114324114324
"mse",94,"d","mu",0.0314793434793435
"mse",94,"gamma","mu",-0.00731692331692332
"mse",94,"alpha","K",-0.32240281040281
"mse",94,"d","K",-0.844978528978529
"mse",94,"gamma","K",0.542268374268374
"mse",94,"alpha","d",-0.0242483282483283
"mse",94,"mu","rho",0.0167837927837928
"mse",94,"K","rho",-0.619681543681544
"mse",94,"alpha","rho",-0.0118711198711199
"mse",94,"d","rho",0.893114549114549
"mse",94,"gamma","rho",-0.955656295656296
"mse",94,"alpha","gamma",0.0210846210846211
"mse",94,"d","gamma",-0.81410875010875
"mse",95,"K","mu",0.0178696138696139
"mse",95,"alpha","mu",0.00923295323295323
"mse",95,"d","mu",-0.0160683880683881
"mse",95,"gamma","mu",0.0270498390498391
"mse",95,"alpha","K",-0.349052773052773
"mse",95,"d","K",-0.836054144054144
"mse",95,"gamma","K",0.502614502614503
"mse",95,"alpha","d",0.0117964077964078
"mse",95,"mu","rho",-0.0188468348468348
"mse",95,"K","rho",-0.573808293808294
"mse",95,"alpha","rho",-0.00138147738147738
"mse",95,"d","rho",0.877026001026001
"mse",95,"gamma","rho",-0.958329898329898
"mse",95,"alpha","gamma",0.0191770751770752
"mse",95,"d","gamma",-0.801565785565786
"mse",96,"K","mu",0.0440602400602401
"mse",96,"alpha","mu",-0.0237665157665158
"mse",96,"d","mu",-0.0357053517053517
"mse",96,"gamma","mu",0.0198515718515719
"mse",96,"alpha","K",-0.25808397008397
"mse",96,"d","K",-0.867817767817768
"mse",96,"gamma","K",0.556846180846181
"mse",96,"alpha","d",-0.040954444954445
"mse",96,"mu","rho",-0.0258150138150138
"mse",96,"K","rho",-0.624956988956989
"mse",96,"alpha","rho",-0.0327052527052527
"mse",96,"d","rho",0.88733825933826
"mse",96,"gamma","rho",-0.944943368943369
"mse",96,"alpha","gamma",0.0144364104364104
"mse",96,"d","gamma",-0.813577917577918
"mse",97,"K","mu",0.0410708330708331
"mse",97,"alpha","mu",-0.0113840153840154
"mse",97,"d","mu",-0.0147822387822388
"mse",97,"gamma","mu",-0.0176042936042936
"mse",97,"alpha","K",-0.32546218946219
"mse",97,"d","K",-0.831792171792172
"mse",97,"gamma","K",0.527532827532828
"mse",97,"alpha","d",-0.0138187098187098
"mse",97,"mu","rho",0.0086965286965287
"mse",97,"K","rho",-0.592695304695305
"mse",97,"alpha","rho",-0.00204643404643405
"mse",97,"d","rho",0.891116091116091
"mse",97,"gamma","rho",-0.964124404124404
"mse",97,"alpha","gamma",-0.0107012507012507
"mse",97,"d","gamma",-0.8162655002655
"mse",98,"K","mu",0.0295429975429975
"mse",98,"alpha","mu",0.036981600981601
"mse",98,"d","mu",-0.0282032082032082
"mse",98,"gamma","mu",0.00164017364017364
"mse",98,"alpha","K",-0.377798057798058
"mse",98,"d","K",-0.793184845184845
"mse",98,"gamma","K",0.448678312678313
"mse",98,"alpha","d",-0.0166520326520327
"mse",98,"mu","rho",-0.00709013509013509
"mse",98,"K","rho",-0.51386940986941
"mse",98,"alpha","rho",-0.0152206832206832
"mse",98,"d","rho",0.869785997785998
"mse",98,"gamma","rho",-0.962523146523147
"mse",98,"alpha","gamma",0.0180985380985381
"mse",98,"d","gamma",-0.794083142083142
"mse",99,"K","mu",-0.005999921999922
"mse",99,"alpha","mu",-0.0285531645531646
"mse",99,"d","mu",-0.00885167685167685
"mse",99,"gamma","mu",0.0646025206025206
"mse",99,"alpha","K",-0.376572760572761
"mse",99,"d","K",-0.848233736233736
"mse",99,"gamma","K",0.537870381870382
"mse",99,"alpha","d",0.0507838347838348
"mse",99,"mu","rho",-0.0563420003420003
"mse",99,"K","rho",-0.603874023874024
"mse",99,"alpha","rho",0.0583785343785344
"mse",99,"d","rho",0.881683601683602
"mse",99,"gamma","rho",-0.9560687000687
"mse",99,"alpha","gamma",-0.0648141528141528
"mse",99,"d","gamma",-0.806732834732835
"mse",100,"K","mu",0.00208262608262608
"mse",100,"alpha","mu",-0.0143284703284703
"mse",100,"d","mu",0.00456719256719257
"mse",100,"gamma","mu",0.0294808614808615
"mse",100,"alpha","K",-0.328662256662257
"mse",100,"d","K",-0.842060786060786
"mse",100,"gamma","K",0.511220263220263
"mse",100,"alpha","d",0.0027991347991348
"mse",100,"mu","rho",-0.0148882588882589
"mse",100,"K","rho",-0.590226938226938
"mse",100,"alpha","rho",-0.00277829077829078
"mse",100,"d","rho",0.882359886359886
"mse",100,"gamma","rho",-0.958617370617371
"mse",100,"alpha","gamma",-0.00847216447216447
"mse",100,"d","gamma",-0.796322596322596
"rate_state",1,"K","mu",-0.0612644172644173
"rate_state",1,"alpha","mu",0.0393194913194913
"rate_state",1,"1-B","mu",0.0449152889152889
"rate_state",1,"alpha","K",-0.286743226743227
"rate_state",1,"1-B","K",-0.788209244209244
"rate_state",1,"1-B","alpha",-0.039973467973468
"rate_state",1,"mu","ta",-0.0265528705528706
"rate_state",1,"K","ta",0.126373218373218
"rate_state",1,"alpha","ta",0.0483067563067563
"rate_state",1,"1-B","ta",-0.600858864858865
"rate_state",2,"K","mu",-0.00216409416409416
"rate_state",2,"alpha","mu",0.0225895785895786
"rate_state",2,"1-B","mu",-0.0423556023556024
"rate_state",2,"alpha","K",-0.333504393504394
"rate_state",2,"1-B","K",-0.773219081219081
"rate_state",2,"1-B","alpha",-0.0144630024630025
"rate_state",2,"mu","ta",0.0351402471402471
"rate_state",2,"K","ta",0.0907717627717628
"rate_state",2,"alpha","ta",0.0188287388287388
"rate_state",2,"1-B","ta",-0.5794233994234
"rate_state",3,"K","mu",0.00727429927429927
"rate_state",3,"alpha","mu",-0.0201433401433401
"rate_state",3,"1-B","mu",0.0153344553344553
"rate_state",3,"alpha","K",-0.338999306999307
"rate_state",3,"1-B","K",-0.765519465519466
"rate_state",3,"1-B","alpha",0.0084962724962725
"rate_state",3,"mu","ta",-0.0303849063849064
"rate_state",3,"K","ta",0.106212898212898
"rate_state",3,"alpha","ta",-0.0353901953901954
"rate_state",3,"1-B","ta",-0.596267804267804
"rate_state",4,"K","mu",-0.00173584973584974
"rate_state",4,"alpha","mu",0.0265043065043065
"rate_state",4,"1-B","mu",-0.00939154539154539
"rate_state",4,"alpha","K",-0.307791523791524
"rate_state",4,"1-B","K",-0.80338367938368
"rate_state",4,"1-B","alpha",-0.0332544452544453
"rate_state",4,"mu","ta",-0.000682392682392682
"rate_state",4,"K","ta",0.163225675225675
"rate_state",4,"alpha","ta",0.0214369654369654
"rate_state",4,"1-B","ta",-0.602997254997255
"rate_state",5,"K","mu",0.0278528918528919
"rate_state",5,"alpha","mu",-0.0317334557334557
"rate_state",5,"1-B","mu",-0.0322452442452442
"rate_state",5,"alpha","K",-0.297264309264309
"rate_state",5,"1-B","K",-0.81971643971644
"rate_state",5,"1-B","alpha",-0.00518383718383718
"rate_state",5,"mu","ta",0.0241383241383241
"rate_state",5,"K","ta",0.178469254469254
"rate_state",5,"alpha","ta",-0.016981012981013
"rate_state",5,"1-B","ta",-0.596775440775441
"rate_state",6,"K","mu",0.0282236562236562
"rate_state",6,"alpha","mu",0.00155503355503356
"rate_state",6,"1-B","mu",-0.00538272538272538
"rate_state",6,"alpha","K",-0.304649008649009
"rate_state",6,"1-B","K",-0.79410245010245
"rate_state",6,"1-B","alpha",-0.020980592980593
"rate_state",6,"mu","ta",-0.0321203721203721
"rate_state",6,"K","ta",0.0857080817080817
"rate_state",6,"alpha","ta",-0.00322327522327522
"rate_state",6,"1-B","ta",-0.542009222009222
"rate_state",7,"K","mu",-0.0416587256587257
"rate_state",7,"alpha","mu",-0.00342398742398742
"rate_state",7,"1-B","mu",0.00143263343263343
"rate_state",7,"alpha","K",-0.271180123180123
"rate_state",7,"1-B","K",-0.782079074079074
"rate_state",7,"1-B","alpha",-0.0411999411999412
"rate_state",7,"mu","ta",0.050962694962695
"rate_state",7,"K","ta",0.158406302406302
"rate_state",7,"alpha","ta",-0.0101795981795982
"rate_state",7,"1-B","ta",-0.634912282912283
"rate_state",8,"K","mu",-0.0023032463032463
"rate_state",8,"alpha","mu",0.0194858714858715
"rate_state",8,"1-B","mu",-0.00457321657321657
"rate_state",8,"alpha","K",-0.316841764841765
"rate_state",8,"1-B","K",-0.753457521457522
"rate_state",8,"1-B","alpha",-0.0538434538434538
"rate_state",8,"mu","ta",0.0212834972834973
"rate_state",8,"K","ta",0.0593327513327513
"rate_state",8,"alpha","ta",0.026027654027654
"rate_state",8,"1-B","ta",-0.567673827673828
"rate_state",9,"K","mu",-0.0058009018009018
"rate_state",9,"alpha","mu",-0.0195729675729676
"rate_state",9,"1-B","mu",0.016006204006204
"rate_state",9,"alpha","K",-0.366459174459174
"rate_state",9,"1-B","K",-0.770819270819271
"rate_state",9,"1-B","alpha",-0.00945464145464145
"rate_state",9,"mu","ta",0.00867153267153267
"rate_state",9,"K","ta",0.132517404517405
"rate_state",9,"alpha","ta",-0.0104510504510505
"rate_state",9,"1-B","ta",-0.597184749184749
"rate_state",10,"K","mu",0.0229130509130509
"rate_state",10,"alpha","mu",-0.0176427416427416
"rate_state",10,"1-B","mu",-0.0352878232878233
"rate_state",10,"alpha","K",-0.360980700980701
"rate_state",10,"1-B","K",-0.797303633303633
"rate_state",10,"1-B","alpha",0.0173926973926974
"rate_state",10,"mu","ta",0.0387512427512428
"rate_state",10,"K","ta",0.160251112251112
"rate_state",10,"alpha","ta",-0.0159756999757
"rate_state",10,"1-B","ta",-0.596841512841513
"rate_state",11,"K","mu",0.00555461355461356
"rate_state",11,"alpha","mu",0.00373927573927574
"rate_state",11,"1-B","mu",-0.026982902982903
"rate_state",11,"alpha","K",-0.329725337725338
"rate_state",11,"1-B","K",-0.761910077910078
"rate_state",11,"1-B","alpha",-0.0432833232833233
"rate_state",11,"mu","ta",0.0363646083646084
"rate_state",11,"K","ta",0.100471576471576
"rate_state",11,"alpha","ta",0.04202421002421
"rate_state",11,"1-B","ta",-0.593738201738202
"rate_state",12,"K","mu",-0.0135777135777136
"rate_state",12,"alpha","mu",-0.023025275025275
"rate_state",12,"1-B","mu",0.0154187674187674
"rate_state",12,"alpha","K",-0.348454644454645
"rate_state",12,"1-B","K",-0.790100926100926
"rate_state",12,"1-B","alpha",-0.00307200307200307
"rate_state",12,"mu","ta",0.00621880221880222
"rate_state",12,"K","ta",0.161713793713794
"rate_state",12,"alpha","ta",-0.0143639423639424
"rate_state",12,"1-B","ta",-0.610567306567307
"rate_state",13,"K","mu",0.00243419043419043
"rate_state",13,"alpha","mu",0.00274533874533875
"rate_state",13,"1-B","mu",0.0135543015543016
"rate_state",13,"alpha","K",-0.330787614787615
"rate_state",13,"1-B","K",-0.769416313416313
"rate_state",13,"1-B","alpha",-0.0512084072084072
"rate_state",13,"mu","ta",-0.0271937071937072
"rate_state",13,"K","ta",0.117105993105993
"rate_state",13,"alpha","ta",0.048950280950281
"rate_state",13,"1-B","ta",-0.588808536808537
"rate_state",14,"K","mu",0.00473258873258873
"rate_state",14,"alpha","mu",0.0153686433686434
"rate_state",14,"1-B","mu",-0.0158028878028878
"rate_state",14,"alpha","K",-0.357779517779518
"rate_state",14,"1-B","K",-0.69826115026115
"rate_state",14,"1-B","alpha",-0.0283666603666604
"rate_state",14,"mu","ta",0.0265707865707866
"rate_state",14,"K","ta",0.0228833628833629
"rate_state",14,"alpha","ta",0.0575683535683536
"rate_state",14,"1-B","ta",-0.624291504291504
"rate_state",15,"K","mu",-0.00408978408978409
"rate_state",15,"alpha","mu",0.0053937413937414
"rate_state",15,"1-B","mu",-0.000258948258948259
"rate_state",15,"alpha","K",-0.337733233733234
"rate_state",15,"1-B","K",-0.791353583353583
"rate_state",15,"1-B","alpha",-0.00174656574656575
"rate_state",15,"mu","ta",0.0153105393105393
"rate_state",15,"K","ta",0.132578148578149
"rate_state",15,"alpha","ta",-0.0201496161496162
"rate_state",15,"1-B","ta",-0.59002895002895
"rate_state",16,"K","mu",-0.0296545136545137
"rate_state",16,"alpha","mu",0.0323764283764284
"rate_state",16,"1-B","mu",0.0273251913251913
"rate_state",16,"alpha","K",-0.322304158304158
"rate_state",16,"1-B","K",-0.774619806619807
"rate_state",16,"1-B","alpha",-0.0204850524850525
"rate_state",16,"mu","ta",-0.037986661986662
"rate_state",16,"K","ta",0.143430167430167
"rate_state",16,"alpha","ta",-0.0442938802938803
"rate_state",16,"1-B","ta",-0.604703836703837
"rate_state",17,"K","mu",0.0940848220848221
"rate_state",17,"alpha","mu",-0.0198123678123678
"rate_state",17,"1-B","mu",-0.0562109362109362
"rate_state",17,"alpha","K",-0.321739173739174
"rate_state",17,"1-B","K",-0.767603831603832
"rate_state",17,"1-B","alpha",-0.0234661674661675
"rate_state",17,"mu","ta",-0.00726018726018726
"rate_state",17,"K","ta",0.158252222252222
"rate_state",17,"alpha","ta",-0.0271376551376551
"rate_state",17,"1-B","ta",-0.633857145857146
"rate_state",18,"K","mu",0.0201340761340761
"rate_state",18,"alpha","mu",-0.0425357705357705
"rate_state",18,"1-B","mu",0.00987245787245787
"rate_state",18,"alpha","K",-0.357404997404997
"rate_state",18,"1-B","K",-0.797566457566458
"rate_state",18,"1-B","alpha",0.00324858324858325
"rate_state",18,"mu","ta",-0.0523448203448204
"rate_state",18,"K","ta",0.135269751269751
"rate_state",18,"alpha","ta",0.0431333231333231
"rate_state",18,"1-B","ta",-0.583583035583036
"rate_state",19,"K","mu",0.0373803493803494
"rate_state",19,"alpha","mu",-0.0505633465633466
"rate_state",19,"1-B","mu",0.00677295077295077
"rate_state",19,"alpha","K",-0.284968256968257
"rate_state",19,"1-B","K",-0.792266424266424
"rate_state",19,"1-B","alpha",-0.0151568431568432
"rate_state",19,"mu","ta",-0.0332278532278532
"rate_state",19,"K","ta",0.0949086109086109
"rate_state",19,"alpha","ta",-0.0186768906768907
"rate_state",19,"1-B","ta",-0.568839664839665
"rate_state",20,"K","mu",-0.0172820812820813
"rate_state",20,"alpha","mu",-0.0241557361557362
"rate_state",20,"1-B","mu",0.0294335454335454
"rate_state",20,"alpha","K",-0.331298203298203
"rate_state",20,"1-B","K",-0.74420172020172
"rate_state",20,"1-B","alpha",-0.0320949440949441
"rate_state",20,"mu","ta",0.0158301038301038
"rate_state",20,"K","ta",0.0808323808323808
"rate_state",20,"alpha","ta",0.0277880677880678
"rate_state",20,"1-B","ta",-0.611882771882772
"rate_state",21,"K","mu",-0.0353464433464434
"rate_state",21,"alpha","mu",0.0134154014154014
"rate_state",21,"1-B","mu",0.0487705087705088
"rate_state",21,"alpha","K",-0.351452547452548
"rate_state",21,"1-B","K",-0.759444723444724
"rate_state",21,"1-B","alpha",-0.0318850278850279
"rate_state",21,"mu","ta",-0.0474518274518275
"rate_state",21,"K","ta",0.0755529035529036
"rate_state",21,"alpha","ta",0.0477799077799078
"rate_state",21,"1-B","ta",-0.580502524502525
"rate_state",22,"K","mu",-0.0473398073398073
"rate_state",22,"alpha","mu",0.00578718578718579
"rate_state",22,"1-B","mu",0.0220875100875101
"rate_state",22,"alpha","K",-0.331362127362127
"rate_state",22,"1-B","K",-0.761389733389733
"rate_state",22,"1-B","alpha",-0.0287668247668248
"rate_state",22,"mu","ta",0.0222406902406902
"rate_state",22,"K","ta",0.0991204711204711
"rate_state",22,"alpha","ta",0.0330531330531331
"rate_state",22,"1-B","ta",-0.600032388032388
"rate_state",23,"K","mu",0.0369400449400449
"rate_state",23,"alpha","mu",-0.00891858891858892
"rate_state",23,"1-B","mu",-0.0384542904542905
"rate_state",23,"alpha","K",-0.304992856992857
"rate_state",23,"1-B","K",-0.76952230952231
"rate_state",23,"1-B","alpha",-0.0362624882624883
"rate_state",23,"mu","ta",0.0190949230949231
"rate_state",23,"K","ta",0.0888122448122448
"rate_state",23,"alpha","ta",0.0207464007464007
"rate_state",23,"1-B","ta",-0.577416433416433
"rate_state",24,"K","mu",-0.0427231747231747
"rate_state",24,"alpha","mu",-0.0165015045015045
"rate_state",24,"1-B","mu",0.0301754221754222
"rate_state",24,"alpha","K",-0.346706074706075
"rate_state",24,"1-B","K",-0.774705534705535
"rate_state",24,"1-B","alpha",0.0214739974739975
"rate_state",24,"mu","ta",0.0184804504804505
"rate_state",24,"K","ta",0.0856446136446136
"rate_state",24,"alpha","ta",0.0107745707745708
"rate_state",24,"1-B","ta",-0.58758911958912
"rate_state",25,"K","mu",0.0234813114813115
"rate_state",25,"alpha","mu",0.034966702966703
"rate_state",25,"1-B","mu",-0.0070993990993991
"rate_state",25,"alpha","K",-0.351660771660772
"rate_state",25,"1-B","K",-0.791245331245331
"rate_state",25,"1-B","alpha",0.0641311481311481
"rate_state",25,"mu","ta",-0.0319257559257559
"rate_state",25,"K","ta",0.12167938967939
"rate_state",25,"alpha","ta",-0.102648426648427
"rate_state",25,"1-B","ta",-0.575082083082083
"rate_state",26,"K","mu",0.0128097248097248
"rate_state",26,"alpha","mu",0.00469042069042069
"rate_state",26,"1-B","mu",-0.0228121668121668
"rate_state",26,"alpha","K",-0.2640126000126
"rate_state",26,"1-B","K",-0.819258159258159
"rate_state",26,"1-B","alpha",-0.0129179769179769
"rate_state",26,"mu","ta",0.00402796002796003
"rate_state",26,"K","ta",0.155127071127071
"rate_state",26,"alpha","ta",-0.0166865446865447
"rate_state",26,"1-B","ta",-0.590116694116694
"rate_state",27,"K","mu",-0.00724501924501925
"rate_state",27,"alpha","mu",0.0484384084384084
"rate_state",27,"1-B","mu",-0.00030967230967231
"rate_state",27,"alpha","K",-0.306302286302286
"rate_state",27,"1-B","K",-0.75830345030345
"rate_state",27,"1-B","alpha",-0.0648018288018288
"rate_state",27,"mu","ta",0.0232277512277512
"rate_state",27,"K","ta",0.0880177000177
"rate_state",27,"alpha","ta",0.0503655023655024
"rate_state",27,"1-B","ta",-0.596471612471613
"rate_state",28,"K","mu",-0.0364973164973165
"rate_state",28,"alpha","mu",0.00704279504279504
"rate_state",28,"1-B","mu",0.0428127908127908
"rate_state",28,"alpha","K",-0.324156852156852
"rate_state",28,"1-B","K",-0.802482226482227
"rate_state",28,"1-B","alpha",0.0152500352500353
"rate_state",28,"mu","ta",-0.0424152784152784
"rate_state",28,"K","ta",0.154563202563203
"rate_state",28,"alpha","ta",-0.0132152052152052
"rate_state",28,"1-B","ta",-0.602021438021438
"rate_state",29,"K","mu",0.00887564087564088
"rate_state",29,"alpha","mu",-0.0501360861360861
"rate_state",29,"1-B","mu",0.0216467136467136
"rate_state",29,"alpha","K",-0.317046917046917
"rate_state",29,"1-B","K",-0.795163515163515
"rate_state",29,"1-B","alpha",0.000887400887400888
"rate_state",29,"mu","ta",-0.0201352761352761
"rate_state",29,"K","ta",0.18450628050628
"rate_state",29,"alpha","ta",0.00354339954339954
"rate_state",29,"1-B","ta",-0.636882864882865
"rate_state",30,"K","mu",-0.00403972003972004
"rate_state",30,"alpha","mu",0.00368654768654769
"rate_state",30,"1-B","mu",-0.0211876651876652
"rate_state",30,"alpha","K",-0.337294141294141
"rate_state",30,"1-B","K",-0.783913263913264
"rate_state",30,"1-B","alpha",-0.0056975696975697
"rate_state",30,"mu","ta",0.0337482577482578
"rate_state",30,"K","ta",0.0882263922263922
"rate_state",30,"alpha","ta",0.0103347103347103
"rate_state",30,"1-B","ta",-0.562083274083274
"rate_state",31,"K","mu",-0.0020958500958501
"rate_state",31,"alpha","mu",-0.0346710346710347
"rate_state",31,"1-B","mu",0.032024864024864
"rate_state",31,"alpha","K",-0.361603297603298
"rate_state",31,"1-B","K",-0.790994794994795
"rate_state",31,"1-B","alpha",0.0522611922611923
"rate_state",31,"mu","ta",-0.0121124521124521
"rate_state",31,"K","ta",0.141291501291501
"rate_state",31,"alpha","ta",-0.0854662934662935
"rate_state",31,"1-B","ta",-0.586811134811135
"rate_state",32,"K","mu",0.0465736065736066
"rate_state",32,"alpha","mu",0.0197898797898798
"rate_state",32,"1-B","mu",-0.0751868671868672
"rate_state",32,"alpha","K",-0.33182311982312
"rate_state",32,"1-B","K",-0.787319371319371
"rate_state",32,"1-B","alpha",0.00277255477255477
"rate_state",32,"mu","ta",0.0516004596004596
"rate_state",32,"K","ta",0.156462876462876
"rate_state",32,"alpha","ta",-0.0134260334260334
"rate_state",32,"1-B","ta",-0.617733905733906
"rate_state",33,"K","mu",0.0245707805707806
"rate_state",33,"alpha","mu",0.0128047688047688
"rate_state",33,"1-B","mu",-0.0307441507441507
"rate_state",33,"alpha","K",-0.302706986706987
"rate_state",33,"1-B","K",-0.814080706080706
"rate_state",33,"1-B","alpha",0.00654720654720655
"rate_state",33,"mu","ta",0.00943332943332944
"rate_state",33,"K","ta",0.132547164547165
"rate_state",33,"alpha","ta",-0.0432466992466993
"rate_state",33,"1-B","ta",-0.563191259191259
"rate_state",34,"K","mu",0.00929040929040929
"rate_state",34,"alpha","mu",-0.0307538467538468
"rate_state",34,"1-B","mu",-0.0105703305703306
"rate_state",34,"alpha","K",-0.31980085980086
"rate_state",34,"1-B","K",-0.777050133050133
"rate_state",34,"1-B","alpha",-0.0311039951039951
"rate_state",34,"mu","ta",0.0194016194016194
"rate_state",34,"K","ta",0.092012384012384
"rate_state",34,"alpha","ta",0.0160510960510961
"rate_state",34,"1-B","ta",-0.576414276414276
"rate_state",35,"K","mu",-0.00730992730992731
"rate_state",35,"alpha","mu",-0.0475830835830836
"rate_state",35,"1-B","mu",0.0344536664536665
"rate_state",35,"alpha","K",-0.284694440694441
"rate_state",35,"1-B","K",-0.795376803376803
"rate_state",35,"1-B","alpha",-0.0226881586881587
"rate_state",35,"mu","ta",-0.028996024996025
"rate_state",35,"K","ta",0.110900954900955
"rate_state",35,"alpha","ta",0.015991755991756
"rate_state",35,"1-B","ta",-0.581270669270669
"rate_state",36,"K","mu",-0.0354781314781315
"rate_state",36,"alpha","mu",-0.0188967668967669
"rate_state",36,"1-B","mu",0.0312049392049392
"rate_state",36,"alpha","K",-0.334395778395778
"rate_state",36,"1-B","K",-0.79196321996322
"rate_state",36,"1-B","alpha",0.0153685233685234
"rate_state",36,"mu","ta",-0.0104510504510505
"rate_state",36,"K","ta",0.0809098169098169
"rate_state",36,"alpha","ta",-0.0371008451008451
"rate_state",36,"1-B","ta",-0.543398835398835
"rate_state",37,"K","mu",-0.0134148974148974
"rate_state",37,"alpha","mu",-0.00666060666060666
"rate_state",37,"1-B","mu",0.0356116436116436
"rate_state",37,"alpha","K",-0.240833784833785
"rate_state",37,"1-B","K",-0.795354291354291
"rate_state",37,"1-B","alpha",-0.0594152634152634
"rate_state",37,"mu","ta",-0.0181084261084261
"rate_state",37,"K","ta",0.140984768984769
"rate_state",37,"alpha","ta",-0.0331799251799252
"rate_state",37,"1-B","ta",-0.590199734199734
"rate_state",38,"K","mu",0.0151509031509032
"rate_state",38,"alpha","mu",0.0145475185475185
"rate_state",38,"1-B","mu",-0.0202654162654163
"rate_state",38,"alpha","K",-0.320144384144384
"rate_state",38,"1-B","K",-0.764779448779449
"rate_state",38,"1-B","alpha",-0.0311637071637072
"rate_state",38,"mu","ta",0.0045993285993286
"rate_state",38,"K","ta",0.0775198015198015
"rate_state",38,"alpha","ta",0.0393221913221913
"rate_state",38,"1-B","ta",-0.588663768663769
"rate_state",39,"K","mu",0.0701021141021141
"rate_state",39,"alpha","mu",-0.0361711081711082
"rate_state",39,"1-B","mu",-0.0469303309303309
"rate_state",39,"alpha","K",-0.319419931419931
"rate_state",39,"1-B","K",-0.827906975906976
"rate_state",39,"1-B","alpha",0.0467853707853708
"rate_state",39,"mu","ta",-0.0100886980886981
"rate_state",39,"K","ta",0.122793470793471
"rate_state",39,"alpha","ta",-0.0697226137226137
"rate_state",39,"1-B","ta",-0.53408427008427
"rate_state",40,"K","mu",0.0253860013860014
"rate_state",40,"alpha","mu",0.00735005535005535
"rate_state",40,"1-B","mu",-0.0281048081048081
"rate_state",40,"alpha","K",-0.326863706863707
"rate_state",40,"1-B","K",-0.759188055188055
"rate_state",40,"1-B","alpha",-0.00505171705171705
"rate_state",40,"mu","ta",-0.00337171537171537
"rate_state",40,"K","ta",0.0798992718992719
"rate_state",40,"alpha","ta",-0.0417734217734218
"rate_state",40,"1-B","ta",-0.583029967029967
"rate_state",41,"K","mu",0.0162151362151362
"rate_state",41,"alpha","mu",-0.00964778164778165
"rate_state",41,"1-B","mu",-0.0082994842994843
"rate_state",41,"alpha","K",-0.307672735672736
"rate_state",41,"1-B","K",-0.778612570612571
"rate_state",41,"1-B","alpha",-0.00998568998568999
"rate_state",41,"mu","ta",-0.00894293694293694
"rate_state",41,"K","ta",0.135136191136191
"rate_state",41,"alpha","ta",-0.0637782277782278
"rate_state",41,"1-B","ta",-0.591114519114519
"rate_state",42,"K","mu",0.0234598794598795
"rate_state",42,"alpha","mu",-0.0094975174975175
"rate_state",42,"1-B","mu",-0.0153116913116913
"rate_state",42,"alpha","K",-0.310965358965359
"rate_state",42,"1-B","K",-0.778234138234138
"rate_state",42,"1-B","alpha",-0.0334355134355134
"rate_state",42,"mu","ta",0.0017971697971698
"rate_state",42,"K","ta",0.114770322770323
"rate_state",42,"alpha","ta",0.0314037434037434
"rate_state",42,"1-B","ta",-0.594228162228162
"rate_state",43,"K","mu",0.0344876264876265
"rate_state",43,"alpha","mu",-0.0181936741936742
"rate_state",43,"1-B","mu",0.00576666576666577
"rate_state",43,"alpha","K",-0.258509454509455
"rate_state",43,"1-B","K",-0.781372825372825
"rate_state",43,"1-B","alpha",-0.0988987708987709
"rate_state",43,"mu","ta",-0.0287385647385647
"rate_state",43,"K","ta",0.11593087993088
"rate_state",43,"alpha","ta",0.0223716703716704
"rate_state",43,"1-B","ta",-0.575732087732088
"rate_state",44,"K","mu",-0.0270719910719911
"rate_state",44,"alpha","mu",0.0209423729423729
"rate_state",44,"1-B","mu",0.0392095232095232
"rate_state",44,"alpha","K",-0.307670707670708
"rate_state",44,"1-B","K",-0.783466983466984
"rate_state",44,"1-B","alpha",-0.000839004839004839
"rate_state",44,"mu","ta",-0.0571726651726652
"rate_state",44,"K","ta",0.113640425640426
"rate_state",44,"alpha","ta",-0.0341612621612622
"rate_state",44,"1-B","ta",-0.588537828537829
"rate_state",45,"K","mu",0.0235352635352635
"rate_state",45,"alpha","mu",0.00122912522912523
"rate_state",45,"1-B","mu",-0.0107319827319827
"rate_state",45,"alpha","K",-0.329994713994714
"rate_state",45,"1-B","K",-0.747403167403167
"rate_state",45,"1-B","alpha",-0.0523900603900604
"rate_state",45,"mu","ta",0.010985962985963
"rate_state",45,"K","ta",0.110517098517099
"rate_state",45,"alpha","ta",0.0751630111630112
"rate_state",45,"1-B","ta",-0.629687261687262
"rate_state",46,"K","mu",-0.0315938355938356
"rate_state",46,"alpha","mu",0.0617240777240777
"rate_state",46,"1-B","mu",0.0278599598599599
"rate_state",46,"alpha","K",-0.318747318747319
"rate_state",46,"1-B","K",-0.769941037941038
"rate_state",46,"1-B","alpha",-0.00471100071100071
"rate_state",46,"mu","ta",-0.0352635352635353
"rate_state",46,"K","ta",0.0918633438633439
"rate_state",46,"alpha","ta",-0.0218304818304818
"rate_state",46,"1-B","ta",-0.587973563973564
"rate_state",47,"K","mu",-0.0084000564000564
"rate_state",47,"alpha","mu",0.0267438867438867
"rate_state",47,"1-B","mu",-0.00506760506760507
"rate_state",47,"alpha","K",-0.304118068118068
"rate_state",47,"1-B","K",-0.78621561021561
"rate_state",47,"1-B","alpha",-0.0117342117342117
"rate_state",47,"mu","ta",0.0103282903282903
"rate_state",47,"K","ta",0.124033876033876
"rate_state",47,"alpha","ta",-0.0159257199257199
"rate_state",47,"1-B","ta",-0.593671805671806
"rate_state",48,"K","mu",0.0548575268575269
"rate_state",48,"alpha","mu",-0.00894651294651295
"rate_state",48,"1-B","mu",-0.0621463821463822
"rate_state",48,"alpha","K",-0.238621138621139
"rate_state",48,"1-B","K",-0.78626793026793
"rate_state",48,"1-B","alpha",-0.0705800145800146
"rate_state",48,"mu","ta",0.0771145971145971
"rate_state",48,"K","ta",0.12355161955162
"rate_state",48,"alpha","ta",0.0350594870594871
"rate_state",48,"1-B","ta",-0.604913956913957
"rate_state",49,"K","mu",-0.00611243411243411
"rate_state",49,"alpha","mu",-0.0101917301917302
"rate_state",49,"1-B","mu",-0.00522366522366522
"rate_state",49,"alpha","K",-0.356514296514297
"rate_state",49,"1-B","K",-0.742883182883183
"rate_state",49,"1-B","alpha",-0.0325873885873886
"rate_state",49,"mu","ta",0.00917963717963718
"rate_state",49,"K","ta",0.0352106152106152
"rate_state",49,"alpha","ta",0.0558188958188958
"rate_state",49,"1-B","ta",-0.565900333900334
"rate_state",50,"K","mu",0.0135920895920896
"rate_state",50,"alpha","mu",-0.00166776166776167
"rate_state",50,"1-B","mu",-0.0345571425571426
"rate_state",50,"alpha","K",-0.340535392535393
"rate_state",50,"1-B","K",-0.748641124641125
"rate_state",50,"1-B","alpha",-0.0179433059433059
"rate_state",50,"mu","ta",0.0365432765432765
"rate_state",50,"K","ta",0.103801315801316
"rate_state",50,"alpha","ta",0.019948471948472
"rate_state",50,"1-B","ta",-0.62749017949018
"rate_state",51,"K","mu",-0.0535115095115095
"rate_state",51,"alpha","mu",0.0732517452517453
"rate_state",51,"1-B","mu",0.0263511263511264
"rate_state",51,"alpha","K",-0.366665274665275
"rate_state",51,"1-B","K",-0.777908541908542
"rate_state",51,"1-B","alpha",0.0518923598923599
"rate_state",51,"mu","ta",-0.0125427485427485
"rate_state",51,"K","ta",0.153728073728074
"rate_state",51,"alpha","ta",-0.0367083127083127
"rate_state",51,"1-B","ta",-0.634983778983779
"rate_state",52,"K","mu",-0.0192486912486912
"rate_state",52,"alpha","mu",-0.0378686658686659
"rate_state",52,"1-B","mu",0.0274718794718795
"rate_state",52,"alpha","K",-0.348688800688801
"rate_state",52,"1-B","K",-0.776580812580813
"rate_state",52,"1-B","alpha",0.0183244383244383
"rate_state",52,"mu","ta",0.014003798003798
"rate_state",52,"K","ta",0.0965278205278205
"rate_state",52,"alpha","ta",-0.0126420126420126
"rate_state",52,"1-B","ta",-0.584097572097572
"rate_state",53,"K","mu",-0.0624657024657025
"rate_state",53,"alpha","mu",-0.00222296622296622
"rate_state",53,"1-B","mu",0.0374111174111174
"rate_state",53,"alpha","K",-0.283845223845224
"rate_state",53,"1-B","K",-0.77797842997843
"rate_state",53,"1-B","alpha",-0.0765138405138405
"rate_state",53,"mu","ta",0.0336034536034536
"rate_state",53,"K","ta",0.0943613143613144
"rate_state",53,"alpha","ta",0.0866413346413347
"rate_state",53,"1-B","ta",-0.577004377004377
"rate_state",54,"K","mu",0.00262125862125862
"rate_state",54,"alpha","mu",0.0416252216252216
"rate_state",54,"1-B","mu",-0.0277172557172557
"rate_state",54,"alpha","K",-0.382875022875023
"rate_state",54,"1-B","K",-0.76984546984547
"rate_state",54,"1-B","alpha",0.0649289449289449
"rate_state",54,"mu","ta",0.00620833820833821
"rate_state",54,"K","ta",0.16005514005514
"rate_state",54,"alpha","ta",-0.0767492087492088
"rate_state",54,"1-B","ta",-0.633542817542818
"rate_state",55,"K","mu",-0.0298624018624019
"rate_state",55,"alpha","mu",0.00416296016296016
"rate_state",55,"1-B","mu",0.0191493671493672
"rate_state",55,"alpha","K",-0.34836216036216
"rate_state",55,"1-B","K",-0.775349071349071
"rate_state",55,"1-B","alpha",0.0208617688617689
"rate_state",55,"mu","ta",0.0187767787767788
"rate_state",55,"K","ta",0.0816130056130056
"rate_state",55,"alpha","ta",-0.027021075021075
"rate_state",55,"1-B","ta",-0.561240573240573
"rate_state",56,"K","mu",0.0355084795084795
"rate_state",56,"alpha","mu",0.00588474588474589
"rate_state",56,"1-B","mu",-0.0142305862305862
"rate_state",56,"alpha","K",-0.342483486483487
"rate_state",56,"1-B","K",-0.79765742965743
"rate_state",56,"1-B","alpha",0.0414327774327774
"rate_state",56,"mu","ta",-0.0330990690990691
"rate_state",56,"K","ta",0.130587838587839
"rate_state",56,"alpha","ta",-0.0498281058281058
"rate_state",56,"1-B","ta",-0.584462288462289
"rate_state",57,"K","mu",-0.0116005436005436
"rate_state",57,"alpha","mu",-0.0539113739113739
"rate_state",57,"1-B","mu",0.0194507954507955
"rate_state",57,"alpha","K",-0.293813585813586
"rate_state",57,"1-B","K",-0.809834525834526
"rate_state",57,"1-B","alpha",-0.0475340035340035
"rate_state",57,"mu","ta",0.00184887784887785
"rate_state",57,"K","ta",0.179044283044283
"rate_state",57,"alpha","ta",0.0395424635424635
"rate_state",57,"1-B","ta",-0.606190878190878
"rate_state",58,"K","mu",-0.0472312672312672
"rate_state",58,"alpha","mu",0.0184919464919465
"rate_state",58,"1-B","mu",0.0615337215337215
"rate_state",58,"alpha","K",-0.348265908265908
"rate_state",58,"1-B","K",-0.791068571068571
"rate_state",58,"1-B","alpha",0.0535936495936496
"rate_state",58,"mu","ta",-0.0339185979185979
"rate_state",58,"K","ta",0.109694365694366
"rate_state",58,"alpha","ta",-0.0388592308592309
"rate_state",58,"1-B","ta",-0.584653544653545
"rate_state",59,"K","mu",-0.0205844365844366
"rate_state",59,"alpha","mu",-0.0484247164247164
"rate_state",59,"1-B","mu",0.0268495108495109
"rate_state",59,"alpha","K",-0.293325401325401
"rate_state",59,"1-B","K",-0.791247539247539
"rate_state",59,"1-B","alpha",-0.0037975837975838
"rate_state",59,"mu","ta",0.00855830055830056
"rate_state",59,"K","ta",0.118620022620023
"rate_state",59,"alpha","ta",-0.0382911142911143
"rate_state",59,"1-B","ta",-0.578395142395142
"rate_state",60,"K","mu",0.0437609357609358
"rate_state",60,"alpha","mu",-0.0125715725715726
"rate_state",60,"1-B","mu",-0.028008316008316
"rate_state",60,"alpha","K",-0.381833541833542
"rate_state",60,"1-B","K",-0.790282438282438
"rate_state",60,"1-B","alpha",0.0352035472035472
"rate_state",60,"mu","ta",-0.0063950223950224
"rate_state",60,"K","ta",0.163629223629224
"rate_state",60,"alpha","ta",0.0500607860607861
"rate_state",60,"1-B","ta",-0.627544983544984
"rate_state",61,"K","mu",0.00111457311457311
"rate_state",61,"alpha","mu",0.00758250758250758
"rate_state",61,"1-B","mu",0.00463376863376863
"rate_state",61,"alpha","K",-0.397207645207645
"rate_state",61,"1-B","K",-0.765365397365397
"rate_state",61,"1-B","alpha",0.0220996300996301
"rate_state",61,"mu","ta",0.00144291744291744
"rate_state",61,"K","ta",0.14364593964594
"rate_state",61,"alpha","ta",0.0287844527844528
"rate_state",61,"1-B","ta",-0.636557880557881
"rate_state",62,"K","mu",0.0127062487062487
"rate_state",62,"alpha","mu",-0.047022935022935
"rate_state",62,"1-B","mu",0.00506923706923707
"rate_state",62,"alpha","K",-0.393262197262197
"rate_state",62,"1-B","K",-0.761845505845506
"rate_state",62,"1-B","alpha",0.0345712185712186
"rate_state",62,"mu","ta",0.00487366087366087
"rate_state",62,"K","ta",0.0592648912648913
"rate_state",62,"alpha","ta",0.018004638004638
"rate_state",62,"1-B","ta",-0.572589896589897
"rate_state",63,"K","mu",0.0358371118371118
"rate_state",63,"alpha","mu",0.0245804165804166
"rate_state",63,"1-B","mu",-0.0273807153807154
"rate_state",63,"alpha","K",-0.367290775290775
"rate_state",63,"1-B","K",-0.77547613947614
"rate_state",63,"1-B","alpha",0.0185737265737266
"rate_state",63,"mu","ta",0.0195721155721156
"rate_state",63,"K","ta",0.0983663423663424
"rate_state",63,"alpha","ta",0.0145447705447705
"rate_state",63,"1-B","ta",-0.58016644016644
"rate_state",64,"K","mu",0.0343559983559984
"rate_state",64,"alpha","mu",-0.0337859257859258
"rate_state",64,"1-B","mu",-0.0316515076515077
"rate_state",64,"alpha","K",-0.332616560616561
"rate_state",64,"1-B","K",-0.815989115989116
"rate_state",64,"1-B","alpha",0.0242005922005922
"rate_state",64,"mu","ta",0.0206353286353286
"rate_state",64,"K","ta",0.188164808164808
"rate_state",64,"alpha","ta",-0.053989253989254
"rate_state",64,"1-B","ta",-0.598870834870835
"rate_state",65,"K","mu",0.0242495642495643
"rate_state",65,"alpha","mu",0.0441577401577402
"rate_state",65,"1-B","mu",-0.0276061956061956
"rate_state",65,"alpha","K",-0.322467634467635
"rate_state",65,"1-B","K",-0.770589914589915
"rate_state",65,"1-B","alpha",-0.0110806790806791
"rate_state",65,"mu","ta",-0.00882585282585283
"rate_state",65,"K","ta",0.049986457986458
"rate_state",65,"alpha","ta",0.0436941796941797
"rate_state",65,"1-B","ta",-0.558605514605515
"rate_state",66,"K","mu",0.0201161841161841
"rate_state",66,"alpha","mu",-0.0262047862047862
"rate_state",66,"1-B","mu",-0.0188928308928309
"rate_state",66,"alpha","K",-0.263364071364071
"rate_state",66,"1-B","K",-0.833443721443721
"rate_state",66,"1-B","alpha",-0.00325371925371925
"rate_state",66,"mu","ta",-0.00189098589098589
"rate_state",66,"K","ta",0.177773193773194
"rate_state",66,"alpha","ta",-0.0681549321549322
"rate_state",66,"1-B","ta",-0.581724341724342
"rate_state",67,"K","mu",0.0188006348006348
"rate_state",67,"alpha","mu",0.0328417528417528
"rate_state",67,"1-B","mu",-0.0292371652371652
"rate_state",67,"alpha","K",-0.318343614343614
"rate_state",67,"1-B","K",-0.74035814035814
"rate_state",67,"1-B","alpha",-0.0628444108444109
"rate_state",67,"mu","ta",0.00928878928878929
"rate_state",67,"K","ta",0.0536798336798337
"rate_state",67,"alpha","ta",0.0728136128136128
"rate_state",67,"1-B","ta",-0.583701523701524
"rate_state",68,"K","mu",-0.0220816420816421
"rate_state",68,"alpha","mu",-0.0218776418776419
"rate_state",68,"1-B","mu",0.0276172236172236
"rate_state",68,"alpha","K",-0.371599091599092
"rate_state",68,"1-B","K",-0.77396720996721
"rate_state",68,"1-B","alpha",0.0195965595965596
"rate_state",68,"mu","ta",-0.0124111324111324
"rate_state",68,"K","ta",0.16182386982387
"rate_state",68,"alpha","ta",-0.0162193842193842
"rate_state",68,"1-B","ta",-0.627445431445432
"rate_state",69,"K","mu",0.0381311301311301
"rate_state",69,"alpha","mu",0.0139113139113139
"rate_state",69,"1-B","mu",-0.0616412536412537
"rate_state",69,"alpha","K",-0.328661908661909
"rate_state",69,"1-B","K",-0.800565680565681
"rate_state",69,"1-B","alpha",-0.00904726504726505
"rate_state",69,"mu","ta",0.0333110613110613
"rate_state",69,"K","ta",0.15608244008244
"rate_state",69,"alpha","ta",0.00848432048432048
"rate_state",69,"1-B","ta",-0.599610755610756
"rate_state",70,"K","mu",-0.00757402357402357
"rate_state",70,"alpha","mu",0.00522931722931723
"rate_state",70,"1-B","mu",-2.33280233280233e-05
"rate_state",70,"alpha","K",-0.337079821079821
"rate_state",70,"1-B","K",-0.770438918438919
"rate_state",70,"1-B","alpha",-0.013004785004785
"rate_state",70,"mu","ta",-0.00705412305412305
"rate_state",70,"K","ta",0.127192963192963
"rate_state",70,"alpha","ta",0.0432558192558193
"rate_state",70,"1-B","ta",-0.621632361632362
"rate_state",71,"K","mu",-0.0305085785085785
"rate_state",71,"alpha","mu",-0.0251973971973972
"rate_state",71,"1-B","mu",0.048046872046872
"rate_state",71,"alpha","K",-0.290694542694543
"rate_state",71,"1-B","K",-0.785698937698938
"rate_state",71,"1-B","alpha",0.00489008889008889
"rate_state",71,"mu","ta",-0.0217059337059337
"rate_state",71,"K","ta",0.0931686211686212
"rate_state",71,"alpha","ta",-0.0243207483207483
"rate_state",71,"1-B","ta",-0.580294516294516
"rate_state",72,"K","mu",0.0284724884724885
"rate_state",72,"alpha","mu",-0.0085045045045045
"rate_state",72,"1-B","mu",-0.00403819603819604
"rate_state",72,"alpha","K",-0.295343659343659
"rate_state",72,"1-B","K",-0.778665118665119
"rate_state",72,"1-B","alpha",-0.0481734361734362
"rate_state",72,"mu","ta",-0.00904024504024504
"rate_state",72,"K","ta",0.133490761490762
"rate_state",72,"alpha","ta",-0.0062957342957343
"rate_state",72,"1-B","ta",-0.600039696039696
"rate_state",73,"K","mu",0.03402043002043
"rate_state",73,"alpha","mu",-0.0351592191592192
"rate_state",73,"1-B","mu",-0.00555006555006555
"rate_state",73,"alpha","K",-0.286181734181734
"rate_state",73,"1-B","K",-0.776689856689857
"rate_state",73,"1-B","alpha",-0.0385756345756346
"rate_state",73,"mu","ta",-0.0112837072837073
"rate_state",73,"K","ta",0.094979194979195
"rate_state",73,"alpha","ta",0.00327656727656728
"rate_state",73,"1-B","ta",-0.5796951996952
"rate_state",74,"K","mu",-0.0570714210714211
"rate_state",74,"alpha","mu",0.0483114003114003
"rate_state",74,"1-B","mu",0.0245780165780166
"rate_state",74,"alpha","K",-0.315456579456579
"rate_state",74,"1-B","K",-0.793037077037077
"rate_state",74,"1-B","alpha",0.00246727446727447
"rate_state",74,"mu","ta",0.00613962613962614
"rate_state",74,"K","ta",0.12841862041862
"rate_state",74,"alpha","ta",-0.00426032826032826
"rate_state",74,"1-B","ta",-0.595416511416511
"rate_state",75,"K","mu",-0.0481408801408801
"rate_state",75,"alpha","mu",0.00575401775401775
"rate_state",75,"1-B","mu",0.0243899763899764
"rate_state",75,"alpha","K",-0.334644118644119
"rate_state",75,"1-B","K",-0.764771204771205
"rate_state",75,"1-B","alpha",0.0205746205746206
"rate_state",75,"mu","ta",0.00686243486243486
"rate_state",75,"K","ta",0.133596277596278
"rate_state",75,"alpha","ta",-0.0256481776481777
"rate_state",75,"1-B","ta",-0.641555381555382
"rate_state",76,"K","mu",0.0547552147552148
"rate_state",76,"alpha","mu",0.000326244326244326
"rate_state",76,"1-B","mu",-0.0432081192081192
"rate_state",76,"alpha","K",-0.30580112980113
"rate_state",76,"1-B","K",-0.774541482541483
"rate_state",76,"1-B","alpha",-0.0211409131409131
"rate_state",76,"mu","ta",0.0105669585669586
"rate_state",76,"K","ta",0.0991741111741112
"rate_state",76,"alpha","ta",-0.00433440433440433
"rate_state",76,"1-B","ta",-0.571282483282483
"rate_state",77,"K","mu",0.0178321858321858
"rate_state",77,"alpha","mu",-0.0388098988098988
"rate_state",77,"1-B","mu",0.0198051558051558
"rate_state",77,"alpha","K",-0.266164166164166
"rate_state",77,"1-B","K",-0.808911268911269
"rate_state",77,"1-B","alpha",-0.022967122967123
"rate_state",77,"mu","ta",-0.0214793134793135
"rate_state",77,"K","ta",0.158372726372726
"rate_state",77,"alpha","ta",-0.0155732315732316
"rate_state",77,"1-B","ta",-0.602616206616207
"rate_state",78,"K","mu",0.0157208677208677
"rate_state",78,"alpha","mu",0.0216707136707137
"rate_state",78,"1-B","mu",-0.0153240513240513
"rate_state",78,"alpha","K",-0.24751681951682
"rate_state",78,"1-B","K",-0.79961245961246
"rate_state",78,"1-B","alpha",-0.0714136194136194
"rate_state",78,"mu","ta",-0.0206860886860887
"rate_state",78,"K","ta",0.0756500796500797
"rate_state",78,"alpha","ta",-0.0235917355917356
"rate_state",78,"1-B","ta",-0.525759201759202
"rate_state",79,"K","mu",-0.000937620937620938
"rate_state",79,"alpha","mu",0.013961065961066
"rate_state",79,"1-B","mu",-0.000138936138936139
"rate_state",79,"alpha","K",-0.266755970755971
"rate_state",79,"1-B","K",-0.776497184497185
"rate_state",79,"1-B","alpha",-0.0635847395847396
"rate_state",79,"mu","ta",0.0125847125847126
"rate_state",79,"K","ta",0.10028452028452
"rate_state",79,"alpha","ta",0.0122195642195642
"rate_state",79,"1-B","ta",-0.580782364782365
"rate_state",80,"K","mu",0.0161149241149241
"rate_state",80,"alpha","mu",-0.0498678738678739
"rate_state",80,"1-B","mu",-0.010962634962635
"rate_state",80,"alpha","K",-0.288189984189984
"rate_state",80,"1-B","K",-0.783359415359415
"rate_state",80,"1-B","alpha",-0.041945585945586
"rate_state",80,"mu","ta",0.0184159384159384
"rate_state",80,"K","ta",0.120688404688405
"rate_state",80,"alpha","ta",0.0162835002835003
"rate_state",80,"1-B","ta",-0.590396594396595
"rate_state",81,"K","mu",0.00103374103374103
"rate_state",81,"alpha","mu",-0.029043917043917
"rate_state",81,"1-B","mu",-0.0192871032871033
"rate_state",81,"alpha","K",-0.287422535422535
"rate_state",81,"1-B","K",-0.749567177567178
"rate_state",81,"1-B","alpha",-0.0883449043449044
"rate_state",81,"mu","ta",0.0412413892413892
"rate_state",81,"K","ta",0.0616028896028896
"rate_state",81,"alpha","ta",0.0578207618207618
"rate_state",81,"1-B","ta",-0.577161409161409
"rate_state",82,"K","mu",0.0328614088614089
"rate_state",82,"alpha","mu",-0.0238261318261318
"rate_state",82,"1-B","mu",-0.00527240927240927
"rate_state",82,"alpha","K",-0.347388191388191
"rate_state",82,"1-B","K",-0.768659268659269
"rate_state",82,"1-B","alpha",-0.0149351909351909
"rate_state",82,"mu","ta",0.00202881802881803
"rate_state",82,"K","ta",0.0480945840945841
"rate_state",82,"alpha","ta",0.0354168834168834
"rate_state",82,"1-B","ta",-0.547320631320631
"rate_state",83,"K","mu",-0.0234482274482275
"rate_state",83,"alpha","mu",-0.0101063381063381
"rate_state",83,"1-B","mu",0.0243277443277443
"rate_state",83,"alpha","K",-0.316761064761065
"rate_state",83,"1-B","K",-0.79959145959146
"rate_state",83,"1-B","alpha",0.00266031866031866
"rate_state",83,"mu","ta",-0.0101991221991222
"rate_state",83,"K","ta",0.122250422250422
"rate_state",83,"alpha","ta",-0.0102569022569023
"rate_state",83,"1-B","ta",-0.574010566010566
"rate_state",84,"K","mu",0.0462411942411942
"rate_state",84,"alpha","mu",0.034975030975031
"rate_state",84,"1-B","mu",-0.0590831990831991
"rate_state",84,"alpha","K",-0.320517860517861
"rate_state",84,"1-B","K",-0.801580737580738
"rate_state",84,"1-B","alpha",0.0493785853785854
"rate_state",84,"mu","ta",-4.44360444360444e-05
"rate_state",84,"K","ta",0.0825137505137505
"rate_state",84,"alpha","ta",-0.0694751374751375
"rate_state",84,"1-B","ta",-0.542266598266598
"rate_state",85,"K","mu",-0.00774191574191574
"rate_state",85,"alpha","mu",-0.0327817287817288
"rate_state",85,"1-B","mu",-0.0114870594870595
"rate_state",85,"alpha","K",-0.336508932508933
"rate_state",85,"1-B","K",-0.790821130821131
"rate_state",85,"1-B","alpha",0.0106400146400146
"rate_state",85,"mu","ta",0.0242054162054162
"rate_state",85,"K","ta",0.113268809268809
"rate_state",85,"alpha","ta",-0.0348510108510109
"rate_state",85,"1-B","ta",-0.563321219321219
"rate_state",86,"K","mu",0.0194400554400554
"rate_state",86,"alpha","mu",0.0164410364410364
"rate_state",86,"1-B","mu",-0.0525495525495526
"rate_state",86,"alpha","K",-0.332925488925489
"rate_state",86,"1-B","K",-0.795074127074127
"rate_state",86,"1-B","alpha",0.000122628122628123
"rate_state",86,"mu","ta",0.0602794682794683
"rate_state",86,"K","ta",0.13420901020901
"rate_state",86,"alpha","ta",-0.0164731844731845
"rate_state",86,"1-B","ta",-0.588722424722425
"rate_state",87,"K","mu",-0.0106212826212826
"rate_state",87,"alpha","mu",0.0314298674298674
"rate_state",87,"1-B","mu",-0.00860763260763261
"rate_state",87,"alpha","K",-0.314709890709891
"rate_state",87,"1-B","K",-0.797611061611062
"rate_state",87,"1-B","alpha",0.0347494307494308
"rate_state",87,"mu","ta",0.027027483027483
"rate_state",87,"K","ta",0.162065958065958
"rate_state",87,"alpha","ta",-0.0652094332094332
"rate_state",87,"1-B","ta",-0.607711243711244
"rate_state",88,"K","mu",-0.0230956910956911
"rate_state",88,"alpha","mu",-0.0293492573492574
"rate_state",88,"1-B","mu",0.0181828981828982
"rate_state",88,"alpha","K",-0.305486021486022
"rate_state",88,"1-B","K",-0.801921621921622
"rate_state",88,"1-B","alpha",0.00435626835626836
"rate_state",88,"mu","ta",0.0106282546282546
"rate_state",88,"K","ta",0.103987975987976
"rate_state",88,"alpha","ta",-0.0425135705135705
"rate_state",88,"1-B","ta",-0.548339744339744
"rate_state",89,"K","mu",0.0353832113832114
"rate_state",89,"alpha","mu",-0.026991986991987
"rate_state",89,"1-B","mu",-0.0540454380454381
"rate_state",89,"alpha","K",-0.30185332985333
"rate_state",89,"1-B","K",-0.799300051300051
"rate_state",89,"1-B","alpha",-0.0181132021132021
"rate_state",89,"mu","ta",0.0422648102648103
"rate_state",89,"K","ta",0.133051513051513
"rate_state",89,"alpha","ta",-0.0186108546108546
"rate_state",89,"1-B","ta",-0.581457653457654
"rate_state",90,"K","mu",0.0165655245655246
"rate_state",90,"alpha","mu",0.00598362598362598
"rate_state",90,"1-B","mu",-0.018040638040638
"rate_state",90,"alpha","K",-0.268578208578209
"rate_state",90,"1-B","K",-0.77426817026817
"rate_state",90,"1-B","alpha",-0.0599142239142239
"rate_state",90,"mu","ta",0.0231981231981232
"rate_state",90,"K","ta",0.122347142347142
"rate_state",90,"alpha","ta",0.0297694977694978
"rate_state",90,"1-B","ta",-0.613915453915454
"rate_state",91,"K","mu",-0.0154770874770875
"rate_state",91,"alpha","mu",0.00455714855714856
"rate_state",91,"1-B","mu",-0.0240650160650161
"rate_state",91,"alpha","K",-0.271603051603052
"rate_state",91,"1-B","K",-0.784862956862957
"rate_state",91,"1-B","alpha",-0.0382116742116742
"rate_state",91,"mu","ta",0.0521560361560362
"rate_state",91,"K","ta",0.0844854964854965
"rate_state",91,"alpha","ta",0.0164855204855205
"rate_state",91,"1-B","ta",-0.576612444612445
"rate_state",92,"K","mu",0.0132623532623533
"rate_state",92,"alpha","mu",-0.0218134058134058
"rate_state",92,"1-B","mu",-0.00422189222189222
"rate_state",92,"alpha","K",-0.345789297789298
"rate_state",92,"1-B","K",-0.775954003954004
"rate_state",92,"1-B","alpha",0.0131973371973372
"rate_state",92,"mu","ta",-0.00392702792702793
"rate_state",92,"K","ta",0.0883967683967684
"rate_state",92,"alpha","ta",0.010001482001482
"rate_state",92,"1-B","ta",-0.578928422928423
"rate_state",93,"K","mu",0.0207858447858448
"rate_state",93,"alpha","mu",0.0020957780957781
"rate_state",93,"1-B","mu",-0.00518820518820519
"rate_state",93,"alpha","K",-0.350503070503071
"rate_state",93,"1-B","K",-0.737292353292353
"rate_state",93,"1-B","alpha",0.00686553086553087
"rate_state",93,"mu","ta",-0.0414754014754015
"rate_state",93,"K","ta",0.0882204042204042
"rate_state",93,"alpha","ta",-0.0283118923118923
"rate_state",93,"1-B","ta",-0.616467532467532
"rate_state",94,"K","mu",-0.0214284694284694
"rate_state",94,"alpha","mu",-0.0203915363915364
"rate_state",94,"1-B","mu",0.0382443742443742
"rate_state",94,"alpha","K",-0.336917448917449
"rate_state",94,"1-B","K",-0.800628524628525
"rate_state",94,"1-B","alpha",0.0319233679233679
"rate_state",94,"mu","ta",-0.0238405078405078
"rate_state",94,"K","ta",0.0855330255330255
"rate_state",94,"alpha","ta",-0.00311882711882712
"rate_state",94,"1-B","ta",-0.55005553005553
"rate_state",95,"K","mu",0.0411587571587572
"rate_state",95,"alpha","mu",-0.0221109701109701
"rate_state",95,"1-B","mu",-0.0187821547821548
"rate_state",95,"alpha","K",-0.334052494052494
"rate_state",95,"1-B","K",-0.791974403974404
"rate_state",95,"1-B","alpha",0.012007056007056
"rate_state",95,"mu","ta",-0.028988392988393
"rate_state",95,"K","ta",0.105983685983686
"rate_state",95,"alpha","ta",-0.00237437037437037
"rate_state",95,"1-B","ta",-0.56850292050292
"rate_state",96,"K","mu",0.00782692382692383
"rate_state",96,"alpha","mu",0.00422346422346422
"rate_state",96,"1-B","mu",0.0331544851544852
"rate_state",96,"alpha","K",-0.34211829011829
"rate_state",96,"1-B","K",-0.7754011994012
"rate_state",96,"1-B","alpha",0.00174105774105774
"rate_state",96,"mu","ta",-0.0568699168699169
"rate_state",96,"K","ta",0.11002163002163
"rate_state",96,"alpha","ta",-0.0110821550821551
"rate_state",96,"1-B","ta",-0.584718500718501
"rate_state",97,"K","mu",0.00144735744735745
"rate_state",97,"alpha","mu",-0.0252715692715693
"rate_state",97,"1-B","mu",-0.0012956772956773
"rate_state",97,"alpha","K",-0.267707463707464
"rate_state",97,"1-B","K",-0.793385053385054
"rate_state",97,"1-B","alpha",-0.0342577542577543
"rate_state",97,"mu","ta",-0.0103491823491824
"rate_state",97,"K","ta",0.132829224829225
"rate_state",97,"alpha","ta",-0.0192781272781273
"rate_state",97,"1-B","ta",-0.591743727743728
"rate_state",98,"K","mu",-0.00332792732792733
"rate_state",98,"alpha","mu",0.0520567000567001
"rate_state",98,"1-B","mu",-0.0501698661698662
"rate_state",98,"alpha","K",-0.37043647043647
"rate_state",98,"1-B","K",-0.760215172215172
"rate_state",98,"1-B","alpha",0.0227623067623068
"rate_state",98,"mu","ta",0.079005319005319
"rate_state",98,"K","ta",0.068027792027792
"rate_state",98,"alpha","ta",0.00490504090504091
"rate_state",98,"1-B","ta",-0.58381285981286
"rate_state",99,"K","mu",0.0115883275883276
"rate_state",99,"alpha","mu",0.0278147438147438
"rate_state",99,"1-B","mu",-0.0228909108909109
"rate_state",99,"alpha","K",-0.285435513435513
"rate_state",99,"1-B","K",-0.792843336843337
"rate_state",99,"1-B","alpha",-0.041019953019953
"rate_state",99,"mu","ta",0.0106633186633187
"rate_state",99,"K","ta",0.126017406017406
"rate_state",99,"alpha","ta",0.0324524004524005
"rate_state",99,"1-B","ta",-0.594718650718651
"rate_state",100,"K","mu",0.0044018084018084
"rate_state",100,"alpha","mu",-0.0394540354540355
"rate_state",100,"1-B","mu",-0.0164587364587365
"rate_state",100,"alpha","K",-0.330681846681847
"rate_state",100,"1-B","K",-0.787683367683368
"rate_state",100,"1-B","alpha",0.00345678345678346
"rate_state",100,"mu","ta",0.0304256224256224
"rate_state",100,"K","ta",0.0657554937554938
"rate_state",100,"alpha","ta",0.0234676914676915
"rate_state",100,"1-B","ta",-0.545685221685222
