"truth_kernel","rep","parameter","truth","mean","q025","median","q975","error","squared_error","ci_width","covered"
"ou",1,"mu",0.074,0.0970480304209076,0.0872962879178403,0.0969305729478049,0.107407054397311,0.0229305729478049,0.000525811175714602,0.0201107664794708,FALSE
"ou",1,"K",0.524180588111021,0.440069515815564,0.374706774477318,0.438601049561455,0.513383558508066,-0.0855795385495662,0.00732385741835668,0.138676784030748,FALSE
"ou",1,"alpha",1.89,1.89458891403693,1.87008351500184,1.89454114665828,1.919212064671,0.00454114665827898,2.06220129719984e-05,0.0491285496691678,TRUE
"ou",1,"c",0.03,0.0380681991741042,0.0312552652426929,0.0379176515522042,0.045695172758883,0.00791765155220418,6.26892061021212e-05,0.0144399075161901,FALSE
"ou",1,"p",1.17,1.18900198736195,1.17007348471792,1.18882765166874,1.20880368465364,0.0188276516687429,0.000354480467359517,0.0387301999357184,FALSE
"ou",2,"mu",0.074,0.0803231451974978,0.0714786287492378,0.080205238747428,0.089783204497265,0.00620523874742801,3.85049879125819e-05,0.0183045757480272,TRUE
"ou",2,"K",0.524180588111021,0.400270972773869,0.318944541864441,0.397680920821584,0.495842517178071,-0.126499667289437,0.0160021658243383,0.176897975313629,FALSE
"ou",2,"alpha",1.89,1.91730196815451,1.88457914463256,1.91722623225102,1.95025006604713,0.0272262322510237,0.000741267722586684,0.0656709214145714,TRUE
"ou",2,"c",0.03,0.0391488459838618,0.0295350250066964,0.0388470007240311,0.0504200977254483,0.00884700072403109,7.82694218110066e-05,0.0208850727187519,TRUE
"ou",2,"p",1.17,1.18767599696695,1.16183443761773,1.18734984015381,1.21521091669181,0.0173498401538075,0.00030101695336267,0.0533764790740836,TRUE
"ou",3,"mu",0.074,0.0733435368758166,0.0649072168028719,0.0732254565748937,0.0823989571857058,-0.000774543425106342,5.99917517375463e-07,0.0174917403828339,TRUE
"ou",3,"K",0.524180588111021,0.478000494196507,0.399289456633105,0.476021178619116,0.567489332122854,-0.0481594094919058,0.00231932872260906,0.168199875489749,TRUE
"ou",3,"alpha",1.89,1.91846411987734,1.89173980530548,1.91840970677658,1.94533005915098,0.0284097067765767,0.00080711143913107,0.0535902538454973,FALSE
"ou",3,"c",0.03,0.0327886873160337,0.0263369103512731,0.0326286972243807,0.0401105409059963,0.00262869722438071,6.91004909746687e-06,0.0137736305547232,TRUE
"ou",3,"p",1.17,1.1863458779391,1.16667511345622,1.18615425022781,1.2069835578573,0.0161542502278109,0.000260959800422729,0.0403084444010762,TRUE
"ou",4,"mu",0.074,0.0719927482729753,0.0636413041467826,0.0718747365581009,0.0809634361952446,-0.00212526344189908,4.5167446974727e-06,0.017322132048462,TRUE
"ou",4,"K",0.524180588111021,0.468854195763643,0.414396486113382,0.467912013118127,0.528333810548189,-0.0562685749928947,0.00316615253173102,0.113937324434807,TRUE
"ou",4,"alpha",1.89,1.9154800513825,1.89727921044205,1.91545011308273,1.93373681015195,0.0254501130827276,0.000647708255923622,0.0364575997099004,FALSE
"ou",4,"c",0.03,0.0316507441732425,0.0272804768239617,0.0315764372965124,0.0364164941096686,0.00157643729651244,2.48515454983545e-06,0.00913601728570688,TRUE
"ou",4,"p",1.17,1.17202355397189,1.15924010549139,1.17193158210388,1.18525012225107,0.00193158210388478,3.73100942404794e-06,0.0260100167596813,TRUE
"ou",5,"mu",0.074,0.07039127377882,0.0621366694348709,0.0702732073635428,0.0792660425664769,-0.00372679263645724,1.38889833551519e-05,0.017129373131606,TRUE
"ou",5,"K",0.524180588111021,0.3739143495339,0.294396913709902,0.371245135431753,0.468140959755761,-0.152935452679268,0.0233892526862127,0.173744046045859,FALSE
"ou",5,"alpha",1.89,1.96336287692001,1.931329690282,1.96329097647705,1.99560384149521,0.0732909764770475,0.00537156723295913,0.0642741512132126,FALSE
"ou",5,"c",0.03,0.0323455585175286,0.0240037878410774,0.0320640007131221,0.0422374462765921,0.00206400071312208,4.26009894376845e-06,0.0182336584355148,TRUE
"ou",5,"p",1.17,1.15374264584132,1.12937672605608,1.15336209678733,1.18012051972681,-0.016637903212672,0.000276819823314241,0.0507437936707278,TRUE
"ou",6,"mu",0.074,0.0772256352805573,0.0685625859076472,0.0771077249200451,0.0865053912316735,0.00310772492004512,9.65795417866942e-06,0.0179428053240264,TRUE
"ou",6,"K",0.524180588111021,0.359884172355961,0.294815127857235,0.358068693732202,0.434885153613961,-0.166111894378819,0.0275931614541199,0.140070025756726,FALSE
"ou",6,"alpha",1.89,1.94904377888333,1.92020560488053,1.94898290349445,1.97804706741096,0.0589829034944482,0.00347898290463539,0.057841462530428,FALSE
"ou",6,"c",0.03,0.0366968816845579,0.0287833040368608,0.0364814274322999,0.0457869796059145,0.00648142743229987,4.20089015601693e-05,0.0170036755690538,TRUE
"ou",6,"p",1.17,1.17116324432555,1.15023580066336,1.17092047527774,1.193340650498,0.00092047527773853,8.47274736927825e-07,0.0431048498346376,TRUE
"ou",7,"mu",0.074,0.0647761360830494,0.0568730997786501,0.0646579563327799,0.07330219419897,-0.00934204366722009,8.7273779880247e-05,0.0164290944203199,FALSE
"ou",7,"K",0.524180588111021,0.60063379640824,0.525526482077147,0.599229803208109,0.683262852842955,0.0750492150970874,0.00563238468668889,0.157736370765808,FALSE
"ou",7,"alpha",1.89,1.84567342562652,1.82707615442514,1.84564183716583,1.8643335148624,-0.0443581628341692,0.00196764661002267,0.037257360437267,FALSE
"ou",7,"c",0.03,0.0292462169277279,0.0248025755461224,0.0291622306847648,0.0341399769786609,-0.000837769315235208,7.0185742554967e-07,0.00933740143253854,TRUE
"ou",7,"p",1.17,1.1648559789275,1.15091652609862,1.16474134702634,1.17936024610841,-0.00525865297366002,2.76534310973833e-05,0.0284437200097944,TRUE
"ou",8,"mu",0.074,0.0781382582178176,0.069423023442802,0.0780203938084313,0.0874696097369613,0.00402039380843126,1.61635663748724e-05,0.0180465862941593,TRUE
"ou",8,"K",0.524180588111021,0.561656361649727,0.474932265956508,0.559624032138689,0.659408887149552,0.0354434440276675,0.0012562377245424,0.184476621193045,TRUE
"ou",8,"alpha",1.89,1.8645250039507,1.83951266920368,1.86447514020137,1.88966383548734,-0.025524859798632,0.000651518467739817,0.0501511662836569,FALSE
"ou",8,"c",0.03,0.0324451586994892,0.026435621738016,0.0323056115868697,0.0392112008924685,0.00230561158686974,5.315844789508e-06,0.0127755791544525,TRUE
"ou",8,"p",1.17,1.19292685234723,1.17418440932358,1.19276053500854,1.21249803573161,0.0227605350085403,0.000518041953874986,0.0383136264080308,FALSE
"ou",9,"mu",0.074,0.0847522977898709,0.0756627672040002,0.0846346191722457,0.0944545332712701,0.0106346191722457,0.000113095124938696,0.0187917660672699,FALSE
"ou",9,"K",0.524180588111021,0.484884513287644,0.380646831734951,0.481341331312586,0.608656361014644,-0.0428392567984354,0.0018352019230423,0.228009529279694,TRUE
"ou",9,"alpha",1.89,1.94532855671311,1.91337810134814,1.94525649491368,1.97748822920294,0.0552564949136791,0.00305328023014545,0.0641101278547995,FALSE
"ou",9,"c",0.03,0.0283938448295276,0.0210190717251882,0.0281404485375335,0.0371646232924422,-0.00185955146246649,3.45793164156126e-06,0.016145551567254,TRUE
"ou",9,"p",1.17,1.17201012697094,1.14738633140338,1.17167612075912,1.19837958194716,0.00167612075911827,2.80938079914721e-06,0.050993250543774,TRUE
"ou",10,"mu",0.074,0.0841439966911836,0.0750863550980996,0.0840262519734538,0.0938149200043138,0.0100262519734538,0.000100525728635185,0.0187285649062142,FALSE
"ou",10,"K",0.524180588111021,0.46742885414343,0.368180311589108,0.464103364801587,0.585001882101961,-0.0600772233094343,0.00360927276057164,0.216821570512853,TRUE
"ou",10,"alpha",1.89,1.95964190565662,1.92790989639534,1.95957101827224,1.99157782045082,0.0695710182722351,0.00484012658343567,0.0636679240554814,FALSE
"ou",10,"c",0.03,0.0256379486331588,0.019041521196411,0.0254122351343524,0.033477760984009,-0.00458776486564761,2.10475864624707e-05,0.014436239787598,TRUE
"ou",10,"p",1.17,1.15656174913809,1.13368467868603,1.15623489415453,1.18115479562473,-0.0137651058454673,0.000189478138936918,0.047470116938694,TRUE
"ou",11,"mu",0.074,0.0791588523304427,0.0703839589216653,0.0790409936693718,0.0885494544965642,0.00504099366937177,2.54116171746463e-05,0.0181654955748989,TRUE
"ou",11,"K",0.524180588111021,0.465695516295314,0.375872328478255,0.4629997626595,0.570310913559781,-0.0611808254515213,0.00374309340292951,0.194438585081526,TRUE
"ou",11,"alpha",1.89,1.91471411603399,1.88501981834399,1.91464949384564,1.94458947237808,0.0246494938456367,0.000607597546846084,0.05956965403409,TRUE
"ou",11,"c",0.03,0.0303086270867911,0.0232287264798389,0.0300944913582503,0.0385628652107502,9.44913582502961e-05,8.9286167839858e-09,0.0153341387309113,TRUE
"ou",11,"p",1.17,1.15718567552684,1.1358375762117,1.15690284953705,1.18000894762889,-0.0130971504629507,0.000171535350249169,0.0441713714171881,TRUE
"ou",12,"mu",0.074,0.0786769224756424,0.0699272907956828,0.0785589836200237,0.0880428783049901,0.00455898362002372,2.07843316476445e-05,0.0181155875093073,TRUE
"ou",12,"K",0.524180588111021,0.434464877447354,0.339607583524208,0.431181895402814,0.547433435854829,-0.0929986927082078,0.00864875684543566,0.207825852330622,TRUE
"ou",12,"alpha",1.89,1.9738549804114,1.94067644283771,1.97377908219534,2.00725684897636,0.083779082195345,0.00701893461349438,0.0665804061386541,FALSE
"ou",12,"c",0.03,0.0279869270414821,0.0206604432247635,0.0277325969792792,0.0367150472596915,-0.00226740302072076,5.14111645837364e-06,0.0160546040349281,TRUE
"ou",12,"p",1.17,1.17271793587764,1.14792065483314,1.17238107064375,1.19927604424856,0.00238107064375503,5.66949741055201e-06,0.0513553894154128,TRUE
"ou",13,"mu",0.074,0.0801556720105899,0.0713252676305611,0.0800378829543528,0.0896010397670403,0.00603788295435281,3.64560305704643e-05,0.0182757721364792,TRUE
"ou",13,"K",0.524180588111021,0.624930932154331,0.549530167549983,0.623573462639731,0.707586524366202,0.0993928745287102,0.00987894350707992,0.158056356816218,FALSE
"ou",13,"alpha",1.89,1.84825850058407,1.83018063519454,1.84822826867001,1.86639472921854,-0.0417717313299901,0.00174487753830488,0.0362140940240094,FALSE
"ou",13,"c",0.03,0.0288771687718609,0.0246651759292851,0.0288008560828605,0.0334970597179735,-0.00119914391713955,1.43794613401278e-06,0.0088318837886884,TRUE
"ou",13,"p",1.17,1.17338678407128,1.15980443708208,1.17328444698066,1.18746621994939,0.00328444698066099,1.07875919687731e-05,0.0276617828673054,TRUE
"ou",14,"mu",0.074,0.0581477201782618,0.0506786676741153,0.0580293549357624,0.0662435820679165,-0.0159706450642376,0.000255061503767857,0.0155649143938012,FALSE
"ou",14,"K",0.524180588111021,0.599702663232908,0.529874501780406,0.598491436043925,0.675987900106707,0.0743108479329034,0.0055221021205071,0.146113398326301,FALSE
"ou",14,"alpha",1.89,1.86996840494868,1.85234382460211,1.86993950185846,1.8876466355224,-0.0200604981415362,0.000402423585686578,0.0353028109202922,FALSE
"ou",14,"c",0.03,0.0276597956417063,0.023745572986513,0.0275909057338402,0.0319415396906875,-0.00240909426615982,5.80373518324414e-06,0.00819596670417456,TRUE
"ou",14,"p",1.17,1.16288979153963,1.14999160663947,1.1627896826266,1.1762766850127,-0.00721031737339639,5.19886766251018e-05,0.0262850783732336,TRUE
"ou",15,"mu",0.074,0.0822498993831815,0.0732932632698286,0.0821319694461362,0.0918215068238952,0.00813196944613616,6.6128927072892e-05,0.0185282435540666,TRUE
"ou",15,"K",0.524180588111021,0.709171899085503,0.583773637414929,0.705759290170845,0.853219401405767,0.181578702059824,0.0329708250417304,0.269445763990839,FALSE
"ou",15,"alpha",1.89,1.84938373024554,1.8224973595828,1.8493274228132,1.87642149063804,-0.040672577186798,0.00165425853501604,0.0539241310552436,FALSE
"ou",15,"c",0.03,0.0231919909204672,0.0181920251954074,0.0230514961462108,0.0289602764570768,-0.00694850385378919,4.82817058061233e-05,0.0107682512616694,FALSE
"ou",15,"p",1.17,1.15597545989917,1.13744862563444,1.15576030240855,1.17561026751212,-0.0142396975914469,0.00020276898749586,0.0381616418776782,TRUE
"ou",16,"mu",0.074,0.0755534187166224,0.0669897213918566,0.0754355032098284,0.0847344768955173,0.00143550320982838,2.06066946542759e-06,0.0177447555036607,TRUE
"ou",16,"K",0.524180588111021,0.389939418379466,0.319437635667137,0.387972406297522,0.471202121413005,-0.1362081818135,0.0185526687929393,0.151764485745868,FALSE
"ou",16,"alpha",1.89,1.94234725036785,1.9142672841526,1.94228880752119,1.97058325312269,0.0522888075211874,0.00273411939198778,0.0563159689700914,FALSE
"ou",16,"c",0.03,0.0336080957865157,0.0263054638023362,0.0334061893228416,0.0420140162214416,0.00340618932284161,1.16021257030402e-05,0.0157085524191055,TRUE
"ou",16,"p",1.17,1.15751412119287,1.13738504373058,1.15726344145691,1.17894318005516,-0.0127365585430883,0.000162219923521516,0.0415581363245767,TRUE
"ou",17,"mu",0.074,0.0826698340666381,0.0736947990456584,0.0825520535449938,0.092258874177403,0.00855205354499378,7.31376198364406e-05,0.0185640751317446,TRUE
"ou",17,"K",0.524180588111021,0.477699457352962,0.382651880118141,0.474744111327141,0.588986307164121,-0.0494364767838799,0.00244396523680309,0.20633442704598,TRUE
"ou",17,"alpha",1.89,1.92739941275962,1.89535158699992,1.92732651347082,1.95966061090564,0.0373265134708158,0.001393268607887,0.0643090239057151,FALSE
"ou",17,"c",0.03,0.0337456079958993,0.0257030564828799,0.0334986768796142,0.0431430490057163,0.00349867687961423,1.22407399079472e-05,0.0174399925228364,TRUE
"ou",17,"p",1.17,1.21148046757187,1.18541987817497,1.2112009700691,1.23896766873355,0.0412009700691014,0.00169751993463499,0.0535477905585737,FALSE
"ou",18,"mu",0.074,0.0844049928726441,0.075334133743154,0.0842872890570209,0.0940888177647475,0.0102872890570209,0.000105828316142703,0.0187546840215935,FALSE
"ou",18,"K",0.524180588111021,0.509802681490503,0.42863251034413,0.507835632092467,0.601664850465703,-0.0163449560185539,0.000267157587248461,0.173032340121573,TRUE
"ou",18,"alpha",1.89,1.91305901937831,1.88828383578091,1.9130107158666,1.93795330930178,0.0230107158666013,0.000529493044693457,0.049669473520874,TRUE
"ou",18,"c",0.03,0.0302662579309279,0.0244652258657493,0.0301257111638616,0.0368308075524125,0.000125711163861588,1.5803296719435e-08,0.0123655816866632,TRUE
"ou",18,"p",1.17,1.17760189385681,1.15903043151183,1.17741941024009,1.19709515447656,0.00741941024009196,5.50476483107815e-05,0.0380647229647288,TRUE
"ou",19,"mu",0.074,0.0738214906621683,0.0653608252921759,0.0737035411111323,0.0829003588374179,-0.000296458888867743,8.78878727886966e-08,0.0175395335452419,TRUE
"ou",19,"K",0.524180588111021,0.468796809838622,0.401235718566653,0.467327614533866,0.544299282628717,-0.0568529735771552,0.00323226060456471,0.143063564062063,TRUE
"ou",19,"alpha",1.89,1.92337984932772,1.90042652697547,1.9233371741566,1.9464316986171,0.0333371741565951,0.00111136718074715,0.0460051716416312,FALSE
"ou",19,"c",0.03,0.0303753567640406,0.0251368107222212,0.0302622689617847,0.0362246639927861,0.000262268961784728,6.8785008315639e-08,0.011087853270565,TRUE
"ou",19,"p",1.17,1.16447578708352,1.14867005554043,1.16432889889781,1.18101816109959,-0.00567110110218993,3.21613877112599e-05,0.0323481055591577,TRUE
"ou",20,"mu",0.074,0.0783114411910418,0.0695852716786778,0.0781935564708632,0.0876537742800569,0.00419355647086316,1.75859158743182e-05,0.0180685026013791,TRUE
"ou",20,"K",0.524180588111021,0.671643852910771,0.544037400431252,0.667879108424126,0.819894069473216,0.143698520313105,0.0206492647401758,0.275856669041964,FALSE
"ou",20,"alpha",1.89,1.854264674021,1.8253130542067,1.8542012805548,1.88339503031222,-0.0357987194452034,0.00128154831391638,0.0580819761055236,FALSE
"ou",20,"c",0.03,0.0251065939394928,0.0193108404158954,0.0249314430049395,0.0318629284593382,-0.00506855699506049,2.56902700121766e-05,0.0125520880434428,TRUE
"ou",20,"p",1.17,1.16705595095388,1.14611834894126,1.16680496240497,1.18929020854087,-0.00319503759502937,1.02082652336511e-05,0.0431718595996096,TRUE
"ou",21,"mu",0.074,0.0781990133701255,0.0694804236009372,0.0780811549336935,0.087533664779563,0.00408115493369351,1.66558255928109e-05,0.0180532411786258,TRUE
"ou",21,"K",0.524180588111021,0.4417794401458,0.367998610075014,0.43989496984902,0.525829107435729,-0.0842856182620018,0.00710406544580789,0.157830497360714,TRUE
"ou",21,"alpha",1.89,1.89234302709863,1.86426289525428,1.89228354594521,1.92058510567863,0.00228354594520774,5.21458208387473e-06,0.0563222104243524,TRUE
"ou",21,"c",0.03,0.0365949331616041,0.0292589976955633,0.0364107872103812,0.0449328419245132,0.00641078721038119,4.1098192656787e-05,0.0156738442289499,TRUE
"ou",21,"p",1.17,1.18242480726528,1.16219262205506,1.18221635940355,1.20371607517391,0.0122163594035469,0.000149239437076629,0.0415234531188524,TRUE
"ou",22,"mu",0.074,0.076388167721532,0.0677763080222911,0.0762702979423875,0.0856168250052471,0.00227029794238748,5.15425274720882e-06,0.017840516982956,TRUE
"ou",22,"K",0.524180588111021,0.367620360570335,0.302196919997562,0.365827073635404,0.442846836674689,-0.158353514475618,0.0250758355467796,0.140649916677127,FALSE
"ou",22,"alpha",1.89,1.93970165067779,1.91167951610893,1.93964334877332,1.96787938327332,0.0496433487733206,0.00246446207742955,0.0561998671643926,FALSE
"ou",22,"c",0.03,0.0407575732704204,0.0321358338300215,0.0405298497694949,0.050621167293415,0.0105298497694949,0.000110877736168131,0.0184853334633934,FALSE
"ou",22,"p",1.17,1.19601487092695,1.17348416555571,1.19578126062786,1.21973335999846,0.0257812606278582,0.000664673399561553,0.0462491944427448,FALSE
"ou",23,"mu",0.074,0.0706226213247631,0.0623536793924055,0.0705045548221153,0.0795116379908025,-0.00349544517788468,1.22181369915973e-05,0.017157958598397,TRUE
"ou",23,"K",0.524180588111021,0.491472627438657,0.38819218329269,0.488053188129161,0.613587024325788,-0.0361273999818608,0.00130518902944935,0.225394841033098,TRUE
"ou",23,"alpha",1.89,1.91045764790387,1.8786042901578,1.91038502379285,1.94252403504705,0.0203850237928538,0.000415549195035215,0.0639197448892523,TRUE
"ou",23,"c",0.03,0.0306027705911868,0.0227858830610352,0.030340792716411,0.0398616733157974,0.000340792716410975,1.16139675558771e-07,0.0170757902547623,TRUE
"ou",23,"p",1.17,1.1595438113615,1.13599998140195,1.15920602529225,1.18486158967071,-0.0107939747077461,0.000116509889991463,0.0488616082687614,TRUE
"ou",24,"mu",0.074,0.0776469672370825,0.0689577044486768,0.0775290213609178,0.0869529738774111,0.00352902136091784,1.24539917658144e-05,0.0179952694287343,TRUE
"ou",24,"K",0.524180588111021,0.566656666279272,0.466800087638667,0.563949493570063,0.681304941823161,0.0397689054590419,0.00158156584141021,0.214504854184494,TRUE
"ou",24,"alpha",1.89,1.87744926302852,1.84989049279148,1.8773912516713,1.90516489277791,-0.0126087483286974,0.00015898053441643,0.0552743999864278,TRUE
"ou",24,"c",0.03,0.0305106402605247,0.0239724749920201,0.0303314047844082,0.0380278972739041,0.00033140478440823,1.09829131128665e-07,0.014055422281884,TRUE
"ou",24,"p",1.17,1.18475690402811,1.16288111043585,1.18451777766449,1.20785597707443,0.01451777766449,0.000210765868315566,0.0449748666385736,TRUE
"ou",25,"mu",0.074,0.0618690438132667,0.0541541012133668,0.0617508046868758,0.0702085300223713,-0.0122491953131242,0.000150042785819064,0.0160544288090045,FALSE
"ou",25,"K",0.524180588111021,0.41122060487392,0.339550495657019,0.409301344630321,0.493371644211172,-0.1148792434807,0.013197240582698,0.153821148554152,FALSE
"ou",25,"alpha",1.89,1.94482078994799,1.9200696932733,1.94477306572373,1.96968784652773,0.0547730657237309,0.00300008872877614,0.0496181532544377,FALSE
"ou",25,"c",0.03,0.0289764414489035,0.0228704609377377,0.028811588158129,0.0359823837366379,-0.00118841184187102,1.41232270589927e-06,0.0131119227989002,TRUE
"ou",25,"p",1.17,1.13729888322308,1.11954209720347,1.13706632031548,1.15626750200145,-0.032933679684519,0.0010846272575625,0.0367254047979833,FALSE
"ou",26,"mu",0.074,0.0655847055864053,0.0576258811759839,0.0654664149409197,0.074166831996652,-0.00853358505908032,7.28220739605589e-05,0.0165409508206681,TRUE
"ou",26,"K",0.524180588111021,0.601538874178907,0.490686127446957,0.598379115836724,0.729693371756091,0.0741985277257028,0.00550542151666189,0.239007244309134,TRUE
"ou",26,"alpha",1.89,1.85265415277321,1.82397521129303,1.8525916942562,1.88150822368981,-0.0374083057438015,0.00139938133862173,0.0575330123967805,FALSE
"ou",26,"c",0.03,0.029745680817994,0.0230806895728753,0.0295531822675306,0.0374644679903265,-0.000446817732469386,1.99646086049084e-07,0.0143837784174511,TRUE
"ou",26,"p",1.17,1.1687504795007,1.14779793238969,1.16850248278342,1.19098256922831,-0.00149751721658276,2.24255781396176e-06,0.0431846368386246,TRUE
"ou",27,"mu",0.074,0.0819684317502306,0.0730338088262276,0.0818506563904844,0.0915172845622985,0.00785065639048443,6.16328057614541e-05,0.0184834757360709,TRUE
"ou",27,"K",0.524180588111021,0.496895759671805,0.396134399550238,0.493693939672242,0.615265416733442,-0.0304866484387795,0.000929435733029738,0.219131017183204,TRUE
"ou",27,"alpha",1.89,1.90568037823469,1.87443748985095,1.90560990868143,1.93712787104098,0.015609908681429,0.000243669249042552,0.0626903811900232,TRUE
"ou",27,"c",0.03,0.0301600644754512,0.0227612417576214,0.0299232228817052,0.0388604642322867,-7.67771182947595e-05,5.89472589364749e-09,0.0160992224746653,TRUE
"ou",27,"p",1.17,1.16851594339512,1.14537388853636,1.16821280336967,1.19323743216875,-0.00178719663033311,3.19407179547402e-06,0.0478635436323969,TRUE
"ou",28,"mu",0.074,0.0824594455500202,0.0734935592335249,0.0823415886652262,0.0920398291789116,0.00834158866522623,6.95821014598308e-05,0.0185462699453867,TRUE
"ou",28,"K",0.524180588111021,0.573744930949199,0.452194914029894,0.569682739762176,0.717676780229869,0.0455021516511549,0.0020704458048847,0.265481866199975,TRUE
"ou",28,"alpha",1.89,1.86292775891882,1.83064669271455,1.86285216587494,1.89543606580308,-0.0271478341250573,0.000737004897681625,0.0647893730885338,TRUE
"ou",28,"c",0.03,0.0297380918264503,0.0220084329619912,0.0294731425742909,0.0389272507589228,-0.000526857425709144,2.77578747024866e-07,0.0169188177969316,TRUE
"ou",28,"p",1.17,1.1678260013754,1.14279801346424,1.1674690411547,1.19472764082633,-0.00253095884530019,6.40575267660328e-06,0.0519296273620948,TRUE
"ou",29,"mu",0.074,0.0697359063194244,0.0615188824475568,0.0696177484133865,0.0785738518859341,-0.00438225158661354,1.92041289683769e-05,0.0170549694383773,TRUE
"ou",29,"K",0.524180588111021,0.592338903565054,0.479092796556438,0.588974047760185,0.724041307669083,0.0647934596491642,0.00419819241330786,0.244948511112645,TRUE
"ou",29,"alpha",1.89,1.876601338481,1.84782197435741,1.87653907610698,1.90555408348576,-0.0134609238930208,0.000181196472053698,0.0577321091283511,TRUE
"ou",29,"c",0.03,0.0285706940190722,0.021939355518413,0.0283707606579675,0.0362983771092547,-0.00162923934203252,2.65442083362656e-06,0.0143590215908417,TRUE
"ou",29,"p",1.17,1.17579184220666,1.15369969316667,1.17553092924973,1.19922984267587,0.00553092924973164,3.0591178365537e-05,0.0455301495092029,TRUE
"ou",30,"mu",0.074,0.0901029532708319,0.0807183293550464,0.0899853403585657,0.100098052165243,0.0159853403585657,0.000255531106379189,0.0193797228101964,FALSE
"ou",30,"K",0.524180588111021,0.407461602642083,0.350176706601429,0.406248632143235,0.471293289923698,-0.117931955967786,0.0139079462383879,0.121116583322268,FALSE
"ou",30,"alpha",1.89,1.94018566617486,1.91729470296569,1.94014340002573,1.96317322006942,0.0501434000257313,0.00251436056614051,0.0458785171037341,FALSE
"ou",30,"c",0.03,0.0363011955426911,0.0302502089593886,0.0361768886660812,0.0430216727995995,0.00617688866608124,3.81539535931629e-05,0.0127714638402109,FALSE
"ou",30,"p",1.17,1.19767858453854,1.1801391563547,1.19753714061301,1.21591277899156,0.027537140613006,0.000758294113140467,0.0357736226368577,FALSE
"ou",31,"mu",0.074,0.0785648664608743,0.0698261633726409,0.0784470455256113,0.0879192912031945,0.00444704552561133,1.97762139068597e-05,0.0180931278305536,TRUE
"ou",31,"K",0.524180588111021,0.493314666698882,0.414403044755701,0.491392561500692,0.582676592503045,-0.0327880266103289,0.00107505468899964,0.168273547747343,TRUE
"ou",31,"alpha",1.89,1.86998275527072,1.84511584185947,1.86993344729582,1.89497391639138,-0.0200665527041795,0.000402666537429612,0.0498580745319062,TRUE
"ou",31,"c",0.03,0.0347873611349342,0.0279793734080618,0.0346202899289877,0.0425034755628103,0.00462028992898771,2.13470790279053e-05,0.0145241021547485,TRUE
"ou",31,"p",1.17,1.18061580915208,1.1601843170314,1.18040041196577,1.20214466696974,0.0104004119657677,0.000108168569057684,0.041960349938349,TRUE
"ou",32,"mu",0.074,0.0797451907522247,0.070938552364153,0.0796273986851476,0.0891669591448294,0.00562739868514757,3.16676159616006e-05,0.0182284067806764,TRUE
"ou",32,"K",0.524180588111021,0.525378944224303,0.446398551864671,0.52358118424876,0.61410032859724,-0.000599403862261316,3.59284990093783e-07,0.167701776732569,TRUE
"ou",32,"alpha",1.89,1.86876617236298,1.84668892154744,1.86872529946667,1.89093720198048,-0.0212747005333258,0.000452612882782693,0.04424828043304,TRUE
"ou",32,"c",0.03,0.0333805143143855,0.0273191842664467,0.0332430639521554,0.0401860858637298,0.00324306395215539,1.05174637977698e-05,0.0128669015972832,TRUE
"ou",32,"p",1.17,1.18096045393887,1.16309064231448,1.18079539714271,1.19965731781488,0.0107953971427124,0.000116540599468883,0.0365666755003979,TRUE
"ou",33,"mu",0.074,0.0720947040987513,0.063738385143618,0.0719767314958784,0.0810700135408945,-0.00202326850412157,4.09361543977035e-06,0.0173316283972765,TRUE
"ou",33,"K",0.524180588111021,0.512631509917301,0.456778779952451,0.511727278010037,0.573281133999595,-0.0124533101009838,0.000155084932471266,0.116502354047144,TRUE
"ou",33,"alpha",1.89,1.8882577118851,1.87136441301031,1.88823073422445,1.90519830062815,-0.00176926577555059,3.13030138453462e-06,0.0338338876178466,TRUE
"ou",33,"c",0.03,0.0314923575282662,0.0273803132935216,0.0314263605533884,0.0359542089755721,0.00142636055338838,2.0345044282624e-06,0.00857389568205049,TRUE
"ou",33,"p",1.17,1.17366591515079,1.16140018028021,1.17358194657415,1.18633247430371,0.00358194657414734,1.28303412600459e-05,0.0249322940234944,TRUE
"ou",34,"mu",0.074,0.0758267106997001,0.0672468482103883,0.0757088000698349,0.0850238045923757,0.0017088000698349,2.91999767866775e-06,0.0177769563819874,TRUE
"ou",34,"K",0.524180588111021,0.583834051804837,0.484627182165,0.581251172747266,0.697127940362543,0.0570705846362445,0.00325705163072274,0.212500758197543,TRUE
"ou",34,"alpha",1.89,1.87183780305348,1.84413654151174,1.8717791862322,1.89969847451171,-0.0182208137678039,0.000331998054360993,0.0555619329999701,TRUE
"ou",34,"c",0.03,0.0310771750984437,0.0247400449213415,0.0309130481011312,0.038308661021069,0.000913048101131176,8.33656834979246e-07,0.0135686160997274,TRUE
"ou",34,"p",1.17,1.1928294825393,1.17235779377061,1.19263163779101,1.21429842445837,0.0226316377910094,0.000512191029103445,0.0419406306877577,FALSE
"ou",35,"mu",0.074,0.0726553382497453,0.0642648573232829,0.0725373689669571,0.0816645758415933,-0.00146263103304285,2.13928953882e-06,0.0173997185183104,TRUE
"ou",35,"K",0.524180588111021,0.574411255703541,0.48566687362004,0.572330282490366,0.674448388846685,0.0481496943793448,0.00231839306882431,0.188781515226644,TRUE
"ou",35,"alpha",1.89,1.86385428039101,1.84077793571137,1.86381039183391,1.8870352859375,-0.0261896081660855,0.000685895575893093,0.0462573502261319,FALSE
"ou",35,"c",0.03,0.0274791236626797,0.0222227473365199,0.0273512217792442,0.0334304842553567,-0.00264877822075582,7.01602606275039e-06,0.0112077369188368,TRUE
"ou",35,"p",1.17,1.15945975398418,1.14080153656147,1.15924769452462,1.1792074938339,-0.0107523054753782,0.000115612073035848,0.0384059572724365,TRUE
"ou",36,"mu",0.074,0.0740541079285598,0.0655782368769474,0.0739361266256494,0.0831482668695362,-6.3873374350612e-05,4.07980795093342e-09,0.0175700299925888,TRUE
"ou",36,"K",0.524180588111021,0.532595701519277,0.428830222900226,0.529445706075341,0.653653783199768,0.00526511796431939,2.77214671781987e-05,0.224823560299541,TRUE
"ou",36,"alpha",1.89,1.8508536697469,1.82037084215179,1.85078459241703,1.88153795812097,-0.0392154075829747,0.00153784819189883,0.0611671159691791,FALSE
"ou",36,"c",0.03,0.0388743462464229,0.0297052724741795,0.0385993342996462,0.0495509547748915,0.00859933429964622,7.3948550397072e-05,0.019845682300712,TRUE
"ou",36,"p",1.17,1.20969398698011,1.18354408149009,1.20940907214872,1.23730075512402,0.0394090721487219,0.00155307496762317,0.0537566736339314,FALSE
"ou",37,"mu",0.074,0.104798268430936,0.0946476599618022,0.104680867599493,0.115553327757894,0.0306808675994927,0.000941315636657602,0.0209056677960919,FALSE
"ou",37,"K",0.524180588111021,0.485006041379829,0.39710569362646,0.482547008010691,0.58636055101831,-0.0416335801003301,0.0017333549919706,0.189254857391849,TRUE
"ou",37,"alpha",1.89,1.86963787920177,1.8388596177098,1.86956819438191,1.90061920105882,-0.0204318056180892,0.000417458680815382,0.0617595833490217,TRUE
"ou",37,"c",0.03,0.0388157996154865,0.0303662531872879,0.0385843801652798,0.048529333036842,0.00858438016527983,7.36915828220497e-05,0.0181630798495541,FALSE
"ou",37,"p",1.17,1.20916268309099,1.18524100806227,1.20892289004469,1.23429856990711,0.0389228900446934,0.00151499136943129,0.0490575618448483,FALSE
"ou",38,"mu",0.074,0.0646650612654279,0.056769249587735,0.0645468828114585,0.073183932841411,-0.00945311718854148,8.93614245802985e-05,0.016414683253676,FALSE
"ou",38,"K",0.524180588111021,0.558539198954394,0.489392893945777,0.557260225783084,0.634532845837983,0.0330796376720629,0.00109426242851496,0.145139951892206,TRUE
"ou",38,"alpha",1.89,1.83205618846862,1.8126285049477,1.83202226841609,1.85155473897109,-0.0579777315839056,0.00336141735961541,0.0389262340233973,FALSE
"ou",38,"c",0.03,0.0354857013588213,0.0301067409685227,0.0353856558886831,0.0414002948559267,0.00538565588868313,2.90052893513073e-05,0.011293553887404,FALSE
"ou",38,"p",1.17,1.19090929548809,1.17450900491195,1.1907791833374,1.20794702789388,0.0207791833373987,0.000431774460169228,0.0334380229819271,FALSE
"ou",39,"mu",0.074,0.0682416968683021,0.0601186620628716,0.0681235498376882,0.0769861828456795,-0.00587645016231184,3.45326665101348e-05,0.0168675207828079,TRUE
"ou",39,"K",0.524180588111021,0.580013696363278,0.456582596501304,0.575867128652995,0.726295842467276,0.0516865405419742,0.00267149847319714,0.269713245965972,TRUE
"ou",39,"alpha",1.89,1.85511011094667,1.8212918974794,1.85502817864464,1.88918198323471,-0.034971821355362,0.00122302828891136,0.0678900857553151,FALSE
"ou",39,"c",0.03,0.0346228881576987,0.0256911465381503,0.0343229062989093,0.0452058401404098,0.00432290629890932,1.86875188691499e-05,0.0195146936022595,TRUE
"ou",39,"p",1.17,1.20769901878203,1.1794813591247,1.20736283938145,1.23765209042331,0.0373628393814538,0.00139598176664431,0.0581707312986117,FALSE
"ou",40,"mu",0.074,0.0796416614300012,0.0708364032854058,0.0795237442885335,0.0890627702219039,0.00552374428853353,3.05117509651068e-05,0.0182263669364981,TRUE
"ou",40,"K",0.524180588111021,0.628411065891562,0.507876934571444,0.624816425510552,0.76866479846045,0.100635837399531,0.0101275717691048,0.260787863889006,TRUE
"ou",40,"alpha",1.89,1.83199923770411,1.80062905595744,1.83192627671059,1.86358740700333,-0.0580737232894133,0.00337255733669534,0.0629583510458935,FALSE
"ou",40,"c",0.03,0.0336955989236435,0.0258365037895781,0.033460169633496,0.0428452760392405,0.00346016963349598,1.19727738925677e-05,0.0170087722496623,TRUE
"ou",40,"p",1.17,1.19983391256674,1.17540527165234,1.19956709719189,1.22562729021269,0.0295670971918873,0.000874213236354511,0.0502220185603512,FALSE
"ou",41,"mu",0.074,0.0567725511344769,0.0493966337420466,0.0566541464294908,0.064776088935522,-0.0173458535705092,0.000300878636089545,0.0153794551934754,FALSE
"ou",41,"K",0.524180588111021,0.53093115592476,0.46540523430068,0.529723078253791,0.602923510638503,0.00554249014276997,3.07191969827023e-05,0.137518276337823,TRUE
"ou",41,"alpha",1.89,1.88161618830032,1.86360284807702,1.88158642025407,1.89968565689295,-0.00841357974592705,7.07883241410738e-05,0.0360828088159264,TRUE
"ou",41,"c",0.03,0.030859137540448,0.0262620931930371,0.0307743506981605,0.0359098902571439,0.000774350698160453,5.99619003741581e-07,0.00964779706410679,TRUE
"ou",41,"p",1.17,1.1704279365022,1.15642238614083,1.17031697322908,1.18497700778308,0.000316973229076645,1.00472027951275e-07,0.0285546216422512,TRUE
"ou",42,"mu",0.074,0.0596234555143573,0.0520522666945329,0.0595050234912853,0.0678211908885999,-0.0144949765087147,0.000210104343988192,0.015768924194067,FALSE
"ou",42,"K",0.524180588111021,0.496755245313968,0.404692962342352,0.494114326706586,0.603282141264082,-0.0300662614044357,0.000903980074839863,0.198589178921731,TRUE
"ou",42,"alpha",1.89,1.90374705451463,1.87388249717378,1.90368156620653,1.93379653013956,0.0136815662065271,0.000187185253863583,0.0599140329657852,TRUE
"ou",42,"c",0.03,0.0329210905493365,0.0255693747621741,0.0327111214666854,0.0414216824470297,0.00271112146668537,7.35017960712226e-06,0.0158523076848556,TRUE
"ou",42,"p",1.17,1.1798544976506,1.15770826417171,1.17960031044012,1.20330798434739,0.009600310440121,9.21659605466962e-05,0.0455997201756748,TRUE
"ou",43,"mu",0.074,0.0823374191602705,0.0733816912164444,0.082219645712518,0.0919072333631148,0.008219645712518,6.75625756393156e-05,0.0185255421466704,TRUE
"ou",43,"K",0.524180588111021,0.506956549977062,0.40690483827078,0.503874361796074,0.623938397798847,-0.0203062263149468,0.000412342827153839,0.217033559528068,TRUE
"ou",43,"alpha",1.89,1.91703479661111,1.8857192257812,1.91696435246018,1.94855436991107,0.0269643524601815,0.000727076303596895,0.0628351441298778,TRUE
"ou",43,"c",0.03,0.0297167885115644,0.0226465212211089,0.0294980852641343,0.0379874624036493,-0.000501914735865663,2.51918402079098e-07,0.0153409411825404,TRUE
"ou",43,"p",1.17,1.18206113937962,1.15859999543955,1.18178070550416,1.20697056468533,0.0117807055041579,0.000138785022175696,0.048370569245781,TRUE
"ou",44,"mu",0.074,0.0811737590967718,0.0722852089604882,0.0810559918081862,0.0906767829690341,0.00705599180818624,4.97870203971913e-05,0.0183915740085459,TRUE
"ou",44,"K",0.524180588111021,0.68185521001425,0.575631213201774,0.679341647789412,0.801725700265401,0.155161059678391,0.0240749544405211,0.226094487063626,FALSE
"ou",44,"alpha",1.89,1.82692008984034,1.8029701537542,1.82687294135788,1.85098774919167,-0.0631270586421222,0.00398502553280594,0.0480175954374678,FALSE
"ou",44,"c",0.03,0.0277822404378031,0.0224277370253696,0.027650960280601,0.0338503388171921,-0.00234903971939899,5.5179876033141e-06,0.0114226017918226,TRUE
"ou",44,"p",1.17,1.17726986231985,1.1575836272698,1.17706464256486,1.19800024597794,0.00706464256485528,4.9909174569165e-05,0.0404166187081469,TRUE
"ou",45,"mu",0.074,0.0710822650299829,0.0627866299161794,0.0709642478398194,0.0799975262290386,-0.00303575216018055,9.21579117804089e-06,0.0172108963128592,TRUE
"ou",45,"K",0.524180588111021,0.57254530307287,0.496179964320967,0.571016825247008,0.657133662590115,0.0468362371359864,0.00219363310905835,0.160953698269148,TRUE
"ou",45,"alpha",1.89,1.82698358605825,1.80601491042571,1.82694534675664,1.84803802249725,-0.0630546532433618,0.0039758892956406,0.04202311207154,FALSE
"ou",45,"c",0.03,0.0344178387306744,0.0288574473224595,0.0343069254418564,0.0405745798237612,0.00430692544185638,1.85496067617098e-05,0.0117171325013017,TRUE
"ou",45,"p",1.17,1.18269888643028,1.16659004622025,1.18256574715424,1.19946422650768,0.0125657471542426,0.000157898001544357,0.0328741802874273,TRUE
"ou",46,"mu",0.074,0.0780039254137473,0.0692977769048036,0.0778860930287194,0.0873260655298984,0.00388609302871937,1.51017190278613e-05,0.0180282886250949,TRUE
"ou",46,"K",0.524180588111021,0.456540792383544,0.379412001350512,0.454545566687849,0.544548345460796,-0.0696350214231719,0.00484903620860561,0.165136344110284,TRUE
"ou",46,"alpha",1.89,1.89447281779246,1.86747464028413,1.89441704023255,1.92161866486414,0.00441704023255118,1.95102444159758e-05,0.0541440245800051,TRUE
"ou",46,"c",0.03,0.0375576224001945,0.0299785303545108,0.0373663660579274,0.0461776187175849,0.00736636605792741,5.4263348899385e-05,0.0161990883630741,TRUE
"ou",46,"p",1.17,1.19725854589921,1.1760988098995,1.19705392981051,1.2194497349711,0.0270539298105108,0.000731915118192045,0.0433509250716042,FALSE
"ou",47,"mu",0.074,0.0734505541151491,0.0650052723283647,0.073332404493106,0.0825152743601441,-0.000667595506893964,4.45683760825009e-07,0.0175100020317794,TRUE
"ou",47,"K",0.524180588111021,0.508465231472032,0.416903968924465,0.505922183636545,0.613936033359503,-0.0182584044744762,0.000333369333953574,0.197032064435038,TRUE
"ou",47,"alpha",1.89,1.89324921996198,1.86515269163782,1.89318970180899,1.92150780249497,0.00318970180898792,1.01741976302608e-05,0.0563551108571514,TRUE
"ou",47,"c",0.03,0.0292461777371872,0.022869605035286,0.0290674017812216,0.0366002565571852,-0.00093259821877844,8.69739437668718e-07,0.0137306515218992,TRUE
"ou",47,"p",1.17,1.15727405677267,1.13767177033324,1.15703584782323,1.17810869460043,-0.012964152176774,0.000168069241662555,0.0404369242671903,TRUE
"ou",48,"mu",0.074,0.072003015427012,0.0636494771733429,0.0718849619911773,0.0809760217928831,-0.00211503800882265,4.47338577876448e-06,0.0173265446195402,TRUE
"ou",48,"K",0.524180588111021,0.525471706860794,0.405520813547974,0.521097988935227,0.669594724257051,-0.00308259917579468,9.50241767861001e-06,0.264073910709077,TRUE
"ou",48,"alpha",1.89,1.91934196292476,1.88558236694314,1.91926226617605,1.95334285929249,0.0292622661760498,0.000856280221757986,0.0677604923493498,TRUE
"ou",48,"c",0.03,0.0271314430314001,0.0195921394732778,0.0268499418251338,0.0362257561970031,-0.00315005817486615,9.92286650504108e-06,0.0166336167237253,TRUE
"ou",48,"p",1.17,1.16744638422916,1.14104443407253,1.16704737344538,1.19595244959894,-0.00295262655461515,8.7180035710185e-06,0.0549080155264152,TRUE
"ou",49,"mu",0.074,0.0683433824721364,0.0602165065206896,0.0682253106149238,0.077091257507553,-0.00577468938507621,3.33470374941118e-05,0.0168747509868634,TRUE
"ou",49,"K",0.524180588111021,0.416778379290167,0.354294710504992,0.415360324999622,0.486944455863809,-0.108820263111399,0.0118418496636341,0.132649745358817,FALSE
"ou",49,"alpha",1.89,1.93469299503082,1.91262201954554,1.93465299762082,1.95685280450138,0.044652997620825,0.0019938901965254,0.0442307849558368,FALSE
"ou",49,"c",0.03,0.0324500904538557,0.0266014795635703,0.0323182648376816,0.0390122701922217,0.00231826483768163,5.37435185763101e-06,0.0124107906286514,TRUE
"ou",49,"p",1.17,1.16161144014105,1.14501589355906,1.16144612667091,1.1790435080357,-0.00855387332909086,7.31687489301319e-05,0.0340276144766376,TRUE
"ou",50,"mu",0.074,0.0707743218371807,0.0624955715503998,0.0706562432125316,0.0796731541501542,-0.00334375678746836,1.11807094537407e-05,0.0171775825997544,TRUE
"ou",50,"K",0.524180588111021,0.539835747205784,0.443414540067418,0.537182042232323,0.650766037208672,0.0130014541213018,0.000169037809268316,0.207351497141254,TRUE
"ou",50,"alpha",1.89,1.89106607237593,1.86349741743205,1.89100830973908,1.91879010863191,0.00100830973908095,1.01668852992549e-06,0.0552926911998608,TRUE
"ou",50,"c",0.03,0.0302662398237129,0.0236689232176096,0.0300817712722496,0.037872065019467,8.17712722495575e-05,6.68654096531126e-09,0.0142031418018574,TRUE
"ou",50,"p",1.17,1.16829749982708,1.14731900515749,1.16804799961486,1.19056392664431,-0.00195200038514409,3.81030550360269e-06,0.0432449214868167,TRUE
"ou",51,"mu",0.074,0.0831837497440353,0.0741803395794245,0.083065995054888,0.09280083948298,0.00906599505488803,8.21922663352543e-05,0.0186204999035556,FALSE
"ou",51,"K",0.524180588111021,0.4878817826268,0.394818481737838,0.485123741425271,0.596071413467919,-0.0390568466857502,0.00152543727303419,0.201252931730082,TRUE
"ou",51,"alpha",1.89,1.93268544139942,1.90323781450058,1.93262210017414,1.96230838635727,0.0426221001741425,0.00181664342325464,0.0590705718566888,FALSE
"ou",51,"c",0.03,0.0307251144501816,0.0236792628135425,0.0305166623439505,0.0389131605274981,0.000516662343950543,2.66939977656469e-07,0.0152338977139557,TRUE
"ou",51,"p",1.17,1.18737686984235,1.1644266645677,1.18711890736197,1.21165074927837,0.017118907361974,0.000293056989267846,0.0472240847106686,TRUE
"ou",52,"mu",0.074,0.0787183400570359,0.0699646977145613,0.0786003583940442,0.088088524993561,0.00460035839404419,2.11632973536528e-05,0.0181238272789997,TRUE
"ou",52,"K",0.524180588111021,0.465664576988765,0.37577192546335,0.462964165774265,0.570375559913124,-0.061216422336756,0.00374745036371207,0.194603634449774,TRUE
"ou",52,"alpha",1.89,1.90143943589601,1.86971106332565,1.90136703878196,1.93338033197325,0.0113670387819584,0.000129209570670547,0.063669268647601,TRUE
"ou",52,"c",0.03,0.0361421285047014,0.0277200749375691,0.0358914849796286,0.0459377763738865,0.0058914849796286,3.47095952651894e-05,0.0182177014363173,TRUE
"ou",52,"p",1.17,1.19497545870734,1.16991444074126,1.19468476311963,1.22153306513882,0.0246847631196312,0.000609337530272304,0.051618624397554,TRUE
"ou",53,"mu",0.074,0.0717379757537532,0.0634009694453066,0.0716199298752211,0.0806945111643317,-0.00238007012477891,5.66473379886508e-06,0.017293541719025,TRUE
"ou",53,"K",0.524180588111021,0.387729087980557,0.304201391289854,0.384882904208979,0.486949658894501,-0.139297683902042,0.0194038447404733,0.182748267604647,FALSE
"ou",53,"alpha",1.89,1.94234194194635,1.90837473354739,1.9422621186969,1.97654986457764,0.0522621186969046,0.00273132905068934,0.0681751310302439,FALSE
"ou",53,"c",0.03,0.037971119634359,0.0281103698795582,0.0376398813494257,0.0496550347172219,0.00763988134942567,5.83677870333022e-05,0.0215446648376636,TRUE
"ou",53,"p",1.17,1.18573141668479,1.15866264184944,1.18536811266864,1.21469707727024,0.0153681126686362,0.000236178886995898,0.0560344354207947,TRUE
"ou",54,"mu",0.074,0.0774426342533097,0.068768192707256,0.0773247634100801,0.0867334857715012,0.00332476341008013,1.10540517330077e-05,0.0179652930642452,TRUE
"ou",54,"K",0.524180588111021,0.448366084093678,0.374858938797103,0.446526566933693,0.531887501286484,-0.0776540211773281,0.00603014700500891,0.157028562489381,TRUE
"ou",54,"alpha",1.89,1.92716986649806,1.90218005165715,1.92712112718647,1.95227991822031,0.037121127186474,0.00137797808359438,0.0500998665631649,FALSE
"ou",54,"c",0.03,0.0308297339190564,0.0247096651964299,0.0306757988065224,0.037787514882795,0.000675798806522371,4.56704026897062e-07,0.0130778496863651,TRUE
"ou",54,"p",1.17,1.14936489556847,1.13165862805871,1.14915707808962,1.16814253519019,-0.020842921910379,0.000434427393762155,0.0364839071314846,FALSE
"ou",55,"mu",0.074,0.074224665794168,0.0657370986412774,0.074106645574137,0.0833306687865109,0.000106645574137018,1.13732784830142e-08,0.0175935701452335,TRUE
"ou",55,"K",0.524180588111021,0.590264846231373,0.463602308088347,0.585968441336865,0.740612410942653,0.0617878532258441,0.00381773880625846,0.277010102854306,TRUE
"ou",55,"alpha",1.89,1.87077648519188,1.83797790781811,1.87069910379676,1.90380922827069,-0.019300896203237,0.00037252459424813,0.0658313204525811,TRUE
"ou",55,"c",0.03,0.0294483179345777,0.021740643659342,0.0291817713715027,0.0386247310998884,-0.000818228628497324,6.69498088492612e-07,0.0168840874405464,TRUE
"ou",55,"p",1.17,1.18024900495198,1.15434832263538,1.17990231453958,1.20795944782044,0.00990231453958157,9.80558332408085e-05,0.0536111251850631,TRUE
"ou",56,"mu",0.074,0.0697842310540263,0.0615683789491573,0.069666194466583,0.07862032163234,-0.00433380553341703,1.87818704014761e-05,0.0170519426831827,TRUE
"ou",56,"K",0.524180588111021,0.588048456646081,0.506831144285087,0.586361185802147,0.678362725825612,0.0621805976911255,0.0038664267292256,0.171531581540525,TRUE
"ou",56,"alpha",1.89,1.88030939206556,1.85915692253905,1.88027130041333,1.90154562530778,-0.009728699586671,9.46475956476924e-05,0.0423887027687331,TRUE
"ou",56,"c",0.03,0.0277441560079019,0.023119307988068,0.0276473272165231,0.0328910867704042,-0.00235267278347694,5.53506922611315e-06,0.00977177878233619,TRUE
"ou",56,"p",1.17,1.16642315054296,1.15133694927965,1.16629103862854,1.18216643284114,-0.00370896137146159,1.37563944549943e-05,0.0308294835614873,TRUE
"ou",57,"mu",0.074,0.0672369761220638,0.0591749886068468,0.0671187559742575,0.0759212151542923,-0.00688124402574246,4.73515193418163e-05,0.0167462265474455,TRUE
"ou",57,"K",0.524180588111021,0.501612823868387,0.403669903406776,0.498632179384763,0.615920266937561,-0.0255484087262586,0.000652721188443965,0.212250363530785,TRUE
"ou",57,"alpha",1.89,1.90757595267412,1.8777575597145,1.9075107206298,1.93757809544816,0.0175107206298051,0.000306625336975081,0.059820535733661,TRUE
"ou",57,"c",0.03,0.028736103794026,0.0219626704880208,0.0285283273330713,0.0366496303006983,-0.00147167266692868,2.16582043858496e-06,0.0146869598126775,TRUE
"ou",57,"p",1.17,1.15732665010428,1.13613966460912,1.15704842535147,1.17996364957674,-0.0129515746485269,0.000167743285876365,0.0438239849676161,TRUE
"ou",58,"mu",0.074,0.0747504580064215,0.0662325771781044,0.0746324765455684,0.0838863633423955,0.000632476545568444,4.00026580694193e-07,0.0176537861642911,TRUE
"ou",58,"K",0.524180588111021,0.462569459748906,0.378497287930619,0.460210023142027,0.559552617646178,-0.0639705649689947,0.00409223318245238,0.181055329715559,TRUE
"ou",58,"alpha",1.89,1.88529301892107,1.85622440281016,1.88522993383778,1.9145378796695,-0.00477006616222053,2.27535311919613e-05,0.058313476859345,TRUE
"ou",58,"c",0.03,0.0357756573420983,0.0279436563161301,0.0355583377662711,0.0447953165928227,0.00555833776627108,3.08951187239554e-05,0.0168516602766926,TRUE
"ou",58,"p",1.17,1.17621804249979,1.15465552010249,1.17597025258124,1.19905509680312,0.00597025258123929,3.56439158837944e-05,0.0443995767006278,TRUE
"ou",59,"mu",0.074,0.0819777204139577,0.073040136892552,0.0818598808696713,0.0915298805583226,0.00785988086967133,6.17777272854254e-05,0.0184897436657706,TRUE
"ou",59,"K",0.524180588111021,0.513453022841752,0.419119146921213,0.510773269443376,0.622458207589634,-0.0134073186676458,0.000179756193855803,0.203339060668421,TRUE
"ou",59,"alpha",1.89,1.86535070953622,1.83520681063877,1.86528326272259,1.89568891908168,-0.0247167372774133,0.000610917101640672,0.0604821084429121,TRUE
"ou",59,"c",0.03,0.0357360471412031,0.0278346439754855,0.0355143118648978,0.0448498031218731,0.00551431186489784,3.04076353433531e-05,0.0170151591463876,TRUE
"ou",59,"p",1.17,1.19577267461565,1.17252138874007,1.19552362391964,1.22029504852226,0.025523623919643,0.000651455377991374,0.0477736597821834,FALSE
"ou",60,"mu",0.074,0.0807854336524085,0.0719188755647903,0.0806676542834658,0.0902666725683285,0.00666765428346577,4.44576136438195e-05,0.0183477970035382,TRUE
"ou",60,"K",0.524180588111021,0.475250171598333,0.393295144657939,0.473081255340104,0.569043232050492,-0.0510993327709174,0.00261114180963295,0.175748087392552,TRUE
"ou",60,"alpha",1.89,1.91012297102972,1.8827066223809,1.91006610730345,1.9376905417068,0.020066107303452,0.000402648662313651,0.0549839193258965,TRUE
"ou",60,"c",0.03,0.0305738545223715,0.0241910342568725,0.0304039526082948,0.0378836173231079,0.000403952608294827,1.63177709748194e-07,0.0136925830662355,TRUE
"ou",60,"p",1.17,1.15789632077225,1.13869641219937,1.15766894056321,1.17826950731205,-0.0123310594367929,0.00015205502683372,0.0395730951126856,TRUE
"ou",61,"mu",0.074,0.0766470881008687,0.0680186563908802,0.0765291860157433,0.0858923970442139,0.00252918601574328,6.39678190223139e-06,0.0178737406533337,TRUE
"ou",61,"K",0.524180588111021,0.55523500113706,0.474841732311654,0.55347791811908,0.645128358954538,0.0292973300080587,0.000858333545601095,0.170286626642883,TRUE
"ou",61,"alpha",1.89,1.88615073870958,1.86452128089436,1.88611137688763,1.90786819017377,-0.00388862311237292,1.51213897100809e-05,0.0433469092794121,TRUE
"ou",61,"c",0.03,0.0273558759359266,0.0225666587766417,0.0272500605493154,0.0327172961429342,-0.00274993945068457,7.56216698243133e-06,0.0101506373662925,TRUE
"ou",61,"p",1.17,1.15741841927341,1.14195123665254,1.15726960232601,1.17363534737738,-0.0127303976739872,0.000162063024937859,0.0316841107248387,TRUE
"ou",62,"mu",0.074,0.0695867261472024,0.0613823334227677,0.0694686649508948,0.0784115695299688,-0.00453133504910518,2.0532997327249e-05,0.0170292361072011,TRUE
"ou",62,"K",0.524180588111021,0.507667849145639,0.428193884459478,0.505777240234157,0.597408929329984,-0.0184033478768642,0.00033868321307688,0.169215044870506,TRUE
"ou",62,"alpha",1.89,1.83109243328939,1.80701594109615,1.83104495751636,1.85528771573706,-0.0589550424836409,0.00347569703424791,0.04827177464091,FALSE
"ou",62,"c",0.03,0.0406115002353951,0.0329422038862847,0.0404327681597936,0.0492498415199677,0.0104327681597936,0.000108842651476002,0.0163076376336831,FALSE
"ou",62,"p",1.17,1.19886305327271,1.17882029344402,1.19868113135203,1.21981516857298,0.0286811313520339,0.00082260729563262,0.0409948751289571,FALSE
"ou",63,"mu",0.074,0.0668438848894859,0.058810048114217,0.0667257588597222,0.0754996145619468,-0.00727424114027783,5.29145841669105e-05,0.0166895664477298,TRUE
"ou",63,"K",0.524180588111021,0.602213626710743,0.508578352158019,0.600002631377441,0.707851442988615,0.0758220432664201,0.00574898224509488,0.199273090830596,TRUE
"ou",63,"alpha",1.89,1.87901975272357,1.85604256858954,1.87897638224837,1.90209927214188,-0.0110236177516259,0.000121520148333961,0.0460567035523451,TRUE
"ou",63,"c",0.03,0.0260400162942796,0.0211266416245538,0.0259218407316909,0.031595176325105,-0.0040781592683091,1.66313830176954e-05,0.0104685347005511,TRUE
"ou",63,"p",1.17,1.15642178027487,1.13997545340258,1.15625249335655,1.17372817503235,-0.0137475066434471,0.000188993938911624,0.0337527216297735,TRUE
"ou",64,"mu",0.074,0.0711222955600912,0.0628241273000024,0.0710042765459146,0.0800400843509301,-0.00299572345408536,8.97435901335711e-06,0.0172159570509277,TRUE
"ou",64,"K",0.524180588111021,0.53479629821089,0.445003810125656,0.53248931935465,0.637163385359704,0.00830873124362885,6.90350148788543e-05,0.192159575234048,TRUE
"ou",64,"alpha",1.89,1.86527042195729,1.83983449245916,1.86521921420946,1.89083783446216,-0.0247807857905435,0.000614087344396805,0.0510033420030045,TRUE
"ou",64,"c",0.03,0.0360429450051234,0.028766183027458,0.0358586196527741,0.0443230770505469,0.00585861965277409,3.43234242358708e-05,0.0155568940230889,TRUE
"ou",64,"p",1.17,1.20390083063285,1.18247078944548,1.2037005324415,1.22633606022191,0.0337005324415016,0.0011357258868407,0.0438652707764269,FALSE
"ou",65,"mu",0.074,0.0774355261208889,0.0687560822546842,0.0773175070906706,0.0867321920194689,0.00331750709067065,1.100585329665e-05,0.0179761097647848,TRUE
"ou",65,"K",0.524180588111021,0.592449402151111,0.47916930022394,0.58908310281351,0.72419381494395,0.0649025147024889,0.00421233641470678,0.245024514720009,TRUE
"ou",65,"alpha",1.89,1.88622846238906,1.85750985711456,1.88616663160094,1.91511837377346,-0.00383336839906301,1.46947132829349e-05,0.0576085166588909,TRUE
"ou",65,"c",0.03,0.0256694055106838,0.019718194501351,0.0254889257044642,0.0326105465535136,-0.00451107429553584,2.03497912998442e-05,0.0128923520521627,TRUE
"ou",65,"p",1.17,1.15986910546304,1.13924437876827,1.1596109898624,1.18183299617349,-0.0103890101375992,0.000107931531639139,0.0425886174052243,TRUE
"ou",66,"mu",0.074,0.0754679754007142,0.0669071548624213,0.0753499978302992,0.0846465281767901,0.00134999783029922,1.82249414181261e-06,0.0177393733143687,TRUE
"ou",66,"K",0.524180588111021,0.531086064442046,0.436027993514854,0.528463713503981,0.640483249978126,0.00428312539295983,1.83451631318173e-05,0.204455256463272,TRUE
"ou",66,"alpha",1.89,1.91015153985512,1.88152683270574,1.91009056480999,1.93894327207646,0.020090564809994,0.000403630794384571,0.0574164393707226,TRUE
"ou",66,"c",0.03,0.0297841431366227,0.0233664231182014,0.0296068152980937,0.0371708618034589,-0.000393184701906291,1.54594209813139e-07,0.0138044386852575,TRUE
"ou",66,"p",1.17,1.18236681156367,1.16121547268232,1.18213912313934,1.20468091605238,0.0121391231393382,0.000147358310592016,0.0434654433700594,TRUE
"ou",67,"mu",0.074,0.0789623042644575,0.0701956727929845,0.0788443580938119,0.0883451945928243,0.00484435809381187,2.34678053410806e-05,0.0181495217998398,TRUE
"ou",67,"K",0.524180588111021,0.495591445505773,0.400112152796016,0.492729692497932,0.606773000670104,-0.0314508956130895,0.000989158834865453,0.206660847874088,TRUE
"ou",67,"alpha",1.89,1.88241446657145,1.85171050804656,1.88234539088699,1.91331848510389,-0.00765460911300808,5.85930406729464e-05,0.0616079770573299,TRUE
"ou",67,"c",0.03,0.0377587041334959,0.0289669264432936,0.0374982296659119,0.0479776759166731,0.00749822966591188,5.62234481227609e-05,0.0190107494733795,TRUE
"ou",67,"p",1.17,1.19900037068036,1.17400952052707,1.19871955970259,1.22543202932267,0.0287195597025875,0.000824813109510491,0.051422508795598,FALSE
"ou",68,"mu",0.074,0.0681075410173134,0.0599944638593186,0.0679894382030022,0.0768418803057528,-0.0060105617969978,3.61268531155294e-05,0.0168474164464342,TRUE
"ou",68,"K",0.524180588111021,0.440140683007414,0.351551595229182,0.437349619774312,0.544074117111294,-0.0868309683367088,0.00753961706229053,0.192522521882111,TRUE
"ou",68,"alpha",1.89,1.91545027097644,1.88415025903529,1.91537984341198,1.94695428885815,0.0253798434119823,0.000644136451616741,0.0628040298228689,TRUE
"ou",68,"c",0.03,0.0324078443262311,0.0245429397400687,0.0321605175246618,0.0416310312490629,0.0021605175246618,4.66783597437075e-06,0.0170880915089942,TRUE
"ou",68,"p",1.17,1.16649178046544,1.14348812187653,1.16618735746029,1.19108304023525,-0.00381264253971314,1.45362431356303e-05,0.0475949183587214,TRUE
"ou",69,"mu",0.074,0.0736867515706984,0.0652338898327371,0.0735687919641993,0.0827579224458578,-0.00043120803580074,1.85940370139132e-07,0.0175240326131206,TRUE
"ou",69,"K",0.524180588111021,0.509217065391018,0.41425716477218,0.506473882369384,0.619206064692725,-0.0177067057416378,0.000313527428220949,0.204948899920544,TRUE
"ou",69,"alpha",1.89,1.90650902845054,1.87684831197712,1.90644433397209,1.93635142643789,0.0164443339720881,0.000270416119785571,0.0595031144607627,TRUE
"ou",69,"c",0.03,0.0308149680524613,0.0239269740049882,0.0306170688785809,0.0387860819443288,0.000617068878580904,3.80774000913095e-07,0.0148591079393406,TRUE
"ou",69,"p",1.17,1.18661069284694,1.16441784659159,1.1863679883295,1.21004518030387,0.0163679883295014,0.000267911041954693,0.0456273337122828,TRUE
"ou",70,"mu",0.074,0.0781306158241743,0.0694134209959521,0.0780126859041997,0.0874642879737772,0.00401268590419969,1.61016481657629e-05,0.0180508669778251,TRUE
"ou",70,"K",0.524180588111021,0.485193662991524,0.406618755060128,0.483253689024289,0.574322926524674,-0.0409268990867324,0.00167501106885558,0.167704171464546,TRUE
"ou",70,"alpha",1.89,1.87632412439416,1.85110087291761,1.87627379468531,1.90167519829199,-0.0137262053146894,0.000188408712341007,0.0505743253743767,TRUE
"ou",70,"c",0.03,0.0355164665327354,0.0286039606365534,0.0353481263765095,0.0433436597506685,0.00534812637650951,2.86024557391168e-05,0.0147396991141151,TRUE
"ou",70,"p",1.17,1.18927553573304,1.16953640108846,1.18908662725434,1.2099656849491,0.0190866272543377,0.000364299339946028,0.0404292838606466,TRUE
"ou",71,"mu",0.074,0.0811364931310564,0.0722444522519664,0.0810185757236932,0.0906438403086779,0.00701857572369324,4.92604051892161e-05,0.0183993880567115,TRUE
"ou",71,"K",0.524180588111021,0.508966174068597,0.423708991645687,0.506781341610715,0.606130758147128,-0.0173992465003063,0.000302733778778422,0.182421766501442,TRUE
"ou",71,"alpha",1.89,1.87101646837374,1.84551877817436,1.87096516502188,1.89664579725264,-0.0190348349781204,0.000362324942644277,0.0511270190782795,TRUE
"ou",71,"c",0.03,0.0322202328495304,0.0256649354446554,0.0320513254870909,0.0396957137839262,0.00205132548709094,4.2079362539889e-06,0.0140307783392708,TRUE
"ou",71,"p",1.17,1.16027024332919,1.14154739711801,1.16005812034748,1.18008256715168,-0.00994187965252058,9.88409710252027e-05,0.0385351700336691,TRUE
"ou",72,"mu",0.074,0.103517668255709,0.0934319230427124,0.103400258298913,0.114208324143072,0.0294002582989125,0.000864375188042774,0.0207764011003594,FALSE
"ou",72,"K",0.524180588111021,0.366232763126376,0.289903157536475,0.363729579289349,0.456344833432078,-0.160451008821672,0.0257445262318922,0.166441675895603,FALSE
"ou",72,"alpha",1.89,1.97510826621879,1.94272680734997,1.97503538220404,2.00770091122517,0.0850353822040382,0.00723101622658685,0.0649741038751959,FALSE
"ou",72,"c",0.03,0.0325371660228248,0.0243971322860466,0.0322720987568239,0.0421347219995351,0.00227209875682389,5.16243276076066e-06,0.0177375897134885,TRUE
"ou",72,"p",1.17,1.16668796370773,1.14281134209836,1.16636036070709,1.19227852879433,-0.00363963929291011,1.32469741824952e-05,0.0494671866959624,TRUE
"ou",73,"mu",0.074,0.0833585704286753,0.0743437172965826,0.0832407770499013,0.0929872513947518,0.00924077704990134,8.53919604859833e-05,0.0186435340981692,FALSE
"ou",73,"K",0.524180588111021,0.713103929455902,0.562529467686485,0.708090985374294,0.891294817107455,0.183910397263273,0.0338230342215348,0.328765349420971,FALSE
"ou",73,"alpha",1.89,1.87595866087058,1.84475567837239,1.87588755387339,1.90737012793824,-0.0141124461266124,0.000199161135676539,0.0626144495658449,TRUE
"ou",73,"c",0.03,0.0238472785313492,0.0176921729562147,0.0236349001997137,0.031172675196427,-0.00636509980028632,4.05144954676049e-05,0.0134805022402123,TRUE
"ou",73,"p",1.17,1.16990270719005,1.14623332852556,1.1695890218326,1.19520817974546,-0.000410978167396658,1.68903054076716e-07,0.0489748512199066,TRUE
"ou",74,"mu",0.074,0.0771023446680523,0.0684458836076559,0.0769844147491154,0.0863756650826775,0.00298441474911537,8.90673139473737e-06,0.0179297814750216,TRUE
"ou",74,"K",0.524180588111021,0.678138173943933,0.557452717809285,0.674830104587598,0.816907257076267,0.150649516476576,0.0226952768146262,0.259454539266982,FALSE
"ou",74,"alpha",1.89,1.8332761710722,1.80469355095585,1.83321360170528,1.86203515778844,-0.0567863982947185,0.00322469503128641,0.057341606832596,FALSE
"ou",74,"c",0.03,0.0289377879967963,0.0226395459401004,0.0287614293911369,0.0362002725226971,-0.00123857060886306,1.53405715313942e-06,0.0135607265825967,TRUE
"ou",74,"p",1.17,1.17820339985826,1.15704588974585,1.17796835270463,1.20056549905723,0.0079683527046277,6.34946448253476e-05,0.0435196093113814,TRUE
"ou",75,"mu",0.074,0.0821417818807043,0.0731943958640226,0.0820239323378448,0.0917037397794895,0.00802393233784482,6.43834901623118e-05,0.0185093439154668,TRUE
"ou",75,"K",0.524180588111021,0.675022324762157,0.549175681422156,0.671387965831262,0.820780315605342,0.147207377720241,0.0216700120552697,0.271604634183186,FALSE
"ou",75,"alpha",1.89,1.86037466167491,1.83113780431132,1.86031039036586,1.88979345841599,-0.0296896096341395,0.000881472920227587,0.0586556541046668,FALSE
"ou",75,"c",0.03,0.0275386204676931,0.0212737713668259,0.0273535501680823,0.0348175294104972,-0.00264644983191771,7.0036967128573e-06,0.0135437580436713,TRUE
"ou",75,"p",1.17,1.18569085353607,1.16284113700214,1.18543192243542,1.20987038573579,0.0154319224354167,0.000238144230052717,0.0470292487336517,TRUE
"ou",76,"mu",0.074,0.0945232378614353,0.0849040882841986,0.0944057426496277,0.104750717551121,0.0204057426496277,0.000416394333082837,0.0198466292669223,FALSE
"ou",76,"K",0.524180588111021,0.508938149520913,0.453116986874184,0.508028179780832,0.56958908833116,-0.0161524083301893,0.000260900294865168,0.116472101456976,TRUE
"ou",76,"alpha",1.89,1.89430819571749,1.87783647187769,1.89428225999825,1.91082393015178,0.00428225999825194,1.83377506926287e-05,0.0329874582740903,TRUE
"ou",76,"c",0.03,0.0323865485274924,0.0281179225917526,0.0323175028759144,0.0370213492295666,0.00231750287591435,5.3708195798713e-06,0.00890342663781392,TRUE
"ou",76,"p",1.17,1.18413440987056,1.17111386109817,1.18404693481214,1.19757099482529,0.0140469348121393,0.00019731637761649,0.0264571337271191,FALSE
"ou",77,"mu",0.074,0.0745323805313988,0.066029196059581,0.0744144427081701,0.0836534335639285,0.000414442708170135,1.71762758355395e-07,0.0176242375043475,TRUE
"ou",77,"K",0.524180588111021,0.496525465443631,0.383648933855733,0.492429631340057,0.632034616672068,-0.0317509567709643,0.00100812325587165,0.248385682816335,TRUE
"ou",77,"alpha",1.89,1.93079311011893,1.89666166672345,1.93071229686768,1.96516987055274,0.0407122968676761,0.00165749111624179,0.0685082038292943,FALSE
"ou",77,"c",0.03,0.0291838776080177,0.0211742640099478,0.0288907164211338,0.0388118419597421,-0.00110928357886624,1.23051005834229e-06,0.0176375779497943,TRUE
"ou",77,"p",1.17,1.18040315901837,1.15345288866048,1.18002801886147,1.20931836452303,0.0100280188614714,0.000100561162286027,0.0558654758625572,TRUE
"ou",78,"mu",0.074,0.0763966857642552,0.0677842814444749,0.0762788149473519,0.0856258901497635,0.00227881494735187,5.1929975642743e-06,0.0178416087052887,TRUE
"ou",78,"K",0.524180588111021,0.484735015636457,0.417413839436631,0.483328090708385,0.55964422097412,-0.0408524974026368,0.00166892654403245,0.142230381537489,TRUE
"ou",78,"alpha",1.89,1.87638999045334,1.85433418513676,1.87634928191584,1.89853877378958,-0.0136507180841563,0.000186342104213112,0.0442045886528182,TRUE
"ou",78,"c",0.03,0.0357700247342174,0.0296908069132391,0.0356423642708629,0.0425376439243343,0.0056423642708629,3.18362745651103e-05,0.0128468370110951,TRUE
"ou",78,"p",1.17,1.18544577886897,1.1670660432392,1.18527695427291,1.20467080059469,0.015276954272911,0.000233385331856613,0.0376047573554941,TRUE
"ou",79,"mu",0.074,0.0682569156869474,0.0601352835762653,0.0681388380066812,0.0769996130244986,-0.00586116199331875,3.43532199119242e-05,0.0168643294482333,TRUE
"ou",79,"K",0.524180588111021,0.480503184684845,0.386491094489445,0.47763553517349,0.59026086357642,-0.0465450529375312,0.00216644195295758,0.203769769086975,TRUE
"ou",79,"alpha",1.89,1.91563884752829,1.88645628734217,1.91557605173698,1.9449952884054,0.0255760517369812,0.000654134422452738,0.0585390010632383,TRUE
"ou",79,"c",0.03,0.0288076329718893,0.021974172235766,0.0285965206049469,0.036799796997841,-0.00140347939505309,1.96975441233859e-06,0.014825624762075,TRUE
"ou",79,"p",1.17,1.15029445772234,1.12925828589613,1.1500032574157,1.17285539577526,-0.0199967425842986,0.000399869713982702,0.0435971098791319,TRUE
"ou",80,"mu",0.074,0.0685491926319534,0.0604071074438913,0.0684310542863178,0.0773125596837946,-0.00556894571368222,3.10131563619395e-05,0.0169054522399032,TRUE
"ou",80,"K",0.524180588111021,0.499021337787086,0.387673462726579,0.495068440720297,0.632195598395046,-0.0291121473907239,0.000847517125699234,0.244522135668467,TRUE
"ou",80,"alpha",1.89,1.90273740031603,1.86957922181766,1.90265956175344,1.93613008455032,0.0126595617534353,0.000160264503789042,0.066550862732665,TRUE
"ou",80,"c",0.03,0.0280980052546281,0.0204438323972878,0.0278195820425184,0.0372889055359252,-0.00218041795748157,4.75422246930809e-06,0.0168450731386373,TRUE
"ou",80,"p",1.17,1.14950109407762,1.12507103387815,1.14910392414816,1.17603721404229,-0.0208960758518448,0.000436645986006053,0.0509661801641439,TRUE
"ou",81,"mu",0.074,0.0669625194424245,0.058917804214927,0.0668442944061227,0.0756296227016626,-0.00715570559387731,5.1204122546247e-05,0.0167118184867356,TRUE
"ou",81,"K",0.524180588111021,0.59420048959936,0.497610353691369,0.591805861842183,0.703821086513961,0.0676252737311619,0.00457317764721457,0.206210732822592,TRUE
"ou",81,"alpha",1.89,1.84686615033469,1.82130787726007,1.84681420919326,1.87255931192394,-0.0431857908067366,0.00186501252760321,0.0512514346638691,FALSE
"ou",81,"c",0.03,0.0303375971215545,0.0243733851424375,0.0301890168922952,0.0371100255670218,0.000189016892295217,3.57273855729417e-08,0.0127366404245843,TRUE
"ou",81,"p",1.17,1.16972071081898,1.15145384860736,1.16953321696223,1.18893979213171,-0.000466783037768703,2.17886404348579e-07,0.0374859435243529,TRUE
"ou",82,"mu",0.074,0.0660116358038403,0.0580294601685694,0.0658934662584624,0.0746162771346269,-0.00810653374153755,6.57158893026868e-05,0.0165868169660575,TRUE
"ou",82,"K",0.524180588111021,0.513065012129771,0.427764499607533,0.510897139876744,0.610175931097998,-0.0132834482342773,0.000176449996992725,0.182411431490465,TRUE
"ou",82,"alpha",1.89,1.88211468400959,1.85699783612733,1.88206479308005,1.9073575257943,-0.00793520691994876,6.29675088624026e-05,0.0503596896669753,TRUE
"ou",82,"c",0.03,0.0300652346596054,0.0239773273379481,0.0299084229013248,0.0370074355676844,-9.1577098675192e-05,8.38636500176584e-09,0.0130301082297363,TRUE
"ou",82,"p",1.17,1.15496652825506,1.13645323745387,1.1547498788506,1.17459636518079,-0.0152501211493949,0.000232566195071223,0.038143127726918,TRUE
"ou",83,"mu",0.074,0.0820303156528134,0.0730904502465264,0.0819124956826669,0.0915846319079845,0.00791249568266686,6.26075879282217e-05,0.018494181661458,TRUE
"ou",83,"K",0.524180588111021,0.484514624076142,0.36801556111919,0.479997180218966,0.626030999190931,-0.0441834078920552,0.00195217353295572,0.258015438071741,TRUE
"ou",83,"alpha",1.89,1.91171049108936,1.87547523664948,1.91162052713488,1.94822992103294,0.0216205271348786,0.000467447193590022,0.0727546843834652,TRUE
"ou",83,"c",0.03,0.0326326112223196,0.0231333490915668,0.0322626340122658,0.0441779632479022,0.00226263401226582,5.11951267346212e-06,0.0210446141563354,TRUE
"ou",83,"p",1.17,1.19440259484484,1.16380856474816,1.19396691896571,1.22728280388182,0.0239669189657072,0.000574413204708777,0.0634742391336562,TRUE
"ou",84,"mu",0.074,0.0821032458270904,0.073162086758931,0.0819855023478874,0.0916584121994781,0.00798550234788742,6.37682477481155e-05,0.0184963254405471,TRUE
"ou",84,"K",0.524180588111021,0.390634339330987,0.334427915632,0.389414175201051,0.453435445644433,-0.13476641290997,0.0181619860486205,0.119007530012433,FALSE
"ou",84,"alpha",1.89,1.95480783789554,1.93098385326012,1.95476304814764,1.97873690963449,0.0647630481476356,0.00419425240537296,0.0477530563743713,FALSE
"ou",84,"c",0.03,0.0359002794540305,0.0298108741242811,0.0357727099517642,0.0426775040375812,0.00577270995176419,3.33241801871973e-05,0.0128666299133002,TRUE
"ou",84,"p",1.17,1.1895668758292,1.17240440830575,1.18942343996297,1.20743781379667,0.0194234399629658,0.000377270019994937,0.0350334054909225,FALSE
"ou",85,"mu",0.074,0.0859844081297524,0.0768262335036321,0.085866747911954,0.0957547511838688,0.011866747911954,0.000140819706005864,0.0189285176802367,FALSE
"ou",85,"K",0.524180588111021,0.467159647235771,0.389174993462173,0.465168789149407,0.555992616294964,-0.0590117989616143,0.00348239241668598,0.166817622832791,TRUE
"ou",85,"alpha",1.89,1.90552128874279,1.87895532481865,1.90546715066421,1.93222830801207,0.0154671506642101,0.000239232749669375,0.0532729831934264,TRUE
"ou",85,"c",0.03,0.0344076847399427,0.0275696072903695,0.0342368550629143,0.0421750930921569,0.00423685506291426,1.79509408241422e-05,0.0146054858017874,TRUE
"ou",85,"p",1.17,1.19741383165685,1.17687782570234,1.19722109966181,1.21891759786083,0.0272210996618059,0.000740988266797967,0.0420397721584922,FALSE
"ou",86,"mu",0.074,0.076731913070572,0.0680998453429446,0.0766140495179603,0.0859806158196895,0.00261404951796032,6.83325488234859e-06,0.0178807704767449,TRUE
"ou",86,"K",0.524180588111021,0.489187718495819,0.409009693202258,0.487181857727788,0.580285431294682,-0.0369987303832336,0.00136890604997121,0.171275738092424,TRUE
"ou",86,"alpha",1.89,1.90545406917353,1.88016701161288,1.90540403983923,1.93086683758743,0.0154040398392343,0.000237284443368718,0.050699825974549,TRUE
"ou",86,"c",0.03,0.0313795519054337,0.0251692207221096,0.0312240661566331,0.0384358498845322,0.00122406615663307,1.49833795581447e-06,0.0132666291624226,TRUE
"ou",86,"p",1.17,1.17907638919619,1.15924262927749,1.17887092143986,1.19995478146004,0.00887092143986035,7.8693247192174e-05,0.0407121521825573,TRUE
"ou",87,"mu",0.074,0.0667302015311997,0.058703771725964,0.0666120805847207,0.0753785419067545,-0.00738791941527932,5.45813532866611e-05,0.0166747701807904,TRUE
"ou",87,"K",0.524180588111021,0.515687463753599,0.455890698548981,0.514654721980656,0.580988156879406,-0.00952586613036488,9.07421255336328e-05,0.125097458330424,TRUE
"ou",87,"alpha",1.89,1.86247430752314,1.84379939381899,1.86244268223859,1.88121176035125,-0.0275573177614064,0.000759405762203122,0.0374123665322588,FALSE
"ou",87,"c",0.03,0.0351323570101758,0.0302290456659513,0.0350486698523233,0.0404811865775195,0.00504866985232333,2.54890672777585e-05,0.0102521409115682,FALSE
"ou",87,"p",1.17,1.18561758584908,1.17143826281311,1.18551564102745,1.20028801277238,0.0155156410274551,0.000240735116492847,0.0288497499592757,FALSE
"ou",88,"mu",0.074,0.0787882817697776,0.0700334256621693,0.0786703782816889,0.0881592278413934,0.00467037828168894,2.18124332940717e-05,0.0181258021792241,TRUE
"ou",88,"K",0.524180588111021,0.561263437780841,0.450634356188502,0.557860333456622,0.690584356138053,0.0336797453456011,0.00113432524654454,0.239949999949551,TRUE
"ou",88,"alpha",1.89,1.82772710606366,1.7949782136231,1.82764860488571,1.86071685189262,-0.0623513951142891,0.0038876964726982,0.0657386382695173,FALSE
"ou",88,"c",0.03,0.039611531558281,0.0301573772906681,0.0393245628225881,0.0506394579717489,0.0093245628225881,8.69474718323922e-05,0.0204820806810808,FALSE
"ou",88,"p",1.17,1.21591333510073,1.18895547472014,1.21562345712489,1.24435120649841,0.0456234571248937,0.00208149984002701,0.0553957317782774,FALSE
"ou",89,"mu",0.074,0.0673885536112395,0.0593210214236306,0.0672704539089944,0.076077616798317,-0.00672954609100558,4.52867905909685e-05,0.0167565953746864,TRUE
"ou",89,"K",0.524180588111021,0.539803707517862,0.454515160535073,0.537754186849443,0.636227923501961,0.0135735987384218,0.000184242582711686,0.181712762966888,TRUE
"ou",89,"alpha",1.89,1.89732269560044,1.87419257694113,1.89727913509832,1.9205552690854,0.00727913509832279,5.29858077796347e-05,0.0463626921442679,TRUE
"ou",89,"c",0.03,0.0274098199485531,0.0221699334944996,0.0272823848996289,0.0333421374869945,-0.00271761510037109,7.38543183376495e-06,0.0111722039924949,TRUE
"ou",89,"p",1.17,1.1593540115611,1.1423002449901,1.15917640991391,1.17731133787046,-0.0108235900860858,0.000117150102351615,0.0350110928803593,TRUE
"ou",90,"mu",0.074,0.0913885514410412,0.0819318703121313,0.091270892367687,0.101455517146667,0.017270892367687,0.000298283723176228,0.019523646834536,FALSE
"ou",90,"K",0.524180588111021,0.492902213945662,0.422161005788616,0.491370718916399,0.57191953336117,-0.0328098691946223,0.00107648751656822,0.149758527572555,TRUE
"ou",90,"alpha",1.89,1.91661210232058,1.89407910350026,1.91657055383347,1.93923985848085,0.0265705538334671,0.000705994331017172,0.0451607549805866,FALSE
"ou",90,"c",0.03,0.031134279840133,0.0257910012295331,0.0310197331587915,0.0370959622769774,0.00101973315879152,1.03985571513893e-06,0.0113049610474442,TRUE
"ou",90,"p",1.17,1.18174256324016,1.16516618954817,1.18160083779441,1.19902135798372,0.0116008377944137,0.000134579437532297,0.0338551684355559,TRUE
"ou",91,"mu",0.074,0.0633648999643495,0.0555507281071274,0.0632466332373785,0.0718031480077069,-0.0107533667626215,0.000115634896731453,0.0162524199005795,FALSE
"ou",91,"K",0.524180588111021,0.481762061007783,0.390104784966813,0.479053678682953,0.588271543018871,-0.0451269094280682,0.00203643795452907,0.198166758052058,TRUE
"ou",91,"alpha",1.89,1.91932315018029,1.8898973925969,1.91925958368945,1.94892564590019,0.0292595836894485,0.000856123237679839,0.059028253303296,TRUE
"ou",91,"c",0.03,0.0296956120466805,0.0228110265366528,0.0294888718511748,0.0377136774288116,-0.000511128148825205,2.61251984521481e-07,0.0149026508921589,TRUE
"ou",91,"p",1.17,1.15028404254604,1.12926252872727,1.14999322486155,1.17282823846497,-0.0200067751384481,0.000400271051440423,0.0435657097376949,TRUE
"ou",92,"mu",0.074,0.0789794430864178,0.0702168447754397,0.0788616329992857,0.0883575509951991,0.00486163299928573,2.36354754197439e-05,0.0181407062197594,TRUE
"ou",92,"K",0.524180588111021,0.441164687682879,0.363020118814807,0.439033899031369,0.530954592654728,-0.0851466890796518,0.0072499586612269,0.167934473839921,TRUE
"ou",92,"alpha",1.89,1.89925496984387,1.87073759856384,1.89919412906008,1.927939277211,0.0091941290600781,8.45320091733727e-05,0.0572016786471634,TRUE
"ou",92,"c",0.03,0.0346368835091287,0.0272795480901767,0.0344390419441706,0.0430740183126488,0.00443904194417063,1.97050933821062e-05,0.0157944702224721,TRUE
"ou",92,"p",1.17,1.17639177272034,1.15545161701915,1.17615830665793,1.19852888930823,0.00615830665792694,3.79247408930672e-05,0.0430772722890771,TRUE
"ou",93,"mu",0.074,0.0571368350810202,0.0497349889735984,0.0570184035556216,0.0651662910217793,-0.0169815964443784,0.000288374617799724,0.0154313020481809,FALSE
"ou",93,"K",0.524180588111021,0.570888088640559,0.441299580930316,0.566194069691806,0.726413099793957,0.0420134815807843,0.0017651326345389,0.285113518863641,TRUE
"ou",93,"alpha",1.89,1.88809111852429,1.85476959904008,1.88801220240419,1.9216522506404,-0.00198779759581313,3.95133928192048e-06,0.0668826516003262,TRUE
"ou",93,"c",0.03,0.0256801573951173,0.0185565186404989,0.0254137374898867,0.0342756171348098,-0.00458626251011328,2.10338038116706e-05,0.0157190984943109,TRUE
"ou",93,"p",1.17,1.15083549497114,1.12645346679126,1.15044458120425,1.17728831201495,-0.0195554187957516,0.000382414404277236,0.0508348452236922,TRUE
"ou",94,"mu",0.074,0.0785579227214285,0.0698192338786338,0.0784400911323437,0.0879123939526981,0.00444009113234371,1.97144092635173e-05,0.0180931600740643,TRUE
"ou",94,"K",0.524180588111021,0.466946636336542,0.394205311316368,0.465225440941649,0.549032561067951,-0.0589551471693723,0.00347570937776234,0.154827249751583,TRUE
"ou",94,"alpha",1.89,1.90279017332384,1.87795004489552,1.90274150036763,1.92775110273503,0.0127415003676341,0.00016234583161842,0.0498010578395089,TRUE
"ou",94,"c",0.03,0.0337038276109824,0.027402809949693,0.0335564274432372,0.0408042082491483,0.00355642744323716,1.26481761590104e-05,0.0134013982994553,TRUE
"ou",94,"p",1.17,1.1805114489794,1.16196642014129,1.18033335265697,1.19995347974332,0.0103333526569713,0.000106778177133336,0.0379870596020233,TRUE
"ou",95,"mu",0.074,0.0808652867294076,0.0719913347635264,0.0807474334316946,0.090354293840559,0.00674743343169465,4.55278579151506e-05,0.0183629590770327,TRUE
"ou",95,"K",0.524180588111021,0.672507073077497,0.537037062154467,0.668234965555295,0.831464572171,0.144054377444274,0.0207516636608573,0.294427510016533,FALSE
"ou",95,"alpha",1.89,1.8020026398245,1.76860323168544,1.80192066705641,1.83565857234504,-0.0880793329435869,0.00775796889178724,0.0670553406596037,FALSE
"ou",95,"c",0.03,0.03404498538242,0.0256988267293851,0.0337804460783318,0.0438443343394796,0.00378044607833177,1.42917725511741e-05,0.0181455076100945,TRUE
"ou",95,"p",1.17,1.21442454702014,1.1871539393276,1.21412489947969,1.24322876352376,0.0441248994796919,0.00194700675409291,0.0560748241961606,FALSE
"ou",96,"mu",0.074,0.0767918142117652,0.0681561662691552,0.0766739500015289,0.0860440783979439,0.00267395000152891,7.15000861067646e-06,0.0178879121287887,TRUE
"ou",96,"K",0.524180588111021,0.542215140318222,0.450687645220031,0.539849592150659,0.646640003173693,0.0156690040396379,0.000245517687594189,0.195952357953662,TRUE
"ou",96,"alpha",1.89,1.86462716139496,1.83879448716345,1.86457465511974,1.89059621492594,-0.0254253448802608,0.000646448162280205,0.0518017277624896,TRUE
"ou",96,"c",0.03,0.0299186202591248,0.0238070974065068,0.0297596036642293,0.0368968391254717,-0.000240396335770741,5.7790398251999e-08,0.013089741718965,TRUE
"ou",96,"p",1.17,1.1635788671201,1.14479836498272,1.16337103978932,1.18342404567019,-0.00662896021067771,4.39431134747483e-05,0.0386256806874707,TRUE
"ou",97,"mu",0.074,0.0644293277632866,0.0565487387607792,0.064311148115979,0.0729330792574918,-0.00968885188402097,9.38738508304966e-05,0.0163843404967126,FALSE
"ou",97,"K",0.524180588111021,0.496288268722117,0.431941942226047,0.495038520111042,0.567345946667632,-0.0291420679999791,0.000849260127315409,0.135404004441586,TRUE
"ou",97,"alpha",1.89,1.90439191436453,1.8849117842187,1.90435861291868,1.92393905962561,0.0143586129186801,0.000206169764948488,0.0390272754069112,TRUE
"ou",97,"c",0.03,0.028699143228297,0.0242210381623446,0.028611974260437,0.0336452673277667,-0.00138802573956303,1.9266154536895e-06,0.00942422916542211,TRUE
"ou",97,"p",1.17,1.1567366045638,1.14289455844714,1.15661619119963,1.17117697872711,-0.0133838088003746,0.000179126338004985,0.0282824202799683,TRUE
"ou",98,"mu",0.074,0.0969815317689494,0.0872316645676869,0.0968640350038061,0.1073389158951,0.0228640350038061,0.000522764096655269,0.0201072513274132,FALSE
"ou",98,"K",0.524180588111021,0.413418333928993,0.319238472615715,0.409992527975268,0.526529975253634,-0.114188060135754,0.0130389130775665,0.207291502637918,TRUE
"ou",98,"alpha",1.89,1.92510832121289,1.89024017429012,1.92502440087964,1.96023483869073,0.0350244008796405,0.00122670865697776,0.0699946644006049,FALSE
"ou",98,"c",0.03,0.0333051562508309,0.0240937580055559,0.0329682682555192,0.0443760935710071,0.0029682682555192,8.81061643672299e-06,0.0202823355654513,TRUE
"ou",98,"p",1.17,1.17296075222624,1.1456191419067,1.17255113746323,1.20246085457591,0.00255113746323166,6.50830235630405e-06,0.0568417126692022,TRUE
"ou",99,"mu",0.074,0.0730491963485365,0.0646330298505931,0.0729311795553823,0.0820842283639362,-0.00106882044461774,1.14237714283287e-06,0.017451198513343,TRUE
"ou",99,"K",0.524180588111021,0.504682844725697,0.402731635913759,0.501457338777962,0.624369658416496,-0.0227232493330595,0.000516346060252388,0.221638022502737,TRUE
"ou",99,"alpha",1.89,1.89290812088683,1.8612434495556,1.89283573281894,1.92478566504532,0.0028357328189399,8.04138062041281e-06,0.063542215489726,TRUE
"ou",99,"c",0.03,0.0336635083783013,0.0254359048190944,0.0334034126211038,0.0433197649775858,0.00340341262110377,1.15832174694884e-05,0.0178838601584914,TRUE
"ou",99,"p",1.17,1.18623519921261,1.16148290112422,1.18593273472555,1.21255296347732,0.0159327347255533,0.000253852035834853,0.0510700623530997,TRUE
"ou",100,"mu",0.074,0.0893472286057077,0.0799981632943112,0.0892294661442457,0.0993078437947792,0.0152294661442457,0.000231936639038727,0.019309680500468,FALSE
"ou",100,"K",0.524180588111021,0.443814005287598,0.355442810638536,0.44106391116826,0.547297136021042,-0.0831166769427618,0.00690838198600742,0.191854325382506,TRUE
"ou",100,"alpha",1.89,1.92409765983756,1.89241632213502,1.92402604236142,1.95598737842106,0.0340260423614214,0.00115777155878124,0.0635710562860392,FALSE
"ou",100,"c",0.03,0.03384634476221,0.0257561916137729,0.0335971748370291,0.0433038283969242,0.0035971748370291,1.29396668081553e-05,0.0175476367831513,TRUE
"ou",100,"p",1.17,1.18926492354827,1.16486366707788,1.18897751132639,1.21514824207145,0.0189775113263904,0.000360145936143274,0.0502845749935623,TRUE
"mse",1,"mu",0.074,0.0742551816788436,0.065769906023943,0.0741372771640883,0.0833582489545141,0.000137277164088317,1.88450197801308e-08,0.0175883429305711,TRUE
"mse",1,"K",0.524180588111021,0.393339559583262,0.323960034967424,0.391456670155973,0.473007459402873,-0.132723917955048,0.0176156383973384,0.149047424435449,FALSE
"mse",1,"alpha",1.89,1.91194249933694,1.88628469980368,1.91189140764774,1.93772972506325,0.0218914076477379,0.000479233728799437,0.0514450252595702,TRUE
"mse",1,"d",0.03,0.0431492243256491,0.0288043258234958,0.0425074212498631,0.0610558376301437,0.0125074212498631,0.000156435586321526,0.0322515118066479,TRUE
"mse",1,"rho",1.95928918754142,2.1905896264325,1.73889866249799,2.1759585422494,2.72280195413843,0.216669354707979,0.046945609269572,0.983903291640438,TRUE
"mse",1,"gamma",0.22,0.204319209127053,0.168284653141765,0.203755045065006,0.243335936103363,-0.0162449549349944,0.00026389856084,0.0750512829615974,TRUE
"mse",2,"mu",0.074,0.0747386376346176,0.066224521395702,0.0746207412959342,0.0838703175192939,0.000620741295934188,3.85319756478055e-07,0.0176457961235919,TRUE
"mse",2,"K",0.524180588111021,0.487305918745638,0.392827545886674,0.484453760508367,0.597438394247158,-0.0397268276026544,0.00157822083137102,0.204610848360484,TRUE
"mse",2,"alpha",1.89,1.90996198536994,1.88699605574494,1.9099190875835,1.93302762999266,0.0199190875835051,0.000396770050159348,0.0460315742477215,TRUE
"mse",2,"d",0.03,0.0230839185724402,0.014453127621571,0.0226118947966153,0.0343483098421607,-0.00738810520338474,5.45840984962806e-05,0.0198951822205897,TRUE
"mse",2,"rho",1.95928918754142,1.5239305959425,1.32250241509503,1.51993758764936,1.74682836669436,-0.439351599892065,0.193029828327717,0.424325951599329,FALSE
"mse",2,"gamma",0.22,0.276626982167506,0.24705944031147,0.276393489731943,0.3073374087571,0.0563934897319428,0.00318022568414674,0.0602779684456296,FALSE
"mse",3,"mu",0.074,0.0815375482144435,0.0726279374676516,0.0814197787608295,0.0910615125523908,0.00741977876082946,5.50531168596559e-05,0.0184335750847393,TRUE
"mse",3,"K",0.524180588111021,0.437285855575748,0.342802627306601,0.434055255165418,0.549583692986955,-0.0901253329456035,0.00812257563855589,0.206781065680354,TRUE
"mse",3,"alpha",1.89,1.92436668378069,1.89374908892248,1.92429897981357,1.95517707269039,0.0342989798135718,0.0011764200162518,0.0614279837679144,FALSE
"mse",3,"d",0.03,0.0311394651056381,0.0187382621410366,0.0304179594088699,0.0475698748972242,0.00041795940886994,1.7469006746291e-07,0.0288316127561876,TRUE
"mse",3,"rho",1.95928918754142,1.84285104711546,1.4778152078539,1.83155865060033,2.26992495220048,-0.127730536941095,0.0163150900672605,0.792109744346572,TRUE
"mse",3,"gamma",0.22,0.225844041219973,0.18824056522403,0.225317392727852,0.266206596070884,0.00531739272785228,2.82746654222163e-05,0.077966030846854,TRUE
"mse",4,"mu",0.074,0.0704740217027296,0.0622159100086992,0.0703560020709133,0.0793520094638134,-0.00364399792908668,1.3278720907188e-05,0.0171360994551142,TRUE
"mse",4,"K",0.524180588111021,0.495607987901281,0.377340338029094,0.491063120473289,0.639037468136526,-0.033117467637732,0.00109676666273623,0.261697130107433,TRUE
"mse",4,"alpha",1.89,1.8877781745639,1.85328981554846,1.88769458652491,1.92252540203212,-0.00230541347509061,5.31493129112937e-06,0.0692355864836638,TRUE
"mse",4,"d",0.03,0.0370367477425711,0.0205404297117612,0.0359341762209562,0.0597040274210194,0.0059341762209562,3.52144474213621e-05,0.0391635977092582,TRUE
"mse",4,"rho",1.95928918754142,2.18970779097046,1.61400179692505,2.16484564050216,2.90356004449013,0.205556452960741,0.0422534553538013,1.28955824756509,TRUE
"mse",4,"gamma",0.22,0.211859601972291,0.163199717966401,0.210869483691146,0.265840243586295,-0.00913051630885392,8.33663280662474e-05,0.102640525619894,TRUE
"mse",5,"mu",0.074,0.0768097556401487,0.0681725996842495,0.0766918792689528,0.0860635875775507,0.00269187926895281,7.24621399861793e-06,0.0178909878933012,TRUE
"mse",5,"K",0.524180588111021,0.507767367259829,0.397399097797215,0.50396734393528,0.639095411661382,-0.0202132441757417,0.000408575240108154,0.241696313864167,TRUE
"mse",5,"alpha",1.89,1.91739811113286,1.88728081489906,1.91733204219777,1.94770204094766,0.0273320421977696,0.00074704053070066,0.060421226048597,TRUE
"mse",5,"d",0.03,0.0283754238702114,0.01706299524432,0.0277114824960627,0.043396744922633,-0.00228851750393735,5.23731236582763e-06,0.026333749678313,TRUE
"mse",5,"rho",1.95928918754142,1.8711862643688,1.50067842979347,1.85972955783819,2.30463378748536,-0.09955962970323,0.00991211986664427,0.803955357691882,TRUE
"mse",5,"gamma",0.22,0.219768147582924,0.182707079984048,0.219234270769323,0.25963279455207,-0.000765729230677248,5.8634125471357e-07,0.0769257145680214,TRUE
"mse",6,"mu",0.074,0.0787405397436835,0.0699918281854817,0.078622726784731,0.0881048645970295,0.00462272678473101,2.13696029262695e-05,0.0181130364115478,TRUE
"mse",6,"K",0.524180588111021,0.58465698322778,0.503527593890889,0.582963032530362,0.674921957397586,0.0587824444193402,0.00345537577191282,0.171394363506697,TRUE
"mse",6,"alpha",1.89,1.86122157308321,1.84238630482206,1.86118952040053,1.88012080471894,-0.0288104795994715,0.000830043734751562,0.0377344998968725,FALSE
"mse",6,"d",0.03,0.0289478170385342,0.021381697147506,0.0286862742345367,0.0379550971052424,-0.00131372576546333,1.72587538684221e-06,0.0165733999577364,TRUE
"mse",6,"rho",1.95928918754142,1.95876532760043,1.70534905556154,1.95385467107207,2.23854893079091,-0.00543451646934656,2.9533969255599e-05,0.533199875229378,TRUE
"mse",6,"gamma",0.22,0.215370782485459,0.191861702464725,0.215148667800584,0.239996100246528,-0.00485133219941569,2.35354241090875e-05,0.0481343977818031,TRUE
"mse",7,"mu",0.074,0.0758023668240481,0.0672256576870277,0.0756845031719225,0.0849960597883097,0.00168450317192248,2.8375509362169e-06,0.017770402101282,TRUE
"mse",7,"K",0.524180588111021,0.451783650165656,0.372160402158852,0.449624723065041,0.543203110927941,-0.0745558650459802,0.00555857701275442,0.171042708769089,TRUE
"mse",7,"alpha",1.89,1.89344791111817,1.8685848993994,1.89339901188055,1.9184328680888,0.00339901188054603,1.15532817640931e-05,0.049847968689402,TRUE
"mse",7,"d",0.03,0.0369899784879494,0.0247729045437206,0.0364400642692976,0.052259838824857,0.00644006426929759,4.14744277926835e-05,0.0274869342811364,TRUE
"mse",7,"rho",1.95928918754142,1.99870015527623,1.63191080102318,1.98829415154098,2.42245796511836,0.0290049639995551,0.000841287936615487,0.79054716409518,TRUE
"mse",7,"gamma",0.22,0.212843581742294,0.17994983140281,0.212402795808965,0.248038075724656,-0.00759720419103546,5.77175115202868e-05,0.0680882443218454,TRUE
"mse",8,"mu",0.074,0.0798390667271276,0.071027083530265,0.0797212779200288,0.0892661277523374,0.00572127792002876,3.27330210382086e-05,0.0182390442220724,TRUE
"mse",8,"K",0.524180588111021,0.541866931221792,0.427703571944917,0.538075939272702,0.676912992501426,0.0138953511616805,0.000193080783906416,0.249209420556509,TRUE
"mse",8,"alpha",1.89,1.88295025981584,1.85350093456525,1.88288576458136,1.91258146238247,-0.00711423541864264,5.06123455918695e-05,0.0590805278172244,TRUE
"mse",8,"d",0.03,0.0283313134185775,0.0167348333897859,0.0276259200234657,0.0438710215075772,-0.00237407997653425,5.63625573498088e-06,0.0271361881177913,TRUE
"mse",8,"rho",1.95928918754142,1.88260944688222,1.54052793528118,1.87301175623441,2.27720951607548,-0.0862774313070163,0.00744379515293691,0.736681580794298,TRUE
"mse",8,"gamma",0.22,0.252326962450962,0.213130441641996,0.251849880231524,0.293990817246889,0.0318498802315237,0.0010144148707624,0.0808603756048934,TRUE
"mse",9,"mu",0.074,0.0665440020988672,0.0585299524216111,0.0664258965105667,0.075179952824808,-0.00757410348943334,5.73670436686463e-05,0.0166500004031969,TRUE
"mse",9,"K",0.524180588111021,0.401215543984828,0.335914690935056,0.399594407742455,0.475338451777197,-0.124586180368567,0.015521716338829,0.139423760842141,FALSE
"mse",9,"alpha",1.89,1.9302738394683,1.90326615107147,1.93021872085835,1.95742538607389,0.0402187208583462,0.00161754550748157,0.0541592350024218,FALSE
"mse",9,"d",0.03,0.0455563989127318,0.0317770912839932,0.0450105794621379,0.0623548318171743,0.0150105794621379,0.000225317495789157,0.0305777405331811,FALSE
"mse",9,"rho",1.95928918754142,2.44931963050779,1.92547841406137,2.43161946387208,3.07072393979794,0.472330276330658,0.223095889938596,1.14524552573657,TRUE
"mse",9,"gamma",0.22,0.182618829101016,0.148480610570513,0.182022219008102,0.219935562080884,-0.0379777809918983,0.00144231184906859,0.0714549515103715,FALSE
"mse",10,"mu",0.074,0.0705641171970605,0.0623011155264841,0.070446117466809,0.0794468508812523,-0.00355388253319101,1.26300810597202e-05,0.0171457353547683,TRUE
"mse",10,"K",0.524180588111021,0.499708674948626,0.410927594474061,0.497279713854747,0.601766629387757,-0.026900874256274,0.000723657035751863,0.190839034913697,TRUE
"mse",10,"alpha",1.89,1.90816528827934,1.88331252759195,1.90811666432215,1.93313849150376,0.0181166643221535,0.000328213526161591,0.0498259639118013,TRUE
"mse",10,"d",0.03,0.0282015941140164,0.0188514274266237,0.0277694340034311,0.0399530821784129,-0.00223056599656892,4.97542466504951e-06,0.0211016547517892,TRUE
"mse",10,"rho",1.95928918754142,1.7921563578629,1.51964671583177,1.78587603833953,2.09871714160919,-0.173413149201889,0.0300721203161166,0.579070425777421,TRUE
"mse",10,"gamma",0.22,0.231442056978614,0.202239850803806,0.231136427733903,0.262199744539885,0.0111364277339029,0.000124020022672441,0.0599598937360785,TRUE
"mse",11,"mu",0.074,0.0685706891514026,0.0604303693692138,0.0684526420861716,0.0773317822997541,-0.00554735791382836,3.07731798241142e-05,0.0169014129305404,TRUE
"mse",11,"K",0.524180588111021,0.453591728998133,0.3827443981407,0.451910518111378,0.533567891305096,-0.0722700699996437,0.0052229630177534,0.150823493164396,TRUE
"mse",11,"alpha",1.89,1.87751696426211,1.85351620186915,1.87747047945829,1.90163135167076,-0.0125295205417062,0.000156988885005038,0.0481151498016081,TRUE
"mse",11,"d",0.03,0.0471235152205833,0.0330580079854829,0.0465771071020767,0.0642096254128195,0.0165771071020767,0.000274800479873721,0.0311516174273366,FALSE
"mse",11,"rho",1.95928918754142,2.32506850990521,1.86606776869638,2.31092395504847,2.86176479354581,0.351634767507044,0.123647009719733,0.995697024849428,TRUE
"mse",11,"gamma",0.22,0.197463448265077,0.164041351679768,0.196954034079562,0.233573052553498,-0.0230459659204383,0.000531116545206005,0.0695317008737295,TRUE
"mse",12,"mu",0.074,0.074971039200279,0.066442294138375,0.0748531245676044,0.084117360016047,0.000853124567604446,7.27821527850273e-07,0.017675065877672,TRUE
"mse",12,"K",0.524180588111021,0.801350538635814,0.605942193269829,0.79364501130809,1.0394545867823,0.269464423197069,0.0726110753689289,0.433512393512476,FALSE
"mse",12,"alpha",1.89,1.82966954239349,1.79892944427846,1.82959892623558,1.86061824323052,-0.06040107376442,0.00364828971189491,0.061688798952062,FALSE
"mse",12,"d",0.03,0.0208770915989231,0.0113749263548945,0.0201920077960812,0.0342228339810412,-0.00980799220391877,9.61967110721314e-05,0.0228479076261467,TRUE
"mse",12,"rho",1.95928918754142,1.8502705436588,1.50357875728326,1.84020134168215,2.25214081157345,-0.119087845859272,0.0141819150314018,0.748562054290195,TRUE
"mse",12,"gamma",0.22,0.245238556232587,0.205452903574347,0.244722692901669,0.287708226802358,0.0247226929016689,0.00061121154431023,0.0822553232280105,TRUE
"mse",13,"mu",0.074,0.0754513150122378,0.0668950517392655,0.0753334361384306,0.0846247773776026,0.00133343613843058,1.77805193527266e-06,0.0177297256383371,TRUE
"mse",13,"K",0.524180588111021,0.529405914244692,0.445490610878511,0.527382277024702,0.624318160615282,0.00320168891368089,1.02508118999871e-05,0.178827549736771,TRUE
"mse",13,"alpha",1.89,1.90429145020394,1.88343805932851,1.90425447170074,1.92522414933673,0.0142544717007431,0.000203189963467286,0.0417860900082221,TRUE
"mse",13,"d",0.03,0.0262321462009809,0.0184617665024655,0.0259180753148427,0.0357415574181302,-0.00408192468515731,1.66621091352966e-05,0.0172797909156646,TRUE
"mse",13,"rho",1.95928918754142,1.83786290308236,1.58941824009306,1.83281853890661,2.11346843612511,-0.126470648634815,0.0159948249661108,0.524050196032047,TRUE
"mse",13,"gamma",0.22,0.225558200249552,0.199982101385828,0.225313429654457,0.252366426045744,0.00531342965445722,2.82325346928654e-05,0.0523843246599165,TRUE
"mse",14,"mu",0.074,0.0692709073155107,0.0610873660273906,0.0691528791545394,0.0780748424073876,-0.00484712084546057,2.34945804904984e-05,0.016987476379997,TRUE
"mse",14,"K",0.524180588111021,0.540312545961793,0.427774256377715,0.536624669310913,0.67315562788541,0.0124440811998918,0.000154855156909501,0.245381371507695,TRUE
"mse",14,"alpha",1.89,1.88977919506437,1.86403372393767,1.88972743106211,1.91565736831694,-0.000272568937889517,7.42938259022193e-08,0.0516236443792706,TRUE
"mse",14,"d",0.03,0.0237219563768006,0.0142374585300987,0.0231558431441355,0.0363706857000939,-0.00684415685586447,4.68424830676766e-05,0.0221332271699952,TRUE
"mse",14,"rho",1.95928918754142,1.61041359371311,1.35427602622784,1.60421362233691,1.90024951589966,-0.355075565204508,0.126078657005301,0.545973489671828,FALSE
"mse",14,"gamma",0.22,0.258098346574997,0.222490067781393,0.257719256058627,0.295639529973042,0.0377192560586272,0.00142274227761628,0.0731494621916493,FALSE
"mse",15,"mu",0.074,0.0669665425034694,0.0589258319020708,0.0668484439877705,0.0756289461254831,-0.00715155601222948,5.11447533960557e-05,0.0167031142234123,TRUE
"mse",15,"K",0.524180588111021,0.519493759860114,0.417455199201295,0.516367398278893,0.638701441873433,-0.00781318983212875,6.10459353528801e-05,0.221246242672138,TRUE
"mse",15,"alpha",1.89,1.84585692524488,1.81627743854085,1.84579105654245,1.87562528960638,-0.0442089434575517,0.001954430681633,0.0593478510655383,FALSE
"mse",15,"d",0.03,0.0388091039577846,0.0240358619233175,0.0380149574552998,0.0580085800358649,0.00801495745529984,6.42395430102665e-05,0.0339727181125474,TRUE
"mse",15,"rho",1.95928918754142,2.08616868053695,1.64797903579588,2.0716689219955,2.60422003539735,0.112379734454074,0.0126292047159681,0.956240999601468,TRUE
"mse",15,"gamma",0.22,0.22698245033779,0.186152413099827,0.226365084706105,0.271066641434748,0.00636508470610464,4.05143033158872e-05,0.0849142283349204,TRUE
"mse",16,"mu",0.074,0.0679464745996261,0.0598437977083784,0.0678283788960688,0.0766704385853062,-0.00617162110393124,3.80889070504895e-05,0.0168266408769278,TRUE
"mse",16,"K",0.524180588111021,0.495839069227278,0.390390257760649,0.492299298434122,0.620794431315532,-0.0318812896768996,0.00101641663146239,0.230404173554883,TRUE
"mse",16,"alpha",1.89,1.86363873256194,1.83194640778495,1.86356543062601,1.89554895893054,-0.0264345693739885,0.000698786457988209,0.0636025511455962,TRUE
"mse",16,"d",0.03,0.0377231310975099,0.0227013712853772,0.0368636450381626,0.0575415608741231,0.00686364503816263,4.71096232098946e-05,0.034840189588746,TRUE
"mse",16,"rho",1.95928918754142,2.0807146256736,1.60061830388776,2.06298619278466,2.65883205711089,0.103697005243236,0.0107530688964156,1.05821375322313,TRUE
"mse",16,"gamma",0.22,0.210948230662433,0.169100995621202,0.210218766167883,0.256679920139123,-0.00978123383211726,9.56725352785554e-05,0.087578924517921,TRUE
"mse",17,"mu",0.074,0.0705864948460191,0.0623212374880751,0.0704684700492759,0.0794716127136662,-0.00353152995072414,1.24717037928617e-05,0.0171503752255911,TRUE
"mse",17,"K",0.524180588111021,0.559011369429116,0.417135640533214,0.55314130673637,0.733461668729421,0.028960718625349,0.000838723223296636,0.316326028196207,TRUE
"mse",17,"alpha",1.89,1.88166602475789,1.84774970888116,1.88158454626233,1.91583279860815,-0.00841545373766683,7.08198616108107e-05,0.0680830897269904,TRUE
"mse",17,"d",0.03,0.0301997656012676,0.0167427229798782,0.0292835595937219,0.0487885400447806,-0.000716440406278138,5.13286855747984e-07,0.0320458170649025,TRUE
"mse",17,"rho",1.95928918754142,2.06679820698571,1.50604301553255,2.04163066518251,2.76755569946266,0.0823414776410902,0.00678011894011816,1.26151268393011,TRUE
"mse",17,"gamma",0.22,0.183999182170429,0.140024183787907,0.183000713132029,0.233372259983674,-0.0369992868679712,0.00136894722873843,0.0933480761957672,TRUE
"mse",18,"mu",0.074,0.0724405181530569,0.0640638055900129,0.0723225672918727,0.0814359691393248,-0.00167743270812734,2.81378049029543e-06,0.0173721635493119,TRUE
"mse",18,"K",0.524180588111021,0.431879328129936,0.363513889084121,0.430233080970677,0.509190238431424,-0.0939475071403439,0.00882613409788497,0.145676349347303,FALSE
"mse",18,"alpha",1.89,1.9228727327752,1.9012285446472,1.92283378681321,1.94460245429575,0.0328337868132094,0.00107805755649528,0.0433739096485437,FALSE
"mse",18,"d",0.03,0.0316844120326744,0.0222356263692915,0.0313046062530315,0.0432355963907084,0.00130460625303153,1.70199747544896e-06,0.0209999700214169,TRUE
"mse",18,"rho",1.95928918754142,1.87403650133876,1.60138015744018,1.86804620213097,2.17908993353002,-0.0912429854104495,0.0083252823866115,0.57770977608984,TRUE
"mse",18,"gamma",0.22,0.22668590681744,0.199213670928411,0.226406232973674,0.255576881788984,0.00640623297367435,4.10398209129925e-05,0.0563632108605728,TRUE
"mse",19,"mu",0.074,0.072053152897348,0.063699740484789,0.0719351905633871,0.0810255156285279,-0.00206480943661293,4.26343800952579e-06,0.0173257751437389,TRUE
"mse",19,"K",0.524180588111021,0.446273956016549,0.366512804375183,0.444077191207333,0.538046252286045,-0.0801033969036884,0.00641655419550984,0.171533447910862,TRUE
"mse",19,"alpha",1.89,1.89037088696771,1.86459482761938,1.89031903511939,1.91627995609344,0.00031903511938669,1.0178340740208e-07,0.0516851284740607,TRUE
"mse",19,"d",0.03,0.0370327869014555,0.0246857481467334,0.036470480370773,0.052502311007951,0.00647048037077302,4.18671162285589e-05,0.0278165628612176,TRUE
"mse",19,"rho",1.95928918754142,2.01305275659581,1.63799892581089,2.00222949100223,2.44740155417252,0.04294030346081,0.00184386966130645,0.809402628361624,TRUE
"mse",19,"gamma",0.22,0.21191757193303,0.178608953768156,0.211462503398063,0.247605510816218,-0.00853749660193695,7.2888848228085e-05,0.0689965570480615,TRUE
"mse",20,"mu",0.074,0.0764575234235026,0.0678414297715929,0.0763396506921034,0.0856904048310201,0.00233965069210337,5.47396536105979e-06,0.0178489750594272,TRUE
"mse",20,"K",0.524180588111021,0.542296959461285,0.407085102730437,0.536821054541852,0.707875925189345,0.0126404664308304,0.00015978139158895,0.300790822458908,TRUE
"mse",20,"alpha",1.89,1.90605117245037,1.87246148585179,1.90597174333597,1.93988170486213,0.0159717433359732,0.000255096585190204,0.0674202190103397,TRUE
"mse",20,"d",0.03,0.0276137271184706,0.0150219526493922,0.0267214770587505,0.0452073787985007,-0.00327852294124946,1.0748712676299e-05,0.0301854261491085,TRUE
"mse",20,"rho",1.95928918754142,2.03527947905038,1.55949134441774,2.01743672979146,2.60977158069387,0.0581475422500404,0.00338113666972023,1.05028023627613,TRUE
"mse",20,"gamma",0.22,0.219473777455199,0.174773439830032,0.218689268996636,0.268353039200211,-0.00131073100336379,1.71801576317905e-06,0.0935795993701792,TRUE
"mse",21,"mu",0.074,0.0737302247292105,0.065275338831993,0.0736122822617008,0.0828033094684914,-0.000387717738299237,1.50325044591876e-07,0.0175279706364984,TRUE
"mse",21,"K",0.524180588111021,0.532438012331384,0.427513418891458,0.529211185173191,0.655086053631436,0.00503059706216991,2.53069068019125e-05,0.227572634739978,TRUE
"mse",21,"alpha",1.89,1.88498824917286,1.85650542690003,1.88492721483327,1.91363932686538,-0.00507278516672938,2.57331493477896e-05,0.057133899965345,TRUE
"mse",21,"d",0.03,0.031489992982284,0.020023748900177,0.0308977381901219,0.0462553530869406,0.000897738190121886,8.05933858003319e-07,0.0262316041867636,TRUE
"mse",21,"rho",1.95928918754142,2.04889575096248,1.6456656925055,2.03651361716889,2.52013104019578,0.0772244296274658,0.00596361253128742,0.874465347690279,TRUE
"mse",21,"gamma",0.22,0.209536060683308,0.174130688106917,0.209012224244956,0.24769839957852,-0.0109877757550438,0.000120731216043129,0.0735677114716028,TRUE
"mse",22,"mu",0.074,0.07714605922766,0.0684900650283108,0.0770282130031388,0.0864184393029285,0.00302821300313877,9.17007399237872e-06,0.0179283742746177,TRUE
"mse",22,"K",0.524180588111021,0.569234588144123,0.453338665650027,0.565534798569028,0.70548094025049,0.0413542104580066,0.0017101707226051,0.252142274600463,TRUE
"mse",22,"alpha",1.89,1.91139621440085,1.8840402938049,1.91133957796719,1.93890244324276,0.0213395779671908,0.000455377587817814,0.0548621494378612,TRUE
"mse",22,"d",0.03,0.0268207151695678,0.0168206670314446,0.0262814480471791,0.0398281253928789,-0.00371855195282088,1.3827628625828e-05,0.0230074583614343,TRUE
"mse",22,"rho",1.95928918754142,2.01330894779326,1.63157143367519,2.00207240570078,2.45665566647531,0.0427832181593546,0.00183040375607093,0.825084232800118,TRUE
"mse",22,"gamma",0.22,0.211079062639735,0.176603180982643,0.21058824405359,0.248130115953193,-0.00941175594640953,8.85811499947751e-05,0.0715269349705508,TRUE
"mse",23,"mu",0.074,0.0762884016968599,0.0676828520811922,0.0761705421323007,0.0855107304465143,0.00217054213230068,4.71125314809239e-06,0.0178278783653221,TRUE
"mse",23,"K",0.524180588111021,0.575972907516992,0.456041338827413,0.572044045343378,0.717535828597865,0.0478634572323565,0.00229091053823362,0.261494489770453,TRUE
"mse",23,"alpha",1.89,1.91189718425918,1.88663100640243,1.91184732986793,1.93728820837097,0.0218473298679271,0.000477305822358022,0.050657201968539,TRUE
"mse",23,"d",0.03,0.0228256616973568,0.013939425013425,0.0223125569656766,0.0345780367274893,-0.00768744303432342,5.90967804059677e-05,0.0206386117140643,TRUE
"mse",23,"rho",1.95928918754142,1.84069822895028,1.53696031022566,1.8330426025453,2.18612721996319,-0.12624658499612,0.0159382002231825,0.649166909737525,TRUE
"mse",23,"gamma",0.22,0.239532046251737,0.205859708969889,0.239148030453609,0.275177477425806,0.0191480304536094,0.000366647070252353,0.0693177684559169,TRUE
"mse",24,"mu",0.074,0.0779065061941968,0.069205666963327,0.0777886621094104,0.0872234370282463,0.00378866210941041,1.43539605792821e-05,0.0180177700649193,TRUE
"mse",24,"K",0.524180588111021,0.526634611916936,0.446189489669496,0.524771417886856,0.61718432275534,0.000590829775834356,3.49079824012476e-07,0.170994833085844,TRUE
"mse",24,"alpha",1.89,1.8837640590538,1.85983771926771,1.88371790025724,1.90780263613101,-0.00628209974275529,3.9464777177926e-05,0.0479649168633027,TRUE
"mse",24,"d",0.03,0.035368081272865,0.0252725659431565,0.0349865262346711,0.0475717124123161,0.00498652623467113,2.48654438890634e-05,0.0222991464691596,TRUE
"mse",24,"rho",1.95928918754142,2.25877904739364,1.87115509807962,2.24857608010558,2.70207762744768,0.289286892564162,0.0836869062094289,0.830922529368061,TRUE
"mse",24,"gamma",0.22,0.195270356501518,0.16621017220409,0.194880167526013,0.226367765249049,-0.0251198324739871,0.000631005983521179,0.0601575930449592,TRUE
"mse",25,"mu",0.074,0.0772531819041595,0.0685903402674526,0.077135321839612,0.0865324451253453,0.00313532183961202,9.83024303794807e-06,0.0179421048578927,TRUE
"mse",25,"K",0.524180588111021,0.590035720849028,0.469107412752679,0.586145833653381,0.73236621452415,0.0619652455423595,0.0038396916551249,0.263258801771471,TRUE
"mse",25,"alpha",1.89,1.85565197987168,1.82638497803199,1.8555874862993,1.88510199678984,-0.034412513700695,0.00118422109920052,0.058717018757847,FALSE
"mse",25,"d",0.03,0.0314848514022179,0.0191755630545816,0.0307867903781234,0.0476903552179427,0.000786790378123379,6.19039099107529e-07,0.0285147921633611,TRUE
"mse",25,"rho",1.95928918754142,2.03277922422214,1.62368000079263,2.01989196616187,2.51272798778182,0.0606027786204488,0.00367269677651913,0.889047986989188,TRUE
"mse",25,"gamma",0.22,0.225595223285939,0.18631823537524,0.225018994270243,0.267902461916944,0.00501899427024324,2.51903034847345e-05,0.0815842265417036,TRUE
"mse",26,"mu",0.074,0.0780755823585106,0.0693657040900766,0.0779577632780774,0.0874013530387504,0.00395776327807744,1.56638901652983e-05,0.0180356489486738,TRUE
"mse",26,"K",0.524180588111021,0.456455146633581,0.375574364206017,0.454248902594006,0.54939385136939,-0.0699316855170149,0.00489044063925067,0.173819487163373,TRUE
"mse",26,"alpha",1.89,1.87413009777303,1.84739944617091,1.87407481125483,1.90100730671029,-0.0159251887451748,0.000253611636569442,0.0536078605393888,TRUE
"mse",26,"d",0.03,0.045205248521876,0.0298729989274569,0.0445050866311267,0.0644247876850175,0.0145050866311267,0.000210397538176491,0.0345517887575606,TRUE
"mse",26,"rho",1.95928918754142,2.3663023352029,1.83904307858638,2.34761510634117,2.99673945424419,0.388325918799752,0.150797019211671,1.15769637565781,TRUE
"mse",26,"gamma",0.22,0.199432631727719,0.160874702842487,0.198760388053655,0.241570839634156,-0.0212396119463445,0.000451121115631301,0.0806961367916685,TRUE
"mse",27,"mu",0.074,0.0744031832100912,0.0659079758249917,0.0742852506631236,0.0835162793050078,0.000285250663123598,8.13679408124527e-08,0.0176083034800161,TRUE
"mse",27,"K",0.524180588111021,0.68182753646261,0.51782780296056,0.67546550354294,0.881060275048587,0.151284915431918,0.0228871256372427,0.363232472088027,TRUE
"mse",27,"alpha",1.89,1.83611560136576,1.80506000650973,1.83604396277745,1.86738363459905,-0.0539560372225483,0.00291125395276101,0.0623236280893258,FALSE
"mse",27,"d",0.03,0.0258339945509188,0.0140968509355172,0.025002449535379,0.04223328019212,-0.00499755046462098,2.49755106464334e-05,0.0281364292566028,TRUE
"mse",27,"rho",1.95928918754142,1.85218487143868,1.47649406882234,1.84024311436768,2.29354972361768,-0.119046073173743,0.0141719675380881,0.817055654795333,TRUE
"mse",27,"gamma",0.22,0.244304050257078,0.20186292122832,0.243712576089252,0.289842052206283,0.0237125760892518,0.000562286264788558,0.087979130977963,TRUE
"mse",28,"mu",0.074,0.0740734133739162,0.0655981416788745,0.0739554815734317,0.0831666949439175,-4.45184265683296e-05,1.98189030411976e-09,0.017568553265043,TRUE
"mse",28,"K",0.524180588111021,0.476238655764017,0.360947495840297,0.471731607480566,0.616496082961906,-0.0524489806304557,0.00275089556917392,0.255548587121609,TRUE
"mse",28,"alpha",1.89,1.91453722538462,1.88041354130476,1.91445594587977,1.94890892976397,0.0244559458797675,0.000598093288874118,0.0684953884592088,TRUE
"mse",28,"d",0.03,0.0327226815449848,0.018334661911621,0.0317677678148414,0.0524560079627791,0.00176776781484141,3.12500304718918e-06,0.0341213460511582,TRUE
"mse",28,"rho",1.95928918754142,2.0945656096632,1.56493361689551,2.0727499677353,2.74524183095385,0.113460780193883,0.0128733486422046,1.18030821405834,TRUE
"mse",28,"gamma",0.22,0.204520561599916,0.159463490961977,0.203628325611898,0.254365871770643,-0.0163716743881021,0.000268031722270037,0.0949023808086658,TRUE
"mse",29,"mu",0.074,0.069632309648733,0.0614263922385538,0.0695142867012619,0.0784584503963862,-0.00448571329873806,2.01216237984755e-05,0.0170320581578324,TRUE
"mse",29,"K",0.524180588111021,0.506127573032483,0.42925710880995,0.504358243559585,0.592590504926149,-0.0198223445514359,0.000392925343515842,0.163333396116199,TRUE
"mse",29,"alpha",1.89,1.90373541309345,1.883235733438,1.9036993920343,1.92431117577255,0.0136993920342954,0.000187673342109316,0.041075442334547,TRUE
"mse",29,"d",0.03,0.0278507290647997,0.019818003861269,0.0275376731636151,0.037614972582317,-0.00246232683638489,6.06305344918123e-06,0.017796968721048,TRUE
"mse",29,"rho",1.95928918754142,1.80974386311247,1.57821558100479,1.80531025110585,2.06506066131374,-0.153978936435568,0.0237095128658287,0.486845080308948,TRUE
"mse",29,"gamma",0.22,0.236603730382506,0.211500320014767,0.236384287945246,0.262798155604663,0.0163842879452456,0.00026844489147272,0.0512978355898961,TRUE
"mse",30,"mu",0.074,0.0767134614726775,0.0680830242916571,0.0765956126073056,0.0859604603276618,0.00259561260730561,6.7372048072038e-06,0.0178774360360047,TRUE
"mse",30,"K",0.524180588111021,0.604035367624987,0.50889774409255,0.601757017373646,0.711549858704532,0.0775764292626242,0.00601810237713894,0.202652114611982,TRUE
"mse",30,"alpha",1.89,1.84430464172794,1.82222228333305,1.84426341921195,1.86648273723465,-0.0457365807880481,0.00209183482218165,0.0442604539015936,FALSE
"mse",30,"d",0.03,0.0323096398191924,0.0228052867744573,0.0319344538981581,0.0438897135640817,0.00193445389815808,3.74211188409898e-06,0.0210844267896244,TRUE
"mse",30,"rho",1.95928918754142,2.17453080923415,1.80903262071935,2.16512910466161,2.5912774851005,0.205839917120185,0.0423700714800447,0.78224486438115,TRUE
"mse",30,"gamma",0.22,0.19838504627933,0.169597349133755,0.198010861252808,0.229120684960954,-0.0219891387471922,0.000483522222843268,0.0595233358271986,TRUE
"mse",31,"mu",0.074,0.0796427567731299,0.0708417315657217,0.0795249551631709,0.0890590016135727,0.00552495516317089,3.05251295550487e-05,0.018217270047851,TRUE
"mse",31,"K",0.524180588111021,0.428809361512708,0.324075164864234,0.424671370718685,0.55647324626701,-0.0995092173923366,0.0099020843460353,0.232398081402776,TRUE
"mse",31,"alpha",1.89,1.92124174723757,1.88769907377285,1.92116295579095,1.9550219320086,0.0311629557909523,0.000971129813628847,0.0673228582357412,TRUE
"mse",31,"d",0.03,0.0329839832499418,0.0177137785897963,0.0318942146801882,0.0543617738344826,0.00189421468018821,3.58804925464052e-06,0.0366479952446863,TRUE
"mse",31,"rho",1.95928918754142,1.83973242470603,1.42725744299882,1.82500697716496,2.33353145733585,-0.134282210376461,0.0180317120235881,0.906274014337025,TRUE
"mse",31,"gamma",0.22,0.245759303627283,0.199140228362791,0.24505082639405,0.296113386846769,0.0250508263940502,0.000627543903024841,0.0969731584839784,TRUE
"mse",32,"mu",0.074,0.0760952498026161,0.0675010832864298,0.0759773867609255,0.0853062868528252,0.0019773867609255,3.91005840228344e-06,0.0178052035663955,TRUE
"mse",32,"K",0.524180588111021,0.434234293725562,0.365467162787871,0.432577611375833,0.512003803101546,-0.0916029767351882,0.00839110534674744,0.146536640313675,FALSE
"mse",32,"alpha",1.89,1.94410147887059,1.92014523093035,1.94405614158528,1.96816509889912,0.0540561415852772,0.00292206644308753,0.0480198679687764,FALSE
"mse",32,"d",0.03,0.035923156641316,0.0253889927359122,0.0355124263689354,0.0487286908694307,0.00551242636893542,3.03868444729346e-05,0.0233396981335185,TRUE
"mse",32,"rho",1.95928918754142,2.20778793103948,1.82171146024572,2.19741055721643,2.65054379677413,0.238121369675013,0.0567017866959041,0.828832336528409,TRUE
"mse",32,"gamma",0.22,0.19749522990252,0.167760828226597,0.197093256410838,0.229329615356571,-0.022906743589162,0.000524718901859616,0.061568787129974,TRUE
"mse",33,"mu",0.074,0.0730325755330262,0.064620085792352,0.0729146340252597,0.0820635253708552,-0.00108536597474033,1.17801929912404e-06,0.0174434395785032,TRUE
"mse",33,"K",0.524180588111021,0.485874874159345,0.39048045152518,0.482953504247734,0.597312353463166,-0.041227083863287,0.0016996724438705,0.206831901937986,TRUE
"mse",33,"alpha",1.89,1.93009534741424,1.90469847037427,1.93004538864093,1.95561684257426,0.0400453886409304,0.00160363315140316,0.0509183721999902,FALSE
"mse",33,"d",0.03,0.0238291976446882,0.0146990692154214,0.0233145737610144,0.0358323600981393,-0.00668542623898556,4.46949239969166e-05,0.0211332908827179,TRUE
"mse",33,"rho",1.95928918754142,1.63049150287661,1.40151342165874,1.62564876641511,1.88560566039927,-0.333640421126309,0.111315930609341,0.48409223874053,FALSE
"mse",33,"gamma",0.22,0.275559952867695,0.243481035545792,0.275284485245092,0.309004723625805,0.0552844852450921,0.0030563743088148,0.0655236880800133,FALSE
"mse",34,"mu",0.074,0.0749521680285501,0.0664246329381074,0.0748342555162771,0.0840972744145329,0.000834255516277069,6.95982266438719e-07,0.0176726414764255,TRUE
"mse",34,"K",0.524180588111021,0.693078606000734,0.504819413143147,0.684617310144999,0.928408333158512,0.160436722033978,0.0257399417770078,0.423588920015366,TRUE
"mse",34,"alpha",1.89,1.84805504091471,1.81658573816436,1.84798215454284,1.87974128269754,-0.0420178454571576,0.00176549933686158,0.0631555445331762,FALSE
"mse",34,"d",0.03,0.0180650193434999,0.00891181956873074,0.0172841829348107,0.0316128390551992,-0.0127158170651893,0.000161692003635359,0.0227010194864684,TRUE
"mse",34,"rho",1.95928918754142,1.52986748975724,1.27121232503994,1.52317076344346,1.82503727516739,-0.436118424097964,0.190199279837692,0.553824950127449,FALSE
"mse",34,"gamma",0.22,0.282395539518879,0.242654063032651,0.281994430579013,0.324169076052841,0.0619944305790131,0.00384330942281608,0.08151501302019,FALSE
"mse",35,"mu",0.074,0.074905916600719,0.0663816666355742,0.0747880181689632,0.0840476783764479,0.000788018168963178,6.2097263461608e-07,0.0176660117408737,TRUE
"mse",35,"K",0.524180588111021,0.53190407855644,0.433206272158961,0.52906888028186,0.646131487473148,0.00488829217083819,2.3895400347478e-05,0.212925215314187,TRUE
"mse",35,"alpha",1.89,1.88968161804924,1.86440452575717,1.88963134950207,1.91508584577665,-0.000368650497927003,1.35903189621827e-07,0.0506813200194747,TRUE
"mse",35,"d",0.03,0.0341922131698604,0.0221877304720105,0.0336045485163967,0.049465941351017,0.00360454851639668,1.29927700070575e-05,0.0272782108790066,TRUE
"mse",35,"rho",1.95928918754142,2.21584794948683,1.77240594494153,2.20196843698692,2.73557569258148,0.242679249445494,0.0588932181114285,0.963169747639946,TRUE
"mse",35,"gamma",0.22,0.208354205915104,0.172127856070084,0.207800629810544,0.247501349309169,-0.0121993701894561,0.00014882463301939,0.0753734932390851,TRUE
"mse",36,"mu",0.074,0.0736327467414617,0.0651841976954422,0.0735148163564458,0.0826994657170494,-0.00048518364355421,2.35403167972539e-07,0.0175152680216071,TRUE
"mse",36,"K",0.524180588111021,0.440089825639476,0.350787203407206,0.437249915995675,0.545010892696376,-0.0869306721153468,0.00755694175442593,0.19422368928917,TRUE
"mse",36,"alpha",1.89,1.94526375804202,1.91594108228585,1.94520113174552,1.97475846788782,0.0552011317455203,0.00304716494598629,0.0588173856019625,FALSE
"mse",36,"d",0.03,0.0323861082251846,0.0200184091400261,0.0317078046409695,0.048536989500177,0.00170780464096945,2.9165966917168e-06,0.0285185803601509,TRUE
"mse",36,"rho",1.95928918754142,1.98200056315445,1.59374104761125,1.97014099039242,2.43538177357655,0.0108518028509939,0.000117761625116838,0.841640725965297,TRUE
"mse",36,"gamma",0.22,0.226093386874061,0.188322164909139,0.225562908257756,0.266644395250621,0.00556290825775618,3.09459482842119e-05,0.0783222303414818,TRUE
"mse",37,"mu",0.074,0.0848455346433191,0.0757500308383038,0.0847278376881253,0.0945538101578777,0.0107278376881253,0.000115086501462762,0.0188037793195739,FALSE
"mse",37,"K",0.524180588111021,0.397976969185939,0.315063177325338,0.395259066717274,0.495855215305842,-0.128921521393747,0.0166207586784785,0.180792037980503,FALSE
"mse",37,"alpha",1.89,1.90507904015433,1.87350864913107,1.90500733380754,1.9368590161105,0.0150073338075434,0.000225220068011034,0.0633503669794342,TRUE
"mse",37,"d",0.03,0.0414768383039285,0.0253271992590328,0.0405881001197462,0.0625817396557519,0.0105881001197462,0.00011210786414577,0.0372545403967191,TRUE
"mse",37,"rho",1.95928918754142,2.11111478113444,1.61404379821185,2.09231470224995,2.71221477713122,0.133025514708526,0.0176957875634684,1.09817097891937,TRUE
"mse",37,"gamma",0.22,0.208008693111643,0.165983682489261,0.207256484982723,0.254046193261571,-0.0127435150172772,0.00016239717499557,0.0880625107723102,TRUE
"mse",38,"mu",0.074,0.0763471583329175,0.0677380800381891,0.0762292979296902,0.0855729983380283,0.0022292979296902,4.96976925932103e-06,0.0178349182998392,TRUE
"mse",38,"K",0.524180588111021,0.551188028574785,0.453765323457533,0.548537974901811,0.663092466288432,0.0243573867907901,0.000593282291276158,0.209327142830899,TRUE
"mse",38,"alpha",1.89,1.89735844734492,1.87557606724166,1.89731879441383,1.91922951619468,0.0073187944138251,5.35647516718375e-05,0.0436534489530216,TRUE
"mse",38,"d",0.03,0.0207210374714742,0.0136961578708691,0.0203801356199862,0.0296429139328676,-0.00961986438001383,9.25417906898589e-05,0.0159467560619985,FALSE
"mse",38,"rho",1.95928918754142,1.5635762228642,1.38148749424416,1.5604172168908,1.76250586538802,-0.398871970650624,0.159098848970712,0.381018371143856,FALSE
"mse",38,"gamma",0.22,0.270974706680957,0.245227353286901,0.270789440083774,0.297614595946111,0.0507894400837737,0.00257956722402324,0.0523872426592092,FALSE
"mse",39,"mu",0.074,0.0675478349133097,0.0594708453212315,0.0674297538061425,0.0762461901439989,-0.00657024619385746,4.31681350478984e-05,0.0167753448227674,TRUE
"mse",39,"K",0.524180588111021,0.615500168179481,0.529293866367613,0.613682200163242,0.711516396610002,0.0895016120522211,0.00801053855994628,0.18222253024239,FALSE
"mse",39,"alpha",1.89,1.85467736926451,1.83453215533997,1.85464175813367,1.87489856284145,-0.0353582418663296,0.00125020526787787,0.0403664075014762,FALSE
"mse",39,"d",0.03,0.0302867325924983,0.0221828011923625,0.0299996875799207,0.0399735683679498,-3.12420079282699e-07,9.76063059390081e-14,0.0177907671755873,TRUE
"mse",39,"rho",1.95928918754142,2.13519862531813,1.83013908308433,2.12862641279319,2.47576454536592,0.169337225251773,0.0286750958559697,0.645625462281589,TRUE
"mse",39,"gamma",0.22,0.209239454678715,0.183222230716948,0.208956504750283,0.236703199704684,-0.0110434952497174,0.000121958787330531,0.0534809689877367,TRUE
"mse",40,"mu",0.074,0.067879597973871,0.0597811144441411,0.0677615014448183,0.0765993996829458,-0.00623849855518167,3.89188642230038e-05,0.0168182852388047,TRUE
"mse",40,"K",0.524180588111021,0.492927279057629,0.39410115124962,0.489827609849326,0.608791436754517,-0.0343529782616954,0.00118012711544851,0.214690285504897,TRUE
"mse",40,"alpha",1.89,1.88818733359332,1.85821300315123,1.88812107405614,1.91835028231802,-0.00187892594385808,3.53036270250297e-06,0.0601372791667965,TRUE
"mse",40,"d",0.03,0.036799183695703,0.0230146048119838,0.036070110833008,0.0546462512139613,0.00607011083300803,3.68462455250015e-05,0.0316316464019775,TRUE
"mse",40,"rho",1.95928918754142,2.1728769637992,1.69423201769447,2.15613845747823,2.74389714368573,0.19684926993681,0.0387496350746551,1.04966512599126,TRUE
"mse",40,"gamma",0.22,0.20605302371939,0.166790749256744,0.205389316443449,0.248842628657453,-0.0146106835565511,0.000213472073989673,0.0820518794007087,TRUE
"mse",41,"mu",0.074,0.0717553029266792,0.0634190058688812,0.071637307665949,0.0807108454134602,-0.00236269233405104,5.58231506538353e-06,0.017291839544579,TRUE
"mse",41,"K",0.524180588111021,0.452456227473628,0.37174676564691,0.450238160083812,0.545292169604366,-0.0739424280272097,0.00546748266255908,0.173545403957456,TRUE
"mse",41,"alpha",1.89,1.91868649756667,1.88993332668135,1.9186252636941,1.94760735873975,0.0286252636940973,0.000819405721556608,0.0576740320584042,TRUE
"mse",41,"d",0.03,0.0442625493752685,0.0297521878172714,0.0436261821692863,0.0623025792065007,0.0136261821692863,0.000185672840510576,0.0325503913892293,TRUE
"mse",41,"rho",1.95928918754142,2.65133145017328,1.99330523162099,2.62482923053983,3.45630257251202,0.665540042998408,0.442943548834323,1.46299734089103,FALSE
"mse",41,"gamma",0.22,0.169188630732251,0.131783641744097,0.168382942842286,0.210939121894421,-0.051617057157714,0.00266432058962272,0.0791554801503239,FALSE
"mse",42,"mu",0.074,0.0770761103780166,0.0684237440202224,0.0769582500391579,0.0863449657756837,0.00295825003915791,8.75124329417777e-06,0.0179212217554613,TRUE
"mse",42,"K",0.524180588111021,0.441606166309273,0.343310649035194,0.438126630325481,0.559112440024603,-0.0860539577855406,0.0074052836505556,0.215801790989409,TRUE
"mse",42,"alpha",1.89,1.90935381950395,1.87817690864366,1.90928368980269,1.94073381510963,0.0192836898026894,0.000371860692406345,0.0625569064659741,TRUE
"mse",42,"d",0.03,0.0372626843520803,0.0216498297449605,0.0363046174670343,0.0582295941403599,0.0063046174670343,3.9748201405634e-05,0.0365797643953993,TRUE
"mse",42,"rho",1.95928918754142,2.05851129866388,1.57835891550144,2.04055211070094,2.63800311979212,0.0812629231595157,0.00660366268042935,1.05964420429068,TRUE
"mse",42,"gamma",0.22,0.221379428571721,0.17711592710167,0.220621258664567,0.269675071612112,0.000621258664567109,3.85962328299708e-07,0.0925591445104423,TRUE
"mse",43,"mu",0.074,0.0805377886471171,0.0716860365012373,0.0804200216588293,0.0900042442753103,0.00642002165882928,4.12166780998371e-05,0.018318207774073,TRUE
"mse",43,"K",0.524180588111021,0.479088199409766,0.394049133398185,0.476764012599479,0.576830865259023,-0.0474165755115419,0.00224833163324176,0.182781731860837,TRUE
"mse",43,"alpha",1.89,1.90884576085667,1.88303149030545,1.90879411585064,1.93479162316141,0.0187941158506411,0.000353218790607317,0.0517601328559592,TRUE
"mse",43,"d",0.03,0.0355142007898878,0.0237896844844729,0.0349848933388545,0.0501774541219607,0.00498489333885452,2.48491615997561e-05,0.0263877696374878,TRUE
"mse",43,"rho",1.95928918754142,2.13863138618729,1.72667940761833,2.1262865674993,2.61831809447124,0.166997379957879,0.0278881249127961,0.891638686852912,TRUE
"mse",43,"gamma",0.22,0.201687530683459,0.168294472142551,0.201194766746985,0.237673644482803,-0.0188052332530152,0.000353636797700309,0.069379172340252,TRUE
"mse",44,"mu",0.074,0.0714691651751728,0.0631502307211585,0.0713511634487126,0.0804074910998404,-0.00264883655128736,7.01633507543594e-06,0.0172572603786819,TRUE
"mse",44,"K",0.524180588111021,0.547372393381642,0.428212362309058,0.543262308593914,0.689203845353316,0.0190817204828925,0.000364112056587238,0.260991483044258,TRUE
"mse",44,"alpha",1.89,1.87121933970549,1.84129297329409,1.8711528364166,1.90133601391376,-0.0188471635834047,0.000355215575139615,0.0600430406196744,TRUE
"mse",44,"d",0.03,0.0288450937947123,0.016878414688271,0.0281047330975527,0.0449517028634603,-0.00189526690244728,3.59203663151211e-06,0.0280732881751893,TRUE
"mse",44,"rho",1.95928918754142,1.84784194377011,1.49522251604503,1.8373868073706,2.25780308422761,-0.121902380170821,0.0148601902913114,0.762580568182577,TRUE
"mse",44,"gamma",0.22,0.243207428657481,0.203686085772279,0.242691306317589,0.285415929249627,0.0226913063175894,0.000514895382398671,0.081729843477348,TRUE
"mse",45,"mu",0.074,0.0741503014594901,0.0656703047307999,0.0740323674404126,0.083248290967184,3.23674404126423e-05,1.04765119886595e-09,0.0175779862363842,TRUE
"mse",45,"K",0.524180588111021,0.48809107280789,0.356509276706417,0.482231759354547,0.652259632986683,-0.041948828756474,0.00175970423403998,0.295750356280265,TRUE
"mse",45,"alpha",1.89,1.92511352267539,1.89074956527282,1.92503161613846,1.95972755830316,0.0350316161384567,0.00122721412927218,0.0689779930303378,FALSE
"mse",45,"d",0.03,0.0262071445912686,0.0131749161431624,0.0251541260678776,0.0451559553817835,-0.00484587393212239,2.34824941660233e-05,0.031981039238621,TRUE
"mse",45,"rho",1.95928918754142,1.72682724024278,1.34806430911596,1.71364770439017,2.17831165570037,-0.245641483151256,0.0603397382447487,0.83024734658441,TRUE
"mse",45,"gamma",0.22,0.248921234408573,0.20288894518752,0.248245848195332,0.298504321942519,0.0282458481953325,0.000797827940273768,0.0956153767549987,TRUE
"mse",46,"mu",0.074,0.0716470854284324,0.0633183383730565,0.071529115928453,0.0805949787733501,-0.00247088407154694,6.10526809502439e-06,0.0172766404002936,TRUE
"mse",46,"K",0.524180588111021,0.598896997242404,0.508940186525102,0.596851256083311,0.69993793692787,0.07267066797229,0.00528102598353882,0.190997750402768,TRUE
"mse",46,"alpha",1.89,1.88104864324211,1.86237381542434,1.88101719658441,1.89978499376612,-0.00898280341559077,8.06907572031492e-05,0.0374111783417794,TRUE
"mse",46,"d",0.03,0.0239650729544589,0.017169308057565,0.0237029448699266,0.0322103601299366,-0.00629705513007341,3.96529033111839e-05,0.0150410520723716,TRUE
"mse",46,"rho",1.95928918754142,1.81614628935949,1.59721356642564,1.81220840947864,2.05612323598174,-0.147080778062779,0.0216327552755524,0.458909669556098,TRUE
"mse",46,"gamma",0.22,0.233271453143979,0.209772050411943,0.23307428583254,0.257745225964306,0.0130742858325404,0.000170936950030966,0.0479731755523637,TRUE
"mse",47,"mu",0.074,0.0700367486386428,0.0618051254512419,0.0699187102741768,0.0788885211854056,-0.00408128972582321,1.66569258261101e-05,0.0170833957341637,TRUE
"mse",47,"K",0.524180588111021,0.592002739838575,0.453438781979892,0.586798776189186,0.759355801511174,0.0626181880781649,0.00392103747819243,0.305917019531281,TRUE
"mse",47,"alpha",1.89,1.83497195921814,1.80334654534068,1.83489809751142,1.86681888255015,-0.0551019024885788,0.00303621965786085,0.0634723372094694,FALSE
"mse",47,"d",0.03,0.0308808356144866,0.0175642935506992,0.0300165371514019,0.0490340678183303,1.65371514018985e-05,2.73477376489312e-10,0.0314697742676312,TRUE
"mse",47,"rho",1.95928918754142,1.92051659126849,1.49057285376668,1.90519438375989,2.43507498434901,-0.0540948037815334,0.0029262477961626,0.944502130582325,TRUE
"mse",47,"gamma",0.22,0.21935457667292,0.177481612370495,0.218667967217179,0.26486843432366,-0.00133203278282126,1.77431133451056e-06,0.087386821953165,TRUE
"mse",48,"mu",0.074,0.0678376684995755,0.0597424763380571,0.0677195909385887,0.0765540915765337,-0.00628040906141132,3.94435379786574e-05,0.0168116152384766,TRUE
"mse",48,"K",0.524180588111021,0.53283605218974,0.418362288441431,0.528947782346053,0.668745946408304,0.00476719423503136,2.27261408745162e-05,0.250383657966874,TRUE
"mse",48,"alpha",1.89,1.85706501359763,1.82479974372375,1.85698931033354,1.88955825104235,-0.0330106896664595,0.00108970563225529,0.0647585073185997,FALSE
"mse",48,"d",0.03,0.039916320410638,0.0236329828323116,0.0389590409895669,0.0615443289705341,0.0089590409895669,8.02644154527399e-05,0.0379113461382225,TRUE
"mse",48,"rho",1.95928918754142,2.36907985711254,1.76015900524918,2.34349732024796,3.12003173112911,0.384208132706543,0.147615889237849,1.35987272587994,TRUE
"mse",48,"gamma",0.22,0.204921510516813,0.158455924849844,0.203973144615992,0.256484936389018,-0.0160268553840084,0.000256860093499918,0.0980290115391743,TRUE
"mse",49,"mu",0.074,0.0702776892955984,0.0620320251047159,0.0701596775744692,0.0791432628387776,-0.0038403224255308,1.47480763320348e-05,0.0171112377340617,TRUE
"mse",49,"K",0.524180588111021,0.527996820941348,0.443135162867504,0.525918983841301,0.624158341081553,0.00173839573027934,3.02201971505344e-06,0.181023178214049,TRUE
"mse",49,"alpha",1.89,1.90705587224813,1.88665074955638,1.90702014359581,1.92753600822177,0.0170201435958106,0.000289685288022013,0.0408852586653994,TRUE
"mse",49,"d",0.03,0.0252255531190122,0.0174066957388962,0.0248906020966217,0.0349020936522516,-0.00510939790337829,2.61059469350465e-05,0.0174953979133554,TRUE
"mse",49,"rho",1.95928918754142,1.7525706750008,1.52913415369229,1.74830770275761,1.99887493589112,-0.210981484783814,0.0445131869215827,0.469740782198826,TRUE
"mse",49,"gamma",0.22,0.248066009437542,0.221614344312362,0.247840345665861,0.27563560753514,0.0278403456658611,0.00077508484679463,0.0540212632227777,FALSE
"mse",50,"mu",0.074,0.0738060144322057,0.065346787316572,0.0736880789542771,0.0828833732921253,-0.000311921045722877,9.72947387648529e-08,0.0175365859755534,TRUE
"mse",50,"K",0.524180588111021,0.471782905984857,0.376863630982308,0.468793797162384,0.583135023675448,-0.0553867909486376,0.00306769661158809,0.20627139269314,TRUE
"mse",50,"alpha",1.89,1.92262472144275,1.89446079094169,1.9225655911177,1.95094807407758,0.0325655911176994,0.00106051772484518,0.0564872831358938,FALSE
"mse",50,"d",0.03,0.0320144778265323,0.0199348240599752,0.0313617562307658,0.0477335515811142,0.00136175623076585,1.85438003202961e-06,0.027798727521139,TRUE
"mse",50,"rho",1.95928918754142,1.98015248868566,1.59297505477019,1.96835096417277,2.43212746750006,0.00906177663134966,8.21157957164748e-05,0.839152412729873,TRUE
"mse",50,"gamma",0.22,0.221592357458929,0.184591305979744,0.221067089268029,0.261348444863884,0.00106708926802934,1.1386795059434e-06,0.07675713888414,TRUE
"mse",51,"mu",0.074,0.0721187708434241,0.0637613691994951,0.0720008093799374,0.0810950927533716,-0.0019991906200626,3.99676313534627e-06,0.0173337235538765,TRUE
"mse",51,"K",0.524180588111021,0.645394394352078,0.559847020616193,0.64369344672351,0.740089054815394,0.119512858612489,0.0142833233737287,0.180242034199202,FALSE
"mse",51,"alpha",1.89,1.82484468485578,1.80666416870023,1.82481397016764,1.84308566686698,-0.0651860298323614,0.00424921848530552,0.0364214981667466,FALSE
"mse",51,"d",0.03,0.0290950680928139,0.0217162394022051,0.0288489325511258,0.0378285266719526,-0.00115106744887419,1.32495627185773e-06,0.0161122872697474,TRUE
"mse",51,"rho",1.95928918754142,1.98904747184746,1.74349797484107,1.98451905956735,2.25883648500424,0.025229872025929,0.000636546442444753,0.515338510163172,TRUE
"mse",51,"gamma",0.22,0.220606487197753,0.197617893505581,0.220401229909087,0.244618687413549,0.000401229909086559,1.60985439945608e-07,0.0470007939079676,TRUE
"mse",52,"mu",0.074,0.0750027272258807,0.0664729965094089,0.0748848381275184,0.0841498821457938,0.00088483812751837,7.82938511910215e-07,0.0176768856363849,TRUE
"mse",52,"K",0.524180588111021,0.621227124277964,0.520377650907467,0.618730547925432,0.735660866589066,0.0945499598144103,0.0089396949009066,0.215283215681599,TRUE
"mse",52,"alpha",1.89,1.85437570657935,1.83441497142691,1.85434059402456,1.87441074370239,-0.0356594059754414,0.00127159323452134,0.0399957722754838,FALSE
"mse",52,"d",0.03,0.0247431596873508,0.0170192564356433,0.0244089383863237,0.0343212235336096,-0.00559106161367627,3.12599699679243e-05,0.0173019670979663,TRUE
"mse",52,"rho",1.95928918754142,1.76736811482032,1.54149530402048,1.76304753970871,2.01642136926567,-0.196241647832714,0.0385107843440991,0.474926065245197,TRUE
"mse",52,"gamma",0.22,0.24691891490965,0.220653757057238,0.246694693336847,0.274294973641737,0.0266946933368466,0.000712606652348282,0.0536412165844982,FALSE
"mse",53,"mu",0.074,0.0746327023098248,0.0661237992330692,0.0745147735389653,0.0837593864427985,0.000514773538965257,2.64991796418815e-07,0.0176355872097292,TRUE
"mse",53,"K",0.524180588111021,0.418189863120117,0.342064107021274,0.416049664245002,0.506027800941085,-0.108130923866019,0.0116922966961188,0.163963693919811,FALSE
"mse",53,"alpha",1.89,1.89225382785345,1.86430547822731,1.89219479672348,1.92036239137347,0.00219479672347611,4.81713265738147e-06,0.0560569131461581,TRUE
"mse",53,"d",0.03,0.0479419984999578,0.0312386708168546,0.0471577103287401,0.0690021855102161,0.0171577103287401,0.000294387023724954,0.0377635146933615,FALSE
"mse",53,"rho",1.95928918754142,2.30259113550412,1.76004838072294,2.28205382590373,2.95877892805459,0.32276463836231,0.104177011777153,1.19873054733165,TRUE
"mse",53,"gamma",0.22,0.196968003708318,0.156433247027825,0.196208513795998,0.241566054468354,-0.0237914862040015,0.000566034815795194,0.0851328074405292,TRUE
"mse",54,"mu",0.074,0.0748444336799317,0.066323711998471,0.0747265305841325,0.0839827159171147,0.000726530584132482,5.27846689679885e-07,0.0176590039186438,TRUE
"mse",54,"K",0.524180588111021,0.432372670330509,0.340940228153479,0.429323465939728,0.540604301864007,-0.0948571221712937,0.00899787362661974,0.199664073710528,TRUE
"mse",54,"alpha",1.89,1.92334406195333,1.8938732189687,1.9232804282336,1.9529917421295,0.0332804282335997,0.00110758690341178,0.0591185231608051,FALSE
"mse",54,"d",0.03,0.031043027842232,0.0186136929365732,0.0303144664593489,0.0475415919732824,0.000314466459348853,9.88891540554041e-08,0.0289278990367092,TRUE
"mse",54,"rho",1.95928918754142,1.77118546997334,1.44487707974994,1.76188719816617,2.14840734546645,-0.19740198937525,0.0389675454093064,0.703530265716502,TRUE
"mse",54,"gamma",0.22,0.245302624011748,0.207656841976848,0.244841148835879,0.285336810266619,0.0248411488358795,0.000617082675486315,0.0776799682897714,TRUE
"mse",55,"mu",0.074,0.0765272173550429,0.0679070758959739,0.0764093472961256,0.0857641058941271,0.00240934729612562,5.80495439334782e-06,0.0178570299981532,TRUE
"mse",55,"K",0.524180588111021,0.430988635936429,0.333999294288979,0.427510958153662,0.547186988796678,-0.0966696299573596,0.00934501735609283,0.213187694507699,TRUE
"mse",55,"alpha",1.89,1.93438435511866,1.90387167083749,1.93431727325937,1.96508695182486,0.0443172732593708,0.00196402070914575,0.0612152809873694,FALSE
"mse",55,"d",0.03,0.0290788009687112,0.0169082441113713,0.028317146223486,0.0455092271209398,-0.00168285377651399,2.83199683312739e-06,0.0286009830095685,TRUE
"mse",55,"rho",1.95928918754142,1.73464065521124,1.40444814799703,1.72487810805877,2.11837020712863,-0.234411079482648,0.0549485541842202,0.713922059131594,TRUE
"mse",55,"gamma",0.22,0.241719152027439,0.203502726792389,0.241231780829353,0.2824675691465,0.0212317808293526,0.000450788517185667,0.078964842354111,TRUE
"mse",56,"mu",0.074,0.0806850150181352,0.0718240446155386,0.0805672296335268,0.0901607356379715,0.00656722963352684,4.3128505059473e-05,0.0183366910224329,TRUE
"mse",56,"K",0.524180588111021,0.467229333947805,0.366708499260451,0.463809388409731,0.586605525542284,-0.0603711997012905,0.00364468175337309,0.219897026281834,TRUE
"mse",56,"alpha",1.89,1.89246835608571,1.86053921737937,1.89239495451994,1.92461447350754,0.00239495451994509,5.73580715260542e-06,0.0640752561281763,TRUE
"mse",56,"d",0.03,0.0369546232189359,0.0220926157932716,0.0360912912861802,0.0566363612454413,0.00609129128618018,3.71038295330945e-05,0.0345437454521697,TRUE
"mse",56,"rho",1.95928918754142,2.07887895682214,1.59940001221136,2.06118176428597,2.65620471656805,0.101892576744552,0.0103820971956445,1.05680470435669,TRUE
"mse",56,"gamma",0.22,0.212270229568553,0.170139955547701,0.21153780945628,0.258299949169784,-0.0084621905437196,7.16086687982175e-05,0.0881599936220834,TRUE
"mse",57,"mu",0.074,0.0761941702852147,0.0675939301416642,0.0760763023509139,0.0854112706060343,0.00207630235091388,4.31103145241052e-06,0.0178173404643701,TRUE
"mse",57,"K",0.524180588111021,0.476513201356205,0.356495189275636,0.471593046297624,0.623826715358228,-0.0525875418133976,0.00276544955397585,0.267331526082592,TRUE
"mse",57,"alpha",1.89,1.93319518841443,1.90031898274912,1.93311931309578,1.96629649704701,0.0431193130957777,0.0018592751618517,0.0659775142978856,FALSE
"mse",57,"d",0.03,0.028231159250539,0.0150907888798019,0.0272737492340422,0.0467409828920762,-0.00272625076595779,7.43244323888542e-06,0.0316501940122742,TRUE
"mse",57,"rho",1.95928918754142,1.76819974274808,1.38533302680111,1.75507610633193,2.22344097941371,-0.204213081209493,0.0417029825370748,0.838107952612604,TRUE
"mse",57,"gamma",0.22,0.239789164684131,0.196035205153767,0.239139914530593,0.286959903897106,0.0191399145305925,0.000366336328238388,0.0909246987433388,TRUE
"mse",58,"mu",0.074,0.0757033025640954,0.0671321620004383,0.0755854291946656,0.0848915172991254,0.0015854291946656,2.51358573129802e-06,0.0177593552986872,TRUE
"mse",58,"K",0.524180588111021,0.505574994692087,0.420255667221356,0.503370561761358,0.602913096127467,-0.0208100263496631,0.000433057196673673,0.182657428906111,TRUE
"mse",58,"alpha",1.89,1.87642758696408,1.85066165858736,1.87637551513496,1.90232784125211,-0.0136244848650366,0.000185626587837613,0.0516661826647429,TRUE
"mse",58,"d",0.03,0.0368365384149584,0.0250552051102493,0.0363268554634959,0.0514444680001528,0.00632685546349593,4.00291000559683e-05,0.0263892628899035,TRUE
"mse",58,"rho",1.95928918754142,2.1319494180431,1.74267599757445,2.12096797678166,2.58132718042358,0.161678789240235,0.0261400308901884,0.838651182849126,TRUE
"mse",58,"gamma",0.22,0.209867537244315,0.17706892213076,0.209419873402952,0.245006593978166,-0.010580126597048,0.000111939078809562,0.0679376718474054,TRUE
"mse",59,"mu",0.074,0.0687238313874272,0.0605720959002499,0.0686057316058476,0.0774965684947014,-0.0053942683941524,2.90981315081515e-05,0.0169244725944515,TRUE
"mse",59,"K",0.524180588111021,0.537429811465438,0.414724242633126,0.532954579097779,0.684868742570784,0.00877399098675724,7.69829178356973e-05,0.270144499937658,TRUE
"mse",59,"alpha",1.89,1.88959369833788,1.8587120849707,1.88952415055318,1.92067694159867,-0.000475849446822885,2.26432696041645e-07,0.0619648566279711,TRUE
"mse",59,"d",0.03,0.0258428413809258,0.0151591893709498,0.0251795519417939,0.0402363234215172,-0.00482044805820612,2.32367194818631e-05,0.0250771340505673,TRUE
"mse",59,"rho",1.95928918754142,1.79734828980563,1.44489786355929,1.78656988096102,2.20898640200436,-0.172719306580402,0.0298319588656148,0.764088538445072,TRUE
"mse",59,"gamma",0.22,0.221750153639266,0.184870161700592,0.221228941113918,0.261362896814952,0.00122894111391778,1.51029626147746e-06,0.0764927351143607,TRUE
"mse",60,"mu",0.074,0.0710722621073741,0.0627778029350252,0.070954260948983,0.0799862635045805,-0.00304573905101703,9.27652636689012e-06,0.0172084605695553,TRUE
"mse",60,"K",0.524180588111021,0.51120683100299,0.378119062401249,0.505527826977253,0.675838571834946,-0.0186527611337682,0.000347925497913415,0.297719509433697,TRUE
"mse",60,"alpha",1.89,1.93903491094264,1.90581829480718,1.93895789720714,1.97248096926613,0.0489578972071378,0.00239687569894467,0.0666626744589442,FALSE
"mse",60,"d",0.03,0.0228108410778451,0.0121071241320137,0.0220091283506323,0.038014785692684,-0.00799087164936775,6.38540297166692e-05,0.0259076615606702,TRUE
"mse",60,"rho",1.95928918754142,1.81110536508823,1.43232155534829,1.79863336982516,2.25856984445783,-0.160655817716258,0.0258102917660797,0.826248289109543,TRUE
"mse",60,"gamma",0.22,0.232730299563932,0.191105969428607,0.232113854755841,0.277598529400801,0.0121138547558408,0.000146745477045608,0.0864925599721941,TRUE
"mse",61,"mu",0.074,0.0727232681292291,0.0643281782123785,0.0726052856944214,0.0817371605812105,-0.00139471430557862,1.94522799418566e-06,0.017408982368832,TRUE
"mse",61,"K",0.524180588111021,0.55879951620142,0.446827065066251,0.555289676573608,0.690064134188003,0.0311090884625864,0.000967775384973028,0.243237069121752,TRUE
"mse",61,"alpha",1.89,1.84806268561143,1.81683704807912,1.8479907308542,1.87950149156773,-0.0420092691457956,0.0017647786941639,0.0626644434886181,FALSE
"mse",61,"d",0.03,0.0431657951148029,0.0272055776748834,0.0423482626690757,0.0636771616180611,0.0123482626690757,0.000152479590944489,0.0364715839431777,TRUE
"mse",61,"rho",1.95928918754142,2.67374149148561,1.91989262563004,2.63826091129227,3.62523183487344,0.67897172375085,0.4610026016532,1.7053392092434,TRUE
"mse",61,"gamma",0.22,0.168749283302209,0.125838874826981,0.167669253479809,0.217527395574274,-0.052330746520191,0.00273850703136049,0.0916885207472927,FALSE
"mse",62,"mu",0.074,0.0694912253340109,0.0612931091396034,0.0693731734091237,0.0783097789015248,-0.00462682659087628,2.14075243020398e-05,0.0170166697619214,TRUE
"mse",62,"K",0.524180588111021,0.463802091703411,0.350102758041491,0.459290026908791,0.602507463140759,-0.0648905612022301,0.00421078493314037,0.252404705099268,TRUE
"mse",62,"alpha",1.89,1.92897418392579,1.89559105618488,1.92889623910167,1.96259100693708,0.0388962391016698,0.00151291741625427,0.0669999507521937,FALSE
"mse",62,"d",0.03,0.0296129194597735,0.0166036871765216,0.0287433929535613,0.0474910323770561,-0.00125660704643875,1.57906126915951e-06,0.0308873452005345,TRUE
"mse",62,"rho",1.95928918754142,1.89085761126793,1.45398033055614,1.87469946001895,2.41707862052433,-0.0845897275224674,0.00715542200232528,0.963098289968186,TRUE
"mse",62,"gamma",0.22,0.211746094872961,0.1700591086651,0.211026639484289,0.257261706271226,-0.00897336051571104,8.0521198944922e-05,0.087202597606126,TRUE
"mse",63,"mu",0.074,0.0731748729097583,0.0647529076010109,0.0730569082922499,0.0822153702520869,-0.000943091707750102,8.89421969227003e-07,0.017462462651076,TRUE
"mse",63,"K",0.524180588111021,0.448985960415788,0.333911992041848,0.444168022281629,0.590805698852032,-0.0800125658293919,0.00640201069060278,0.256893706810184,TRUE
"mse",63,"alpha",1.89,1.94307726437988,1.9082284441987,1.94299398753734,1.97818091325604,0.052993987537342,0.00280836271510796,0.0699524690573332,FALSE
"mse",63,"d",0.03,0.0301732850468331,0.0164407393844856,0.0292097196925958,0.0493056314798946,-0.000790280307404218,6.24542964270905e-07,0.032864892095409,TRUE
"mse",63,"rho",1.95928918754142,1.98056046749115,1.47250545572206,1.95926666914351,2.60682732963922,-2.25183979079002e-05,5.07078244338525e-10,1.13432187391716,TRUE
"mse",63,"gamma",0.22,0.201299153626304,0.156280093420078,0.200386043228243,0.251225181878878,-0.0196139567717572,0.000384707300244361,0.0949450884587996,TRUE
"mse",64,"mu",0.074,0.0813725789521353,0.0724731073789829,0.081254826262607,0.0908863724647001,0.007254826262607,5.26325041006122e-05,0.0184132650857172,TRUE
"mse",64,"K",0.524180588111021,0.507051640347177,0.424001000775197,0.5049754359727,0.601404517400662,-0.0192051521383209,0.00036883786865605,0.177403516625465,TRUE
"mse",64,"alpha",1.89,1.89084814115716,1.86560402881419,1.89079799737749,1.91621888613354,0.000797997377488313,6.36799814478225e-07,0.0506148573193543,TRUE
"mse",64,"d",0.03,0.037230255415971,0.0257556909922296,0.0367563933717698,0.0513294766235699,0.00675639337176981,4.5648851394095e-05,0.0255737856313403,TRUE
"mse",64,"rho",1.95928918754142,2.33415289970783,1.88614014632443,2.32078170498257,2.85552008234536,0.361492517441149,0.13067684016594,0.969379936020933,TRUE
"mse",64,"gamma",0.22,0.194998142286759,0.162267403922934,0.194500783582575,0.23035222734699,-0.0254992164174246,0.000650210037902654,0.0680848234240558,TRUE
"mse",65,"mu",0.074,0.0707927393498195,0.0625147380136235,0.0706747150283344,0.0796905183099752,-0.00332528497166557,1.10575201427849e-05,0.0171757802963517,TRUE
"mse",65,"K",0.524180588111021,0.412832913069411,0.32582495968121,0.409942504988272,0.515762930378038,-0.11423808312275,0.0130503396355603,0.189937970696828,FALSE
"mse",65,"alpha",1.89,1.93434236474867,1.90303383848641,1.93427238980959,1.96585226651992,0.0442723898095896,0.00196004449945225,0.0628184280335149,FALSE
"mse",65,"d",0.03,0.0405492507711268,0.0246580913118969,0.0396652407969198,0.0613705737896876,0.00966524079691983,9.34168796624436e-05,0.0367124824777908,TRUE
"mse",65,"rho",1.95928918754142,2.13999363580852,1.62473984786218,2.11998126142701,2.76608048379162,0.160692073885586,0.0258219426096507,1.14134063592944,TRUE
"mse",65,"gamma",0.22,0.20342537523925,0.161100601319893,0.202635097483451,0.249976917201073,-0.0173649025165494,0.000301539839409265,0.0888763158811804,TRUE
"mse",66,"mu",0.074,0.0783675723517048,0.069640458113433,0.0782497515240465,0.087710480528163,0.0042497515240465,1.80603880161355e-05,0.01807002241473,TRUE
"mse",66,"K",0.524180588111021,0.529320577102657,0.423230476999497,0.525994238785276,0.653694398726466,0.00181365067425465,3.28932876822435e-06,0.230463921726969,TRUE
"mse",66,"alpha",1.89,1.90594386928659,1.87932300003523,1.90588955931121,1.932706427039,0.0158895593112125,0.00025247809510454,0.0533834270037659,TRUE
"mse",66,"d",0.03,0.0267829268502181,0.0163726730957379,0.0261897581587428,0.0405049936091365,-0.00381024184125723,1.45179428888673e-05,0.0241323205133986,TRUE
"mse",66,"rho",1.95928918754142,1.79112700882244,1.50001943020619,1.78391130239845,2.12149879181927,-0.175377885142971,0.0307574025972211,0.62147936161308,TRUE
"mse",66,"gamma",0.22,0.25739218697692,0.222133543031801,0.257018695082361,0.294554105006526,0.037018695082361,0.00137038378560082,0.0724205619747248,FALSE
"mse",67,"mu",0.074,0.071682926061631,0.0633502400227967,0.0715649069676941,0.0806350159154277,-0.00243509303230589,5.92967807598471e-06,0.017284775892631,TRUE
"mse",67,"K",0.524180588111021,0.595157513582341,0.489129958672257,0.592247857762042,0.717091560793431,0.0680672696510207,0.00463315319774477,0.227961602121174,TRUE
"mse",67,"alpha",1.89,1.81988385309049,1.79187741026852,1.81982302301788,1.84806038591057,-0.0701769769821208,0.00492480809834911,0.0561829756420507,FALSE
"mse",67,"d",0.03,0.0439237726259223,0.029346020972464,0.0432740630907461,0.0621066891995356,0.0132740630907461,0.000176200750937108,0.0327606682270716,TRUE
"mse",67,"rho",1.95928918754142,2.74043903133367,2.02680424517219,2.7099776808922,3.62327272364399,0.750688493350777,0.56353321404926,1.5964684784718,FALSE
"mse",67,"gamma",0.22,0.164416478019625,0.125696106283567,0.163513328459534,0.20802738266479,-0.0564866715404656,0.00319074406172044,0.0823312763812227,FALSE
"mse",68,"mu",0.074,0.0704854408506853,0.0622268603412784,0.0703674281006565,0.0793638553037333,-0.00363257189934353,1.31955786039003e-05,0.0171369949624549,TRUE
"mse",68,"K",0.524180588111021,0.512870681484133,0.414507575751735,0.509937559219924,0.627324338977168,-0.0142430288910971,0.000202863871992626,0.212816763225433,TRUE
"mse",68,"alpha",1.89,1.883537055591,1.85519445634721,1.88347647716618,1.91204619698426,-0.00652352283381807,4.25563501633458e-05,0.0568517406370503,TRUE
"mse",68,"d",0.03,0.0389959096513135,0.025320064344683,0.0383350375079834,0.0563465529813597,0.00833503750798344,6.94728502594909e-05,0.0310264886366767,TRUE
"mse",68,"rho",1.95928918754142,2.39226423926373,1.81761503400669,2.37000704694364,3.09016772704309,0.410717859402217,0.168689160031939,1.2725526930364,TRUE
"mse",68,"gamma",0.22,0.178423668560493,0.14061522713647,0.177661388272462,0.220328538233568,-0.0423386117275378,0.0017925580430152,0.0797133110970988,TRUE
"mse",69,"mu",0.074,0.0810737340973638,0.0721915416678484,0.0809559822767449,0.0905703522039762,0.00695598227674493,4.83856894343896e-05,0.0183788105361278,TRUE
"mse",69,"K",0.524180588111021,0.456990248546087,0.382328037313134,0.455128931795156,0.541783574373043,-0.0690516563158654,0.00476813123996439,0.159455537059909,TRUE
"mse",69,"alpha",1.89,1.95000569402256,1.92550331860432,1.9499588053451,1.97462083746629,0.0599588053451037,0.00359505833841203,0.049117518861973,FALSE
"mse",69,"d",0.03,0.030201729321805,0.0207990187836568,0.0298018883964145,0.0418212665550867,-0.000198111603585464,3.92482074752039e-08,0.0210222477714299,TRUE
"mse",69,"rho",1.95928918754142,1.91707512227086,1.63454956305186,1.91078119676036,2.23366515580935,-0.0485079907810593,0.00235302516961533,0.599115592757489,TRUE
"mse",69,"gamma",0.22,0.233016342097162,0.204107982237787,0.232719903420293,0.263429761794497,0.0127199034202934,0.000161795943021593,0.0593217795567097,TRUE
"mse",70,"mu",0.074,0.0690953932980539,0.0609211411428187,0.0689773159769287,0.0778903775434015,-0.00502268402307131,2.52273547956158e-05,0.0169692364005828,TRUE
"mse",70,"K",0.524180588111021,0.595336011309492,0.479150039533545,0.591802157786178,0.730923341223482,0.0676215696751569,0.0045726766853321,0.251773301689937,TRUE
"mse",70,"alpha",1.89,1.87145274452013,1.84226121627589,1.8713888993438,1.90082407132869,-0.0186111006562022,0.00034637306763529,0.0585628550527979,TRUE
"mse",70,"d",0.03,0.0336151739234973,0.02151029472101,0.0330021246632662,0.0491332277967568,0.00300212466326625,9.01275249379149e-06,0.0276229330757467,TRUE
"mse",70,"rho",1.95928918754142,2.37176528154251,1.8393969326506,2.35273406623928,3.0092419558623,0.393444878697855,0.15479887257357,1.1698450232117,TRUE
"mse",70,"gamma",0.22,0.189373555909027,0.151742793199115,0.18868240400528,0.230697873089459,-0.0313175959947198,0.00098079181888849,0.0789550798903437,TRUE
"mse",71,"mu",0.074,0.0701205216677047,0.0618835798915894,0.0700024800357122,0.0789775979397011,-0.00399751996428781,1.59801658648796e-05,0.0170940180481116,TRUE
"mse",71,"K",0.524180588111021,0.509729407285132,0.427585163472909,0.507712213349121,0.602845270263186,-0.0164683747619001,0.000271207367298388,0.175260106790278,TRUE
"mse",71,"alpha",1.89,1.87741619817242,1.85268584742362,1.87736744655897,1.90226848846797,-0.0126325534410328,0.000159581406440549,0.0495826410443443,TRUE
"mse",71,"d",0.03,0.0425888778124048,0.0299156383396421,0.0420934703172784,0.0580015520314001,0.0120934703172784,0.000146252024314895,0.028085913691758,TRUE
"mse",71,"rho",1.95928918754142,2.66807691723549,2.06452919674598,2.64630360453503,3.39191501053334,0.687014416993608,0.471988809157067,1.32738581378736,FALSE
"mse",71,"gamma",0.22,0.165753857466741,0.132271724713178,0.165094991324318,0.202772377345497,-0.0549050086756816,0.00301455997767667,0.0705006526323196,FALSE
"mse",72,"mu",0.074,0.0830163409364931,0.0740236607783633,0.0828986171419864,0.0926225922962213,0.00889861714198636,7.91853870396536e-05,0.018598931517858,FALSE
"mse",72,"K",0.524180588111021,0.461958143550658,0.337073360842284,0.456377953174905,0.617880452160035,-0.0678026349361159,0.00459719730428021,0.28080709131775,TRUE
"mse",72,"alpha",1.89,1.91180757981126,1.87679515275922,1.91172264876634,1.94708322367939,0.0217226487663409,0.000471873469425811,0.0702880709201728,TRUE
"mse",72,"d",0.03,0.0254473035522356,0.0128775724967136,0.0244395914204765,0.0436787260828855,-0.00556040857952352,3.09181435712388e-05,0.0308011535861719,TRUE
"mse",72,"rho",1.95928918754142,1.66120064904063,1.30135478392147,1.6488602184242,2.08910295109007,-0.310428969117218,0.0963661448671789,0.787748167168595,TRUE
"mse",72,"gamma",0.22,0.246150213103783,0.201183871312356,0.245493686485453,0.294566988920539,0.025493686485453,0.000649928050618569,0.0933831176081828,TRUE
"mse",73,"mu",0.074,0.075250221199351,0.0667059985991504,0.0751323420922681,0.0844117199643206,0.00113234209226809,1.28219861392208e-06,0.0177057213651702,TRUE
"mse",73,"K",0.524180588111021,0.45863646148456,0.367817073293189,0.455827959259858,0.564884960186416,-0.0683526288511628,0.00467208187086482,0.197067886893228,TRUE
"mse",73,"alpha",1.89,1.90685553500521,1.87901504314668,1.9067971762228,1.93485309165127,0.0167971762228007,0.000282145129059823,0.0558380485045944,TRUE
"mse",73,"d",0.03,0.0306806270285372,0.0192261488805223,0.0300681245180565,0.0455497021971379,6.81245180565067e-05,4.6409499604313e-09,0.0263235533166156,TRUE
"mse",73,"rho",1.95928918754142,1.78170189479866,1.47310676873629,1.77349517456706,2.13509940821783,-0.185794012974364,0.034519415257118,0.661992639481539,TRUE
"mse",73,"gamma",0.22,0.239925843500614,0.205430626361143,0.239523965283074,0.276490528879493,0.0195239652830735,0.00038118522037466,0.0710599025183501,TRUE
"mse",74,"mu",0.074,0.0856594468721247,0.0765189887425502,0.0855417730619291,0.095412262226711,0.0115417730619291,0.000133212525413072,0.0188932734841608,FALSE
"mse",74,"K",0.524180588111021,0.49420644713948,0.392950240392594,0.490950526123728,0.613376509886466,-0.0332300619872931,0.00110423701967934,0.220426269493871,TRUE
"mse",74,"alpha",1.89,1.87131395750032,1.84067534507189,1.87124483622748,1.90215330064903,-0.0187551637725221,0.000351756168134124,0.0614779555771414,TRUE
"mse",74,"d",0.03,0.03947078935634,0.0236652743114685,0.0385635457303592,0.0603394081358202,0.00856354573035915,7.33343154759525e-05,0.0366741338243517,TRUE
"mse",74,"rho",1.95928918754142,2.13903173347813,1.66030946204468,2.12197702402712,2.71193503433755,0.162687836485695,0.0264673321403964,1.05162557229287,TRUE
"mse",74,"gamma",0.22,0.228380242218745,0.18417851433369,0.227661568709577,0.276390212886773,0.00766156870957746,5.86996350915764e-05,0.0922116985530835,TRUE
"mse",75,"mu",0.074,0.0680368689100775,0.0599288738336431,0.0679187845170097,0.0767660532333846,-0.00608121548299029,3.69811817505608e-05,0.0168371793997415,TRUE
"mse",75,"K",0.524180588111021,0.637599434001845,0.510917075909619,0.633666856006533,0.78588947484331,0.109486267895512,0.0119872428576877,0.274972398933692,TRUE
"mse",75,"alpha",1.89,1.87047662228604,1.84380938541706,1.8704214752273,1.89729002154882,-0.019578524772695,0.00038331863227503,0.0534806361317681,TRUE
"mse",75,"d",0.03,0.0264920310262839,0.0165846654257144,0.0259551638884188,0.0393937310885423,-0.00404483611158124,1.63606991695516e-05,0.022809065662828,TRUE
"mse",75,"rho",1.95928918754142,1.92873876590242,1.59092955500516,1.91964286376995,2.31623204595309,-0.0396463237714719,0.00157183098859238,0.725302490947928,TRUE
"mse",75,"gamma",0.22,0.228766651848068,0.194512735284278,0.228338995231503,0.26523810699621,0.00833899523150283,6.9538841471027e-05,0.0707253717119324,TRUE
"mse",76,"mu",0.074,0.079398935354741,0.0706116445414544,0.0792811206193711,0.0888016069059321,0.00528112061937111,2.78902349963467e-05,0.0181899623644777,TRUE
"mse",76,"K",0.524180588111021,0.657726616219796,0.506567648462269,0.652170922812085,0.839598359689936,0.127990334701063,0.0163815257768902,0.333030711227667,TRUE
"mse",76,"alpha",1.89,1.89641533598201,1.8667691500095,1.89635045548481,1.92624435393021,0.0063504554848115,4.03282848645725e-05,0.0594752039207089,TRUE
"mse",76,"d",0.03,0.0230055157188997,0.0134409018701079,0.0224021669515003,0.0359462944752326,-0.00759783304849969,5.77270670328741e-05,0.0225053926051247,TRUE
"mse",76,"rho",1.95928918754142,1.99539083963336,1.59528849652706,1.98283988728777,2.46448269781378,0.0235506997463513,0.00055463545854279,0.869194201286725,TRUE
"mse",76,"gamma",0.22,0.213466793081468,0.176266895205016,0.212903915552206,0.253634193990177,-0.00709608444779408,5.0354414490225e-05,0.0773672987851617,TRUE
"mse",77,"mu",0.074,0.0778615775915476,0.0691627869904993,0.0777437171812355,0.0871765656124412,0.00374371718123551,1.40154183330779e-05,0.0180137786219419,TRUE
"mse",77,"K",0.524180588111021,0.535446662307678,0.422976174798811,0.531724901863443,0.668415865972475,0.00754431375242215,5.6916669994986e-05,0.245439691173665,TRUE
"mse",77,"alpha",1.89,1.90925806526482,1.88084469639932,1.90919780008677,1.93783574761988,0.0191978000867734,0.000368555528171717,0.0569910512205543,TRUE
"mse",77,"d",0.03,0.0262610389731465,0.0158521410397324,0.0256513630340082,0.0400759160650562,-0.00434863696599182,1.89106434619905e-05,0.0242237750253238,TRUE
"mse",77,"rho",1.95928918754142,1.78870318574517,1.47720571069371,1.78036898425509,2.14571128364088,-0.178920203286333,0.0320124391440228,0.668505572947168,TRUE
"mse",77,"gamma",0.22,0.241947925091842,0.206364064803308,0.241526140769255,0.279707564064018,0.0215261407692547,0.00046337473641777,0.0733434992607104,TRUE
"mse",78,"mu",0.074,0.0824404350997822,0.0734797935719164,0.0823226877581935,0.0920149833781109,0.00832268775819348,6.92671315203835e-05,0.0185351898061945,TRUE
"mse",78,"K",0.524180588111021,0.416997497872251,0.330781908207024,0.414196129190662,0.518632054236907,-0.109984458920359,0.0120965812040042,0.187850146029883,FALSE
"mse",78,"alpha",1.89,1.9065683607314,1.87633989125348,1.90650163013647,1.93698653118594,0.0165016301364653,0.000272303797160701,0.0606466399324583,TRUE
"mse",78,"d",0.03,0.0365074864999552,0.0220432277791612,0.0356830256262345,0.0555728608203122,0.0056830256262345,3.2296780268438e-05,0.033529633041151,TRUE
"mse",78,"rho",1.95928918754142,1.94559372895222,1.54982325989013,1.93297226931066,2.41078495883651,-0.0263169182307621,0.000692580185164618,0.86096169894638,TRUE
"mse",78,"gamma",0.22,0.236509402459891,0.195808213524096,0.235935755870637,0.280217171765183,0.0159357558706371,0.000253948315168543,0.0844089582410867,TRUE
"mse",79,"mu",0.074,0.0665716405567202,0.0585550548374229,0.0664535119109958,0.0752102426192346,-0.00754648808900424,5.69494824774828e-05,0.0166551877818117,TRUE
"mse",79,"K",0.524180588111021,0.585126872263596,0.445714928243785,0.579779392933535,0.754142373084145,0.0555988048225137,0.00309122709769197,0.30842744484036,TRUE
"mse",79,"alpha",1.89,1.82490270601017,1.79208955880879,1.82482385888295,1.85795827182646,-0.0651761411170542,0.00424792937091016,0.0658687130176729,FALSE
"mse",79,"d",0.03,0.031453331215594,0.0172619123226733,0.030473208441011,0.0511353867917954,0.000473208441011022,2.23926228644082e-07,0.0338734744691221,TRUE
"mse",79,"rho",1.95928918754142,1.84663602603006,1.43604905157592,1.83212035116448,2.33736147621759,-0.127168836376939,0.0161719129454646,0.901312424641666,TRUE
"mse",79,"gamma",0.22,0.236812768768797,0.191800719560759,0.23611037033351,0.285535494604453,0.0161103703335098,0.000259544032282832,0.0937347750436942,TRUE
"mse",80,"mu",0.074,0.0744983284819164,0.0659983916027712,0.0743804240469442,0.0836159642947009,0.000380424046944217,1.44722455493416e-07,0.0176175726919297,TRUE
"mse",80,"K",0.524180588111021,0.439207903129912,0.378934504831964,0.437964284204257,0.506183674284784,-0.0862163039067643,0.00743325105934354,0.127249169452821,FALSE
"mse",80,"alpha",1.89,1.9311536875371,1.91368219135714,1.93112565988083,1.94867481318123,0.0411256598808314,0.00169131990063382,0.0349926218240981,FALSE
"mse",80,"d",0.03,0.0269617990777938,0.0197393114411238,0.0267035150105416,0.0356091190374115,-0.00329648498945841,1.08668132857246e-05,0.0158698075962877,TRUE
"mse",80,"rho",1.95928918754142,1.66516462190749,1.49054168794019,1.66244671200975,1.85416323981288,-0.296842475531667,0.0881154552797683,0.363621551872686,FALSE
"mse",80,"gamma",0.22,0.260565348823599,0.238316725884444,0.260415977711079,0.283524251719941,0.0404159777110791,0.00163345125434244,0.0452075258354968,FALSE
"mse",81,"mu",0.074,0.0787322207903564,0.0699842993613534,0.078614416015811,0.088095713896446,0.00461441601581102,2.12928351669732e-05,0.0181114145350926,TRUE
"mse",81,"K",0.524180588111021,0.397090630310289,0.303903148728906,0.393579931806205,0.509701818969882,-0.130600656304817,0.0170565314272489,0.205798670240976,FALSE
"mse",81,"alpha",1.89,1.93146547745277,1.8980642130547,1.93138753470575,1.96510031117645,0.041387534705754,0.00171292802901999,0.0670360981217493,FALSE
"mse",81,"d",0.03,0.0342120775766496,0.0194800961651217,0.0332660869410784,0.0542358596195048,0.00326608694107837,1.06673239066827e-05,0.0347557634543831,TRUE
"mse",81,"rho",1.95928918754142,1.83896344278021,1.42629652328877,1.82421587776272,2.3330794666779,-0.135073309778697,0.0182447990145718,0.906782943389132,TRUE
"mse",81,"gamma",0.22,0.225164371656106,0.182730567883207,0.224487820949552,0.271178383813248,0.00448782094955177,2.01405368752358e-05,0.0884478159300404,TRUE
"mse",82,"mu",0.074,0.0774823217601357,0.0688070094858458,0.0773644911955658,0.0867738092505984,0.00336449119556577,1.13198010050396e-05,0.0179667997647526,TRUE
"mse",82,"K",0.524180588111021,0.483310199805115,0.419035242073485,0.482027715221901,0.55448349196818,-0.0421528728891201,0.00177686469280631,0.135448249894695,TRUE
"mse",82,"alpha",1.89,1.91651489202889,1.89798332495,1.91648413684353,1.93510494657523,0.0264841368435269,0.000701409504346659,0.037121621625227,FALSE
"mse",82,"d",0.03,0.0332348462319569,0.0247628699565231,0.0329533400974098,0.0432558048479539,0.00295334009740981,8.72221773096858e-06,0.0184929348914308,TRUE
"mse",82,"rho",1.95928918754142,2.12330609990268,1.82790793013635,2.11712125971443,2.45206471930048,0.157832072173012,0.024910963006427,0.624156789164124,TRUE
"mse",82,"gamma",0.22,0.210910614410804,0.185500805929101,0.210643713894872,0.237679475451045,-0.00935628610512823,8.75400896810156e-05,0.0521786695219439,TRUE
"mse",83,"mu",0.074,0.0798163589293379,0.0710054382923001,0.0796985631590071,0.0892424037151114,0.00569856315900708,3.24736220771927e-05,0.0182369654228112,TRUE
"mse",83,"K",0.524180588111021,0.639828048879967,0.5111869498394,0.635780161595356,0.790722036840769,0.111599573484335,0.0124544648018855,0.279535087001368,TRUE
"mse",83,"alpha",1.89,1.85344090332997,1.82526305758843,1.85338023197696,1.8817868569453,-0.0366197680230351,0.00134100741006091,0.0565237993568757,FALSE
"mse",83,"d",0.03,0.0290635306271413,0.0181089948538517,0.0284678963339001,0.0433400411780682,-0.00153210366609989,2.34734164367674e-06,0.0252310463242165,TRUE
"mse",83,"rho",1.95928918754142,2.08361817100316,1.67474482058326,2.0711042693111,2.56121151375475,0.111815081769681,0.0125026125111604,0.886466693171488,TRUE
"mse",83,"gamma",0.22,0.215130685736028,0.178523344768888,0.214592384860949,0.254569610637302,-0.00540761513905139,2.92423014920977e-05,0.0760462658684148,TRUE
"mse",84,"mu",0.074,0.0800156308678196,0.0711936257769213,0.0798978487748746,0.0894526125297895,0.00589784877487465,3.47846201712904e-05,0.0182589867528682,TRUE
"mse",84,"K",0.524180588111021,0.551363280390105,0.433320882448876,0.547369969290368,0.69141770358116,0.0231893811793464,0.000537747399481027,0.258096821132284,TRUE
"mse",84,"alpha",1.89,1.87752518807993,1.84913553823105,1.8774643132652,1.90608277141445,-0.0125356867348008,0.00015714344191306,0.0569472331834009,TRUE
"mse",84,"d",0.03,0.0275341870820172,0.0161450591863785,0.0268298881565301,0.0428618445419885,-0.00317011184346988,1.0049609100108e-05,0.0267167853556099,TRUE
"mse",84,"rho",1.95928918754142,1.77401327979287,1.46236866828705,1.76559373657405,2.1316543199473,-0.193695450967376,0.0375179277254552,0.669285651660254,TRUE
"mse",84,"gamma",0.22,0.257687888675319,0.219596513328573,0.257253259887658,0.298012261465622,0.0372532598876578,0.00138780537225738,0.0784157481370494,TRUE
"mse",85,"mu",0.074,0.0822083658583895,0.0732604816948655,0.0820906040886775,0.0917703191415861,0.00809060408867754,6.54578745197257e-05,0.0185098374467206,TRUE
"mse",85,"K",0.524180588111021,0.476182700572068,0.389689787117749,0.473757010266792,0.575948752874404,-0.0504235778442294,0.00254253720261306,0.186258965756656,TRUE
"mse",85,"alpha",1.89,1.89271795904075,1.86272092148114,1.89265172787525,1.9229033104807,0.00265172787525092,7.03166072438276e-06,0.0601823889995585,TRUE
"mse",85,"d",0.03,0.0439313798666076,0.0292193145669634,0.0432682724905911,0.0623239754331904,0.0132682724905911,0.000176047054884576,0.033104660866227,TRUE
"mse",85,"rho",1.95928918754142,2.77418713473077,2.03735582016417,2.74196898949758,3.69010443874764,0.782679801956154,0.612587672390125,1.65274861858347,FALSE
"mse",85,"gamma",0.22,0.163459111452764,0.124054393829751,0.162513946591322,0.207988521157345,-0.0574860534086785,0.00330464633650544,0.0839341273275937,FALSE
"mse",86,"mu",0.074,0.0820527372242214,0.0731142821610977,0.0819349885721824,0.0916052460443314,0.00793498857218237,6.29640436406649e-05,0.0184909638832337,TRUE
"mse",86,"K",0.524180588111021,0.448839271508507,0.364591524937843,0.446387573666568,0.546523232552414,-0.0777930144444532,0.00605175309635491,0.181931707614571,TRUE
"mse",86,"alpha",1.89,1.92483650496956,1.90023974546189,1.92478893919094,1.94954929346328,0.0347889391909384,0.00121027029003081,0.0493095480013894,FALSE
"mse",86,"d",0.03,0.0290386353770152,0.0186049971392507,0.0285055758458241,0.0424412025972941,-0.00149442415417594,2.23330355258447e-06,0.0238362054580434,TRUE
"mse",86,"rho",1.95928918754142,1.7287897422322,1.46079814278714,1.72248248989346,2.03101503807395,-0.236806697647957,0.0560774120509308,0.570216895286808,TRUE
"mse",86,"gamma",0.22,0.250844200578172,0.218740149022114,0.250520193523708,0.284589996225081,0.0305201935237077,0.000931482212724569,0.0658498472029672,TRUE
"mse",87,"mu",0.074,0.0706725039477058,0.0624024616554815,0.070554494658921,0.07956228836731,-0.00344550534107897,1.18715070554037e-05,0.0171598267118285,TRUE
"mse",87,"K",0.524180588111021,0.614295754930834,0.500797553248504,0.611051112367943,0.745562680416765,0.0868705242569214,0.00754648798467238,0.244765127168261,TRUE
"mse",87,"alpha",1.89,1.8525779006437,1.82742802841709,1.85252738605751,1.87785710955271,-0.0374726139424872,0.00140419679568269,0.0504290811356205,FALSE
"mse",87,"d",0.03,0.0268118807434134,0.0174837774172065,0.0263519299979908,0.0386998463356388,-0.00364807000200919,1.33084147395593e-05,0.0212160689184322,TRUE
"mse",87,"rho",1.95928918754142,1.92263153079091,1.609727153893,1.91486397791247,2.27780599162445,-0.0444252096289479,0.00197359925057597,0.668078837731447,TRUE
"mse",87,"gamma",0.22,0.227901607472206,0.196329120141663,0.227536087184535,0.261355243062812,0.00753608718453477,5.67926100529092e-05,0.0650261229211488,TRUE
"mse",88,"mu",0.074,0.0767124025104024,0.068081382033036,0.0765945358994315,0.0859600820061403,0.00259453589943151,6.73161653343888e-06,0.0178786999731042,TRUE
"mse",88,"K",0.524180588111021,0.555478510829368,0.401022031218935,0.54833297836561,0.749719050508381,0.0241523902545887,0.000583337955009952,0.348697019289446,TRUE
"mse",88,"alpha",1.89,1.90455771043994,1.87047861107003,1.90447629911086,1.93888586113538,0.0144762991108591,0.000209563235947061,0.0684072500653448,TRUE
"mse",88,"d",0.03,0.0225189471655045,0.0109455629201381,0.021524551810688,0.0396869549733375,-0.00847544818931198,7.18332220097117e-05,0.0287413920531994,TRUE
"mse",88,"rho",1.95928918754142,1.68182647304877,1.33372192503567,1.67050135829955,2.09226833056607,-0.288787829241867,0.0833984103182298,0.758546405530398,TRUE
"mse",88,"gamma",0.22,0.260265046963739,0.214680785895825,0.25965275540324,0.309044565004637,0.0396527554032401,0.00157234101106918,0.0943637791088119,TRUE
"mse",89,"mu",0.074,0.0732322411077395,0.0648070605681259,0.0731142841829336,0.0822758896638416,-0.000885715817066396,7.84492508601593e-07,0.0174688290957158,TRUE
"mse",89,"K",0.524180588111021,0.561080234593257,0.481745155166626,0.5593900024912,0.649541166214188,0.0352094143801784,0.00123970286099512,0.167796011047563,TRUE
"mse",89,"alpha",1.89,1.82517817638345,1.80275090815987,1.82513566100697,1.847706371918,-0.0648643389930323,0.00420738247300302,0.0449554637581344,FALSE
"mse",89,"d",0.03,0.0466061704669889,0.034178477526053,0.0461835856310566,0.0613604168749486,0.0161835856310566,0.000261908443877743,0.0271819393488956,FALSE
"mse",89,"rho",1.95928918754142,2.73771107068239,2.14715632638035,2.71755733822341,3.43939260433071,0.75826815068199,0.574970588338685,1.29223627795036,FALSE
"mse",89,"gamma",0.22,0.162146609712558,0.130614943070682,0.161546362335251,0.196893919906736,-0.0584536376647491,0.00341682775624177,0.0662789768360539,FALSE
"mse",90,"mu",0.074,0.0755826702413654,0.0670174916942188,0.0754647621932936,0.0847651578672219,0.00146476219329358,2.14552828290223e-06,0.0177476661730032,TRUE
"mse",90,"K",0.524180588111021,0.576678827070302,0.473838292947013,0.573853406336361,0.694966123147404,0.0496728182253398,0.00246738887044765,0.221127830200392,TRUE
"mse",90,"alpha",1.89,1.855781715983,1.8285370838194,1.8557243231403,1.88318166300351,-0.0342756768597026,0.00117482202419075,0.0546445791841068,FALSE
"mse",90,"d",0.03,0.0374167440625959,0.0247932481326923,0.0368337672389306,0.0532785775793166,0.00683376723893056,4.67003746758806e-05,0.0284853294466243,TRUE
"mse",90,"rho",1.95928918754142,2.35835882146181,1.86304579949861,2.34197070964564,2.94393384031507,0.382681522104213,0.146445147359998,1.08088804081646,TRUE
"mse",90,"gamma",0.22,0.196598795433314,0.160415308647478,0.195995869786833,0.235983763186413,-0.0240041302131666,0.000576198267290657,0.0755684545389347,TRUE
"mse",91,"mu",0.074,0.066160665374446,0.0581708938441674,0.0660425538672818,0.0747725244215025,-0.00795744613271818,6.33209489551115e-05,0.0166016305773352,TRUE
"mse",91,"K",0.524180588111021,0.478796974987096,0.413079454950848,0.477440779778348,0.551823664352053,-0.0467398083326734,0.00218460968297505,0.138744209401204,TRUE
"mse",91,"alpha",1.89,1.88774194639039,1.86764368424693,1.88770683169473,1.90791365732115,-0.00229316830527271,5.2586208763073e-06,0.0402699730742282,TRUE
"mse",91,"d",0.03,0.0333166431345507,0.0246188007376424,0.033019511570615,0.0436509780684706,0.00301951157061498,9.11745012507775e-06,0.0190321773308282,TRUE
"mse",91,"rho",1.95928918754142,1.89739770912321,1.65229794278789,1.89265593792972,2.16795545390335,-0.0666332496116993,0.00443998995381502,0.515657511115467,TRUE
"mse",91,"gamma",0.22,0.225792105447418,0.201613886516517,0.225573217266269,0.251064001086572,0.005573217266269,3.10607506970389e-05,0.0494501145700545,TRUE
"mse",92,"mu",0.074,0.0693086392404887,0.061122606355377,0.0691906071797197,0.0781150724515525,-0.00480939282028026,2.31302592997633e-05,0.0169924660961756,TRUE
"mse",92,"K",0.524180588111021,0.471170920102293,0.409815517935722,0.469973765598699,0.538957035823421,-0.0542068225123218,0.00293837960688236,0.129141517887699,TRUE
"mse",92,"alpha",1.89,1.92256494960898,1.90567019585435,1.92253822805121,1.93950552602789,0.0325382280512085,0.00105873628471245,0.0338353301735461,FALSE
"mse",92,"d",0.03,0.0279308979960814,0.0209976078131373,0.027704682208996,0.0361082558011477,-0.002295317791004,5.26848376169948e-06,0.0151106479880104,TRUE
"mse",92,"rho",1.95928918754142,1.76590176211427,1.57577622034275,1.76286127555134,1.97214221203644,-0.196427911990081,0.0385839246087829,0.396365991693687,TRUE
"mse",92,"gamma",0.22,0.23795640022377,0.216970538039231,0.23780267312175,0.259685264126225,0.0178026731217498,0.000316935170279873,0.0427147260869939,TRUE
"mse",93,"mu",0.074,0.0842340865379482,0.0751724695314743,0.0841163713043022,0.0939087924297677,0.0101163713043022,0.000102340968366509,0.0187363228982934,FALSE
"mse",93,"K",0.524180588111021,0.551010232258883,0.455564645222117,0.548471696267895,0.660314342498537,0.0242911081568739,0.000590057935488943,0.20474969727642,TRUE
"mse",93,"alpha",1.89,1.88388866070729,1.85946239570441,1.88384096499456,1.90843276723931,-0.00615903500544457,3.79337121982916e-05,0.0489703715348944,TRUE
"mse",93,"d",0.03,0.0314496470325904,0.0211946527259909,0.030989248244674,0.044260746945217,0.000989248244674012,9.78612089590614e-07,0.0230660942192261,TRUE
"mse",93,"rho",1.95928918754142,2.08708547761171,1.727635775449,2.07758625505017,2.49837901119696,0.118297067508748,0.0139941961811692,0.770743235747966,TRUE
"mse",93,"gamma",0.22,0.21374479040924,0.182194858741223,0.213342053160015,0.247387618518299,-0.00665794683998458,4.43282561240607e-05,0.0651927597770762,TRUE
"mse",94,"mu",0.074,0.0765479428818283,0.0679270084583187,0.0764300849018851,0.0857855506397346,0.00243008490188512,5.90531263037002e-06,0.0178585421814159,TRUE
"mse",94,"K",0.524180588111021,0.567811112504885,0.493075506763637,0.566336217836247,0.650474797301245,0.0421556297252252,0.00177709711753029,0.157399290537609,TRUE
"mse",94,"alpha",1.89,1.87667316200255,1.85876067409967,1.87664360212995,1.89464122770189,-0.0133563978700468,0.000178393364062992,0.0358805536022222,TRUE
"mse",94,"d",0.03,0.0293432663519752,0.0218045663293075,0.0290881211120218,0.0382868707017986,-0.000911878887978168,8.315231063403e-07,0.0164823043724911,TRUE
"mse",94,"rho",1.95928918754142,2.0024874839515,1.74769794745575,1.99763657096582,2.283295218456,0.0383473834244015,0.00147052181549806,0.535597271000254,TRUE
"mse",94,"gamma",0.22,0.222893001466522,0.198207678914162,0.22266059341348,0.248745725248075,0.00266059341347955,7.07875731185074e-06,0.0505380463339127,TRUE
"mse",95,"mu",0.074,0.0712419169672789,0.0629373707216209,0.0711239265395827,0.0801658808909602,-0.00287607346041728,8.27179854971663e-06,0.0172285101693393,TRUE
"mse",95,"K",0.524180588111021,0.431207166115655,0.341276185710999,0.42825567968989,0.537389412661549,-0.0959249084211313,0.00920158805560242,0.19611322695055,TRUE
"mse",95,"alpha",1.89,1.88627103211055,1.85552061202559,1.88620188407012,1.91722163178919,-0.00379811592988455,1.44256846168428e-05,0.0617010197636001,TRUE
"mse",95,"d",0.03,0.0396449748395875,0.0241471747455912,0.0387838574119748,0.0599453443103117,0.00878385741197484,7.71561510339052e-05,0.0357981695647204,TRUE
"mse",95,"rho",1.95928918754142,2.00947243877059,1.56225888315509,1.99364445091306,2.54407286242934,0.0343552633716393,0.0011802841213347,0.981813979274249,TRUE
"mse",95,"gamma",0.22,0.217027441658894,0.176099224937089,0.216360970517088,0.261488145634088,-0.00363902948291184,1.32425355775016e-05,0.0853889206969982,TRUE
"mse",96,"mu",0.074,0.0814771167537384,0.0725718916237004,0.0813593712807282,0.0909965865554675,0.00735937128072822,5.41603456476073e-05,0.0184246949317671,TRUE
"mse",96,"K",0.524180588111021,0.506324046863693,0.391083886638772,0.502136630238124,0.644703983564445,-0.0220439578728977,0.000485936078702089,0.253620096925673,TRUE
"mse",96,"alpha",1.89,1.92414686133952,1.89602774297277,1.92408791463961,1.95242463840428,0.034087914639608,0.0011619859244772,0.0563968954315102,FALSE
"mse",96,"d",0.03,0.0220813512384177,0.0123797423786988,0.0214186485596159,0.0354970232418893,-0.00858135144038405,7.36395925433815e-05,0.0231172808631905,TRUE
"mse",96,"rho",1.95928918754142,1.62802547728298,1.36868380958061,1.62173724392551,1.92154807370446,-0.337551943615915,0.113941314638882,0.552864264123849,FALSE
"mse",96,"gamma",0.22,0.277407255539867,0.240111009482854,0.277041522428774,0.3165498385802,0.0570415224287744,0.00325373528099237,0.0764388290973461,FALSE
"mse",97,"mu",0.074,0.0768816139653636,0.0682404008341449,0.0767637432699394,0.0861394452482145,0.00276374326993938,7.63827686213519e-06,0.0178990444140697,TRUE
"mse",97,"K",0.524180588111021,0.578255315691298,0.449826586671387,0.573720797817599,0.731717188429361,0.0495402097065781,0.00245423237777174,0.281890601757974,TRUE
"mse",97,"alpha",1.89,1.87364214289122,1.84295882253914,1.87357291622684,1.90452651265948,-0.0164270837731564,0.000269849081290298,0.0615676901203412,TRUE
"mse",97,"d",0.03,0.0307854297270023,0.0180574724775712,0.0300056988785795,0.0478721912034677,5.69887857954435e-06,3.24772170643894e-11,0.0298147187258965,TRUE
"mse",97,"rho",1.95928918754142,2.11551340895427,1.63134488888915,2.09780536873255,2.69755865554497,0.138516181191127,0.0191867324517731,1.06621376665582,TRUE
"mse",97,"gamma",0.22,0.209528998330638,0.167321740766215,0.208778652415816,0.255737014163901,-0.0112213475841842,0.000125918641605078,0.0884152733976855,TRUE
"mse",98,"mu",0.074,0.074313077843741,0.0658234512843398,0.0741951493593532,0.083420605096028,0.000195149359353192,3.80832724559611e-08,0.0175971538116883,TRUE
"mse",98,"K",0.524180588111021,0.355045663838945,0.274090297218402,0.352097762345418,0.452292390989326,-0.172082825765604,0.0296124989234751,0.178202093770925,FALSE
"mse",98,"alpha",1.89,1.95500279455812,1.92152670701719,1.95492523877049,1.98870977761227,0.0649252387704944,0.00421528662940571,0.0671830705950807,FALSE
"mse",98,"d",0.03,0.0394186276231187,0.0229354065042604,0.0384152511880935,0.0615076538004714,0.0084152511880935,7.08164525587091e-05,0.038572247296211,TRUE
"mse",98,"rho",1.95928918754142,1.97916039073959,1.50090242104107,1.96050452883383,2.56075311830192,0.00121534129240364,1.47705445702134e-06,1.05985069726084,TRUE
"mse",98,"gamma",0.22,0.213091354358086,0.169337983595294,0.212304444662066,0.261043297673512,-0.00769555533793401,5.92215719592046e-05,0.0917053140782187,TRUE
"mse",99,"mu",0.074,0.071074427384389,0.0627803679859931,0.0709564415285747,0.0799879444147282,-0.00304355847142534,9.26324816898498e-06,0.0172075764287351,TRUE
"mse",99,"K",0.524180588111021,0.458000607838272,0.386152914235915,0.456287538440144,0.53915232308692,-0.0678930496708777,0.00460946619361226,0.152999408851005,TRUE
"mse",99,"alpha",1.89,1.9440174955958,1.92344746301538,1.94398172738704,1.964661728985,0.0539817273870373,0.00291402689168842,0.0412142659696288,FALSE
"mse",99,"d",0.03,0.0276858053793227,0.0194933295991406,0.0273563268397365,0.0377023001277179,-0.00264367316026346,6.98900777829742e-06,0.0182089705285773,TRUE
"mse",99,"rho",1.95928918754142,1.8485449765637,1.60070443400003,1.8435568430066,2.12322981943069,-0.115732344534819,0.013393975571526,0.522525385430657,TRUE
"mse",99,"gamma",0.22,0.232221182439454,0.206253818296174,0.23197990138062,0.259398364008431,0.0119799013806195,0.000143518037089369,0.0531445457122577,TRUE
"mse",100,"mu",0.074,0.07798036149689,0.0692748620790765,0.0778625090120125,0.087301971019535,0.00386250901201249,1.49189758678777e-05,0.0180271089404585,TRUE
"mse",100,"K",0.524180588111021,0.535147827802413,0.447856974257044,0.532975532296605,0.634261450630418,0.00879494418558391,7.73510432275362e-05,0.186404476373374,TRUE
"mse",100,"alpha",1.89,1.85226289547102,1.82725995885582,1.85221284659146,1.87739344198778,-0.0377871534085426,0.00142786896272073,0.0501334831319591,FALSE
"mse",100,"d",0.03,0.0368178122603603,0.0252245848334637,0.0363258088614362,0.0511382114444346,0.0063258088614362,4.00158577514247e-05,0.0259136266109709,TRUE
"mse",100,"rho",1.95928918754142,2.06667618913143,1.70772551181904,2.05710072697465,2.47790876123039,0.0978115394332297,0.00956709724629825,0.77018324941135,TRUE
"mse",100,"gamma",0.22,0.21788990877586,0.185265641195277,0.217471578815197,0.252688956963115,-0.00252842118480284,6.39291368775981e-06,0.0674233157678376,TRUE
"rate_state",1,"mu",0.074,0.0804650832391958,0.0716177620666657,0.0803473220317341,0.0899271028585088,0.0063473220317341,4.02884969745372e-05,0.0183093407918431,TRUE
"rate_state",1,"K",0.524180588111021,0.535766888328052,0.407264669541162,0.53079875546573,0.691779668286939,0.00661816735470899,4.38001391349358e-05,0.284514998745776,TRUE
"rate_state",1,"alpha",1.89,1.91007611982586,1.87838876877325,1.91000410865894,1.94197405525497,0.0200041086589418,0.000400164363238748,0.0635852864817261,TRUE
"rate_state",1,"B",0.999914532859331,0.999909573079925,0.99987441148581,0.9999109198848,0.999936813135148,-3.61297453121967e-06,1.3053584963242e-11,6.24016493380175e-05,TRUE
"rate_state",1,"ta",188,167.268728017923,142.986031637358,166.736498867636,194.429488824256,-21.2635011323636,452.136480406028,51.4434571868979,TRUE
"rate_state",2,"mu",0.074,0.085749823825565,0.0766036787848708,0.0856321343128689,0.0955083797067809,0.0116321343128689,0.000135306548672623,0.0189047009219101,FALSE
"rate_state",2,"K",0.524180588111021,0.472088863137926,0.395117990859238,0.470174320967168,0.559479434074516,-0.0540062671438533,0.00291667689081325,0.164361443215278,TRUE
"rate_state",2,"alpha",1.89,1.88721809721658,1.86439006887412,1.88717528524007,1.91014621974774,-0.00282471475993451,7.97901347499188e-06,0.0457561508736137,TRUE
"rate_state",2,"B",0.999914532859331,0.999889386379043,0.999861545331439,0.999890129650366,0.999912811493442,-2.44032089647961e-05,5.95516607779504e-10,5.12661620034605e-05,FALSE
"rate_state",2,"ta",188,168.749566418028,150.499423010409,168.456355049631,188.554298087138,-19.5436449503691,381.954057946086,38.0548750767284,TRUE
"rate_state",3,"mu",0.074,0.0602876344184097,0.0526766242434382,0.0601693543528453,0.0685240754498685,-0.0138306456471547,0.000191286759017159,0.0158474512064303,FALSE
"rate_state",3,"K",0.524180588111021,0.406630613141794,0.320143317268579,0.403726956800455,0.509119114628337,-0.120453631310566,0.0145090772959018,0.188975797359759,FALSE
"rate_state",3,"alpha",1.89,1.91433902985278,1.88572925431033,1.91427819718014,1.94311511387327,0.0242781971801425,0.000589430858317877,0.0573858595629366,TRUE
"rate_state",3,"B",0.999914532859331,0.999904736550961,0.999872786129359,0.999905823144683,0.999930278829277,-8.7097146476145e-06,7.58591292428705e-11,5.74926999179493e-05,TRUE
"rate_state",3,"ta",188,212.346707081415,184.52887757914,211.800466987497,243.099885663141,23.8004669874966,566.462228822914,58.5710080840007,TRUE
"rate_state",4,"mu",0.074,0.076232329561649,0.0676287759467429,0.0761144329635345,0.0854528856738092,0.00211443296353452,4.47082675728135e-06,0.0178241097270663,TRUE
"rate_state",4,"K",0.524180588111021,0.47920608289172,0.397318616832966,0.477060778495197,0.57279735801548,-0.0471198096158242,0.00222027645823152,0.175478741182514,TRUE
"rate_state",4,"alpha",1.89,1.86907988105089,1.84639968534391,1.86903724793699,1.89186008286301,-0.0209627520630078,0.000439436974055138,0.0454603975190975,TRUE
"rate_state",4,"B",0.999914532859331,0.999861957373553,0.999826074120303,0.999862942406575,0.999891994097818,-5.15904527558231e-05,2.66157481555081e-09,6.59199775153718e-05,FALSE
"rate_state",4,"ta",188,137.902870600469,123.744698878459,137.687250518869,153.199581905572,-50.3127494811313,2531.37276035108,29.4548830271125,FALSE
"rate_state",5,"mu",0.074,0.069519586344672,0.0613204706655103,0.0694015567968278,0.0783390057291905,-0.00459844320317217,2.11456798928003e-05,0.0170185350636802,TRUE
"rate_state",5,"K",0.524180588111021,0.653291929191587,0.494650884659843,0.64706737240812,0.846417242203462,0.122886784297099,0.0151011617548816,0.351766357543619,TRUE
"rate_state",5,"alpha",1.89,1.86615955534511,1.8346982049785,1.86608720471425,1.89783484474146,-0.0239127952857503,0.000571821778378202,0.0631366397629514,TRUE
"rate_state",5,"B",0.999914532859331,0.999931243330125,0.999904247514862,0.999932285316508,0.999952111381606,1.7752457177056e-05,3.15149735823206e-10,4.78638667442688e-05,TRUE
"rate_state",5,"ta",188,194.938650321602,166.773689405783,194.324496719837,226.42376295655,6.3244967198375,39.9992587592353,59.6500735507673,TRUE
"rate_state",6,"mu",0.074,0.0806560448895932,0.0717968622562371,0.0805382624408012,0.0901299722736247,0.00653826244080122,4.27488757447919e-05,0.0183331100173876,TRUE
"rate_state",6,"K",0.524180588111021,0.541123860933326,0.493834883681962,0.540512163165733,0.591597812522615,0.0163315750547119,0.000266720343767689,0.0977629288406535,TRUE
"rate_state",6,"alpha",1.89,1.8936174162235,1.88261576502353,1.89360288940211,1.90463254464418,0.00360288940210807,1.29808120438226e-05,0.0220167796206592,TRUE
"rate_state",6,"B",0.999914532859331,0.999911042415413,0.99990031449939,0.999911187782261,0.99992087462061,-3.34507707022702e-06,1.11895406057586e-11,2.05601212194262e-05,TRUE
"rate_state",6,"ta",188,174.669506711916,166.044994218329,174.605159013043,183.606079751958,-13.3948409869571,179.421765065866,17.5610855336282,FALSE
"rate_state",7,"mu",0.074,0.0793859893218787,0.0706001453488871,0.0792681931970293,0.0887871171969235,0.00526819319702926,2.77538595612254e-05,0.0181869718480364,TRUE
"rate_state",7,"K",0.524180588111021,0.563925675785713,0.408418188920195,0.556805104628861,0.759066548418002,0.0326245165178394,0.00106435907802277,0.350648359497807,TRUE
"rate_state",7,"alpha",1.89,1.87727003633932,1.84134018981326,1.87718013672677,1.9134856137345,-0.0128198632732317,0.000164348894344355,0.0721454239212374,TRUE
"rate_state",7,"B",0.999914532859331,0.999881961140885,0.999826588652355,0.999884412247194,0.999922950828467,-3.0120612136697e-05,9.07251275489341e-10,9.63621761119748e-05,TRUE
"rate_state",7,"ta",188,135.560840334673,112.525170984065,134.961078306054,161.86761641883,-53.0389216939459,2813.12721445652,49.3424454347647,FALSE
"rate_state",8,"mu",0.074,0.0655654601732231,0.057612891121291,0.0654473203880402,0.0741405118238266,-0.00855267961195975,7.31483285448321e-05,0.0165276207025356,TRUE
"rate_state",8,"K",0.524180588111021,0.3599554182129,0.29452913734616,0.358119133830516,0.435429994289026,-0.166061454280505,0.0275764065977563,0.140900856942866,FALSE
"rate_state",8,"alpha",1.89,1.95404054392288,1.92821914422443,1.95398965615457,1.97998917943729,0.0639896561545656,0.00409467609477954,0.051770035212866,FALSE
"rate_state",8,"B",0.999914532859331,0.999910339156884,0.999885598206549,0.999911054020697,0.999930844414789,-3.47883863394127e-06,1.21023182410024e-11,4.52462082399796e-05,TRUE
"rate_state",8,"ta",188,234.301765702188,208.404294050684,233.876216155336,262.459207059223,45.8762161553358,2104.62720873109,54.0549130085388,FALSE
"rate_state",9,"mu",0.074,0.0693458812868306,0.0611571886377386,0.0692278395264199,0.0781550127410204,-0.00477216047358009,2.27735155856001e-05,0.0169978241032818,TRUE
"rate_state",9,"K",0.524180588111021,0.377862246407858,0.297399365002769,0.375157171549047,0.473232743640036,-0.149023416561974,0.0222079786838036,0.175833378637267,FALSE
"rate_state",9,"alpha",1.89,1.92476796577693,1.8954033954471,1.92470473748903,1.95430773381005,0.034704737489033,0.00120441880418269,0.0589043383629555,FALSE
"rate_state",9,"B",0.999914532859331,0.999874866878391,0.999832851163975,0.999876297063696,0.999908448327154,-3.8235795635222e-05,1.46197606785846e-09,7.55971631786201e-05,FALSE
"rate_state",9,"ta",188,177.169000628146,154.095820389043,176.718751364643,202.660785576273,-11.2812486353573,127.266570772752,48.5649651872298,TRUE
"rate_state",10,"mu",0.074,0.0718771600331613,0.0635335988900287,0.0717591709274803,0.0808398858672126,-0.00224082907251974,5.02131493224968e-06,0.0173062869771839,TRUE
"rate_state",10,"K",0.524180588111021,0.517620328197995,0.435826180564154,0.51565450178523,0.610095482876696,-0.00852608632579177,7.26941480348534e-05,0.174269302312543,TRUE
"rate_state",10,"alpha",1.89,1.87743080527598,1.85585171119356,1.8773914753398,1.89909802838207,-0.012608524660203,0.000158974894106948,0.0432463171885122,TRUE
"rate_state",10,"B",0.999914532859331,0.999888336173487,0.999862169239355,0.999888992498791,0.999910594620618,-2.55403605395887e-05,6.52310016492182e-10,4.84253812630397e-05,FALSE
"rate_state",10,"ta",188,155.706541176768,141.386391532968,155.511543987492,171.046759217581,-32.4884560125077,1055.49977407665,29.6603676846126,FALSE
"rate_state",11,"mu",0.074,0.0766560790507993,0.0680285348173239,0.0765382160301722,0.0859002837326169,0.00253821603017224,6.4425406158233e-06,0.017871748915293,TRUE
"rate_state",11,"K",0.524180588111021,0.41287288807702,0.316965990900324,0.409303138153712,0.528522291295875,-0.114877449957309,0.013196828508694,0.21155630039555,TRUE
"rate_state",11,"alpha",1.89,1.91412115673962,1.88133570146661,1.91404509035192,1.94713337378029,0.0240450903519236,0.000578166370032169,0.0657976723136804,TRUE
"rate_state",11,"B",0.999914532859331,0.999849834174618,0.9997931314792,0.999851956054181,0.999894050670633,-6.25768051500941e-05,3.91585654279285e-09,0.000100919191432958,FALSE
"rate_state",11,"ta",188,133.334187078512,114.102434067386,132.915590614913,154.828674102384,-55.084409385087,3034.29215730386,40.7262400349985,FALSE
"rate_state",12,"mu",0.074,0.0760510427967818,0.0674588969269963,0.0759331627672768,0.0852601686120334,0.00193316276727677,3.73711828478519e-06,0.0178012716850371,TRUE
"rate_state",12,"K",0.524180588111021,0.462744085123102,0.400489893591175,0.46148655750721,0.531767276834816,-0.0626940306038108,0.00393054147335156,0.131277383243642,TRUE
"rate_state",12,"alpha",1.89,1.9123954435796,1.89370476160588,1.91236424965301,1.93114610965048,0.0223642496530094,0.000500159662542132,0.0374413480445968,FALSE
"rate_state",12,"B",0.999914532859331,0.999910755928175,0.999893533022704,0.99991111913325,0.999925799675059,-3.41372608092527e-06,1.16535257555894e-11,3.22666523542292e-05,TRUE
"rate_state",12,"ta",188,194.998558974257,179.901344718728,194.825421122273,210.986468678599,6.82542112227284,46.5863734963683,31.085123959871,TRUE
"rate_state",13,"mu",0.074,0.0710414021532543,0.0627488896955937,0.0709234022130835,0.0799534621491072,-0.00307659778691648,9.46545394245936e-06,0.0172045724535136,TRUE
"rate_state",13,"K",0.524180588111021,0.372206921209404,0.292289646988716,0.36949427173186,0.467078733043619,-0.154686316379161,0.0239278564749538,0.174789086054903,FALSE
"rate_state",13,"alpha",1.89,1.98282468213213,1.95305905518245,1.98276134282479,2.01276361528405,0.0927613428247944,0.00860466672265904,0.0597045601015973,FALSE
"rate_state",13,"B",0.999914532859331,0.999910278201142,0.999880247272826,0.999911297828839,0.999934295664667,-3.23503049171059e-06,1.04654222822973e-11,5.40483918410883e-05,TRUE
"rate_state",13,"ta",188,200.489444473456,174.808215114086,199.997021855414,228.812978129458,11.9970218554144,143.928533399292,54.0047630153717,TRUE
"rate_state",14,"mu",0.074,0.0791189857577498,0.0703491511488376,0.0790012006885754,0.0885041420373996,0.00500120068857536,2.50120083274067e-05,0.018154990888562,TRUE
"rate_state",14,"K",0.524180588111021,0.501395750454928,0.397534298935312,0.498013661565082,0.623874012131827,-0.0261669265459395,0.000684708044860593,0.226339713196515,TRUE
"rate_state",14,"alpha",1.89,1.89645587098047,1.86879115221258,1.89639789373321,1.92427658841063,0.00639789373320809,4.09330442214234e-05,0.0554854361980539,TRUE
"rate_state",14,"B",0.999914532859331,0.999891943906758,0.999853705698385,0.99989330230352,0.999922179464363,-2.12305558114911e-05,4.5073650006484e-10,6.84737659781831e-05,TRUE
"rate_state",14,"ta",188,156.168994692292,131.045913201423,155.553237258117,184.640901129378,-32.4467627418831,1052.79241242805,53.5949879279551,FALSE
"rate_state",15,"mu",0.074,0.0809551071151739,0.0720797220009175,0.0808373540332902,0.0904449679031663,0.00683735403329025,4.67494101765504e-05,0.0183652459022489,TRUE
"rate_state",15,"K",0.524180588111021,0.518794853278409,0.426652954904015,0.516274864816409,0.624710968393097,-0.00790572329461203,6.25004608109713e-05,0.198058013489082,TRUE
"rate_state",15,"alpha",1.89,1.92779885370061,1.90471270429681,1.92775585193963,1.95098455358414,0.037755851939633,0.00142550435568749,0.0462718492873264,FALSE
"rate_state",15,"B",0.999914532859331,0.999919911800762,0.999898599769354,0.999920508780154,0.999937682991484,5.97592082274279e-06,3.57116296796908e-11,3.90832221300874e-05,TRUE
"rate_state",15,"ta",188,180.049179683464,161.643002382573,179.770093189532,199.928508773462,-8.22990681046795,67.7313661089868,38.2855063908888,TRUE
"rate_state",16,"mu",0.074,0.083979450013453,0.074932241535058,0.0838617339018533,0.0936398429976145,0.00986173390185333,9.72537955509632e-05,0.0187076014625565,FALSE
"rate_state",16,"K",0.524180588111021,0.476147581713195,0.425234123344786,0.475339119717418,0.531343702938357,-0.0488414683936036,0.00238548903484338,0.106109579593571,TRUE
"rate_state",16,"alpha",1.89,1.91460517982252,1.90037700529737,1.91458437110803,1.92886229313399,0.0245843711080282,0.000604391302777254,0.0284852878366191,FALSE
"rate_state",16,"B",0.999914532859331,0.999896757633282,0.999881282506171,0.99989701589659,0.999910663578198,-1.75169627406602e-05,3.06843983657677e-10,2.93810720268795e-05,FALSE
"rate_state",16,"ta",188,162.741663670587,152.85621989958,162.652060911327,173.07501230318,-25.3479390886728,642.518016043067,20.2187924035996,FALSE
"rate_state",17,"mu",0.074,0.0668567781864632,0.0588218275556065,0.0667386434321625,0.0755136643693124,-0.00726135656783751,5.27272992052769e-05,0.0166918368137059,TRUE
"rate_state",17,"K",0.524180588111021,0.59015878526672,0.477157894497648,0.586795426767848,0.721609042187016,0.0626148386568272,0.0039206180200205,0.244451147689368,TRUE
"rate_state",17,"alpha",1.89,1.87967120513859,1.85327459724117,1.87961713340331,1.90620955631675,-0.0103828665966879,0.000107803918764616,0.0529349590755772,TRUE
"rate_state",17,"B",0.999914532859331,0.999911755406761,0.999885097597628,0.999912586864544,0.999933498230555,-1.9459947874223e-06,3.78689571267476e-12,4.84006329272146e-05,TRUE
"rate_state",17,"ta",188,171.889663409924,150.676994648775,171.498600958899,195.195548236806,-16.5013990411011,272.296170313653,44.5185535880305,TRUE
"rate_state",18,"mu",0.074,0.0769759416653779,0.0683295872879092,0.0768580833884528,0.0862388111635887,0.00285808338845281,8.16864065534989e-06,0.0179092238756795,TRUE
"rate_state",18,"K",0.524180588111021,0.426469013962228,0.360798571375107,0.424934640888,0.500464472534043,-0.0992459472230218,0.00984975804019483,0.139665901158936,FALSE
"rate_state",18,"alpha",1.89,1.91079959306656,1.89020573112019,1.91076339590071,1.93146994801643,0.0207633959007101,0.000431118609329624,0.0412642168962458,FALSE
"rate_state",18,"B",0.999914532859331,0.999884744375754,0.999858530603492,0.999885384796961,0.999907140402894,-2.9148062370199e-05,8.49609539937008e-10,4.8609799402688e-05,FALSE
"rate_state",18,"ta",188,168.627306860667,153.354349344661,168.42251896808,184.970074404802,-19.5774810319199,383.277763555183,31.6157250601402,FALSE
"rate_state",19,"mu",0.074,0.0786543160872219,0.0699096507867991,0.0785364758059425,0.0880147756615455,0.00453647580594251,2.05796127379017e-05,0.0181051248747464,TRUE
"rate_state",19,"K",0.524180588111021,0.544811570765002,0.423305758685249,0.540500528629543,0.690120837115221,0.0163199405185214,0.000266340458528076,0.266815078429972,TRUE
"rate_state",19,"alpha",1.89,1.84942117259113,1.8196045925106,1.84935452497183,1.87942957296266,-0.0406454750281675,0.00165205464026539,0.0598249804520623,FALSE
"rate_state",19,"B",0.999914532859331,0.999900128033937,0.999864365350812,0.999901410684268,0.999928335964144,-1.31221750632182e-05,1.72191478389746e-10,6.39706133319651e-05,TRUE
"rate_state",19,"ta",188,177.590918785469,153.356454314744,177.093887528653,204.503161991389,-10.9061124713468,118.943289237666,51.1467076766446,TRUE
"rate_state",20,"mu",0.074,0.069306682436383,0.0611197988289558,0.0691886220531993,0.0781141222396018,-0.00481137794680073,2.31493577469604e-05,0.016994323410646,TRUE
"rate_state",20,"K",0.524180588111021,0.55842564705548,0.483200977450574,0.556903999719705,0.641841684551109,0.0327234116086839,0.00107082166731135,0.158640707100535,TRUE
"rate_state",20,"alpha",1.89,1.90445988883556,1.88684173641116,1.90443129131281,1.92212999227475,0.0144312913128117,0.000208262168955235,0.0352882558635901,TRUE
"rate_state",20,"B",0.999914532859331,0.999926263947402,0.999911662348499,0.999926579152601,0.999938976446848,1.20462932703402e-05,1.45113181555044e-10,2.73140983489961e-05,TRUE
"rate_state",20,"ta",188,190.745300637208,175.076274868216,190.554755484999,207.400535232841,2.55475548499891,6.526775588132,32.3242603646251,TRUE
"rate_state",21,"mu",0.074,0.080747162114411,0.0718832122177992,0.0806293932293833,0.0902257495671416,0.00662939322938327,4.39488545897928e-05,0.0183425373493424,TRUE
"rate_state",21,"K",0.524180588111021,0.42072849031772,0.359074208773095,0.419363372415745,0.489768761079524,-0.104817215695277,0.0109866487061101,0.130694552306429,FALSE
"rate_state",21,"alpha",1.89,1.88536560082376,1.86426436196337,1.88532771362579,1.90654976176502,-0.00467228637421169,2.18302599626442e-05,0.0422853998016497,TRUE
"rate_state",21,"B",0.999914532859331,0.999866318148587,0.999837495301965,0.999866989695009,0.999891129856879,-4.75431643216506e-05,2.26035247371547e-09,5.36345549134731e-05,FALSE
"rate_state",21,"ta",188,161.230758155652,147.221539885178,161.050585392359,176.177588413718,-26.9494146076406,726.270947694515,28.95604852854,FALSE
"rate_state",22,"mu",0.074,0.0715204514041336,0.0631984878693543,0.0714024532822851,0.0804617668332289,-0.00259754671771489,6.74724895071142e-06,0.0172632789638746,TRUE
"rate_state",22,"K",0.524180588111021,0.488422826218858,0.39589126769181,0.485701692809476,0.59587360552968,-0.0384788953015451,0.00148062538362727,0.19998233783787,TRUE
"rate_state",22,"alpha",1.89,1.86893485706761,1.84433325382589,1.86888636726507,1.89365771944166,-0.0211136327349284,0.00044578548726544,0.0493244656157612,TRUE
"rate_state",22,"B",0.999914532859331,0.999902017050613,0.999873434623606,0.999902882730971,0.999925477736817,-1.1650128359908e-05,1.35725490802332e-10,5.20431132107202e-05,TRUE
"rate_state",22,"ta",188,183.936873790175,162.977442137704,183.581406173852,206.788353691435,-4.41859382614771,19.5239714004707,43.8109115537303,TRUE
"rate_state",23,"mu",0.074,0.0754380821956065,0.0668813095485608,0.0753201672261752,0.0846122561989766,0.00132016722617523,1.7428415050672e-06,0.0177309466504158,TRUE
"rate_state",23,"K",0.524180588111021,0.45880371192979,0.367624348714978,0.455972492042639,0.565539469586186,-0.0682080960683827,0.00465234436927373,0.197915120871208,TRUE
"rate_state",23,"alpha",1.89,1.8693703943566,1.84128791905665,1.86931040873104,1.89761767368032,-0.0206895912689595,0.000428059186876606,0.056329754623665,TRUE
"rate_state",23,"B",0.999914532859331,0.999861471275796,0.999818448418795,0.999862844458068,0.999896382193482,-5.16884012633501e-05,2.67169082516109e-09,7.79337746869002e-05,FALSE
"rate_state",23,"ta",188,149.126972158014,131.2072064232,148.805729270682,168.763096459397,-39.1942707293179,1536.19085800307,37.5558900361968,FALSE
"rate_state",24,"mu",0.074,0.0662063500430656,0.058213144990249,0.0660882232113167,0.0748217082407139,-0.00791177678868327,6.25962119539473e-05,0.0166085632504649,TRUE
"rate_state",24,"K",0.524180588111021,0.489668303240249,0.404580511680472,0.487397298419155,0.587156038127426,-0.0367832896918663,0.00135301040055576,0.182575526446954,TRUE
"rate_state",24,"alpha",1.89,1.88798266305226,1.8648817153172,1.88793905449141,1.91118652277346,-0.00206094550859226,4.24749638938661e-06,0.0463048074562569,TRUE
"rate_state",24,"B",0.999914532859331,0.999924351530033,0.999904640180157,0.999924893771069,0.999940844715194,1.03609117376724e-05,1.07348492035838e-10,3.62045350372764e-05,TRUE
"rate_state",24,"ta",188,229.931343884305,206.350699715104,229.572628843936,255.405945074409,41.572628843936,1728.28346899566,49.0552453593056,FALSE
"rate_state",25,"mu",0.074,0.0708126202887981,0.0625344665416925,0.0706946269239954,0.0797103744836946,-0.00330537307600462,1.09254911715762e-05,0.0171759079420021,TRUE
"rate_state",25,"K",0.524180588111021,0.473260638824871,0.376704364169268,0.470170866447163,0.586813522229914,-0.0540097216638581,0.00291705003420742,0.210109158060646,TRUE
"rate_state",25,"alpha",1.89,1.89423294430663,1.86680201829914,1.89417571195624,1.92181709925205,0.00417571195624089,1.74365703414931e-05,0.0550150809529126,TRUE
"rate_state",25,"B",0.999914532859331,0.999883167132681,0.999845870794595,0.999884385020618,0.999913273421578,-3.01478387133569e-05,9.08892179086582e-10,6.74026269827932e-05,FALSE
"rate_state",25,"ta",188,158.714823584567,139.215448818772,158.357033439996,180.128738542128,-29.6429665600036,878.705466477493,40.9132897233564,FALSE
"rate_state",26,"mu",0.074,0.0727792081645802,0.0643821392263914,0.0726612662837307,0.0817948363395547,-0.00133873371626934,1.79220796307633e-06,0.0174126971131633,TRUE
"rate_state",26,"K",0.524180588111021,0.634431041779421,0.476047656463029,0.628006984214263,0.82844128817512,0.103826396103242,0.0107799205277872,0.35239363171209,TRUE
"rate_state",26,"alpha",1.89,1.85425818939015,1.82115406783929,1.8541790976133,1.88760429151458,-0.0358209023866971,0.00128313704779728,0.0664502236752884,FALSE
"rate_state",26,"B",0.999914532859331,0.999893792965494,0.999850059949714,0.999895545065183,0.999927229268778,-1.89877941479955e-05,3.6053632660665e-10,7.71693190642075e-05,TRUE
"rate_state",26,"ta",188,144.851332016009,122.927970023864,144.348630737728,169.499570257268,-43.6513692622715,1905.44203847119,46.5716002334039,FALSE
"rate_state",27,"mu",0.074,0.073705208431431,0.0652526247065452,0.0735872880656545,0.0827758796706227,-0.0004127119343455,1.70331140751204e-07,0.0175232549640775,TRUE
"rate_state",27,"K",0.524180588111021,0.46223282531645,0.369866869408922,0.459346729214353,0.570460544165345,-0.0648338588966682,0.00420342925943308,0.200593674756423,TRUE
"rate_state",27,"alpha",1.89,1.90931196196027,1.88192929437588,1.90925519476053,1.93684551396278,0.0192551947605284,0.00037076252526588,0.0549162195869048,TRUE
"rate_state",27,"B",0.999914532859331,0.999896125535925,0.99986403891783,0.999897145098137,0.999922188431878,-1.73877611944206e-05,3.02334239354201e-10,5.81495140484778e-05,TRUE
"rate_state",27,"ta",188,171.485000074081,151.105068028428,171.123858306788,193.792977281006,-16.8761416932121,284.804158449372,42.6879092525782,TRUE
"rate_state",28,"mu",0.074,0.0824559320466225,0.0734944687284681,0.08233818644303,0.0920312870532486,0.00833818644302999,6.9525353158729e-05,0.0185368183247805,TRUE
"rate_state",28,"K",0.524180588111021,0.453448047061891,0.337856032675313,0.448639932784135,0.595725959205923,-0.0755406553268866,0.00570639060721548,0.25786992653061,TRUE
"rate_state",28,"alpha",1.89,1.92067297105546,1.88742984798246,1.92059532734609,1.95414895605163,0.0305953273460933,0.000936074055414603,0.0667191080691663,TRUE
"rate_state",28,"B",0.999914532859331,0.999907970172806,0.99986951103846,0.999909528786278,0.999937271494696,-5.00407305292772e-06,2.50407471190373e-11,6.77604562362433e-05,TRUE
"rate_state",28,"ta",188,181.045150701515,153.028362595689,180.387005080464,212.633799539238,-7.61299491953582,57.9576916448782,59.6054369435491,TRUE
"rate_state",29,"mu",0.074,0.074438219036792,0.065941765477778,0.0743203106998728,0.0835524156540357,0.000320310699872831,1.02598944453023e-07,0.0176106501762577,TRUE
"rate_state",29,"K",0.524180588111021,0.496882109249405,0.377130909919295,0.492225653473682,0.642422768674246,-0.0319549346373397,0.00102111784767665,0.26529185875495,TRUE
"rate_state",29,"alpha",1.89,1.89137543511613,1.86078444119026,1.89130700537878,1.92216352238408,0.00130700537877848,1.70826306015588e-06,0.0613790811938217,TRUE
"rate_state",29,"B",0.999914532859331,0.999900293757223,0.999861199858948,0.999901801043068,0.999930523353803,-1.27318162628232e-05,1.62099145350288e-10,6.93234948548893e-05,TRUE
"rate_state",29,"ta",188,175.106387198783,149.297915852409,174.531382720455,204.02695977408,-13.4686172795453,181.403651422866,54.72904392167,TRUE
"rate_state",30,"mu",0.074,0.070469803823193,0.0622129514585546,0.0703518129638708,0.0793463763940849,-0.00364818703612917,1.33092686505809e-05,0.0171334249355303,TRUE
"rate_state",30,"K",0.524180588111021,0.431233926455402,0.332230386520541,0.427599601648548,0.550327776440557,-0.0965809864624729,0.00932788694606438,0.218097389920016,TRUE
"rate_state",30,"alpha",1.89,1.91452806924065,1.88365226322736,1.91445918008499,1.94560179202442,0.0244591800849912,0.000598251490430028,0.0619495287970613,TRUE
"rate_state",30,"B",0.999914532859331,0.999874003895796,0.999827667701772,0.999875701708506,0.999910344819984,-3.8831150824592e-05,1.50785827436221e-09,8.26771182119712e-05,FALSE
"rate_state",30,"ta",188,146.609515660769,126.249912763228,146.184068622655,169.263687615669,-41.8159313773448,1748.57211695481,43.013774852441,FALSE
"rate_state",31,"mu",0.074,0.0738696775232859,0.0654068789770423,0.0737517499695914,0.0829505402385098,-0.000248250030408639,6.16280775978904e-08,0.0175436612614674,TRUE
"rate_state",31,"K",0.524180588111021,0.417129499285255,0.347348481644694,0.415343883335088,0.496641515611446,-0.108836704775933,0.0118454283064836,0.149293033966752,FALSE
"rate_state",31,"alpha",1.89,1.89302477520243,1.87054270899898,1.89298305627875,1.91560288955786,0.00298305627874829,8.89862476217957e-06,0.0450601805588875,TRUE
"rate_state",31,"B",0.999914532859331,0.999886641947201,0.999858190820729,0.99988739964023,0.99991059105901,-2.71332191015272e-05,7.36211578811481e-10,5.2400238280681e-05,FALSE
"rate_state",31,"ta",188,180.731264855302,162.722388085765,180.46525650218,200.141320580301,-7.53474349782036,56.7723595779462,37.4189324945367,TRUE
"rate_state",32,"mu",0.074,0.0821970089111368,0.073249311313234,0.0820792348638806,0.0917588466893577,0.00807923486388056,6.5274035985743e-05,0.0185095353761238,TRUE
"rate_state",32,"K",0.524180588111021,0.57482298748939,0.447295770379521,0.570326042056187,0.727174824719843,0.0461454539451653,0.00212940291980538,0.279879054340321,TRUE
"rate_state",32,"alpha",1.89,1.8949832492171,1.86428888699064,1.89491453112828,1.92587569599337,0.00491453112828211,2.41526162108538e-05,0.0615868090027301,TRUE
"rate_state",32,"B",0.999914532859331,0.999900290629952,0.999864471140067,0.999901578650887,0.999928524180528,-1.29542084440493e-05,1.67811516411877e-10,6.40530404607542e-05,TRUE
"rate_state",32,"ta",188,144.284235751726,124.02139551714,143.855683526775,166.859959027225,-44.1443164732249,1948.72067688823,42.8385635100856,FALSE
"rate_state",33,"mu",0.074,0.0666337943606584,0.0586131927797202,0.0665156640993072,0.07527639621123,-0.00748433590069283,5.60152838743996e-05,0.0166632034315098,TRUE
"rate_state",33,"K",0.524180588111021,0.474298183676079,0.394655115825218,0.472251733100439,0.565095853771888,-0.051928855010582,0.00269660598271005,0.17044073794667,TRUE
"rate_state",33,"alpha",1.89,1.93956078472007,1.91688887709096,1.93951914079753,1.96232711895843,0.0495191407975295,0.00245214530532555,0.0454382418674677,FALSE
"rate_state",33,"B",0.999914532859331,0.999922963590784,0.999903786029913,0.99992347071915,0.999939127153269,8.93785981948003e-06,7.98853381526756e-11,3.53411233566803e-05,TRUE
"rate_state",33,"ta",188,201.634639816105,181.919924022992,201.349003054231,222.851544134163,13.3490030542305,178.195882541856,40.9316201111713,TRUE
"rate_state",34,"mu",0.074,0.0841228201036496,0.07506715587661,0.0840050956139989,0.0937916633438403,0.0100050956139989,0.00010010193824526,0.0187245074672303,FALSE
"rate_state",34,"K",0.524180588111021,0.517918644050799,0.434120667738686,0.515851791498471,0.612960711665995,-0.00832879661254982,6.93688530132213e-05,0.178840043927309,TRUE
"rate_state",34,"alpha",1.89,1.89359187702467,1.87205045876574,1.89355285772959,1.91521989283977,0.00355285772958669,1.26227980466839e-05,0.043169434074029,TRUE
"rate_state",34,"B",0.999914532859331,0.999897716979475,0.999872503965172,0.999898378008247,0.999919000089766,-1.61548510841936e-05,2.6097921355247e-10,4.64961245937312e-05,TRUE
"rate_state",34,"ta",188,161.495061704088,145.261359065258,161.253119657267,179.004097634967,-26.7468803427326,715.395608068454,33.7427385697088,FALSE
"rate_state",35,"mu",0.074,0.0690001426742802,0.0608328213008717,0.0688820935934851,0.0777880789909776,-0.00511790640651492,2.61929659858465e-05,0.0169552576901059,TRUE
"rate_state",35,"K",0.524180588111021,0.5599281774096,0.430022455082481,0.555100025045132,0.716534699289229,0.030919436934111,0.000956011580322469,0.286512244206749,TRUE
"rate_state",35,"alpha",1.89,1.88179371993622,1.85022141395443,1.88172137808795,1.91357921679165,-0.00827862191204987,6.85355807626722e-05,0.0633578028372219,TRUE
"rate_state",35,"B",0.999914532859331,0.999893792898176,0.999854017898704,0.999895271643134,0.999924865022346,-1.92612161974415e-05,3.70994449404582e-10,7.08471236421371e-05,TRUE
"rate_state",35,"ta",188,153.249692740471,131.763510688503,152.79607708505,177.183779826472,-35.2039229149503,1239.31618860176,45.4202691379681,FALSE
"rate_state",36,"mu",0.074,0.0823024491530869,0.073349610943834,0.0821846990462725,0.0918692589339116,0.00818469904627249,6.69892984780538e-05,0.0185196479900775,TRUE
"rate_state",36,"K",0.524180588111021,0.545482810861605,0.470157061763921,0.54391821786386,0.629244009927728,0.0197376297528382,0.000389574028260124,0.159086948163807,TRUE
"rate_state",36,"alpha",1.89,1.88438977115362,1.86663003331491,1.88436065742006,1.90220350799091,-0.00563934257993637,3.18021847338834e-05,0.0355734746760086,TRUE
"rate_state",36,"B",0.999914532859331,0.999920471840389,0.999904572562364,0.999920818022516,0.999934297188177,6.2851631849048e-06,3.95032762608826e-11,2.97246258134098e-05,TRUE
"rate_state",36,"ta",188,194.388868686282,178.932735724106,194.206891498585,210.783765925976,6.20689149858492,38.5255020752058,31.85103020187,TRUE
"rate_state",37,"mu",0.074,0.071555179263142,0.0632322841452353,0.0714372155576168,0.0804972245036575,-0.00256278444238321,6.56786409812143e-06,0.0172649403584222,TRUE
"rate_state",37,"K",0.524180588111021,0.435190181602217,0.31925506650222,0.430102240023938,0.579409921631624,-0.0940783480870832,0.00885073557879439,0.260154855129404,TRUE
"rate_state",37,"alpha",1.89,1.89556080701472,1.8604212746491,1.89547482178443,1.93096875802167,0.0054748217844327,2.99736735712989e-05,0.0705474833725679,TRUE
"rate_state",37,"B",0.999914532859331,0.999855604793437,0.999790400313645,0.999858409167455,0.999904347190817,-5.6123691876131e-05,3.14986878980689e-09,0.000113946877172699,FALSE
"rate_state",37,"ta",188,143.745667814369,119.640686264075,143.127204915315,171.221477282017,-44.8727950846851,2013.56773871214,51.580791017942,FALSE
"rate_state",38,"mu",0.074,0.0672025261480008,0.0591449494261195,0.0670843719219722,0.0758820068866436,-0.00691562807802776,4.78259117136059e-05,0.016737057460524,TRUE
"rate_state",38,"K",0.524180588111021,0.479772185939975,0.403113502754699,0.477907269112001,0.566569633610786,-0.0462733189990203,0.0021412200511851,0.163456130856086,TRUE
"rate_state",38,"alpha",1.89,1.88664701122522,1.8644510302613,1.88660603503769,1.90893661195579,-0.00339396496230715,1.15189981653686e-05,0.04448558169449,TRUE
"rate_state",38,"B",0.999914532859331,0.999905639554336,0.999882873136353,0.999906225376692,0.999924920751607,-8.30748263880299e-06,6.9014267794013e-11,4.20476152539484e-05,TRUE
"rate_state",38,"ta",188,193.104701127087,173.874981606201,192.820842048498,213.829548992963,4.82084204849821,23.2405180565684,39.9545673867623,TRUE
"rate_state",39,"mu",0.074,0.0699500850942825,0.0617224327042402,0.0698320056767829,0.0787981455174396,-0.00416799432321714,1.73721766783703e-05,0.0170757128131994,TRUE
"rate_state",39,"K",0.524180588111021,0.615697275070295,0.509953836323804,0.612911427907379,0.736642886216944,0.0887308397963577,0.00787316193096689,0.22668904989314,TRUE
"rate_state",39,"alpha",1.89,1.87635337379759,1.85413004635832,1.8763121798541,1.89867138865438,-0.0136878201459001,0.000187356420346508,0.044541342296059,TRUE
"rate_state",39,"B",0.999914532859331,0.999910838111987,0.999887776250366,0.999911468495982,0.999930157858655,-3.06436334951421e-06,9.39032273784595e-12,4.23816082893991e-05,TRUE
"rate_state",39,"ta",188,162.719006580471,146.563289930839,162.481247073032,180.126728862898,-25.5187529269681,651.206750947642,33.5634389320587,FALSE
"rate_state",40,"mu",0.074,0.0740122419190549,0.065540798481054,0.0738943137740179,0.0831016985073526,-0.00010568622598213,1.11695783623457e-08,0.0175609000262986,TRUE
"rate_state",40,"K",0.524180588111021,0.478795056755626,0.392543188542391,0.476398432875483,0.578155823398912,-0.0477821552355386,0.00228313435895311,0.185612634856521,TRUE
"rate_state",40,"alpha",1.89,1.90981128044715,1.88595555108996,1.90976573525056,1.93377619806637,0.0197657352505625,0.000390684289995328,0.0478206469764073,TRUE
"rate_state",40,"B",0.999914532859331,0.999893177759975,0.999863976701703,0.999894014753395,0.999917418191833,-2.05181059356185e-05,4.20992671185265e-10,5.34414901302016e-05,TRUE
"rate_state",40,"ta",188,164.936447131818,147.42308047065,164.660346564389,183.911604866508,-23.339653435611,544.73942249443,36.4885243958576,FALSE
"rate_state",41,"mu",0.074,0.0805950402977756,0.0717403042905149,0.0804772822158828,0.0900644103212742,0.00647728221588276,4.1955184904191e-05,0.0183241060307593,TRUE
"rate_state",41,"K",0.524180588111021,0.493883890231191,0.396624385224504,0.490895156637694,0.607558598912761,-0.033285431473327,0.00110791994836555,0.210934213688257,TRUE
"rate_state",41,"alpha",1.89,1.89160183598703,1.86542541343974,1.89154870997767,1.91791600311428,0.00154870997767231,2.39850259494178e-06,0.0524905896745331,TRUE
"rate_state",41,"B",0.999914532859331,0.999899557447366,0.999868838612752,0.999900525474243,0.999924555691215,-1.4007385087722e-05,1.96206836995738e-10,5.57170784637462e-05,TRUE
"rate_state",41,"ta",188,173.251361009193,152.685493725157,172.887368568146,195.760333475442,-15.1126314318535,228.391628795047,43.0748397502849,TRUE
"rate_state",42,"mu",0.074,0.071550361668983,0.0632268705229721,0.0714323724631881,0.0804931443447981,-0.00256762753681188,6.59271116779462e-06,0.017266273821826,TRUE
"rate_state",42,"K",0.524180588111021,0.559445641957859,0.430570402115643,0.554695785743134,0.714581312036602,0.0305151976321129,0.000931177286526906,0.284010909920959,TRUE
"rate_state",42,"alpha",1.89,1.86392380768228,1.83286644341266,1.8638529245662,1.89518929819776,-0.0261470754338013,0.000683669553740898,0.0623228547851009,TRUE
"rate_state",42,"B",0.999914532859331,0.999907868857783,0.999873666839124,0.999909131549958,0.99993463843049,-5.40130937276562e-06,2.91741429403257e-11,6.09715913656439e-05,TRUE
"rate_state",42,"ta",188,180.134003252456,154.882206931101,179.600971117891,208.262244923129,-8.39902888210895,70.5436861625003,53.3800379920284,TRUE
"rate_state",43,"mu",0.074,0.0671484412765475,0.0590954586147982,0.0670303214665663,0.0758231609522726,-0.00696967853343365,4.85764188594059e-05,0.0167277023374744,TRUE
"rate_state",43,"K",0.524180588111021,0.446753594618659,0.351198713926583,0.443524609222508,0.56010665413614,-0.0806559788885128,0.00650538693046423,0.208907940209557,TRUE
"rate_state",43,"alpha",1.89,1.94566194362358,1.91561369518446,1.94559678411678,1.97589208260091,0.0555967841167768,0.00309100240412749,0.060278387416451,FALSE
"rate_state",43,"B",0.999914532859331,0.999912702444131,0.999883536029961,0.99991369124812,0.999936036963481,-8.41611211166438e-07,7.08309430761038e-13,5.25009335200499e-05,TRUE
"rate_state",43,"ta",188,191.670225077444,167.314282537971,191.207147916225,218.509701625633,3.20714791622518,10.2857977565475,51.1954190876617,TRUE
"rate_state",44,"mu",0.074,0.0867962011028386,0.0775931290509813,0.0866785544338965,0.0966110820863107,0.0126785544338965,0.000160745742533276,0.0190179530353295,FALSE
"rate_state",44,"K",0.524180588111021,0.595823018607833,0.51363746511942,0.594117976405615,0.687200623675634,0.0699373882945935,0.00489123828146875,0.173563158556214,TRUE
"rate_state",44,"alpha",1.89,1.85202989253588,1.83395473916202,1.85199970226379,1.87016318914366,-0.0380002977362066,0.00144402262804035,0.0362084499816389,FALSE
"rate_state",44,"B",0.999914532859331,0.999905202257758,0.999886152041471,0.999905618980723,0.999921756474159,-8.913878608241e-06,7.94572318424565e-11,3.56044326876859e-05,TRUE
"rate_state",44,"ta",188,166.171496206251,152.927846953268,166.015204903543,180.221598699038,-21.9847950964572,483.331215433211,27.2937517457702,FALSE
"rate_state",45,"mu",0.074,0.0787396802718123,0.0699913460522353,0.0786218761587461,0.0881035798066153,0.00462187615874608,2.13617392267854e-05,0.01811223375438,TRUE
"rate_state",45,"K",0.524180588111021,0.422057259421532,0.327836224173853,0.418710444527425,0.534758494839672,-0.105470143583597,0.0111239511875445,0.206922270665819,TRUE
"rate_state",45,"alpha",1.89,1.89732375639595,1.8668885527817,1.89725604688652,1.92795293326433,0.00725604688652437,5.265021641944e-05,0.0610643804826358,TRUE
"rate_state",45,"B",0.999914532859331,0.999891803623685,0.99985330454469,0.999893177377611,0.999922210409442,-2.13554817198869e-05,4.56056599488423e-10,6.89058647516116e-05,TRUE
"rate_state",45,"ta",188,183.342169699206,158.303994045037,182.828240770289,211.149289847204,-5.17175922971111,26.7470935301021,52.8452958021668,TRUE
"rate_state",46,"mu",0.074,0.0713351934088786,0.0630246229263903,0.0712171950233678,0.0802651889663831,-0.00278280497663223,7.74400353796912e-06,0.0172405660399928,TRUE
"rate_state",46,"K",0.524180588111021,0.580672716948477,0.440019291651163,0.575170445066721,0.75180599992963,0.0509898569556994,0.00259996551236268,0.311786708278467,TRUE
"rate_state",46,"alpha",1.89,1.9079394777795,1.87598862407791,1.90786641810534,1.9401052271297,0.0178664181053387,0.000319208895914776,0.0641166030517908,TRUE
"rate_state",46,"B",0.999914532859331,0.99992440375119,0.999894470640269,0.999925566817454,0.999947497921908,1.10339581231855e-05,1.21748231864212e-10,5.30272816389177e-05,TRUE
"rate_state",46,"ta",188,186.268032337005,158.315256059179,185.632975397717,217.661464301491,-2.36702460228287,5.60280546781237,59.3462082423118,TRUE
"rate_state",47,"mu",0.074,0.0863717968368096,0.0771921497837026,0.0862541425624255,0.0961634434395635,0.0122541425624255,0.000150164009940248,0.018971293655861,FALSE
"rate_state",47,"K",0.524180588111021,0.533418612467932,0.426246695271407,0.530048983827642,0.659114185106621,0.00586839571662023,3.44380682868467e-05,0.232867489835213,TRUE
"rate_state",47,"alpha",1.89,1.87766544535746,1.84913462176433,1.87760408034428,1.90636610490587,-0.0123959196557206,0.000153658824111081,0.0572314831415468,TRUE
"rate_state",47,"B",0.999914532859331,0.999909601913662,0.999881446328958,0.999910502750829,0.999932436246504,-4.03010850191787e-06,1.62417745372307e-11,5.09899175463735e-05,TRUE
"rate_state",47,"ta",188,184.411992879399,162.404506692238,184.020310186499,208.511183149048,-3.97968981350107,15.8379310116842,46.1066764568097,TRUE
"rate_state",48,"mu",0.074,0.0826512005769243,0.0736786244040656,0.0825334567090191,0.0922375886617884,0.00853345670901906,7.28198834047024e-05,0.0185589642577228,TRUE
"rate_state",48,"K",0.524180588111021,0.61416768041543,0.463248072927853,0.608161461986776,0.798376991814129,0.0839808738757551,0.00705278717693549,0.335128918886275,TRUE
"rate_state",48,"alpha",1.89,1.86886787156369,1.83610807045329,1.86879058518792,1.90186154141033,-0.0212094148120794,0.000449839276670852,0.0657534709570347,TRUE
"rate_state",48,"B",0.999914532859331,0.999914956343813,0.99988036987488,0.999916328670254,0.999941476547412,1.79581092296655e-06,3.22493687104596e-12,6.11066725327847e-05,TRUE
"rate_state",48,"ta",188,174.606941780408,147.733242983698,173.97938569256,204.885464782842,-14.0206143074405,196.577625558005,57.1522217991441,TRUE
"rate_state",49,"mu",0.074,0.0700992758401044,0.0618637152893831,0.0699812359809057,0.0789549694856501,-0.00401876401909432,1.61504642411671e-05,0.017091254196267,TRUE
"rate_state",49,"K",0.524180588111021,0.477195520351207,0.362202002049862,0.472724672063152,0.616950415951112,-0.0514559160478695,0.00264771129632539,0.25474841390125,TRUE
"rate_state",49,"alpha",1.89,1.91767484548385,1.88565062815277,1.91760177322037,1.94991356851738,0.0276017732203677,0.000761857884908609,0.0642629403646051,TRUE
"rate_state",49,"B",0.999914532859331,0.99990769649713,0.999871822303032,0.999909070078071,0.999935491602952,-5.46278126045685e-06,2.98419790995985e-11,6.36692999200772e-05,TRUE
"rate_state",49,"ta",188,178.169756989714,152.399300010017,177.607151102264,206.981891086696,-10.3928488977361,108.011308211174,54.5825910766788,TRUE
"rate_state",50,"mu",0.074,0.0741050345794872,0.0656283177550825,0.0739871158273486,0.0831996779119153,-1.28841726514395e-05,1.66001904912101e-10,0.0175713601568329,TRUE
"rate_state",50,"K",0.524180588111021,0.582883812715936,0.478956603936415,0.58002914744057,0.702417520487999,0.0558485593295491,0.00311906157918617,0.223460916551583,TRUE
"rate_state",50,"alpha",1.89,1.85234027023936,1.82848358397343,1.85229382795563,1.87631124601997,-0.0377061720443697,0.0014217554102396,0.0478276620465321,FALSE
"rate_state",50,"B",0.999914532859331,0.999885800973972,0.99985386720435,0.999886734148062,0.999912207534012,-2.77987112689004e-05,7.72768348211692e-10,5.83403296614549e-05,FALSE
"rate_state",50,"ta",188,145.437861303247,128.596266034653,145.147400844713,163.827296167872,-42.8525991552866,1836.34525436367,35.2310301332193,FALSE
"rate_state",51,"mu",0.074,0.0944369261036485,0.0848220335560691,0.0943194220976257,0.104660225593371,0.0203194220976257,0.000412878914381479,0.0198381920373015,FALSE
"rate_state",51,"K",0.524180588111021,0.460219568299986,0.354537472862648,0.456339042439361,0.587353150481926,-0.0678415456716604,0.00460247531911998,0.232815677619278,TRUE
"rate_state",51,"alpha",1.89,1.93733326254306,1.90606481968695,1.93726351020708,1.96880206581234,0.0472635102070813,0.00223383939709488,0.0627372461253828,FALSE
"rate_state",51,"B",0.999914532859331,0.999902452769644,0.999865765470154,0.999903821353129,0.999931086101632,-1.07115062016883e-05,1.14736365108806e-10,6.53206314777943e-05,TRUE
"rate_state",51,"ta",188,165.10221729992,140.314061604627,164.538769065442,192.943143378999,-23.4612309345584,550.429356964678,52.6290817743721,TRUE
"rate_state",52,"mu",0.074,0.0654615539404765,0.057515053021563,0.065343395839093,0.0740306799091838,-0.00865660416090701,7.49367955986325e-05,0.0165156268876208,TRUE
"rate_state",52,"K",0.524180588111021,0.671182585401266,0.565702540390413,0.668662656512821,0.790350205692202,0.1444820684018,0.0208750680896624,0.224647665301789,FALSE
"rate_state",52,"alpha",1.89,1.85119777492503,1.83110775617586,1.85116227478245,1.87136348875724,-0.0388377252175516,0.00150836890007404,0.0402557325813737,FALSE
"rate_state",52,"B",0.999914532859331,0.999921563667074,0.99990330804137,0.99992201883566,0.999937108083023,7.48597632937997e-06,5.60398416040373e-11,3.38000416534312e-05,TRUE
"rate_state",52,"ta",188,181.959104696697,165.54173968734,181.739820353473,199.521609817856,-6.26017964652684,39.1898492067889,33.9798701305159,TRUE
"rate_state",53,"mu",0.074,0.0687158204103503,0.0605656272600391,0.0685977510424765,0.0774868517580535,-0.00540224895752348,2.91842937990635e-05,0.0169212244980144,TRUE
"rate_state",53,"K",0.524180588111021,0.550153432564848,0.43181805654719,0.546128421312105,0.69067990191082,0.021947833201084,0.000481707382222603,0.25886184536363,TRUE
"rate_state",53,"alpha",1.89,1.87473796303042,1.84706342712114,1.8746794992338,1.90257120582879,-0.0153205007661994,0.000234717743727116,0.0555077787076546,TRUE
"rate_state",53,"B",0.999914532859331,0.999924452260308,0.999898822316259,0.999925332113215,0.999944894517428,1.07992538838086e-05,1.16623884446956e-10,4.60722011693671e-05,TRUE
"rate_state",53,"ta",188,217.911988603395,189.793273447286,217.368619349585,248.947780478955,29.3686193495855,862.515802500845,59.1545070316696,FALSE
"rate_state",54,"mu",0.074,0.0832632214644609,0.0742568313722456,0.0831455074437975,0.0928830408921741,0.00914550744379754,8.36403064045562e-05,0.0186262095199285,FALSE
"rate_state",54,"K",0.524180588111021,0.426929682791602,0.340199155713137,0.424167975582044,0.528849321251006,-0.100012612528977,0.0100025226648713,0.188650165537869,TRUE
"rate_state",54,"alpha",1.89,1.88247838524049,1.85485833836822,1.88242027003037,1.91025549730637,-0.00757972996963385,5.74523064125656e-05,0.0553971589381461,TRUE
"rate_state",54,"B",0.999914532859331,0.999877018199589,0.999837824780636,0.999878296253911,0.999908666082075,-3.62366054198482e-05,1.31309157235377e-09,7.08413014390841e-05,FALSE
"rate_state",54,"ta",188,170.66074179212,149.461561097969,170.267228356822,193.967188015996,-17.7327716431775,314.451190149081,44.5056269180277,TRUE
"rate_state",55,"mu",0.074,0.0702186838604828,0.0619753668315294,0.0701006341573735,0.0790821412176664,-0.00389936584262647,1.5205053974642e-05,0.017106774386137,TRUE
"rate_state",55,"K",0.524180588111021,0.432706953583253,0.36015987617304,0.430846016556749,0.515396652176735,-0.093334571554272,0.00871134224721952,0.155236776003694,FALSE
"rate_state",55,"alpha",1.89,1.90059230586998,1.87724995448442,1.90054816228696,1.9240390962262,0.010548162286959,0.000111263727632024,0.0467891417417898,TRUE
"rate_state",55,"B",0.999914532859331,0.999895561476,0.999869323290384,0.99989626083555,0.999917644377418,-1.82720237807965e-05,3.33866853045993e-10,4.83210870333428e-05,TRUE
"rate_state",55,"ta",188,186.930076688396,168.273734641068,186.654054894009,207.040535123497,-1.34594510599118,1.8115682283416,38.7668004824284,TRUE
"rate_state",56,"mu",0.074,0.0814536018133408,0.0725499962735015,0.0813358633605579,0.0909714222507786,0.0073358633605579,5.38148912447759e-05,0.0184214259772771,TRUE
"rate_state",56,"K",0.524180588111021,0.487829446010645,0.372933269002038,0.483482320383641,0.626780442989671,-0.0406982677273806,0.00165634899600955,0.253847173987633,TRUE
"rate_state",56,"alpha",1.89,1.88311462887323,1.85064936775199,1.8830389079552,1.91580669968626,-0.006961092044802,4.84568024562057e-05,0.0651573319342698,TRUE
"rate_state",56,"B",0.999914532859331,0.999842506063449,0.999781944541913,0.999844805301673,0.999889541725062,-6.97275576585499e-05,4.8619322970264e-09,0.000107597183149566,FALSE
"rate_state",56,"ta",188,115.977875419854,99.2750075633178,115.61491874855,134.642539698445,-72.38508125145,5239.59998777901,35.3675321351272,FALSE
"rate_state",57,"mu",0.074,0.0880156576645973,0.0787439022511492,0.0878979896531033,0.0978989115321138,0.0138979896531033,0.000193154116397766,0.0191550092809647,FALSE
"rate_state",57,"K",0.524180588111021,0.466713682704576,0.369814297680879,0.463549946051767,0.581029664047966,-0.060630642059254,0.00367607475651737,0.211215366367087,TRUE
"rate_state",57,"alpha",1.89,1.95811896294687,1.93150178279563,1.95806562177638,1.98487233924509,0.068065621776382,0.00463292886780548,0.0533705564494593,FALSE
"rate_state",57,"B",0.999914532859331,0.999940284958949,0.999921236626151,0.999940906609897,0.999955663187552,2.63737505662442e-05,6.95574718930469e-10,3.44265614009576e-05,FALSE
"rate_state",57,"ta",188,239.632598028493,210.663210146519,239.109979425602,271.395433978233,51.1099794256025,2612.22999688551,60.7322238317144,FALSE
"rate_state",58,"mu",0.074,0.0695366089540004,0.0613343075358913,0.0694185176932412,0.0783595453275874,-0.00458148230675881,2.0989980127144e-05,0.0170252377916961,TRUE
"rate_state",58,"K",0.524180588111021,0.611622691792713,0.489626769722835,0.607818682133236,0.754523481251733,0.0836380940222148,0.00699533077166884,0.264896711528897,TRUE
"rate_state",58,"alpha",1.89,1.87380050845569,1.84817353697785,1.87374883832972,1.89956039324161,-0.0162511616702796,0.000264100255633566,0.051386856263758,TRUE
"rate_state",58,"B",0.999914532859331,0.999919607596853,0.999894788093377,0.999920395900589,0.999939769627628,5.8630412581584e-06,3.43752527948676e-11,4.49815342509208e-05,TRUE
"rate_state",58,"ta",188,180.888996211936,159.640610092922,180.51702625419,204.121603940605,-7.48297374580966,55.9948960804766,44.4809938476832,TRUE
"rate_state",59,"mu",0.074,0.0674669727454988,0.0593950273706978,0.0673488894308364,0.0761603280650667,-0.00665111056916357,4.42372718032393e-05,0.0167653006943689,TRUE
"rate_state",59,"K",0.524180588111021,0.510201379189528,0.406340360950041,0.506886362174674,0.63229629257781,-0.0172942259363477,0.00029909025073744,0.225955931627769,TRUE
"rate_state",59,"alpha",1.89,1.84782845736583,1.81942462421889,1.84776686289928,1.8764042318362,-0.0422331371007225,0.00178363786936842,0.0569796076173059,FALSE
"rate_state",59,"B",0.999914532859331,0.999877756938015,0.999838562709237,0.999879041423491,0.999909368680998,-3.54914358398073e-05,1.25964201797116e-09,7.08059717616782e-05,FALSE
"rate_state",59,"ta",188,162.849854144709,142.594880173988,162.473357713101,185.121142080449,-25.526642286899,651.609466443299,42.5262619064614,FALSE
"rate_state",60,"mu",0.074,0.0907039407807244,0.0812878239848254,0.0905863624427866,0.100730137692966,0.0165863624427866,0.000275107419083483,0.0194423137081403,FALSE
"rate_state",60,"K",0.524180588111021,0.401049941587631,0.306729115472179,0.397487407148315,0.515082938495731,-0.126693180962707,0.0160511621024491,0.208353823023552,FALSE
"rate_state",60,"alpha",1.89,1.93289725249113,1.90054939295018,1.93282337327192,1.96546217541286,0.0428233732719225,0.00183384129838641,0.0649127824626787,FALSE
"rate_state",60,"B",0.999914532859331,0.99985828678117,0.999804398971472,0.999860314619242,0.999900243155925,-5.42182400895541e-05,2.93961755840853e-09,9.58441844527425e-05,FALSE
"rate_state",60,"ta",188,138.641622714521,118.740984777761,138.210722674823,160.870839204488,-49.7892773251768,2478.97213656336,42.1298544267271,FALSE
"rate_state",61,"mu",0.074,0.074150458609845,0.0656678120989444,0.0740324506400744,0.0832515021829835,3.24506400744412e-05,1.05304404124093e-09,0.0175836900840391,TRUE
"rate_state",61,"K",0.524180588111021,0.494149103254725,0.421833815298147,0.492550280493544,0.575114165463494,-0.0316303076174772,0.00100047635997624,0.153280350165348,TRUE
"rate_state",61,"alpha",1.89,1.88141270312045,1.86073084769741,1.88137592986284,1.90217377766227,-0.00862407013715649,7.43745857305944e-05,0.0414429299648664,TRUE
"rate_state",61,"B",0.999914532859331,0.999912960569916,0.999893992494026,0.999913406755198,0.999929264660809,-1.12610413305347e-06,1.26811051848012e-12,3.52721667828959e-05,TRUE
"rate_state",61,"ta",188,202.782156072821,184.327123946961,202.533498714984,222.536737791307,14.5334987149836,211.222584898429,38.209613844346,TRUE
"rate_state",62,"mu",0.074,0.0713932624263,0.0630791305175101,0.0712752644464807,0.0803267946938247,-0.00272473555351931,7.42418383661216e-06,0.0172476641763146,TRUE
"rate_state",62,"K",0.524180588111021,0.505122024436716,0.45800363506394,0.504471164719698,0.555649475586963,-0.0197094233913233,0.000388461370418442,0.0976458405230224,TRUE
"rate_state",62,"alpha",1.89,1.88174634420568,1.86918231675863,1.88172879171104,1.89433124357169,-0.00827120828895778,6.84128865593238e-05,0.0251489268130536,TRUE
"rate_state",62,"B",0.999914532859331,0.999896614727998,0.999883205725904,0.999896809680145,0.999908828556753,-1.77231791859134e-05,3.14111080455993e-10,2.56228308497253e-05,FALSE
"rate_state",62,"ta",188,170.917392519311,161.776452449306,170.843928860258,180.419040772589,-17.1560711397424,294.330776951903,18.642588323283,FALSE
"rate_state",63,"mu",0.074,0.0788155965673108,0.0700624277930596,0.0786977820203391,0.0881843596394948,0.00469778202033909,2.20691559106212e-05,0.0181219318464352,TRUE
"rate_state",63,"K",0.524180588111021,0.494888920882745,0.407727560438756,0.492527382397334,0.594953120271142,-0.0316532057136877,0.00100192543195303,0.187225559832386,TRUE
"rate_state",63,"alpha",1.89,1.89627303175416,1.87261405271058,1.89622787572827,1.92004022146013,0.00622787572826655,3.87864360867316e-05,0.047426168749551,TRUE
"rate_state",63,"B",0.999914532859331,0.999919379673125,0.999897725081192,0.999919991116518,0.999937408609072,5.45825718645254e-06,2.97925715134608e-11,3.96835278796415e-05,TRUE
"rate_state",63,"ta",188,209.415435679392,186.689619965479,209.049023845598,234.084453341617,21.0490238455977,443.061404852541,47.3948333761379,TRUE
"rate_state",64,"mu",0.074,0.0815836767692367,0.0726715078080561,0.0814659099313392,0.09111016834134,0.00746590993133919,5.57398111028692e-05,0.0184386605332839,TRUE
"rate_state",64,"K",0.524180588111021,0.572943930714793,0.484951918091312,0.570893948935606,0.672056856546436,0.0467133608245842,0.0021821380795278,0.187104938455124,TRUE
"rate_state",64,"alpha",1.89,1.88096715513782,1.86015164858551,1.88093000815514,1.90186316751575,-0.00906999184486401,8.22647520658997e-05,0.0417115189302364,TRUE
"rate_state",64,"B",0.999914532859331,0.999918322319595,0.999899890675494,0.999918769519491,0.999934087326235,4.23666016036162e-06,1.79492893143953e-11,3.4196650740892e-05,TRUE
"rate_state",64,"ta",188,186.233503175072,169.722847913167,186.016830375517,203.873838447876,-1.9831696244828,3.93296175947124,34.1509905347097,TRUE
"rate_state",65,"mu",0.074,0.0739371691541533,0.0654702729058836,0.0738192412056188,0.0830221060403964,-0.000180758794381147,3.26737417461259e-08,0.0175518331345129,TRUE
"rate_state",65,"K",0.524180588111021,0.53683428818129,0.415707002354978,0.532477670006342,0.682027977867004,0.00829708189532075,6.88415679776593e-05,0.266320975512025,TRUE
"rate_state",65,"alpha",1.89,1.87466436087131,1.84392069584838,1.87459493665864,1.90560982027722,-0.0154050633413567,0.000237315976551213,0.0616891244288453,TRUE
"rate_state",65,"B",0.999914532859331,0.999915487140552,0.999884963238966,0.999916589508816,0.999939519156592,2.05664948493833e-06,4.22980710389711e-12,5.45559176261534e-05,TRUE
"rate_state",65,"ta",188,193.685724406164,167.085708826855,193.136442702736,223.246182041137,5.13644270273554,26.3830436384851,56.160473214282,TRUE
"rate_state",66,"mu",0.074,0.0840399592664496,0.0749876652531903,0.0839222000940007,0.0937056509136361,0.0099222000940007,9.84500547053875e-05,0.0187179856604458,FALSE
"rate_state",66,"K",0.524180588111021,0.604229668052402,0.489677871305948,0.600858285679398,0.737266420611192,0.0766776975683772,0.00587946930438751,0.247588549305243,TRUE
"rate_state",66,"alpha",1.89,1.89000624246005,1.86598633985988,1.88995989525055,1.9141388662911,-4.01047494453799e-05,1.6083909280767e-09,0.0481525264312226,TRUE
"rate_state",66,"B",0.999914532859331,0.999907321931873,0.999880299769217,0.999908140033525,0.999929503791668,-6.39282580627842e-06,4.08682217894194e-11,4.92040224511214e-05,TRUE
"rate_state",66,"ta",188,155.485398508688,138.159206878927,155.198284166528,174.337299031128,-32.8017158334716,1075.95256161982,36.1780921522013,FALSE
"rate_state",67,"mu",0.074,0.0752674595594717,0.0667207890276313,0.0751495411824051,0.0844316143946142,0.00114954118240507,1.32144493004524e-06,0.0177108253669828,TRUE
"rate_state",67,"K",0.524180588111021,0.521170552509632,0.433067332151943,0.518889833421002,0.621709558419225,-0.00529075469001883,2.79920851899562e-05,0.188642226267282,TRUE
"rate_state",67,"alpha",1.89,1.89343321713656,1.87033241003638,1.89338968761114,1.91663648714469,0.00338968761113523,1.14899821010836e-05,0.046304077108309,TRUE
"rate_state",67,"B",0.999914532859331,0.999908770890544,0.999885452036189,0.999909401812938,0.999928343087555,-5.13104639321416e-06,2.6327637089316e-11,4.28910513657899e-05,TRUE
"rate_state",67,"ta",188,185.721539502508,166.74452924097,185.433938035291,206.216589134226,-2.56606196470943,6.58467400672844,39.4720598932558,TRUE
"rate_state",68,"mu",0.074,0.0825428470124486,0.0735775554711478,0.0824251316717828,0.0921218338989423,0.00842513167178281,7.09828436868778e-05,0.0185442784277945,TRUE
"rate_state",68,"K",0.524180588111021,0.444565316581162,0.355027926865188,0.441742291626132,0.549623206754793,-0.0824382964848897,0.00679607272733057,0.194595279889605,TRUE
"rate_state",68,"alpha",1.89,1.90144843140697,1.87338107606159,1.90138918720202,1.92967646489879,0.0113891872020224,0.000129713585122711,0.0562953888372004,TRUE
"rate_state",68,"B",0.999914532859331,0.999865148796827,0.999822634567845,0.999866522774337,0.999899549190171,-4.8010084993888e-05,2.30496826112035e-09,7.69146223263961e-05,FALSE
"rate_state",68,"ta",188,150.129873620886,131.816587926622,149.796361436797,170.226917571137,-38.2036385632026,1459.51799946782,38.4103296445154,FALSE
"rate_state",69,"mu",0.074,0.0688338225044969,0.0606764857442768,0.0687157606767181,0.0776119095925692,-0.00528423932328194,2.79231852257192e-05,0.0169354238482924,TRUE
"rate_state",69,"K",0.524180588111021,0.356646553876103,0.288634234391252,0.354631529053834,0.435710036283715,-0.169549059057188,0.0287468834271777,0.147075801892462,FALSE
"rate_state",69,"alpha",1.89,1.97176791412791,1.94629440340433,1.97171840039213,1.99736302709373,0.0817184003921256,0.00667789696264776,0.0510686236893954,FALSE
"rate_state",69,"B",0.999914532859331,0.999903188819378,0.999875079735359,0.999904036819877,0.999926280164321,-1.04960394539111e-05,1.10166844218058e-10,5.12004289623391e-05,TRUE
"rate_state",69,"ta",188,196.072599179796,173.870760272713,195.698520801898,220.264626820754,7.69852080189767,59.2672225372512,46.3938665480415,TRUE
"rate_state",70,"mu",0.074,0.0803079034187853,0.0714699678580441,0.0801901493784683,0.0897605556640151,0.00619014937846835,3.8317949327752e-05,0.0182905878059709,TRUE
"rate_state",70,"K",0.524180588111021,0.390359098778714,0.283472905086918,0.385507407900153,0.524243192244036,-0.138673180210868,0.019230250909796,0.240770287157118,TRUE
"rate_state",70,"alpha",1.89,1.963774295586,1.92772830999867,1.96368686792156,2.00009120821007,0.0736868679215643,0.00542975450409006,0.0723628982113953,FALSE
"rate_state",70,"B",0.999914532859331,0.999906135759359,0.999862878051263,0.999908025197881,0.999938304528006,-6.5076614503834e-06,4.23496575528061e-11,7.54264767424129e-05,TRUE
"rate_state",70,"ta",188,186.764725051635,154.703194486315,185.920478009081,223.433147795128,-2.07952199091918,4.32441171071645,68.7299533088134,TRUE
"rate_state",71,"mu",0.074,0.061340302565091,0.0536585256664663,0.0612220050623809,0.0696471641363973,-0.0127779949376191,0.000163277154625818,0.015988638469931,FALSE
"rate_state",71,"K",0.524180588111021,0.623332642321417,0.493619154711843,0.619086335168327,0.776424644419479,0.0949057470573061,0.00900710082450537,0.282805489707636,TRUE
"rate_state",71,"alpha",1.89,1.8247023981524,1.79579728603464,1.82463846151161,1.85378963175649,-0.0653615384883897,0.00427213071356924,0.0579923457218499,FALSE
"rate_state",71,"B",0.999914532859331,0.999920771840307,0.999894798757493,0.999921638792957,0.99994162965911,7.10593362551748e-06,5.049429269026e-11,4.68309016170565e-05,TRUE
"rate_state",71,"ta",188,213.748402730657,186.708361773603,213.236720889936,243.531838106619,25.236720889936,636.892081276531,56.8234763330167,TRUE
"rate_state",72,"mu",0.074,0.0733819424579076,0.0649483045267292,0.0732640034997604,0.0824338929266135,-0.000735996500239589,5.41690848364923e-07,0.0174855883998843,TRUE
"rate_state",72,"K",0.524180588111021,0.49527289777801,0.387761153940513,0.491576858002864,0.623169772122151,-0.0326037301081571,0.00106300321696555,0.235408618181638,TRUE
"rate_state",72,"alpha",1.89,1.93630551362301,1.90736458309443,1.93624401300681,1.96541447161777,0.0462440130068105,0.00213850873897406,0.0580498885233436,FALSE
"rate_state",72,"B",0.999914532859331,0.999915579312883,0.999886938344592,0.999916562548073,0.999938423047076,2.02968874185583e-06,4.1196363888163e-12,5.14847024833953e-05,TRUE
"rate_state",72,"ta",188,173.43271402409,151.285281264744,173.009425454644,197.851026501262,-14.9905745453558,224.71732519987,46.5657452365181,TRUE
"rate_state",73,"mu",0.074,0.0785885186447458,0.0698487129955703,0.0784707054370892,0.0879439950247425,0.00447070543708923,1.99872071052192e-05,0.0180952820291722,TRUE
"rate_state",73,"K",0.524180588111021,0.469750413115904,0.368779600859186,0.46631880651319,0.589640152651334,-0.0578617815978317,0.00334798576967518,0.220860551792148,TRUE
"rate_state",73,"alpha",1.89,1.87439335147565,1.84467189364537,1.87432767065319,1.90430172402005,-0.0156723293468133,0.000245621907154985,0.0596298303746814,TRUE
"rate_state",73,"B",0.999914532859331,0.999889738141366,0.999852000726324,0.9998910429206,0.99991978382321,-2.3489938730914e-05,5.51777221582093e-10,6.77830968865978e-05,TRUE
"rate_state",73,"ta",188,185.011313263043,160.534588510916,184.525623912287,212.099643168759,-3.47437608771327,12.0712891988737,51.5650546578428,TRUE
"rate_state",74,"mu",0.074,0.0671589761399643,0.0591052772869108,0.0670408549233581,0.0758344155074622,-0.00695914507664187,4.84297001977488e-05,0.0167291382205514,TRUE
"rate_state",74,"K",0.524180588111021,0.542065032012338,0.42968365698443,0.53840191836479,0.67461086133161,0.0142213302537685,0.000202246234186751,0.244927204347181,TRUE
"rate_state",74,"alpha",1.89,1.8228590239729,1.79341469221798,1.82279307198179,1.85249355798452,-0.0672069280182124,0.00451677117364518,0.0590788657665404,FALSE
"rate_state",74,"B",0.999914532859331,0.999899271618622,0.999866365935842,0.999900366787867,0.999925715009666,-1.41660714639835e-05,2.00677580722688e-10,5.93490738238778e-05,TRUE
"rate_state",74,"ta",188,190.202697020481,166.150209214332,189.747727319767,216.694455899755,1.74772731976711,3.05455078426032,50.5442466854235,TRUE
"rate_state",75,"mu",0.074,0.0725334132823628,0.0641501518224524,0.07241543764013,0.0815355130274162,-0.00158456235987001,2.5108378723168e-06,0.0173853612049637,TRUE
"rate_state",75,"K",0.524180588111021,0.626678526847008,0.466273118293389,0.619973312173204,0.824304715850399,0.0957927240621824,0.00917624598325342,0.35803159755701,TRUE
"rate_state",75,"alpha",1.89,1.87331969904991,1.8406140902279,1.87324275727669,1.90625755573111,-0.016757242723312,0.000280805183687994,0.0656434655032043,TRUE
"rate_state",75,"B",0.999914532859331,0.99990559191353,0.999863935857122,0.999907352221712,0.999936912030052,-7.18063761884213e-06,5.15615566131308e-11,7.2976172930006e-05,TRUE
"rate_state",75,"ta",188,151.735254204693,125.24331684882,151.024432824821,182.109269211256,-36.9755671751792,1367.19256792619,56.865952362436,FALSE
"rate_state",76,"mu",0.074,0.0730267033197366,0.0646142193178457,0.0729087518779255,0.0820577040030421,-0.00109124812207448,1.19082246393108e-06,0.0174434846851963,TRUE
"rate_state",76,"K",0.524180588111021,0.461572415919175,0.348299916111714,0.457071590626389,0.599789666429597,-0.0671089974846321,0.00450361754339235,0.251489750317884,TRUE
"rate_state",76,"alpha",1.89,1.87837102862741,1.84421116347683,1.87828846527738,1.91278599549833,-0.0117115347226233,0.000137160045559212,0.0685748320214978,TRUE
"rate_state",76,"B",0.999914532859331,0.99985423351902,0.999794960351689,0.999856584993052,0.999899685169014,-5.79478662789956e-05,3.35795520628836e-09,0.000104724817324708,FALSE
"rate_state",76,"ta",188,137.022951858338,115.998201916531,136.533613887646,160.702170254992,-51.4663861123544,2648.78889946595,44.7039683384609,FALSE
"rate_state",77,"mu",0.074,0.0799616865867165,0.0711433259835472,0.079843918098998,0.0893949692399793,0.00584391809899797,3.4151378747796e-05,0.0182516432564321,TRUE
"rate_state",77,"K",0.524180588111021,0.74213236130125,0.54804516605732,0.733804504627457,0.982484254187765,0.209623916516436,0.0439421863756898,0.434439088130445,FALSE
"rate_state",77,"alpha",1.89,1.86860420682996,1.83472548171256,1.86852246421892,1.90273513008718,-0.021477535781081,0.000461284543227616,0.0680096483746249,TRUE
"rate_state",77,"B",0.999914532859331,0.999908109004362,0.999868192563196,0.999909775718938,0.999938237257336,-4.75714039294139e-06,2.26303847181546e-11,7.0044694139848e-05,TRUE
"rate_state",77,"ta",188,131.54931838131,111.155439515593,131.069304253433,154.548567063946,-56.930695746567,3241.10411818818,43.3931275483528,FALSE
"rate_state",78,"mu",0.074,0.0785149190400164,0.0697791421399137,0.0783970979608172,0.0878664368198922,0.00439709796081721,1.93344704770228e-05,0.0180872946799786,TRUE
"rate_state",78,"K",0.524180588111021,0.5338573716068,0.477769634306755,0.532982745305348,0.594571890380506,0.00880215719432642,7.74779712736324e-05,0.116802256073751,TRUE
"rate_state",78,"alpha",1.89,1.89291839620453,1.87953494386256,1.89289923949475,1.90632669745143,0.00289923949475024,8.40558964791962e-06,0.0267917535888753,TRUE
"rate_state",78,"B",0.999914532859331,0.999916094636519,0.99990373149072,0.999916297657378,0.999927223028958,1.7647980472546e-06,3.11451214759365e-12,2.34915382382184e-05,TRUE
"rate_state",78,"ta",188,186.961445048574,175.75881817205,186.861215226409,198.664188017426,-1.13878477359145,1.29683076056374,22.9053698453763,TRUE
"rate_state",79,"mu",0.074,0.0699200261574709,0.0616964070148346,0.0698020093954491,0.078763722050033,-0.00419799060455087,1.76231251158973e-05,0.0170673150351985,TRUE
"rate_state",79,"K",0.524180588111021,0.489762842074517,0.382148744265354,0.48601057162793,0.618082554587969,-0.0381700164830917,0.00145695015831949,0.235933810322615,TRUE
"rate_state",79,"alpha",1.89,1.88658421307561,1.85706537224242,1.88651955518965,1.91628541981396,-0.00348044481035403,1.21134960779203e-05,0.0592200475715454,TRUE
"rate_state",79,"B",0.999914532859331,0.999920443615532,0.999892693925637,0.99992141798937,0.999942451455876,6.88513003876956e-06,4.74050156507669e-11,4.97575302389475e-05,TRUE
"rate_state",79,"ta",188,219.509536347682,190.053742941641,218.916152026065,252.158878743389,30.916152026065,955.808456098764,62.1051358017484,FALSE
"rate_state",80,"mu",0.074,0.0695613328527013,0.0613570542991402,0.0694432289614193,0.0783863058197582,-0.00455677103858068,2.07641622980477e-05,0.017029251520618,TRUE
"rate_state",80,"K",0.524180588111021,0.545657972561156,0.447874197354314,0.54295679528203,0.658212746343563,0.0187762071710084,0.000352545955728626,0.210338548989249,TRUE
"rate_state",80,"alpha",1.89,1.87014909568904,1.84622353937091,1.87010272528308,1.89418809895691,-0.019897274716917,0.000395901541160466,0.0479645595859985,TRUE
"rate_state",80,"B",0.999914532859331,0.999922476941828,0.999901383811191,0.999923079146146,0.999940000509421,8.54628681512537e-06,7.30390183263857e-11,3.86166982299097e-05,TRUE
"rate_state",80,"ta",188,212.715826549674,190.043120109108,212.356986575005,237.288943323111,24.3569865750049,593.262795014967,47.2458232140028,FALSE
"rate_state",81,"mu",0.074,0.0783942860516978,0.0696655613493383,0.0782764641112391,0.0877388008964335,0.0042764641112391,1.8288145294716e-05,0.0180732395470952,TRUE
"rate_state",81,"K",0.524180588111021,0.416821443452385,0.299967725139617,0.411360379759567,0.564089435085669,-0.112820208351455,0.0127283994124657,0.264121709946051,TRUE
"rate_state",81,"alpha",1.89,1.92953818737935,1.89167685739309,1.929441990713,1.96770894486478,0.0394419907130044,0.00155567063140472,0.0760320874716938,FALSE
"rate_state",81,"B",0.999914532859331,0.999898075214397,0.999849825601501,0.999900225657435,0.999933707351725,-1.43072018965462e-05,2.04696026108536e-10,8.38817502240019e-05,TRUE
"rate_state",81,"ta",188,168.186204278289,139.013368514016,167.409125919262,201.601598935573,-20.5908740807379,423.984095408803,62.5882304215567,TRUE
"rate_state",82,"mu",0.074,0.0830634198699173,0.0740682190741221,0.0829457004445009,0.0926721511433229,0.00894570044450091,8.00255564427438e-05,0.0186039320692008,FALSE
"rate_state",82,"K",0.524180588111021,0.420177008310195,0.368726444065019,0.419236249282372,0.476660446498557,-0.104944338828649,0.0110133142521823,0.107934002433538,FALSE
"rate_state",82,"alpha",1.89,1.93369114280631,1.91687745639567,1.93366469324574,1.95054961345111,0.0436646932457372,0.00190660543624433,0.0336721570554346,FALSE
"rate_state",82,"B",0.999914532859331,0.99990615996071,0.999889882907392,0.999906471270094,0.999920560062895,-8.06158923749578e-06,6.49892210341078e-11,3.06771555030894e-05,TRUE
"rate_state",82,"ta",188,193.168598261271,179.576885028869,193.026661457928,207.48284039629,5.0266614579283,25.2673254126218,27.9059553674209,TRUE
"rate_state",83,"mu",0.074,0.0833614892281349,0.0743490111603914,0.0832437624163849,0.0929874311504666,0.00924376241638492,8.54471436105703e-05,0.0186384199900752,FALSE
"rate_state",83,"K",0.524180588111021,0.640936975977057,0.50897352628483,0.636669708420765,0.796383601919966,0.112489120309744,0.01265380218806,0.287410075635136,TRUE
"rate_state",83,"alpha",1.89,1.86078490730591,1.83331733590354,1.86072685747479,1.8884101311056,-0.0292731425252133,0.000856916873301451,0.0550927952020583,FALSE
"rate_state",83,"B",0.999914532859331,0.999899364378753,0.99986697406158,0.99990042926982,0.99992546903663,-1.41035895114827e-05,1.98911237108405e-10,5.84949750499497e-05,TRUE
"rate_state",83,"ta",188,144.141300547971,126.725362439406,143.827288779425,163.235599861699,-44.172711220575,1951.22841657631,36.5102374222938,FALSE
"rate_state",84,"mu",0.074,0.0762629969250069,0.0676588639809432,0.0761451347076828,0.0854839330152183,0.00214513470768277,4.60160291410523e-06,0.0178250690342751,TRUE
"rate_state",84,"K",0.524180588111021,0.603309973017496,0.46338233818379,0.598111221559023,0.771987558985279,0.0739306334480014,0.00546573856202275,0.308605220801489,TRUE
"rate_state",84,"alpha",1.89,1.84524835072067,1.8136641956168,1.84517494343853,1.87705168779086,-0.0448250565614678,0.00200928569573879,0.0633874921740585,FALSE
"rate_state",84,"B",0.999914532859331,0.999872346003926,0.99982436647481,0.999874134875883,0.999909798102717,-4.0397983447793e-05,1.63199706664816e-09,8.54316279067513e-05,FALSE
"rate_state",84,"ta",188,131.859534503118,113.409482209667,131.470857256928,152.406802248377,-56.5291427430715,3195.54397926655,38.9973200387101,FALSE
"rate_state",85,"mu",0.074,0.0761735510943739,0.0675742801762783,0.0760556760048187,0.0853897290168579,0.00205567600481872,4.22580383678746e-06,0.0178154488405796,TRUE
"rate_state",85,"K",0.524180588111021,0.508387578536597,0.41765427812584,0.50589259655556,0.612761630523755,-0.0182879915554608,0.000334450635132605,0.195107352397914,TRUE
"rate_state",85,"alpha",1.89,1.87666077063514,1.85254100375576,1.8766139061411,1.90089557535758,-0.0133860938588988,0.000179187508799247,0.0483545716018166,TRUE
"rate_state",85,"B",0.999914532859331,0.999903705060084,0.99987768288334,0.99990444364428,0.999925348435107,-1.00892150509679e-05,1.01792260344678e-10,4.7665551767162e-05,TRUE
"rate_state",85,"ta",188,181.706081393362,162.583321571014,181.407361327912,202.409284820501,-6.5926386720883,43.4628846607142,39.8259632494868,TRUE
"rate_state",86,"mu",0.074,0.0638559484426481,0.0560120794758334,0.0637377530178425,0.0723233008089826,-0.0102622469821575,0.000105313713122801,0.0163112213331493,FALSE
"rate_state",86,"K",0.524180588111021,0.605763844418425,0.523730441759558,0.604095099279044,0.696783428417719,0.0799145111680232,0.0063863290952241,0.173052986658161,TRUE
"rate_state",86,"alpha",1.89,1.86509269421392,1.84763431228857,1.86506415970811,1.88260367372523,-0.0249358402918871,0.000621796131062501,0.0349693614366628,FALSE
"rate_state",86,"B",0.999914532859331,0.999912524472323,0.999895392750801,0.999912890605796,0.999927460845763,-1.64225353471714e-06,2.69699667229095e-12,3.20680949621455e-05,TRUE
"rate_state",86,"ta",188,169.947667991102,156.833735292531,169.79776810461,183.832479040258,-18.2022318953898,331.321245973547,26.998743747727,FALSE
"rate_state",87,"mu",0.074,0.076994108738577,0.0683474146615633,0.0768762706665874,0.0862572007865548,0.00287627066658735,8.27293294747087e-06,0.0179097861249915,TRUE
"rate_state",87,"K",0.524180588111021,0.455668078326364,0.358579826892874,0.45240184579798,0.57075692013787,-0.0717787423130411,0.00515218784804196,0.212177093244995,TRUE
"rate_state",87,"alpha",1.89,1.94075755091758,1.91198733079479,1.94069673254562,1.96969298854345,0.0506967325456227,0.0025701586908024,0.0577056577486579,FALSE
"rate_state",87,"B",0.999914532859331,0.999914959138698,0.999886607415027,0.999915918642108,0.999937651529195,1.38578277675272e-06,1.92039390434448e-12,5.10441141687856e-05,TRUE
"rate_state",87,"ta",188,193.352300398861,168.682279754489,192.881226516306,220.549419672583,4.88122651630638,23.8263723034926,51.867139918094,TRUE
"rate_state",88,"mu",0.074,0.0784175491971015,0.0696871817668682,0.0782997197656469,0.0877637390775626,0.00429971976564686,1.84875900630943e-05,0.0180765573106944,TRUE
"rate_state",88,"K",0.524180588111021,0.487397648787563,0.404445534660647,0.485234150094954,0.582150432060543,-0.0389464380160675,0.00151682503413939,0.177704897399897,TRUE
"rate_state",88,"alpha",1.89,1.89380679527395,1.87186466054706,1.89376664217912,1.91583946103931,0.00376664217912115,1.41875933055345e-05,0.0439748004922531,TRUE
"rate_state",88,"B",0.999914532859331,0.99989672819693,0.999870207975972,0.999897448622318,0.999918970864188,-1.70842370135205e-05,2.91871154334143e-10,4.87628882156477e-05,TRUE
"rate_state",88,"ta",188,171.374533078688,154.102331239728,171.116420277665,190.007602019261,-16.883579722335,285.055264240443,35.9052707795328,TRUE
"rate_state",89,"mu",0.074,0.0821048894732291,0.0731644243104827,0.0819871668157213,0.0916592477817599,0.00798716681572134,6.37948337421602e-05,0.0184948234712772,TRUE
"rate_state",89,"K",0.524180588111021,0.589028997924564,0.471593955513648,0.585369136800565,0.726576331201251,0.061188548689544,0.0037440384907327,0.254982375687604,TRUE
"rate_state",89,"alpha",1.89,1.88931830549453,1.86258059246266,1.88926329244068,1.91620097455224,-0.000736707559317207,5.42738027955116e-07,0.0536203820895813,TRUE
"rate_state",89,"B",0.999914532859331,0.99991109097209,0.999883720991773,0.999911958195604,0.999933336857417,-2.57466372677317e-06,6.62889330596153e-12,4.96158656442258e-05,TRUE
"rate_state",89,"ta",188,161.557654106838,142.797846429753,161.233181367992,182.04689168064,-26.7668186320081,716.462579678814,39.2490452508867,FALSE
"rate_state",90,"mu",0.074,0.0741076762876543,0.0656307723444599,0.0739897567651489,0.0832025099469414,-1.02432348510761e-05,1.04923860214301e-10,0.0175717376024815,TRUE
"rate_state",90,"K",0.524180588111021,0.476378448166431,0.354696207334313,0.471304657762919,0.62622324084205,-0.0528759303481022,0.00279586401017736,0.271527033507736,TRUE
"rate_state",90,"alpha",1.89,1.83524782647535,1.80078314417635,1.83516258063097,1.86998096426704,-0.0548374193690335,0.00300714256305525,0.0691978200906833,FALSE
"rate_state",90,"B",0.999914532859331,0.999884977216983,0.999835733376626,0.999887010509059,0.999922277935535,-2.75223502719246e-05,7.57479764490509e-10,8.65445589087743e-05,TRUE
"rate_state",90,"ta",188,186.717643736163,156.40972988556,185.967456810641,221.107417939942,-2.03254318935902,4.13123181660973,64.6976880543814,TRUE
"rate_state",91,"mu",0.074,0.0705088416951957,0.0622487437606354,0.0703908269928974,0.0793887751393303,-0.00360917300710255,1.30261297951976e-05,0.0171400313786948,TRUE
"rate_state",91,"K",0.524180588111021,0.578100019885155,0.461607040480351,0.574424903406395,0.714798615690036,0.0502443152953735,0.00252449121950091,0.253191575209685,TRUE
"rate_state",91,"alpha",1.89,1.83927348092511,1.81185589454314,1.83921514361334,1.86685067089221,-0.0507848563866569,0.00257910163821336,0.0549947763490699,FALSE
"rate_state",91,"B",0.999914532859331,0.999904950258266,0.999875137675912,0.999905909676321,0.999929096465405,-8.62318301031451e-06,7.43592852293767e-11,5.39587894931026e-05,TRUE
"rate_state",91,"ta",188,174.162984937598,153.292616971855,173.789930777771,197.026148801802,-14.210069222229,201.926067300541,43.7335318299476,TRUE
"rate_state",92,"mu",0.074,0.0776565596154081,0.0689705889015078,0.0775387189917499,0.0869586957593109,0.0035387189917499,1.25225321025714e-05,0.0179881068578031,TRUE
"rate_state",92,"K",0.524180588111021,0.582508368745516,0.464718610440631,0.578777520190465,0.720813274690909,0.0545969320794436,0.00298082499248738,0.256094664250279,TRUE
"rate_state",92,"alpha",1.89,1.84857698092441,1.82076265203549,1.84851747096442,1.8765550930489,-0.0414825290355769,0.00172080021518748,0.0557924410134147,FALSE
"rate_state",92,"B",0.999914532859331,0.999866737892759,0.999824263922514,0.999868123026704,0.999901034154743,-4.64098326269369e-05,2.15387256446029e-09,7.6770232228518e-05,FALSE
"rate_state",92,"ta",188,134.499795961146,118.074095731823,134.200295255108,152.527474277629,-53.7997047448915,2894.4082306375,34.4533785458056,FALSE
"rate_state",93,"mu",0.074,0.0700152846998315,0.0617841047373999,0.069897220546884,0.0788667636085317,-0.00410277945311596,1.68327992409105e-05,0.0170826588711318,TRUE
"rate_state",93,"K",0.524180588111021,0.476363769552729,0.373619039218341,0.472857907897118,0.598439570280159,-0.0513226802139033,0.00263401750433858,0.224820531061817,TRUE
"rate_state",93,"alpha",1.89,1.8703814675006,1.84095435755447,1.87031675193062,1.89999184894932,-0.0196832480693772,0.00038743025456064,0.0590374913948444,TRUE
"rate_state",93,"B",0.999914532859331,0.999913992158759,0.999884155085237,0.999915035203507,0.999937682068137,5.0234417547923e-07,2.52349670637908e-13,5.35269829001761e-05,TRUE
"rate_state",93,"ta",188,215.68432399991,185.605716426769,215.052934300556,249.169084061395,27.052934300556,731.861254270197,63.5633676346262,TRUE
"rate_state",94,"mu",0.074,0.0894458248518185,0.0800969038188547,0.0893282026140836,0.0994054984826658,0.0153282026140836,0.000234953795378399,0.0193085946638111,FALSE
"rate_state",94,"K",0.524180588111021,0.640561823128484,0.527140057994526,0.637470415673353,0.770878656930855,0.113289827562331,0.0128345850291028,0.243738598936329,FALSE
"rate_state",94,"alpha",1.89,1.84644952008255,1.8235605725942,1.8464059355221,1.86944257689654,-0.0435940644779029,0.00190044245770356,0.0458820043023329,FALSE
"rate_state",94,"B",0.999914532859331,0.999890995344822,0.999861653832111,0.999891825342309,0.999915415548627,-2.27075170218249e-05,5.1563132929647e-10,5.37617165163873e-05,TRUE
"rate_state",94,"ta",188,138.000861917548,123.815478969391,137.784559430517,153.3284990034,-50.2154405694829,2521.59047158727,29.5130200340092,FALSE
"rate_state",95,"mu",0.074,0.070663577865622,0.0623942372178483,0.0705455728756919,0.0795526405845205,-0.00345442712430814,1.19330667571558e-05,0.0171584033666722,TRUE
"rate_state",95,"K",0.524180588111021,0.544795936609188,0.443429482561168,0.541875100551522,0.66216311557052,0.0176945124405006,0.00031309577050703,0.218733633009352,TRUE
"rate_state",95,"alpha",1.89,1.8675966862342,1.84178086307815,1.86754428998952,1.89354836830001,-0.0224557100104752,0.000504258912074556,0.0517675052218556,TRUE
"rate_state",95,"B",0.999914532859331,0.999907428074707,0.999881111695229,0.999908207943071,0.999929127318414,-6.32491626040288e-06,4.00045657011087e-11,4.80156231855711e-05,TRUE
"rate_state",95,"ta",188,179.995170996217,160.185285995366,179.67109366616,201.525581319001,-8.32890633384048,69.370680717888,41.3402953236353,TRUE
"rate_state",96,"mu",0.074,0.0722892154371955,0.0639210392795582,0.072171244275391,0.0812762992814558,-0.001828755724609,3.34434750029019e-06,0.0173552600018976,TRUE
"rate_state",96,"K",0.524180588111021,0.437966023698469,0.356447001727648,0.435616119337378,0.532358350830399,-0.0885644687736435,0.00784366512915768,0.175911349102751,TRUE
"rate_state",96,"alpha",1.89,1.92272901408257,1.89758483581814,1.92267972240538,1.9479956026361,0.0326797224053768,0.00106796425649248,0.0504107668179572,FALSE
"rate_state",96,"B",0.999914532859331,0.999889455139115,0.999858182885897,0.999890378020267,0.999915262851251,-2.4154839064261e-05,5.83456250220348e-10,5.70799653533127e-05,TRUE
"rate_state",96,"ta",188,161.570699094814,143.859002792214,161.2821339891,180.813927056966,-26.7178660108995,713.844364176381,36.954924264752,FALSE
"rate_state",97,"mu",0.074,0.0701059532157764,0.0618703261629377,0.0699879234308377,0.0789616555983745,-0.00401207656916232,1.60967583968213e-05,0.0170913294354368,TRUE
"rate_state",97,"K",0.524180588111021,0.441657172765806,0.355683816952485,0.439049864097003,0.541943372147591,-0.0851307240140185,0.00724724017115099,0.186259555195106,TRUE
"rate_state",97,"alpha",1.89,1.8530296634955,1.82685480544517,1.85297581219845,1.87934640515142,-0.0370241878015458,0.00137079048236413,0.0524915997062578,FALSE
"rate_state",97,"B",0.999914532859331,0.999834159814863,0.999783363074713,0.999835762490558,0.999875485822335,-7.87703687727959e-05,6.20477099660225e-09,9.21227476219366e-05,FALSE
"rate_state",97,"ta",188,138.128417975238,121.510110806211,137.830126385043,156.340592322732,-50.1698736149567,2517.01621854073,34.8304815165217,FALSE
"rate_state",98,"mu",0.074,0.0805584881490015,0.0717037127597818,0.0804406724566815,0.0900282252419205,0.00644067245668146,4.14822616942553e-05,0.0183245124821387,TRUE
"rate_state",98,"K",0.524180588111021,0.457788066977563,0.359904001653859,0.454481586666147,0.573897222293834,-0.0696990014448747,0.00485795080241265,0.213993220639975,TRUE
"rate_state",98,"alpha",1.89,1.91861683338448,1.8890031306859,1.91855258739565,1.94840996010226,0.0285525873956549,0.000815250246986512,0.0594068294163521,TRUE
"rate_state",98,"B",0.999914532859331,0.99990582741803,0.99987397222765,0.999906918354313,0.999931249975803,-7.6145050184051e-06,5.79806866753165e-11,5.72777481531173e-05,TRUE
"rate_state",98,"ta",188,183.653064958468,159.597187820822,183.180758974654,210.24696850705,-4.81924102534558,23.2250840603739,50.6497806862279,TRUE
"rate_state",99,"mu",0.074,0.0674694639238167,0.0593966469694399,0.0673513595071602,0.076163805460151,-0.00664864049283984,4.42044204030295e-05,0.016767158490711,TRUE
"rate_state",99,"K",0.524180588111021,0.395987853186375,0.322429781649849,0.39387221808719,0.481134762993591,-0.130308370023831,0.0169802712982678,0.158704981343742,FALSE
"rate_state",99,"alpha",1.89,1.93592308941512,1.91122244153234,1.9358753800013,1.96073993032479,0.0458753800012992,0.0021045504902636,0.0495174887924537,FALSE
"rate_state",99,"B",0.999914532859331,0.999914127640982,0.99988998102023,0.999914836615541,0.999934075622425,3.03756209740769e-07,9.22678349560779e-14,4.40946021944555e-05,TRUE
"rate_state",99,"ta",188,218.557700929222,194.411076064809,218.161102548069,244.81047450529,30.1611025480685,909.692106915106,50.3993984404816,FALSE
"rate_state",100,"mu",0.074,0.0936259613070991,0.0840534469164659,0.0935084300509477,0.103807304257764,0.0195084300509477,0.00038057884305272,0.0197538573412979,FALSE
"rate_state",100,"K",0.524180588111021,0.538840298056435,0.441968508434577,0.536154699597176,0.650400165186341,0.0119741114861543,0.000143379345882854,0.208431656751764,TRUE
"rate_state",100,"alpha",1.89,1.88914487894165,1.86474913790768,1.88909736287188,1.91365763083327,-0.000902637128120443,8.1475378506152e-07,0.0489084929255925,TRUE
"rate_state",100,"B",0.999914532859331,0.99991118732129,0.999886992151248,0.999911878820808,0.999931283775165,-2.65403852306445e-06,7.04392048191013e-12,4.42916239175029e-05,TRUE
"rate_state",100,"ta",188,173.991760852869,155.635441783674,173.704282048671,193.869345345242,-14.2957179513292,204.367551743956,38.2339035615673,TRUE
