"truth_kernel","fitted_kernel","rep","catalogue_seed","fit_seed","n_fit","runtime_minutes","converged","hit_max","n_iter","n_cpo_fail","status","error","file","fit_file","min_sd","degenerate"
"ou","mse",1,1001,1000002,2515,0.954930782318115,TRUE,FALSE,10,0,"existing",NA,"rep_0001_fit_mse.rds","/Users/sachitraghavan/Documents/seismology-project/outputs/simulation/fits/main_simulation/truth_ou/rep_0001_fit_mse.rds",1.25652807127058e-17,TRUE
"ou","rate_state",1,1001,1000003,2515,0.497354213396708,TRUE,FALSE,5,1,"existing",NA,"rep_0001_fit_rate_state.rds","/Users/sachitraghavan/Documents/seismology-project/outputs/simulation/fits/main_simulation/truth_ou/rep_0001_fit_rate_state.rds",9.13943083110894e-27,TRUE
"ou","mse",2,1002,1000005,4295,6.45269659757614,TRUE,FALSE,34,0,"existing",NA,"rep_0002_fit_mse.rds","/Users/sachitraghavan/Documents/seismology-project/outputs/simulation/fits/main_simulation/truth_ou/rep_0002_fit_mse.rds",0.00424615477276313,FALSE
"ou","rate_state",2,1002,1000006,4295,2.28890803257624,TRUE,FALSE,13,1,"existing",NA,"rep_0002_fit_rate_state.rds","/Users/sachitraghavan/Documents/seismology-project/outputs/simulation/fits/main_simulation/truth_ou/rep_0002_fit_rate_state.rds",2.20073362257158e-20,TRUE
"ou","mse",3,1003,1000008,3603,5.66950903336207,TRUE,FALSE,36,0,"existing",NA,"rep_0003_fit_mse.rds","/Users/sachitraghavan/Documents/seismology-project/outputs/simulation/fits/main_simulation/truth_ou/rep_0003_fit_mse.rds",0.00437717913995684,FALSE
"ou","rate_state",3,1003,1000009,3603,4.46166548331579,TRUE,FALSE,33,0,"existing",NA,"rep_0003_fit_rate_state.rds","/Users/sachitraghavan/Documents/seismology-project/outputs/simulation/fits/main_simulation/truth_ou/rep_0003_fit_rate_state.rds",0.00437126031139674,FALSE
"ou","mse",4,1004,1000011,1639,1.18238935073217,TRUE,FALSE,28,0,"existing",NA,"rep_0004_fit_mse.rds","/Users/sachitraghavan/Documents/seismology-project/outputs/simulation/fits/main_simulation/truth_ou/rep_0004_fit_mse.rds",0.00636124505133442,FALSE
"ou","rate_state",4,1004,1000012,1639,6.61763576666514,FALSE,TRUE,100,1,"existing",NA,"rep_0004_fit_rate_state.rds","/Users/sachitraghavan/Documents/seismology-project/outputs/simulation/fits/main_simulation/truth_ou/rep_0004_fit_rate_state.rds",6.17928524122954e-34,TRUE
"ou","mse",5,1005,1000014,1962,1.99508548180262,TRUE,FALSE,28,0,"existing",NA,"rep_0005_fit_mse.rds","/Users/sachitraghavan/Documents/seismology-project/outputs/simulation/fits/main_simulation/truth_ou/rep_0005_fit_mse.rds",0.00597900839633326,FALSE
"ou","rate_state",5,1005,1000015,1962,7.53245811462402,FALSE,TRUE,100,1,"existing",NA,"rep_0005_fit_rate_state.rds","/Users/sachitraghavan/Documents/seismology-project/outputs/simulation/fits/main_simulation/truth_ou/rep_0005_fit_rate_state.rds",0.00599938985760929,FALSE
"ou","mse",6,1006,1000017,1810,2.38097138404846,TRUE,FALSE,31,0,"existing",NA,"rep_0006_fit_mse.rds","/Users/sachitraghavan/Documents/seismology-project/outputs/simulation/fits/main_simulation/truth_ou/rep_0006_fit_mse.rds",0.00627971963760863,FALSE
"ou","rate_state",6,1006,1000018,1810,3.61879088481267,TRUE,FALSE,55,0,"existing",NA,"rep_0006_fit_rate_state.rds","/Users/sachitraghavan/Documents/seismology-project/outputs/simulation/fits/main_simulation/truth_ou/rep_0006_fit_rate_state.rds",0.00621813399568146,FALSE
"ou","mse",7,1007,1000020,3791,6.28250913619995,TRUE,FALSE,46,0,"existing",NA,"rep_0007_fit_mse.rds","/Users/sachitraghavan/Documents/seismology-project/outputs/simulation/fits/main_simulation/truth_ou/rep_0007_fit_mse.rds",0.00451309291519985,FALSE
"ou","rate_state",7,1007,1000021,3791,5.90260936816533,TRUE,FALSE,42,0,"existing",NA,"rep_0007_fit_rate_state.rds","/Users/sachitraghavan/Documents/seismology-project/outputs/simulation/fits/main_simulation/truth_ou/rep_0007_fit_rate_state.rds",0.00446266018678609,FALSE
"ou","mse",8,1008,1000023,1793,1.9510867635409,TRUE,FALSE,29,0,"existing",NA,"rep_0008_fit_mse.rds","/Users/sachitraghavan/Documents/seismology-project/outputs/simulation/fits/main_simulation/truth_ou/rep_0008_fit_mse.rds",0.00615638629549932,FALSE
"ou","rate_state",8,1008,1000024,1793,3.19088598092397,TRUE,FALSE,52,0,"existing",NA,"rep_0008_fit_rate_state.rds","/Users/sachitraghavan/Documents/seismology-project/outputs/simulation/fits/main_simulation/truth_ou/rep_0008_fit_rate_state.rds",0.00613190527338899,FALSE
"ou","mse",9,1009,1000026,1994,0.582696350415548,TRUE,FALSE,6,0,"existing",NA,"rep_0009_fit_mse.rds","/Users/sachitraghavan/Documents/seismology-project/outputs/simulation/fits/main_simulation/truth_ou/rep_0009_fit_mse.rds",1.65651550687334e-39,TRUE
"ou","rate_state",9,1009,1000027,1994,2.22921153306961,TRUE,FALSE,31,0,"existing",NA,"rep_0009_fit_rate_state.rds","/Users/sachitraghavan/Documents/seismology-project/outputs/simulation/fits/main_simulation/truth_ou/rep_0009_fit_rate_state.rds",0.00584213902858989,FALSE
"ou","mse",10,1010,1000029,7596,23.2279726147652,TRUE,FALSE,44,0,"existing",NA,"rep_0010_fit_mse.rds","/Users/sachitraghavan/Documents/seismology-project/outputs/simulation/fits/main_simulation/truth_ou/rep_0010_fit_mse.rds",0.00295562425767033,FALSE
"ou","rate_state",10,1010,1000030,7596,27.870648864905,TRUE,FALSE,82,0,"existing",NA,"rep_0010_fit_rate_state.rds","/Users/sachitraghavan/Documents/seismology-project/outputs/simulation/fits/main_simulation/truth_ou/rep_0010_fit_rate_state.rds",0.00298524870289391,FALSE
"ou","mse",11,1011,1000032,2214,0.537922215461731,TRUE,FALSE,7,0,"existing",NA,"rep_0011_fit_mse.rds","/Users/sachitraghavan/Documents/seismology-project/outputs/simulation/fits/main_simulation/truth_ou/rep_0011_fit_mse.rds",2.2416688255523e-42,TRUE
"ou","rate_state",11,1011,1000033,2214,0.445478916168213,TRUE,FALSE,6,1,"existing",NA,"rep_0011_fit_rate_state.rds","/Users/sachitraghavan/Documents/seismology-project/outputs/simulation/fits/main_simulation/truth_ou/rep_0011_fit_rate_state.rds",1.83628127637079e-30,TRUE
"ou","mse",12,1012,1000035,2458,2.3440175652504,TRUE,FALSE,25,0,"existing",NA,"rep_0012_fit_mse.rds","/Users/sachitraghavan/Documents/seismology-project/outputs/simulation/fits/main_simulation/truth_ou/rep_0012_fit_mse.rds",0.00540575942923714,FALSE
"ou","rate_state",12,1012,1000036,2458,2.18952753543854,TRUE,FALSE,26,0,"existing",NA,"rep_0012_fit_rate_state.rds","/Users/sachitraghavan/Documents/seismology-project/outputs/simulation/fits/main_simulation/truth_ou/rep_0012_fit_rate_state.rds",0.00535605494874653,FALSE
"ou","mse",13,1013,1000038,6385,14.1013891498248,TRUE,FALSE,42,0,"existing",NA,"rep_0013_fit_mse.rds","/Users/sachitraghavan/Documents/seismology-project/outputs/simulation/fits/main_simulation/truth_ou/rep_0013_fit_mse.rds",0.00347342422166393,FALSE
"ou","rate_state",13,1013,1000039,6385,3.93692153294881,TRUE,FALSE,14,1,"existing",NA,"rep_0013_fit_rate_state.rds","/Users/sachitraghavan/Documents/seismology-project/outputs/simulation/fits/main_simulation/truth_ou/rep_0013_fit_rate_state.rds",2.13587530024254e-18,TRUE
"ou","mse",14,1014,1000041,2116,0.550308799743652,TRUE,FALSE,7,0,"existing",NA,"rep_0014_fit_mse.rds","/Users/sachitraghavan/Documents/seismology-project/outputs/simulation/fits/main_simulation/truth_ou/rep_0014_fit_mse.rds",1.20921276647567e-38,TRUE
"ou","rate_state",14,1014,1000042,2116,2.11508586804072,TRUE,FALSE,33,0,"existing",NA,"rep_0014_fit_rate_state.rds","/Users/sachitraghavan/Documents/seismology-project/outputs/simulation/fits/main_simulation/truth_ou/rep_0014_fit_rate_state.rds",0.00525065451081482,FALSE
"ou","mse",15,1015,1000044,4240,33.3818071484566,FALSE,TRUE,100,1,"existing",NA,"rep_0015_fit_mse.rds","/Users/sachitraghavan/Documents/seismology-project/outputs/simulation/fits/main_simulation/truth_ou/rep_0015_fit_mse.rds",0.00426726697893925,FALSE
"ou","rate_state",15,1015,1000045,4240,12.6372405687968,FALSE,TRUE,100,1,"existing",NA,"rep_0015_fit_rate_state.rds","/Users/sachitraghavan/Documents/seismology-project/outputs/simulation/fits/main_simulation/truth_ou/rep_0015_fit_rate_state.rds",0.0052076354826152,FALSE
"ou","mse",16,1016,1000047,4142,7.22034735282262,TRUE,FALSE,37,0,"existing",NA,"rep_0016_fit_mse.rds","/Users/sachitraghavan/Documents/seismology-project/outputs/simulation/fits/main_simulation/truth_ou/rep_0016_fit_mse.rds",0.00416796922699216,FALSE
"ou","rate_state",16,1016,1000048,4142,6.20577401717504,TRUE,FALSE,42,0,"existing",NA,"rep_0016_fit_rate_state.rds","/Users/sachitraghavan/Documents/seismology-project/outputs/simulation/fits/main_simulation/truth_ou/rep_0016_fit_rate_state.rds",0.00414379536228494,FALSE
"ou","mse",17,1017,1000050,2386,2.1566076318423,TRUE,FALSE,27,0,"existing",NA,"rep_0017_fit_mse.rds","/Users/sachitraghavan/Documents/seismology-project/outputs/simulation/fits/main_simulation/truth_ou/rep_0017_fit_mse.rds",0.00533604782232286,FALSE
"ou","rate_state",17,1017,1000051,2386,2.21207186778386,TRUE,FALSE,33,0,"existing",NA,"rep_0017_fit_rate_state.rds","/Users/sachitraghavan/Documents/seismology-project/outputs/simulation/fits/main_simulation/truth_ou/rep_0017_fit_rate_state.rds",0.00530388072180457,FALSE
"ou","mse",18,1018,1000053,2624,2.18496073484421,TRUE,FALSE,26,0,"existing",NA,"rep_0018_fit_mse.rds","/Users/sachitraghavan/Documents/seismology-project/outputs/simulation/fits/main_simulation/truth_ou/rep_0018_fit_mse.rds",0.0050908554899618,FALSE
"ou","rate_state",18,1018,1000054,2624,0.861147197087606,TRUE,FALSE,9,1,"existing",NA,"rep_0018_fit_rate_state.rds","/Users/sachitraghavan/Documents/seismology-project/outputs/simulation/fits/main_simulation/truth_ou/rep_0018_fit_rate_state.rds",5.06095016371002e-30,TRUE
"ou","mse",19,1019,1000056,2998,4.3073978304863,TRUE,FALSE,33,0,"existing",NA,"rep_0019_fit_mse.rds","/Users/sachitraghavan/Documents/seismology-project/outputs/simulation/fits/main_simulation/truth_ou/rep_0019_fit_mse.rds",0.00493500778166763,FALSE
"ou","rate_state",19,1019,1000057,2998,7.23237388134003,TRUE,FALSE,70,0,"existing",NA,"rep_0019_fit_rate_state.rds","/Users/sachitraghavan/Documents/seismology-project/outputs/simulation/fits/main_simulation/truth_ou/rep_0019_fit_rate_state.rds",0.00495008160977413,FALSE
"ou","mse",20,1020,1000059,2032,2.33856074810028,TRUE,FALSE,32,0,"existing",NA,"rep_0020_fit_mse.rds","/Users/sachitraghavan/Documents/seismology-project/outputs/simulation/fits/main_simulation/truth_ou/rep_0020_fit_mse.rds",0.00597733849251161,FALSE
"ou","rate_state",20,1020,1000060,2032,3.12281609773636,TRUE,FALSE,51,0,"existing",NA,"rep_0020_fit_rate_state.rds","/Users/sachitraghavan/Documents/seismology-project/outputs/simulation/fits/main_simulation/truth_ou/rep_0020_fit_rate_state.rds",0.00604011779010038,FALSE
"ou","mse",21,1021,1000062,2297,0.613678598403931,TRUE,FALSE,7,0,"existing",NA,"rep_0021_fit_mse.rds","/Users/sachitraghavan/Documents/seismology-project/outputs/simulation/fits/main_simulation/truth_ou/rep_0021_fit_mse.rds",5.43182641076811e-13,TRUE
"ou","rate_state",21,1021,1000063,2297,3.29445136388143,TRUE,FALSE,51,0,"existing",NA,"rep_0021_fit_rate_state.rds","/Users/sachitraghavan/Documents/seismology-project/outputs/simulation/fits/main_simulation/truth_ou/rep_0021_fit_rate_state.rds",0.00560227742090463,FALSE
"ou","mse",22,1022,1000065,2199,0.516884382565816,TRUE,FALSE,6,0,"existing",NA,"rep_0022_fit_mse.rds","/Users/sachitraghavan/Documents/seismology-project/outputs/simulation/fits/main_simulation/truth_ou/rep_0022_fit_mse.rds",2.7129555250025e-43,TRUE
"ou","rate_state",22,1022,1000066,2199,1.93686266740163,TRUE,FALSE,29,0,"existing",NA,"rep_0022_fit_rate_state.rds","/Users/sachitraghavan/Documents/seismology-project/outputs/simulation/fits/main_simulation/truth_ou/rep_0022_fit_rate_state.rds",0.00557716244603662,FALSE
"ou","mse",23,1023,1000068,3707,2.54159245093664,TRUE,FALSE,13,0,"existing",NA,"rep_0023_fit_mse.rds","/Users/sachitraghavan/Documents/seismology-project/outputs/simulation/fits/main_simulation/truth_ou/rep_0023_fit_mse.rds",2.74372683578987e-18,TRUE
"ou","rate_state",23,1023,1000069,3707,5.91086830298106,TRUE,FALSE,41,0,"existing",NA,"rep_0023_fit_rate_state.rds","/Users/sachitraghavan/Documents/seismology-project/outputs/simulation/fits/main_simulation/truth_ou/rep_0023_fit_rate_state.rds",0.00433240738791761,FALSE
"ou","mse",24,1024,1000071,2029,2.05431254704793,TRUE,FALSE,28,0,"existing",NA,"rep_0024_fit_mse.rds","/Users/sachitraghavan/Documents/seismology-project/outputs/simulation/fits/main_simulation/truth_ou/rep_0024_fit_mse.rds",0.00585543564803918,FALSE
"ou","rate_state",24,1024,1000072,2029,0.722587180137634,TRUE,FALSE,9,1,"existing",NA,"rep_0024_fit_rate_state.rds","/Users/sachitraghavan/Documents/seismology-project/outputs/simulation/fits/main_simulation/truth_ou/rep_0024_fit_rate_state.rds",9.59505170647301e-32,TRUE
"ou","mse",25,1025,1000074,1767,0.418900648752848,TRUE,FALSE,6,0,"existing",NA,"rep_0025_fit_mse.rds","/Users/sachitraghavan/Documents/seismology-project/outputs/simulation/fits/main_simulation/truth_ou/rep_0025_fit_mse.rds",1.65931669623353e-42,TRUE
"ou","rate_state",25,1025,1000075,1767,1.41676665147146,TRUE,FALSE,26,0,"existing",NA,"rep_0025_fit_rate_state.rds","/Users/sachitraghavan/Documents/seismology-project/outputs/simulation/fits/main_simulation/truth_ou/rep_0025_fit_rate_state.rds",0.00604319250282684,FALSE
"ou","mse",26,1026,1000077,2396,2.11700629790624,TRUE,FALSE,28,0,"existing",NA,"rep_0026_fit_mse.rds","/Users/sachitraghavan/Documents/seismology-project/outputs/simulation/fits/main_simulation/truth_ou/rep_0026_fit_mse.rds",0.00524535607604432,FALSE
"ou","rate_state",26,1026,1000078,2396,0.855972015857697,TRUE,FALSE,9,1,"existing",NA,"rep_0026_fit_rate_state.rds","/Users/sachitraghavan/Documents/seismology-project/outputs/simulation/fits/main_simulation/truth_ou/rep_0026_fit_rate_state.rds",1.35591153771291e-23,TRUE
"ou","mse",27,1027,1000080,2361,2.52372510035833,TRUE,FALSE,29,0,"existing",NA,"rep_0027_fit_mse.rds","/Users/sachitraghavan/Documents/seismology-project/outputs/simulation/fits/main_simulation/truth_ou/rep_0027_fit_mse.rds",0.00552190706665166,FALSE
"ou","rate_state",27,1027,1000081,2361,3.78037156661352,TRUE,FALSE,48,0,"existing",NA,"rep_0027_fit_rate_state.rds","/Users/sachitraghavan/Documents/seismology-project/outputs/simulation/fits/main_simulation/truth_ou/rep_0027_fit_rate_state.rds",0.0055012492342277,FALSE
"ou","mse",28,1028,1000083,1981,0.360878618558248,TRUE,FALSE,4,0,"existing",NA,"rep_0028_fit_mse.rds","/Users/sachitraghavan/Documents/seismology-project/outputs/simulation/fits/main_simulation/truth_ou/rep_0028_fit_mse.rds",2.34886454468245e-37,TRUE
"ou","rate_state",28,1028,1000084,1981,6.41491146882375,FALSE,TRUE,100,1,"existing",NA,"rep_0028_fit_rate_state.rds","/Users/sachitraghavan/Documents/seismology-project/outputs/simulation/fits/main_simulation/truth_ou/rep_0028_fit_rate_state.rds",0.00588091558363459,FALSE
"ou","mse",29,1029,1000086,3333,3.62615981896718,TRUE,FALSE,29,0,"existing",NA,"rep_0029_fit_mse.rds","/Users/sachitraghavan/Documents/seismology-project/outputs/simulation/fits/main_simulation/truth_ou/rep_0029_fit_mse.rds",0.00486733423559328,FALSE
"ou","rate_state",29,1029,1000087,3333,3.11436193386714,TRUE,FALSE,25,1,"existing",NA,"rep_0029_fit_rate_state.rds","/Users/sachitraghavan/Documents/seismology-project/outputs/simulation/fits/main_simulation/truth_ou/rep_0029_fit_rate_state.rds",6.61852038324692e-20,TRUE
"ou","mse",30,1030,1000089,2356,0.560325849056244,TRUE,FALSE,6,0,"existing",NA,"rep_0030_fit_mse.rds","/Users/sachitraghavan/Documents/seismology-project/outputs/simulation/fits/main_simulation/truth_ou/rep_0030_fit_mse.rds",1.65495037189268e-34,TRUE
"ou","rate_state",30,1030,1000090,2356,4.87774916887283,TRUE,FALSE,70,0,"existing",NA,"rep_0030_fit_rate_state.rds","/Users/sachitraghavan/Documents/seismology-project/outputs/simulation/fits/main_simulation/truth_ou/rep_0030_fit_rate_state.rds",0.00527978083399615,FALSE
"ou","mse",31,1031,1000092,3203,20.0907529671987,FALSE,TRUE,100,0,"existing",NA,"rep_0031_fit_mse.rds","/Users/sachitraghavan/Documents/seismology-project/outputs/simulation/fits/main_simulation/truth_ou/rep_0031_fit_mse.rds",0.00470478811922558,FALSE
"ou","rate_state",31,1031,1000093,3203,1.90259441932042,TRUE,FALSE,17,1,"existing",NA,"rep_0031_fit_rate_state.rds","/Users/sachitraghavan/Documents/seismology-project/outputs/simulation/fits/main_simulation/truth_ou/rep_0031_fit_rate_state.rds",8.0811131924307e-34,TRUE
"ou","mse",32,1032,1000095,2572,0.64533994992574,TRUE,FALSE,7,0,"existing",NA,"rep_0032_fit_mse.rds","/Users/sachitraghavan/Documents/seismology-project/outputs/simulation/fits/main_simulation/truth_ou/rep_0032_fit_mse.rds",2.19526117273686e-44,TRUE
"ou","rate_state",32,1032,1000096,2572,0.608704551060994,TRUE,FALSE,7,1,"existing",NA,"rep_0032_fit_rate_state.rds","/Users/sachitraghavan/Documents/seismology-project/outputs/simulation/fits/main_simulation/truth_ou/rep_0032_fit_rate_state.rds",1.49503141830147e-27,TRUE
"ou","mse",33,1033,1000098,1342,0.290690684318543,TRUE,FALSE,6,0,"existing",NA,"rep_0033_fit_mse.rds","/Users/sachitraghavan/Documents/seismology-project/outputs/simulation/fits/main_simulation/truth_ou/rep_0033_fit_mse.rds",1.73363178726089e-35,TRUE
"ou","rate_state",33,1033,1000099,1342,0.323575532436371,TRUE,FALSE,7,1,"existing",NA,"rep_0033_fit_rate_state.rds","/Users/sachitraghavan/Documents/seismology-project/outputs/simulation/fits/main_simulation/truth_ou/rep_0033_fit_rate_state.rds",4.79129799072454e-36,TRUE
"ou","mse",34,1034,1000101,1973,1.95345666805903,TRUE,FALSE,27,0,"existing",NA,"rep_0034_fit_mse.rds","/Users/sachitraghavan/Documents/seismology-project/outputs/simulation/fits/main_simulation/truth_ou/rep_0034_fit_mse.rds",0.00583663339187228,FALSE
"ou","rate_state",34,1034,1000102,1973,1.69222894906998,TRUE,FALSE,25,0,"existing",NA,"rep_0034_fit_rate_state.rds","/Users/sachitraghavan/Documents/seismology-project/outputs/simulation/fits/main_simulation/truth_ou/rep_0034_fit_rate_state.rds",0.0058214178205981,FALSE
"ou","mse",35,1035,1000104,1557,1.10463890234629,TRUE,FALSE,22,0,"existing",NA,"rep_0035_fit_mse.rds","/Users/sachitraghavan/Documents/seismology-project/outputs/simulation/fits/main_simulation/truth_ou/rep_0035_fit_mse.rds",0.0067084848304328,FALSE
"ou","rate_state",35,1035,1000105,1557,0.272644682725271,TRUE,FALSE,5,1,"existing",NA,"rep_0035_fit_rate_state.rds","/Users/sachitraghavan/Documents/seismology-project/outputs/simulation/fits/main_simulation/truth_ou/rep_0035_fit_rate_state.rds",4.21329366701974e-26,TRUE
"ou","mse",36,1036,1000107,1334,0.674990916252136,TRUE,FALSE,10,0,"existing",NA,"rep_0036_fit_mse.rds","/Users/sachitraghavan/Documents/seismology-project/outputs/simulation/fits/main_simulation/truth_ou/rep_0036_fit_mse.rds",5.76044594522355e-41,TRUE
"ou","rate_state",36,1036,1000108,1334,2.61904859940211,TRUE,FALSE,64,9,"existing",NA,"rep_0036_fit_rate_state.rds","/Users/sachitraghavan/Documents/seismology-project/outputs/simulation/fits/main_simulation/truth_ou/rep_0036_fit_rate_state.rds",0.00685391364820916,FALSE
"ou","mse",37,1037,1000110,4689,8.11238646507263,TRUE,FALSE,44,0,"existing",NA,"rep_0037_fit_mse.rds","/Users/sachitraghavan/Documents/seismology-project/outputs/simulation/fits/main_simulation/truth_ou/rep_0037_fit_mse.rds",0.00374024506640908,FALSE
"ou","rate_state",37,1037,1000111,4689,6.41690498193105,TRUE,FALSE,43,0,"existing",NA,"rep_0037_fit_rate_state.rds","/Users/sachitraghavan/Documents/seismology-project/outputs/simulation/fits/main_simulation/truth_ou/rep_0037_fit_rate_state.rds",0.00372680139901181,FALSE
"ou","mse",38,1038,1000113,2513,2.52094801664352,TRUE,FALSE,33,0,"existing",NA,"rep_0038_fit_mse.rds","/Users/sachitraghavan/Documents/seismology-project/outputs/simulation/fits/main_simulation/truth_ou/rep_0038_fit_mse.rds",0.00514427447728842,FALSE
"ou","rate_state",38,1038,1000114,2513,0.643481850624084,TRUE,FALSE,8,1,"existing",NA,"rep_0038_fit_rate_state.rds","/Users/sachitraghavan/Documents/seismology-project/outputs/simulation/fits/main_simulation/truth_ou/rep_0038_fit_rate_state.rds",2.01595683407317e-26,TRUE
"ou","mse",39,1039,1000116,2590,2.71360856691996,TRUE,FALSE,34,0,"existing",NA,"rep_0039_fit_mse.rds","/Users/sachitraghavan/Documents/seismology-project/outputs/simulation/fits/main_simulation/truth_ou/rep_0039_fit_mse.rds",0.00523586271827987,FALSE
"ou","rate_state",39,1039,1000117,2590,0.756883283456167,TRUE,FALSE,9,1,"existing",NA,"rep_0039_fit_rate_state.rds","/Users/sachitraghavan/Documents/seismology-project/outputs/simulation/fits/main_simulation/truth_ou/rep_0039_fit_rate_state.rds",1.15214638895723e-18,TRUE
"ou","mse",40,1040,1000119,3529,4.38263814846675,TRUE,FALSE,36,0,"existing",NA,"rep_0040_fit_mse.rds","/Users/sachitraghavan/Documents/seismology-project/outputs/simulation/fits/main_simulation/truth_ou/rep_0040_fit_mse.rds",0.00428334650201441,FALSE
"ou","rate_state",40,1040,1000120,3529,4.76468875010808,TRUE,FALSE,43,0,"existing",NA,"rep_0040_fit_rate_state.rds","/Users/sachitraghavan/Documents/seismology-project/outputs/simulation/fits/main_simulation/truth_ou/rep_0040_fit_rate_state.rds",0.00430842186572478,FALSE
"ou","mse",41,1041,1000122,5394,8.68257608413696,TRUE,FALSE,41,0,"existing",NA,"rep_0041_fit_mse.rds","/Users/sachitraghavan/Documents/seismology-project/outputs/simulation/fits/main_simulation/truth_ou/rep_0041_fit_mse.rds",0.00348895461492899,FALSE
"ou","rate_state",41,1041,1000123,5394,10.9280103842417,TRUE,FALSE,54,0,"existing",NA,"rep_0041_fit_rate_state.rds","/Users/sachitraghavan/Documents/seismology-project/outputs/simulation/fits/main_simulation/truth_ou/rep_0041_fit_rate_state.rds",0.00350660148779685,FALSE
"ou","mse",42,1042,1000125,1420,0.360373616218567,TRUE,FALSE,7,0,"existing",NA,"rep_0042_fit_mse.rds","/Users/sachitraghavan/Documents/seismology-project/outputs/simulation/fits/main_simulation/truth_ou/rep_0042_fit_mse.rds",8.53358771498104e-38,TRUE
"ou","rate_state",42,1042,1000126,1420,1.33294104735057,TRUE,FALSE,33,0,"existing",NA,"rep_0042_fit_rate_state.rds","/Users/sachitraghavan/Documents/seismology-project/outputs/simulation/fits/main_simulation/truth_ou/rep_0042_fit_rate_state.rds",0.00666519896627278,FALSE
"ou","mse",43,1043,1000128,1887,1.51866703033447,TRUE,FALSE,26,0,"existing",NA,"rep_0043_fit_mse.rds","/Users/sachitraghavan/Documents/seismology-project/outputs/simulation/fits/main_simulation/truth_ou/rep_0043_fit_mse.rds",0.00621229502246503,FALSE
"ou","rate_state",43,1043,1000129,1887,2.69888248443604,TRUE,FALSE,53,0,"existing",NA,"rep_0043_fit_rate_state.rds","/Users/sachitraghavan/Documents/seismology-project/outputs/simulation/fits/main_simulation/truth_ou/rep_0043_fit_rate_state.rds",0.00614553417827,FALSE
"ou","mse",44,1044,1000131,1971,0.41990453004837,TRUE,FALSE,6,0,"existing",NA,"rep_0044_fit_mse.rds","/Users/sachitraghavan/Documents/seismology-project/outputs/simulation/fits/main_simulation/truth_ou/rep_0044_fit_mse.rds",1.43111854931128e-33,TRUE
"ou","rate_state",44,1044,1000132,1971,0.266150983174642,TRUE,FALSE,4,1,"existing",NA,"rep_0044_fit_rate_state.rds","/Users/sachitraghavan/Documents/seismology-project/outputs/simulation/fits/main_simulation/truth_ou/rep_0044_fit_rate_state.rds",3.19287417914117e-23,TRUE
"ou","mse",45,1045,1000134,1943,0.465953115622203,TRUE,FALSE,7,0,"existing",NA,"rep_0045_fit_mse.rds","/Users/sachitraghavan/Documents/seismology-project/outputs/simulation/fits/main_simulation/truth_ou/rep_0045_fit_mse.rds",2.56571360180228e-37,TRUE
"ou","rate_state",45,1045,1000135,1943,5.17964566548665,FALSE,TRUE,100,1,"existing",NA,"rep_0045_fit_rate_state.rds","/Users/sachitraghavan/Documents/seismology-project/outputs/simulation/fits/main_simulation/truth_ou/rep_0045_fit_rate_state.rds",0.00599161683849109,FALSE
"ou","mse",46,1046,1000137,2290,1.76623836358388,TRUE,FALSE,25,0,"existing",NA,"rep_0046_fit_mse.rds","/Users/sachitraghavan/Documents/seismology-project/outputs/simulation/fits/main_simulation/truth_ou/rep_0046_fit_mse.rds",0.00558259314631881,FALSE
"ou","rate_state",46,1046,1000138,2290,3.32050363222758,TRUE,FALSE,53,0,"existing",NA,"rep_0046_fit_rate_state.rds","/Users/sachitraghavan/Documents/seismology-project/outputs/simulation/fits/main_simulation/truth_ou/rep_0046_fit_rate_state.rds",0.00558367506000409,FALSE
"ou","mse",47,1047,1000140,1287,0.280889948209127,TRUE,FALSE,6,0,"existing",NA,"rep_0047_fit_mse.rds","/Users/sachitraghavan/Documents/seismology-project/outputs/simulation/fits/main_simulation/truth_ou/rep_0047_fit_mse.rds",1.48282636526023e-35,TRUE
"ou","rate_state",47,1047,1000141,1287,0.35150158405304,TRUE,FALSE,8,1,"existing",NA,"rep_0047_fit_rate_state.rds","/Users/sachitraghavan/Documents/seismology-project/outputs/simulation/fits/main_simulation/truth_ou/rep_0047_fit_rate_state.rds",1.1472432444356e-37,TRUE
"ou","mse",48,1048,1000143,1994,0.425621382395426,TRUE,FALSE,6,0,"existing",NA,"rep_0048_fit_mse.rds","/Users/sachitraghavan/Documents/seismology-project/outputs/simulation/fits/main_simulation/truth_ou/rep_0048_fit_mse.rds",2.34310111177436e-45,TRUE
"ou","rate_state",48,1048,1000144,1994,2.78898281653722,TRUE,FALSE,52,0,"existing",NA,"rep_0048_fit_rate_state.rds","/Users/sachitraghavan/Documents/seismology-project/outputs/simulation/fits/main_simulation/truth_ou/rep_0048_fit_rate_state.rds",0.00582071315265996,FALSE
"ou","mse",49,1049,1000146,4325,5.48446688254674,TRUE,FALSE,37,0,"existing",NA,"rep_0049_fit_mse.rds","/Users/sachitraghavan/Documents/seismology-project/outputs/simulation/fits/main_simulation/truth_ou/rep_0049_fit_mse.rds",0.00422201241529435,FALSE
"ou","rate_state",49,1049,1000147,4325,5.44828377962112,TRUE,FALSE,38,0,"existing",NA,"rep_0049_fit_rate_state.rds","/Users/sachitraghavan/Documents/seismology-project/outputs/simulation/fits/main_simulation/truth_ou/rep_0049_fit_rate_state.rds",0.00419807970957845,FALSE
"ou","mse",50,1050,1000149,3769,4.93170598347982,TRUE,FALSE,39,0,"existing",NA,"rep_0050_fit_mse.rds","/Users/sachitraghavan/Documents/seismology-project/outputs/simulation/fits/main_simulation/truth_ou/rep_0050_fit_mse.rds",0.00434815056685204,FALSE
"ou","rate_state",50,1050,1000150,3769,4.6018856326739,TRUE,FALSE,43,0,"existing",NA,"rep_0050_fit_rate_state.rds","/Users/sachitraghavan/Documents/seismology-project/outputs/simulation/fits/main_simulation/truth_ou/rep_0050_fit_rate_state.rds",0.00433783041097531,FALSE
"ou","mse",51,1051,1000152,2898,17.7339591145515,FALSE,TRUE,100,2,"existing",NA,"rep_0051_fit_mse.rds","/Users/sachitraghavan/Documents/seismology-project/outputs/simulation/fits/main_simulation/truth_ou/rep_0051_fit_mse.rds",0.00579850813379116,FALSE
"ou","rate_state",51,1051,1000153,2898,0.779562131563822,TRUE,FALSE,8,1,"existing",NA,"rep_0051_fit_rate_state.rds","/Users/sachitraghavan/Documents/seismology-project/outputs/simulation/fits/main_simulation/truth_ou/rep_0051_fit_rate_state.rds",8.78363273071419e-27,TRUE
"ou","mse",52,1052,1000155,3036,3.24866166512171,TRUE,FALSE,33,0,"existing",NA,"rep_0052_fit_mse.rds","/Users/sachitraghavan/Documents/seismology-project/outputs/simulation/fits/main_simulation/truth_ou/rep_0052_fit_mse.rds",0.00488558208362234,FALSE
"ou","rate_state",52,1052,1000156,3036,3.17673286596934,TRUE,FALSE,37,0,"existing",NA,"rep_0052_fit_rate_state.rds","/Users/sachitraghavan/Documents/seismology-project/outputs/simulation/fits/main_simulation/truth_ou/rep_0052_fit_rate_state.rds",0.00486611572785357,FALSE
"ou","mse",53,1053,1000158,2764,2.61746582984924,TRUE,FALSE,31,0,"existing",NA,"rep_0053_fit_mse.rds","/Users/sachitraghavan/Documents/seismology-project/outputs/simulation/fits/main_simulation/truth_ou/rep_0053_fit_mse.rds",0.00502177365702026,FALSE
"ou","rate_state",53,1053,1000159,2764,0.468553368250529,TRUE,FALSE,5,1,"existing",NA,"rep_0053_fit_rate_state.rds","/Users/sachitraghavan/Documents/seismology-project/outputs/simulation/fits/main_simulation/truth_ou/rep_0053_fit_rate_state.rds",3.00544760604159e-26,TRUE
"ou","mse",54,1054,1000161,1890,1.46858006715775,TRUE,FALSE,25,0,"existing",NA,"rep_0054_fit_mse.rds","/Users/sachitraghavan/Documents/seismology-project/outputs/simulation/fits/main_simulation/truth_ou/rep_0054_fit_mse.rds",0.00614290252623419,FALSE
"ou","rate_state",54,1054,1000162,1890,3.48961786826452,TRUE,FALSE,67,1,"existing",NA,"rep_0054_fit_rate_state.rds","/Users/sachitraghavan/Documents/seismology-project/outputs/simulation/fits/main_simulation/truth_ou/rep_0054_fit_rate_state.rds",0.00617042447786171,FALSE
"ou","mse",55,1055,1000164,2481,0.47239488363266,TRUE,FALSE,5,0,"existing",NA,"rep_0055_fit_mse.rds","/Users/sachitraghavan/Documents/seismology-project/outputs/simulation/fits/main_simulation/truth_ou/rep_0055_fit_mse.rds",8.90686664646747e-39,TRUE
"ou","rate_state",55,1055,1000165,2481,2.50101916790009,TRUE,FALSE,36,0,"existing",NA,"rep_0055_fit_rate_state.rds","/Users/sachitraghavan/Documents/seismology-project/outputs/simulation/fits/main_simulation/truth_ou/rep_0055_fit_rate_state.rds",0.00522827392647546,FALSE
"ou","mse",56,1056,1000167,5205,7.67384821573893,TRUE,FALSE,38,0,"existing",NA,"rep_0056_fit_mse.rds","/Users/sachitraghavan/Documents/seismology-project/outputs/simulation/fits/main_simulation/truth_ou/rep_0056_fit_mse.rds",0.00358306239591579,FALSE
"ou","rate_state",56,1056,1000168,5205,2.93665879964828,TRUE,FALSE,15,1,"existing",NA,"rep_0056_fit_rate_state.rds","/Users/sachitraghavan/Documents/seismology-project/outputs/simulation/fits/main_simulation/truth_ou/rep_0056_fit_rate_state.rds",5.09644513947257e-21,TRUE
"ou","mse",57,1057,1000170,1749,0.371663065751394,TRUE,FALSE,6,0,"existing",NA,"rep_0057_fit_mse.rds","/Users/sachitraghavan/Documents/seismology-project/outputs/simulation/fits/main_simulation/truth_ou/rep_0057_fit_mse.rds",3.30564097011595e-30,TRUE
"ou","rate_state",57,1057,1000171,1749,1.94964978297551,TRUE,FALSE,40,0,"existing",NA,"rep_0057_fit_rate_state.rds","/Users/sachitraghavan/Documents/seismology-project/outputs/simulation/fits/main_simulation/truth_ou/rep_0057_fit_rate_state.rds",0.00625281052989076,FALSE
"ou","mse",58,1058,1000173,3120,2.95243431727091,TRUE,FALSE,30,0,"existing",NA,"rep_0058_fit_mse.rds","/Users/sachitraghavan/Documents/seismology-project/outputs/simulation/fits/main_simulation/truth_ou/rep_0058_fit_mse.rds",0.00483748750969144,FALSE
"ou","rate_state",58,1058,1000174,3120,8.84551538228989,FALSE,TRUE,100,1,"existing",NA,"rep_0058_fit_rate_state.rds","/Users/sachitraghavan/Documents/seismology-project/outputs/simulation/fits/main_simulation/truth_ou/rep_0058_fit_rate_state.rds",0.00545164544681602,FALSE
"ou","mse",59,1059,1000176,2147,2.32102771600087,TRUE,FALSE,34,0,"existing",NA,"rep_0059_fit_mse.rds","/Users/sachitraghavan/Documents/seismology-project/outputs/simulation/fits/main_simulation/truth_ou/rep_0059_fit_mse.rds",0.00578771174790673,FALSE
"ou","rate_state",59,1059,1000177,2147,1.59441976547241,TRUE,FALSE,27,0,"existing",NA,"rep_0059_fit_rate_state.rds","/Users/sachitraghavan/Documents/seismology-project/outputs/simulation/fits/main_simulation/truth_ou/rep_0059_fit_rate_state.rds",0.00573387075182818,FALSE
"ou","mse",60,1060,1000179,3681,6.51129286686579,TRUE,FALSE,51,0,"existing",NA,"rep_0060_fit_mse.rds","/Users/sachitraghavan/Documents/seismology-project/outputs/simulation/fits/main_simulation/truth_ou/rep_0060_fit_mse.rds",0.00439967302732101,FALSE
"ou","rate_state",60,1060,1000180,3681,10.5932889819145,TRUE,FALSE,70,1,"existing",NA,"rep_0060_fit_rate_state.rds","/Users/sachitraghavan/Documents/seismology-project/outputs/simulation/fits/main_simulation/truth_ou/rep_0060_fit_rate_state.rds",2.39533745929308e-26,TRUE
"ou","mse",61,1061,1000182,5282,8.5250616033872,TRUE,FALSE,41,0,"existing",NA,"rep_0061_fit_mse.rds","/Users/sachitraghavan/Documents/seismology-project/outputs/simulation/fits/main_simulation/truth_ou/rep_0061_fit_mse.rds",0.00361991446781159,FALSE
"ou","rate_state",61,1061,1000183,5282,12.5771391987801,TRUE,FALSE,66,0,"existing",NA,"rep_0061_fit_rate_state.rds","/Users/sachitraghavan/Documents/seismology-project/outputs/simulation/fits/main_simulation/truth_ou/rep_0061_fit_rate_state.rds",0.00364332324034375,FALSE
"ou","mse",62,1062,1000185,2255,1.86272181669871,TRUE,FALSE,28,0,"existing",NA,"rep_0062_fit_mse.rds","/Users/sachitraghavan/Documents/seismology-project/outputs/simulation/fits/main_simulation/truth_ou/rep_0062_fit_mse.rds",0.00561698236823562,FALSE
"ou","rate_state",62,1062,1000186,2255,2.08133169809977,TRUE,FALSE,34,0,"existing",NA,"rep_0062_fit_rate_state.rds","/Users/sachitraghavan/Documents/seismology-project/outputs/simulation/fits/main_simulation/truth_ou/rep_0062_fit_rate_state.rds",0.0055877923362742,FALSE
"ou","mse",63,1063,1000188,2208,1.99958816766739,TRUE,FALSE,29,0,"existing",NA,"rep_0063_fit_mse.rds","/Users/sachitraghavan/Documents/seismology-project/outputs/simulation/fits/main_simulation/truth_ou/rep_0063_fit_mse.rds",0.00576232136029899,FALSE
"ou","rate_state",63,1063,1000189,2208,0.669687767823537,TRUE,FALSE,9,1,"existing",NA,"rep_0063_fit_rate_state.rds","/Users/sachitraghavan/Documents/seismology-project/outputs/simulation/fits/main_simulation/truth_ou/rep_0063_fit_rate_state.rds",5.13197002186245e-30,TRUE
"ou","mse",64,1064,1000191,3329,4.84003599882126,TRUE,FALSE,42,0,"existing",NA,"rep_0064_fit_mse.rds","/Users/sachitraghavan/Documents/seismology-project/outputs/simulation/fits/main_simulation/truth_ou/rep_0064_fit_mse.rds",0.00441665155598884,FALSE
"ou","rate_state",64,1064,1000192,3329,8.46619808673859,TRUE,FALSE,81,0,"existing",NA,"rep_0064_fit_rate_state.rds","/Users/sachitraghavan/Documents/seismology-project/outputs/simulation/fits/main_simulation/truth_ou/rep_0064_fit_rate_state.rds",0.00439004389159992,FALSE
"ou","mse",65,1065,1000194,1663,0.35396188100179,TRUE,FALSE,6,0,"existing",NA,"rep_0065_fit_mse.rds","/Users/sachitraghavan/Documents/seismology-project/outputs/simulation/fits/main_simulation/truth_ou/rep_0065_fit_mse.rds",1.98541407490432e-45,TRUE
"ou","rate_state",65,1065,1000195,1663,0.445272966225942,TRUE,FALSE,8,1,"existing",NA,"rep_0065_fit_rate_state.rds","/Users/sachitraghavan/Documents/seismology-project/outputs/simulation/fits/main_simulation/truth_ou/rep_0065_fit_rate_state.rds",2.89201921152142e-33,TRUE
"ou","mse",66,1066,1000197,2208,1.67662123441696,TRUE,FALSE,25,0,"existing",NA,"rep_0066_fit_mse.rds","/Users/sachitraghavan/Documents/seismology-project/outputs/simulation/fits/main_simulation/truth_ou/rep_0066_fit_mse.rds",0.00570471194549417,FALSE
"ou","rate_state",66,1066,1000198,2208,0.530192748705546,TRUE,FALSE,7,1,"existing",NA,"rep_0066_fit_rate_state.rds","/Users/sachitraghavan/Documents/seismology-project/outputs/simulation/fits/main_simulation/truth_ou/rep_0066_fit_rate_state.rds",9.79035551896232e-29,TRUE
"ou","mse",67,1067,1000200,2818,2.47649183273315,TRUE,FALSE,28,0,"existing",NA,"rep_0067_fit_mse.rds","/Users/sachitraghavan/Documents/seismology-project/outputs/simulation/fits/main_simulation/truth_ou/rep_0067_fit_mse.rds",0.00507705320138561,FALSE
"ou","rate_state",67,1067,1000201,2818,0.661036785443624,TRUE,FALSE,7,1,"existing",NA,"rep_0067_fit_rate_state.rds","/Users/sachitraghavan/Documents/seismology-project/outputs/simulation/fits/main_simulation/truth_ou/rep_0067_fit_rate_state.rds",2.44346005698543e-26,TRUE
"ou","mse",68,1068,1000203,1472,0.593856930732727,TRUE,FALSE,10,0,"existing",NA,"rep_0068_fit_mse.rds","/Users/sachitraghavan/Documents/seismology-project/outputs/simulation/fits/main_simulation/truth_ou/rep_0068_fit_mse.rds",2.34426164366168e-38,TRUE
"ou","rate_state",68,1068,1000204,1472,5.39011618296305,FALSE,TRUE,100,1,"existing",NA,"rep_0068_fit_rate_state.rds","/Users/sachitraghavan/Documents/seismology-project/outputs/simulation/fits/main_simulation/truth_ou/rep_0068_fit_rate_state.rds",1.0942864838321e-29,TRUE
"ou","mse",69,1069,1000206,1074,0.296611734231313,TRUE,FALSE,7,0,"existing",NA,"rep_0069_fit_mse.rds","/Users/sachitraghavan/Documents/seismology-project/outputs/simulation/fits/main_simulation/truth_ou/rep_0069_fit_mse.rds",8.93063708821275e-27,TRUE
"ou","rate_state",69,1069,1000207,1074,2.04508225123088,TRUE,FALSE,59,86,"existing",NA,"rep_0069_fit_rate_state.rds","/Users/sachitraghavan/Documents/seismology-project/outputs/simulation/fits/main_simulation/truth_ou/rep_0069_fit_rate_state.rds",0.00766688530386996,FALSE
"ou","mse",70,1070,1000209,4219,6.13772321542104,TRUE,FALSE,39,0,"existing",NA,"rep_0070_fit_mse.rds","/Users/sachitraghavan/Documents/seismology-project/outputs/simulation/fits/main_simulation/truth_ou/rep_0070_fit_mse.rds",0.00423114319991628,FALSE
"ou","rate_state",70,1070,1000210,4219,5.73416533470154,TRUE,FALSE,39,0,"existing",NA,"rep_0070_fit_rate_state.rds","/Users/sachitraghavan/Documents/seismology-project/outputs/simulation/fits/main_simulation/truth_ou/rep_0070_fit_rate_state.rds",0.00419814837905547,FALSE
"ou","mse",71,1071,1000212,1612,1.10010338226954,TRUE,FALSE,22,0,"existing",NA,"rep_0071_fit_mse.rds","/Users/sachitraghavan/Documents/seismology-project/outputs/simulation/fits/main_simulation/truth_ou/rep_0071_fit_mse.rds",0.00643376802406631,FALSE
"ou","rate_state",71,1071,1000213,1612,0.486863116423289,TRUE,FALSE,9,1,"existing",NA,"rep_0071_fit_rate_state.rds","/Users/sachitraghavan/Documents/seismology-project/outputs/simulation/fits/main_simulation/truth_ou/rep_0071_fit_rate_state.rds",5.17586027324952e-24,TRUE
"ou","mse",72,1072,1000215,1703,0.488020547231038,TRUE,FALSE,7,0,"existing",NA,"rep_0072_fit_mse.rds","/Users/sachitraghavan/Documents/seismology-project/outputs/simulation/fits/main_simulation/truth_ou/rep_0072_fit_mse.rds",2.02930428099934e-44,TRUE
"ou","rate_state",72,1072,1000216,1703,2.05163566668828,TRUE,FALSE,43,0,"existing",NA,"rep_0072_fit_rate_state.rds","/Users/sachitraghavan/Documents/seismology-project/outputs/simulation/fits/main_simulation/truth_ou/rep_0072_fit_rate_state.rds",0.00639865215741837,FALSE
"ou","mse",73,1073,1000218,2202,0.417448385556539,TRUE,FALSE,5,0,"existing",NA,"rep_0073_fit_mse.rds","/Users/sachitraghavan/Documents/seismology-project/outputs/simulation/fits/main_simulation/truth_ou/rep_0073_fit_mse.rds",3.50394121967155e-39,TRUE
"ou","rate_state",73,1073,1000219,2202,4.35839748382568,TRUE,FALSE,70,0,"existing",NA,"rep_0073_fit_rate_state.rds","/Users/sachitraghavan/Documents/seismology-project/outputs/simulation/fits/main_simulation/truth_ou/rep_0073_fit_rate_state.rds",0.00534436247875651,FALSE
"ou","mse",74,1074,1000221,1788,1.69114076693853,TRUE,FALSE,30,0,"existing",NA,"rep_0074_fit_mse.rds","/Users/sachitraghavan/Documents/seismology-project/outputs/simulation/fits/main_simulation/truth_ou/rep_0074_fit_mse.rds",0.00627381993252845,FALSE
"ou","rate_state",74,1074,1000222,1788,0.465306417147319,TRUE,FALSE,8,1,"existing",NA,"rep_0074_fit_rate_state.rds","/Users/sachitraghavan/Documents/seismology-project/outputs/simulation/fits/main_simulation/truth_ou/rep_0074_fit_rate_state.rds",2.54141167195583e-32,TRUE
"ou","mse",75,1075,1000224,6199,61.3602360010147,FALSE,TRUE,100,1,"existing",NA,"rep_0075_fit_mse.rds","/Users/sachitraghavan/Documents/seismology-project/outputs/simulation/fits/main_simulation/truth_ou/rep_0075_fit_mse.rds",0.00419698567163995,FALSE
"ou","rate_state",75,1075,1000225,6199,9.82502533594767,TRUE,FALSE,44,0,"existing",NA,"rep_0075_fit_rate_state.rds","/Users/sachitraghavan/Documents/seismology-project/outputs/simulation/fits/main_simulation/truth_ou/rep_0075_fit_rate_state.rds",0.00334119365616302,FALSE
"ou","mse",76,1076,1000227,2574,0.871833582719167,TRUE,FALSE,9,0,"existing",NA,"rep_0076_fit_mse.rds","/Users/sachitraghavan/Documents/seismology-project/outputs/simulation/fits/main_simulation/truth_ou/rep_0076_fit_mse.rds",2.25774996954892e-17,TRUE
"ou","rate_state",76,1076,1000228,2574,6.5786326845487,TRUE,FALSE,95,0,"existing",NA,"rep_0076_fit_rate_state.rds","/Users/sachitraghavan/Documents/seismology-project/outputs/simulation/fits/main_simulation/truth_ou/rep_0076_fit_rate_state.rds",0.00550086796747851,FALSE
"ou","mse",77,1077,1000230,1800,1.49177033106486,TRUE,FALSE,28,0,"existing",NA,"rep_0077_fit_mse.rds","/Users/sachitraghavan/Documents/seismology-project/outputs/simulation/fits/main_simulation/truth_ou/rep_0077_fit_mse.rds",0.00612645717451951,FALSE
"ou","rate_state",77,1077,1000231,1800,1.45472385088603,TRUE,FALSE,30,0,"existing",NA,"rep_0077_fit_rate_state.rds","/Users/sachitraghavan/Documents/seismology-project/outputs/simulation/fits/main_simulation/truth_ou/rep_0077_fit_rate_state.rds",0.00608672622525221,FALSE
"ou","mse",78,1078,1000233,6934,10.2384027004242,TRUE,FALSE,31,0,"existing",NA,"rep_0078_fit_mse.rds","/Users/sachitraghavan/Documents/seismology-project/outputs/simulation/fits/main_simulation/truth_ou/rep_0078_fit_mse.rds",0.00321405648692844,FALSE
"ou","rate_state",78,1078,1000234,6934,17.0802864511808,TRUE,FALSE,56,0,"existing",NA,"rep_0078_fit_rate_state.rds","/Users/sachitraghavan/Documents/seismology-project/outputs/simulation/fits/main_simulation/truth_ou/rep_0078_fit_rate_state.rds",0.0032247622925211,FALSE
"ou","mse",79,1079,1000236,1138,0.525594798723857,TRUE,FALSE,10,0,"existing",NA,"rep_0079_fit_mse.rds","/Users/sachitraghavan/Documents/seismology-project/outputs/simulation/fits/main_simulation/truth_ou/rep_0079_fit_mse.rds",5.14768709286737e-27,TRUE
"ou","rate_state",79,1079,1000237,1138,0.328261748949687,TRUE,FALSE,8,1,"existing",NA,"rep_0079_fit_rate_state.rds","/Users/sachitraghavan/Documents/seismology-project/outputs/simulation/fits/main_simulation/truth_ou/rep_0079_fit_rate_state.rds",4.42088963168166e-35,TRUE
"ou","mse",80,1080,1000239,2221,7.03627718289693,FALSE,TRUE,100,0,"existing",NA,"rep_0080_fit_mse.rds","/Users/sachitraghavan/Documents/seismology-project/outputs/simulation/fits/main_simulation/truth_ou/rep_0080_fit_mse.rds",0.0056434976684874,FALSE
"ou","rate_state",80,1080,1000240,2221,2.12193913062414,TRUE,FALSE,36,0,"existing",NA,"rep_0080_fit_rate_state.rds","/Users/sachitraghavan/Documents/seismology-project/outputs/simulation/fits/main_simulation/truth_ou/rep_0080_fit_rate_state.rds",0.00564773955479703,FALSE
"ou","mse",81,1081,1000242,1865,1.58909068504969,TRUE,FALSE,27,0,"existing",NA,"rep_0081_fit_mse.rds","/Users/sachitraghavan/Documents/seismology-project/outputs/simulation/fits/main_simulation/truth_ou/rep_0081_fit_mse.rds",0.00606701166432417,FALSE
"ou","rate_state",81,1081,1000243,1865,2.3158175667127,TRUE,FALSE,45,0,"existing",NA,"rep_0081_fit_rate_state.rds","/Users/sachitraghavan/Documents/seismology-project/outputs/simulation/fits/main_simulation/truth_ou/rep_0081_fit_rate_state.rds",0.00608076352016702,FALSE
"ou","mse",82,1082,1000245,3552,4.49238358338674,TRUE,FALSE,37,0,"existing",NA,"rep_0082_fit_mse.rds","/Users/sachitraghavan/Documents/seismology-project/outputs/simulation/fits/main_simulation/truth_ou/rep_0082_fit_mse.rds",0.00431346786976415,FALSE
"ou","rate_state",82,1082,1000246,3552,1.19323566754659,TRUE,FALSE,10,1,"existing",NA,"rep_0082_fit_rate_state.rds","/Users/sachitraghavan/Documents/seismology-project/outputs/simulation/fits/main_simulation/truth_ou/rep_0082_fit_rate_state.rds",3.14888194586757e-28,TRUE
"ou","mse",83,1083,1000248,3750,4.30464371442795,TRUE,FALSE,34,0,"existing",NA,"rep_0083_fit_mse.rds","/Users/sachitraghavan/Documents/seismology-project/outputs/simulation/fits/main_simulation/truth_ou/rep_0083_fit_mse.rds",0.00457513049403436,FALSE
"ou","rate_state",83,1083,1000249,3750,2.78784243663152,TRUE,FALSE,20,1,"existing",NA,"rep_0083_fit_rate_state.rds","/Users/sachitraghavan/Documents/seismology-project/outputs/simulation/fits/main_simulation/truth_ou/rep_0083_fit_rate_state.rds",1.340037320945e-20,TRUE
"ou","mse",84,1084,1000251,2343,2.26875824928284,TRUE,FALSE,30,0,"existing",NA,"rep_0084_fit_mse.rds","/Users/sachitraghavan/Documents/seismology-project/outputs/simulation/fits/main_simulation/truth_ou/rep_0084_fit_mse.rds",0.00556305263513164,FALSE
"ou","rate_state",84,1084,1000252,2343,0.651766447226206,TRUE,FALSE,8,1,"existing",NA,"rep_0084_fit_rate_state.rds","/Users/sachitraghavan/Documents/seismology-project/outputs/simulation/fits/main_simulation/truth_ou/rep_0084_fit_rate_state.rds",9.10444670559387e-29,TRUE
"ou","mse",85,1085,1000254,2815,2.73817126750946,TRUE,FALSE,31,0,"existing",NA,"rep_0085_fit_mse.rds","/Users/sachitraghavan/Documents/seismology-project/outputs/simulation/fits/main_simulation/truth_ou/rep_0085_fit_mse.rds",0.00482413870637315,FALSE
"ou","rate_state",85,1085,1000255,2815,0.493747897942861,TRUE,FALSE,5,1,"existing",NA,"rep_0085_fit_rate_state.rds","/Users/sachitraghavan/Documents/seismology-project/outputs/simulation/fits/main_simulation/truth_ou/rep_0085_fit_rate_state.rds",1.39046046302449e-28,TRUE
"ou","mse",86,1086,1000257,2478,0.729506933689117,TRUE,FALSE,8,0,"existing",NA,"rep_0086_fit_mse.rds","/Users/sachitraghavan/Documents/seismology-project/outputs/simulation/fits/main_simulation/truth_ou/rep_0086_fit_mse.rds",1.54615019288993e-38,TRUE
"ou","rate_state",86,1086,1000258,2478,2.12567035357157,TRUE,FALSE,30,0,"existing",NA,"rep_0086_fit_rate_state.rds","/Users/sachitraghavan/Documents/seismology-project/outputs/simulation/fits/main_simulation/truth_ou/rep_0086_fit_rate_state.rds",0.00515575349452211,FALSE
"ou","mse",87,1087,1000260,3578,24.6654900828997,FALSE,TRUE,100,1,"existing",NA,"rep_0087_fit_mse.rds","/Users/sachitraghavan/Documents/seismology-project/outputs/simulation/fits/main_simulation/truth_ou/rep_0087_fit_mse.rds",0.00523004353555423,FALSE
"ou","rate_state",87,1087,1000261,3578,2.05677693287532,TRUE,FALSE,18,1,"existing",NA,"rep_0087_fit_rate_state.rds","/Users/sachitraghavan/Documents/seismology-project/outputs/simulation/fits/main_simulation/truth_ou/rep_0087_fit_rate_state.rds",4.94863015630296e-25,TRUE
"ou","mse",88,1088,1000263,2792,2.4857630332311,TRUE,FALSE,28,0,"existing",NA,"rep_0088_fit_mse.rds","/Users/sachitraghavan/Documents/seismology-project/outputs/simulation/fits/main_simulation/truth_ou/rep_0088_fit_mse.rds",0.00495356301757961,FALSE
"ou","rate_state",88,1088,1000264,2792,0.858226084709168,TRUE,FALSE,9,1,"existing",NA,"rep_0088_fit_rate_state.rds","/Users/sachitraghavan/Documents/seismology-project/outputs/simulation/fits/main_simulation/truth_ou/rep_0088_fit_rate_state.rds",3.43124728428211e-24,TRUE
"ou","mse",89,1089,1000266,1546,1.22201751470566,TRUE,FALSE,25,0,"existing",NA,"rep_0089_fit_mse.rds","/Users/sachitraghavan/Documents/seismology-project/outputs/simulation/fits/main_simulation/truth_ou/rep_0089_fit_mse.rds",0.00682986707350061,FALSE
"ou","rate_state",89,1089,1000267,1546,0.277182833353678,TRUE,FALSE,5,1,"existing",NA,"rep_0089_fit_rate_state.rds","/Users/sachitraghavan/Documents/seismology-project/outputs/simulation/fits/main_simulation/truth_ou/rep_0089_fit_rate_state.rds",1.80275239763947e-35,TRUE
"ou","mse",90,1090,1000269,2949,2.80454411506653,TRUE,FALSE,30,0,"existing",NA,"rep_0090_fit_mse.rds","/Users/sachitraghavan/Documents/seismology-project/outputs/simulation/fits/main_simulation/truth_ou/rep_0090_fit_mse.rds",0.00481392386508022,FALSE
"ou","rate_state",90,1090,1000270,2949,3.22557198206584,TRUE,FALSE,38,0,"existing",NA,"rep_0090_fit_rate_state.rds","/Users/sachitraghavan/Documents/seismology-project/outputs/simulation/fits/main_simulation/truth_ou/rep_0090_fit_rate_state.rds",0.0047787711804891,FALSE
"ou","mse",91,1091,1000272,1799,1.57782258192698,TRUE,FALSE,28,0,"existing",NA,"rep_0091_fit_mse.rds","/Users/sachitraghavan/Documents/seismology-project/outputs/simulation/fits/main_simulation/truth_ou/rep_0091_fit_mse.rds",0.00618073003656168,FALSE
"ou","rate_state",91,1091,1000273,1799,0.89994238615036,TRUE,FALSE,15,1,"existing",NA,"rep_0091_fit_rate_state.rds","/Users/sachitraghavan/Documents/seismology-project/outputs/simulation/fits/main_simulation/truth_ou/rep_0091_fit_rate_state.rds",1.37903716214384e-33,TRUE
"ou","mse",92,1092,1000275,5765,8.90257808367411,TRUE,FALSE,36,1,"existing",NA,"rep_0092_fit_mse.rds","/Users/sachitraghavan/Documents/seismology-project/outputs/simulation/fits/main_simulation/truth_ou/rep_0092_fit_mse.rds",0.00361405000517343,FALSE
"ou","rate_state",92,1092,1000276,5765,20.2310744484266,FALSE,TRUE,100,1,"existing",NA,"rep_0092_fit_rate_state.rds","/Users/sachitraghavan/Documents/seismology-project/outputs/simulation/fits/main_simulation/truth_ou/rep_0092_fit_rate_state.rds",0.0036135797887391,FALSE
"ou","mse",93,1093,1000278,2887,3.48330558141073,TRUE,FALSE,39,0,"existing",NA,"rep_0093_fit_mse.rds","/Users/sachitraghavan/Documents/seismology-project/outputs/simulation/fits/main_simulation/truth_ou/rep_0093_fit_mse.rds",0.00465399909971603,FALSE
"ou","rate_state",93,1093,1000279,2887,2.89653270244598,TRUE,FALSE,37,0,"existing",NA,"rep_0093_fit_rate_state.rds","/Users/sachitraghavan/Documents/seismology-project/outputs/simulation/fits/main_simulation/truth_ou/rep_0093_fit_rate_state.rds",0.00464782994374217,FALSE
"ou","mse",94,1094,1000281,3157,3.36750669876734,TRUE,FALSE,31,0,"existing",NA,"rep_0094_fit_mse.rds","/Users/sachitraghavan/Documents/seismology-project/outputs/simulation/fits/main_simulation/truth_ou/rep_0094_fit_mse.rds",0.00491826087847245,FALSE
"ou","rate_state",94,1094,1000282,3157,3.16170448064804,TRUE,FALSE,28,1,"existing",NA,"rep_0094_fit_rate_state.rds","/Users/sachitraghavan/Documents/seismology-project/outputs/simulation/fits/main_simulation/truth_ou/rep_0094_fit_rate_state.rds",1.59906251747476e-22,TRUE
"ou","mse",95,1095,1000284,2279,1.94830078283946,TRUE,FALSE,28,0,"existing",NA,"rep_0095_fit_mse.rds","/Users/sachitraghavan/Documents/seismology-project/outputs/simulation/fits/main_simulation/truth_ou/rep_0095_fit_mse.rds",0.00578054763820701,FALSE
"ou","rate_state",95,1095,1000285,2279,6.20937198003133,FALSE,TRUE,100,1,"existing",NA,"rep_0095_fit_rate_state.rds","/Users/sachitraghavan/Documents/seismology-project/outputs/simulation/fits/main_simulation/truth_ou/rep_0095_fit_rate_state.rds",0.00616543313263835,FALSE
"ou","mse",96,1096,1000287,2004,1.82290296554565,TRUE,FALSE,29,0,"existing",NA,"rep_0096_fit_mse.rds","/Users/sachitraghavan/Documents/seismology-project/outputs/simulation/fits/main_simulation/truth_ou/rep_0096_fit_mse.rds",0.00580388273565894,FALSE
"ou","rate_state",96,1096,1000288,2004,0.552114033699036,TRUE,FALSE,8,1,"existing",NA,"rep_0096_fit_rate_state.rds","/Users/sachitraghavan/Documents/seismology-project/outputs/simulation/fits/main_simulation/truth_ou/rep_0096_fit_rate_state.rds",1.35992439030124e-30,TRUE
"ou","mse",97,1097,1000290,2130,8.6839446981748,FALSE,TRUE,100,0,"existing",NA,"rep_0097_fit_mse.rds","/Users/sachitraghavan/Documents/seismology-project/outputs/simulation/fits/main_simulation/truth_ou/rep_0097_fit_mse.rds",1.22900005555987e-45,TRUE
"ou","rate_state",97,1097,1000291,2130,0.55689773162206,TRUE,FALSE,8,1,"existing",NA,"rep_0097_fit_rate_state.rds","/Users/sachitraghavan/Documents/seismology-project/outputs/simulation/fits/main_simulation/truth_ou/rep_0097_fit_rate_state.rds",4.21237108367041e-31,TRUE
"ou","mse",98,1098,1000293,2681,2.28684964974721,TRUE,FALSE,28,0,"existing",NA,"rep_0098_fit_mse.rds","/Users/sachitraghavan/Documents/seismology-project/outputs/simulation/fits/main_simulation/truth_ou/rep_0098_fit_mse.rds",0.00533717246371425,FALSE
"ou","rate_state",98,1098,1000294,2681,0.751088400681814,TRUE,FALSE,8,1,"existing",NA,"rep_0098_fit_rate_state.rds","/Users/sachitraghavan/Documents/seismology-project/outputs/simulation/fits/main_simulation/truth_ou/rep_0098_fit_rate_state.rds",5.16595585383552e-25,TRUE
"ou","mse",99,1099,1000296,2374,1.94143228530884,TRUE,FALSE,26,0,"existing",NA,"rep_0099_fit_mse.rds","/Users/sachitraghavan/Documents/seismology-project/outputs/simulation/fits/main_simulation/truth_ou/rep_0099_fit_mse.rds",0.00550387751060267,FALSE
"ou","rate_state",99,1099,1000297,2374,0.401833649476369,TRUE,FALSE,5,1,"existing",NA,"rep_0099_fit_rate_state.rds","/Users/sachitraghavan/Documents/seismology-project/outputs/simulation/fits/main_simulation/truth_ou/rep_0099_fit_rate_state.rds",2.84813018803784e-25,TRUE
"ou","mse",100,1100,1000299,1610,0.608327714602153,TRUE,FALSE,9,0,"existing",NA,"rep_0100_fit_mse.rds","/Users/sachitraghavan/Documents/seismology-project/outputs/simulation/fits/main_simulation/truth_ou/rep_0100_fit_mse.rds",1.27322530708316e-33,TRUE
"ou","rate_state",100,1100,1000300,1610,0.282582763830821,TRUE,FALSE,5,1,"existing",NA,"rep_0100_fit_rate_state.rds","/Users/sachitraghavan/Documents/seismology-project/outputs/simulation/fits/main_simulation/truth_ou/rep_0100_fit_rate_state.rds",1.1194301778277e-35,TRUE
"mse","mse",1,2001,1000302,2175,10.8901325503985,FALSE,TRUE,100,0,"existing",NA,"rep_0001_fit_mse.rds","/Users/sachitraghavan/Documents/seismology-project/outputs/simulation/fits/main_simulation/truth_mse/rep_0001_fit_mse.rds",4.85408575090397e-29,TRUE
"mse","rate_state",1,2001,1000303,2175,0.447767964998881,TRUE,FALSE,6,1,"existing",NA,"rep_0001_fit_rate_state.rds","/Users/sachitraghavan/Documents/seismology-project/outputs/simulation/fits/main_simulation/truth_mse/rep_0001_fit_rate_state.rds",5.19471141695325e-22,TRUE
"mse","mse",2,2002,1000305,1916,0.469848585128784,TRUE,FALSE,7,0,"existing",NA,"rep_0002_fit_mse.rds","/Users/sachitraghavan/Documents/seismology-project/outputs/simulation/fits/main_simulation/truth_mse/rep_0002_fit_mse.rds",7.74793476397239e-30,TRUE
"mse","rate_state",2,2002,1000306,1916,5.78846555153529,FALSE,TRUE,100,0,"existing",NA,"rep_0002_fit_rate_state.rds","/Users/sachitraghavan/Documents/seismology-project/outputs/simulation/fits/main_simulation/truth_mse/rep_0002_fit_rate_state.rds",0.00638215803882152,FALSE
"mse","mse",3,2003,1000308,1569,0.389997998873393,TRUE,FALSE,7,0,"existing",NA,"rep_0003_fit_mse.rds","/Users/sachitraghavan/Documents/seismology-project/outputs/simulation/fits/main_simulation/truth_mse/rep_0003_fit_mse.rds",3.07870854597192e-24,TRUE
"mse","rate_state",3,2003,1000309,1569,0.310850667953491,TRUE,FALSE,6,1,"existing",NA,"rep_0003_fit_rate_state.rds","/Users/sachitraghavan/Documents/seismology-project/outputs/simulation/fits/main_simulation/truth_mse/rep_0003_fit_rate_state.rds",3.71239910420464e-20,TRUE
"mse","mse",4,2004,1000311,4177,5.59466565052668,TRUE,FALSE,36,0,"existing",NA,"rep_0004_fit_mse.rds","/Users/sachitraghavan/Documents/seismology-project/outputs/simulation/fits/main_simulation/truth_mse/rep_0004_fit_mse.rds",0.00420650049592006,FALSE
"mse","rate_state",4,2004,1000312,4177,14.0212233185768,TRUE,FALSE,93,1,"existing",NA,"rep_0004_fit_rate_state.rds","/Users/sachitraghavan/Documents/seismology-project/outputs/simulation/fits/main_simulation/truth_mse/rep_0004_fit_rate_state.rds",3.42816874216569e-11,TRUE
"mse","mse",5,2005,1000314,1619,1.46172715028127,TRUE,FALSE,30,0,"existing",NA,"rep_0005_fit_mse.rds","/Users/sachitraghavan/Documents/seismology-project/outputs/simulation/fits/main_simulation/truth_mse/rep_0005_fit_mse.rds",0.006471964428374,FALSE
"mse","rate_state",5,2005,1000315,1619,0.440185101826986,TRUE,FALSE,8,1,"existing",NA,"rep_0005_fit_rate_state.rds","/Users/sachitraghavan/Documents/seismology-project/outputs/simulation/fits/main_simulation/truth_mse/rep_0005_fit_rate_state.rds",1.74023172177192e-25,TRUE
"mse","mse",6,2006,1000317,2635,0.679375982284546,TRUE,FALSE,7,0,"existing",NA,"rep_0006_fit_mse.rds","/Users/sachitraghavan/Documents/seismology-project/outputs/simulation/fits/main_simulation/truth_mse/rep_0006_fit_mse.rds",5.09056143540214e-36,TRUE
"mse","rate_state",6,2006,1000318,2635,0.46982646783193,TRUE,FALSE,5,1,"existing",NA,"rep_0006_fit_rate_state.rds","/Users/sachitraghavan/Documents/seismology-project/outputs/simulation/fits/main_simulation/truth_mse/rep_0006_fit_rate_state.rds",1.59667030482893e-20,TRUE
"mse","mse",7,2007,1000320,2266,0.575123083591461,TRUE,FALSE,7,0,"existing",NA,"rep_0007_fit_mse.rds","/Users/sachitraghavan/Documents/seismology-project/outputs/simulation/fits/main_simulation/truth_mse/rep_0007_fit_mse.rds",6.01076290174416e-42,TRUE
"mse","rate_state",7,2007,1000321,2266,1.45808875163396,TRUE,FALSE,16,1,"existing",NA,"rep_0007_fit_rate_state.rds","/Users/sachitraghavan/Documents/seismology-project/outputs/simulation/fits/main_simulation/truth_mse/rep_0007_fit_rate_state.rds",6.75241829390652e-20,TRUE
"mse","mse",8,2008,1000323,2024,0.481411751111348,TRUE,FALSE,7,0,"existing",NA,"rep_0008_fit_mse.rds","/Users/sachitraghavan/Documents/seismology-project/outputs/simulation/fits/main_simulation/truth_mse/rep_0008_fit_mse.rds",6.64189600305195e-39,TRUE
"mse","rate_state",8,2008,1000324,2024,6.71046013434728,FALSE,TRUE,100,2,"existing",NA,"rep_0008_fit_rate_state.rds","/Users/sachitraghavan/Documents/seismology-project/outputs/simulation/fits/main_simulation/truth_mse/rep_0008_fit_rate_state.rds",0.0077559751191634,FALSE
"mse","mse",9,2009,1000326,2017,0.492017316818237,TRUE,FALSE,7,0,"existing",NA,"rep_0009_fit_mse.rds","/Users/sachitraghavan/Documents/seismology-project/outputs/simulation/fits/main_simulation/truth_mse/rep_0009_fit_mse.rds",4.3670024444977e-14,TRUE
"mse","rate_state",9,2009,1000327,2017,1.01188583374023,TRUE,FALSE,16,1,"existing",NA,"rep_0009_fit_rate_state.rds","/Users/sachitraghavan/Documents/seismology-project/outputs/simulation/fits/main_simulation/truth_mse/rep_0009_fit_rate_state.rds",1.6072325624741e-21,TRUE
"mse","mse",10,2010,1000329,3120,3.61119478543599,TRUE,FALSE,32,0,"existing",NA,"rep_0010_fit_mse.rds","/Users/sachitraghavan/Documents/seismology-project/outputs/simulation/fits/main_simulation/truth_mse/rep_0010_fit_mse.rds",0.00463568987370127,FALSE
"mse","rate_state",10,2010,1000330,3120,11.0932071328163,FALSE,TRUE,100,1,"existing",NA,"rep_0010_fit_rate_state.rds","/Users/sachitraghavan/Documents/seismology-project/outputs/simulation/fits/main_simulation/truth_mse/rep_0010_fit_rate_state.rds",3.2431188791294e-13,TRUE
"mse","mse",11,2011,1000332,1394,0.688894200325012,TRUE,FALSE,13,0,"existing",NA,"rep_0011_fit_mse.rds","/Users/sachitraghavan/Documents/seismology-project/outputs/simulation/fits/main_simulation/truth_mse/rep_0011_fit_mse.rds",6.4257083812833e-21,TRUE
"mse","rate_state",11,2011,1000333,1394,4.9432311852773,FALSE,TRUE,100,8643,"existing",NA,"rep_0011_fit_rate_state.rds","/Users/sachitraghavan/Documents/seismology-project/outputs/simulation/fits/main_simulation/truth_mse/rep_0011_fit_rate_state.rds",0.0104411566744562,FALSE
"mse","mse",12,2012,1000335,3899,5.59346278508504,TRUE,FALSE,39,0,"existing",NA,"rep_0012_fit_mse.rds","/Users/sachitraghavan/Documents/seismology-project/outputs/simulation/fits/main_simulation/truth_mse/rep_0012_fit_mse.rds",0.00440195582229736,FALSE
"mse","rate_state",12,2012,1000336,3899,16.0780939181646,FALSE,TRUE,100,1,"existing",NA,"rep_0012_fit_rate_state.rds","/Users/sachitraghavan/Documents/seismology-project/outputs/simulation/fits/main_simulation/truth_mse/rep_0012_fit_rate_state.rds",1.71987617313847e-50,TRUE
"mse","mse",13,2013,1000338,1536,0.397308401266734,TRUE,FALSE,7,0,"existing",NA,"rep_0013_fit_mse.rds","/Users/sachitraghavan/Documents/seismology-project/outputs/simulation/fits/main_simulation/truth_mse/rep_0013_fit_mse.rds",2.84707587978035e-25,TRUE
"mse","rate_state",13,2013,1000339,1536,0.425338164965312,TRUE,FALSE,8,1,"existing",NA,"rep_0013_fit_rate_state.rds","/Users/sachitraghavan/Documents/seismology-project/outputs/simulation/fits/main_simulation/truth_mse/rep_0013_fit_rate_state.rds",1.4289302093627e-27,TRUE
"mse","mse",14,2014,1000341,1719,0.424429980913798,TRUE,FALSE,7,0,"existing",NA,"rep_0014_fit_mse.rds","/Users/sachitraghavan/Documents/seismology-project/outputs/simulation/fits/main_simulation/truth_mse/rep_0014_fit_mse.rds",4.22159115894499e-22,TRUE
"mse","rate_state",14,2014,1000342,1719,6.49754969676336,FALSE,TRUE,100,1,"existing",NA,"rep_0014_fit_rate_state.rds","/Users/sachitraghavan/Documents/seismology-project/outputs/simulation/fits/main_simulation/truth_mse/rep_0014_fit_rate_state.rds",0.00776666821172985,FALSE
"mse","mse",15,2015,1000344,1908,0.48426548242569,TRUE,FALSE,7,0,"existing",NA,"rep_0015_fit_mse.rds","/Users/sachitraghavan/Documents/seismology-project/outputs/simulation/fits/main_simulation/truth_mse/rep_0015_fit_mse.rds",1.04907209313592e-31,TRUE
"mse","rate_state",15,2015,1000345,1908,0.509101784229279,TRUE,FALSE,8,1,"existing",NA,"rep_0015_fit_rate_state.rds","/Users/sachitraghavan/Documents/seismology-project/outputs/simulation/fits/main_simulation/truth_mse/rep_0015_fit_rate_state.rds",9.46962262025317e-26,TRUE
"mse","mse",16,2016,1000347,3759,5.45407481590907,TRUE,FALSE,45,0,"existing",NA,"rep_0016_fit_mse.rds","/Users/sachitraghavan/Documents/seismology-project/outputs/simulation/fits/main_simulation/truth_mse/rep_0016_fit_mse.rds",0.00452937283345258,FALSE
"mse","rate_state",16,2016,1000348,3759,13.7935875693957,FALSE,TRUE,100,7331,"existing",NA,"rep_0016_fit_rate_state.rds","/Users/sachitraghavan/Documents/seismology-project/outputs/simulation/fits/main_simulation/truth_mse/rep_0016_fit_rate_state.rds",0.00728489295897876,FALSE
"mse","mse",17,2017,1000350,3869,5.76513489882151,TRUE,FALSE,41,0,"existing",NA,"rep_0017_fit_mse.rds","/Users/sachitraghavan/Documents/seismology-project/outputs/simulation/fits/main_simulation/truth_mse/rep_0017_fit_mse.rds",0.00442065033841379,FALSE
"mse","rate_state",17,2017,1000351,3869,9.87046953439713,TRUE,FALSE,65,1,"existing",NA,"rep_0017_fit_rate_state.rds","/Users/sachitraghavan/Documents/seismology-project/outputs/simulation/fits/main_simulation/truth_mse/rep_0017_fit_rate_state.rds",1.68874877240587e-12,TRUE
"mse","mse",18,2018,1000353,3568,3.9275698184967,TRUE,FALSE,36,0,"existing",NA,"rep_0018_fit_mse.rds","/Users/sachitraghavan/Documents/seismology-project/outputs/simulation/fits/main_simulation/truth_mse/rep_0018_fit_mse.rds",0.00449976584692241,FALSE
"mse","rate_state",18,2018,1000354,3568,12.5484202663104,FALSE,TRUE,100,0,"existing",NA,"rep_0018_fit_rate_state.rds","/Users/sachitraghavan/Documents/seismology-project/outputs/simulation/fits/main_simulation/truth_mse/rep_0018_fit_rate_state.rds",0.00526823964849215,FALSE
"mse","mse",19,2019,1000356,3592,5.13019426663717,TRUE,FALSE,46,0,"existing",NA,"rep_0019_fit_mse.rds","/Users/sachitraghavan/Documents/seismology-project/outputs/simulation/fits/main_simulation/truth_mse/rep_0019_fit_mse.rds",0.00452138165648598,FALSE
"mse","rate_state",19,2019,1000357,3592,14.919345565637,FALSE,TRUE,100,1,"existing",NA,"rep_0019_fit_rate_state.rds","/Users/sachitraghavan/Documents/seismology-project/outputs/simulation/fits/main_simulation/truth_mse/rep_0019_fit_rate_state.rds",7.95442509711402e-85,TRUE
"mse","mse",20,2020,1000359,2132,8.49604399998983,FALSE,TRUE,100,0,"existing",NA,"rep_0020_fit_mse.rds","/Users/sachitraghavan/Documents/seismology-project/outputs/simulation/fits/main_simulation/truth_mse/rep_0020_fit_mse.rds",1.96970822371841e-35,TRUE
"mse","rate_state",20,2020,1000360,2132,0.418118230501811,TRUE,FALSE,6,1,"existing",NA,"rep_0020_fit_rate_state.rds","/Users/sachitraghavan/Documents/seismology-project/outputs/simulation/fits/main_simulation/truth_mse/rep_0020_fit_rate_state.rds",2.68870653563233e-17,TRUE
"mse","mse",21,2021,1000362,3866,5.94405194918315,TRUE,FALSE,43,0,"existing",NA,"rep_0021_fit_mse.rds","/Users/sachitraghavan/Documents/seismology-project/outputs/simulation/fits/main_simulation/truth_mse/rep_0021_fit_mse.rds",0.00422888648662413,FALSE
"mse","rate_state",21,2021,1000363,3866,13.0278094172478,FALSE,TRUE,100,1,"existing",NA,"rep_0021_fit_rate_state.rds","/Users/sachitraghavan/Documents/seismology-project/outputs/simulation/fits/main_simulation/truth_mse/rep_0021_fit_rate_state.rds",2.08566571110999e-14,TRUE
"mse","mse",22,2022,1000365,3743,4.04745463132858,TRUE,FALSE,27,0,"existing",NA,"rep_0022_fit_mse.rds","/Users/sachitraghavan/Documents/seismology-project/outputs/simulation/fits/main_simulation/truth_mse/rep_0022_fit_mse.rds",0.00435079125972843,FALSE
"mse","rate_state",22,2022,1000366,3743,14.055849635601,FALSE,TRUE,100,0,"existing",NA,"rep_0022_fit_rate_state.rds","/Users/sachitraghavan/Documents/seismology-project/outputs/simulation/fits/main_simulation/truth_mse/rep_0022_fit_rate_state.rds",0.00633977171094476,FALSE
"mse","mse",23,2023,1000368,1928,0.473607416947683,TRUE,FALSE,7,0,"existing",NA,"rep_0023_fit_mse.rds","/Users/sachitraghavan/Documents/seismology-project/outputs/simulation/fits/main_simulation/truth_mse/rep_0023_fit_mse.rds",7.12215547249755e-32,TRUE
"mse","rate_state",23,2023,1000369,1928,5.57746821641922,FALSE,TRUE,100,1,"existing",NA,"rep_0023_fit_rate_state.rds","/Users/sachitraghavan/Documents/seismology-project/outputs/simulation/fits/main_simulation/truth_mse/rep_0023_fit_rate_state.rds",0.00633606549639527,FALSE
"mse","mse",24,2024,1000371,1555,0.362661763032277,TRUE,FALSE,7,0,"existing",NA,"rep_0024_fit_mse.rds","/Users/sachitraghavan/Documents/seismology-project/outputs/simulation/fits/main_simulation/truth_mse/rep_0024_fit_mse.rds",8.74210688998004e-31,TRUE
"mse","rate_state",24,2024,1000372,1555,4.3996670683225,FALSE,TRUE,100,2954,"existing",NA,"rep_0024_fit_rate_state.rds","/Users/sachitraghavan/Documents/seismology-project/outputs/simulation/fits/main_simulation/truth_mse/rep_0024_fit_rate_state.rds",0.00963207657355539,FALSE
"mse","mse",25,2025,1000374,2216,0.612524382273356,TRUE,FALSE,7,0,"existing",NA,"rep_0025_fit_mse.rds","/Users/sachitraghavan/Documents/seismology-project/outputs/simulation/fits/main_simulation/truth_mse/rep_0025_fit_mse.rds",1.10127034410936e-30,TRUE
"mse","rate_state",25,2025,1000375,2216,0.357022281487783,TRUE,FALSE,5,1,"existing",NA,"rep_0025_fit_rate_state.rds","/Users/sachitraghavan/Documents/seismology-project/outputs/simulation/fits/main_simulation/truth_mse/rep_0025_fit_rate_state.rds",4.75488519677642e-21,TRUE
"mse","mse",26,2026,1000377,1527,1.28739310105642,TRUE,FALSE,29,0,"existing",NA,"rep_0026_fit_mse.rds","/Users/sachitraghavan/Documents/seismology-project/outputs/simulation/fits/main_simulation/truth_mse/rep_0026_fit_mse.rds",0.00671736869504301,FALSE
"mse","rate_state",26,2026,1000378,1527,3.18146453301112,TRUE,FALSE,58,1,"existing",NA,"rep_0026_fit_rate_state.rds","/Users/sachitraghavan/Documents/seismology-project/outputs/simulation/fits/main_simulation/truth_mse/rep_0026_fit_rate_state.rds",5.94945122321885e-24,TRUE
"mse","mse",27,2027,1000380,5027,8.72330393393834,TRUE,FALSE,44,0,"existing",NA,"rep_0027_fit_mse.rds","/Users/sachitraghavan/Documents/seismology-project/outputs/simulation/fits/main_simulation/truth_mse/rep_0027_fit_mse.rds",0.00392469101077663,FALSE
"mse","rate_state",27,2027,1000381,5027,20.8487962166468,FALSE,TRUE,100,0,"existing",NA,"rep_0027_fit_rate_state.rds","/Users/sachitraghavan/Documents/seismology-project/outputs/simulation/fits/main_simulation/truth_mse/rep_0027_fit_rate_state.rds",0.00476965205517105,FALSE
"mse","mse",28,2028,1000383,1942,0.473332118988037,TRUE,FALSE,7,0,"existing",NA,"rep_0028_fit_mse.rds","/Users/sachitraghavan/Documents/seismology-project/outputs/simulation/fits/main_simulation/truth_mse/rep_0028_fit_mse.rds",2.32736549739002e-35,TRUE
"mse","rate_state",28,2028,1000384,1942,7.05526596705119,FALSE,TRUE,100,9442,"existing",NA,"rep_0028_fit_rate_state.rds","/Users/sachitraghavan/Documents/seismology-project/outputs/simulation/fits/main_simulation/truth_mse/rep_0028_fit_rate_state.rds",0.00924146643712064,FALSE
"mse","mse",29,2029,1000386,1601,6.41835893392563,FALSE,TRUE,100,0,"existing",NA,"rep_0029_fit_mse.rds","/Users/sachitraghavan/Documents/seismology-project/outputs/simulation/fits/main_simulation/truth_mse/rep_0029_fit_mse.rds",1.51444878342995e-28,TRUE
"mse","rate_state",29,2029,1000387,1601,0.358580418427785,TRUE,FALSE,7,1,"existing",NA,"rep_0029_fit_rate_state.rds","/Users/sachitraghavan/Documents/seismology-project/outputs/simulation/fits/main_simulation/truth_mse/rep_0029_fit_rate_state.rds",1.42344131181462e-25,TRUE
"mse","mse",30,2030,1000389,1463,2.52230184872945,TRUE,FALSE,35,0,"existing",NA,"rep_0030_fit_mse.rds","/Users/sachitraghavan/Documents/seismology-project/outputs/simulation/fits/main_simulation/truth_mse/rep_0030_fit_mse.rds",8.3793257296392e-24,TRUE
"mse","rate_state",30,2030,1000390,1463,0.850054081281026,TRUE,FALSE,14,1,"existing",NA,"rep_0030_fit_rate_state.rds","/Users/sachitraghavan/Documents/seismology-project/outputs/simulation/fits/main_simulation/truth_mse/rep_0030_fit_rate_state.rds",2.9966809275077e-26,TRUE
"mse","mse",31,2031,1000392,1101,1.21964205106099,TRUE,FALSE,27,77,"existing",NA,"rep_0031_fit_mse.rds","/Users/sachitraghavan/Documents/seismology-project/outputs/simulation/fits/main_simulation/truth_mse/rep_0031_fit_mse.rds",0.00752247292604355,FALSE
"mse","rate_state",31,2031,1000393,1101,4.555994784832,FALSE,TRUE,100,3156,"existing",NA,"rep_0031_fit_rate_state.rds","/Users/sachitraghavan/Documents/seismology-project/outputs/simulation/fits/main_simulation/truth_mse/rep_0031_fit_rate_state.rds",0.01715501978293,FALSE
"mse","mse",32,2032,1000395,1977,0.491619181632996,TRUE,FALSE,7,0,"existing",NA,"rep_0032_fit_mse.rds","/Users/sachitraghavan/Documents/seismology-project/outputs/simulation/fits/main_simulation/truth_mse/rep_0032_fit_mse.rds",1.03904016847714e-36,TRUE
"mse","rate_state",32,2032,1000396,1977,7.344284816583,FALSE,TRUE,100,1,"existing",NA,"rep_0032_fit_rate_state.rds","/Users/sachitraghavan/Documents/seismology-project/outputs/simulation/fits/main_simulation/truth_mse/rep_0032_fit_rate_state.rds",6.22114683386065e-18,TRUE
"mse","mse",33,2033,1000398,1955,0.479208552837372,TRUE,FALSE,7,0,"existing",NA,"rep_0033_fit_mse.rds","/Users/sachitraghavan/Documents/seismology-project/outputs/simulation/fits/main_simulation/truth_mse/rep_0033_fit_mse.rds",3.03537587019325e-32,TRUE
"mse","rate_state",33,2033,1000399,1955,5.63885505199432,FALSE,TRUE,100,0,"existing",NA,"rep_0033_fit_rate_state.rds","/Users/sachitraghavan/Documents/seismology-project/outputs/simulation/fits/main_simulation/truth_mse/rep_0033_fit_rate_state.rds",0.00592019810004391,FALSE
"mse","mse",34,2034,1000401,3604,3.61078878243764,TRUE,FALSE,31,0,"existing",NA,"rep_0034_fit_mse.rds","/Users/sachitraghavan/Documents/seismology-project/outputs/simulation/fits/main_simulation/truth_mse/rep_0034_fit_mse.rds",0.00440724632962417,FALSE
"mse","rate_state",34,2034,1000402,3604,11.6420138001442,FALSE,TRUE,100,0,"existing",NA,"rep_0034_fit_rate_state.rds","/Users/sachitraghavan/Documents/seismology-project/outputs/simulation/fits/main_simulation/truth_mse/rep_0034_fit_rate_state.rds",0.00453574938447626,FALSE
"mse","mse",35,2035,1000404,2277,0.711724750200907,TRUE,FALSE,8,0,"existing",NA,"rep_0035_fit_mse.rds","/Users/sachitraghavan/Documents/seismology-project/outputs/simulation/fits/main_simulation/truth_mse/rep_0035_fit_mse.rds",3.48271415717816e-31,TRUE
"mse","rate_state",35,2035,1000405,2277,1.61328678131104,TRUE,FALSE,21,1,"existing",NA,"rep_0035_fit_rate_state.rds","/Users/sachitraghavan/Documents/seismology-project/outputs/simulation/fits/main_simulation/truth_mse/rep_0035_fit_rate_state.rds",1.85162949641403e-19,TRUE
"mse","mse",36,2036,1000407,1968,0.486203984419505,TRUE,FALSE,7,0,"existing",NA,"rep_0036_fit_mse.rds","/Users/sachitraghavan/Documents/seismology-project/outputs/simulation/fits/main_simulation/truth_mse/rep_0036_fit_mse.rds",9.33023929926452e-34,TRUE
"mse","rate_state",36,2036,1000408,1968,6.83612146377564,FALSE,TRUE,100,5728,"existing",NA,"rep_0036_fit_rate_state.rds","/Users/sachitraghavan/Documents/seismology-project/outputs/simulation/fits/main_simulation/truth_mse/rep_0036_fit_rate_state.rds",0.00878691881841675,FALSE
"mse","mse",37,2037,1000410,1403,0.535304435094198,TRUE,FALSE,9,0,"existing",NA,"rep_0037_fit_mse.rds","/Users/sachitraghavan/Documents/seismology-project/outputs/simulation/fits/main_simulation/truth_mse/rep_0037_fit_mse.rds",8.69846682621676e-22,TRUE
"mse","rate_state",37,2037,1000411,1403,2.94932134946187,TRUE,FALSE,59,1,"existing",NA,"rep_0037_fit_rate_state.rds","/Users/sachitraghavan/Documents/seismology-project/outputs/simulation/fits/main_simulation/truth_mse/rep_0037_fit_rate_state.rds",2.11905099214702e-29,TRUE
"mse","mse",38,2038,1000413,4621,8.40360774993897,TRUE,FALSE,46,0,"existing",NA,"rep_0038_fit_mse.rds","/Users/sachitraghavan/Documents/seismology-project/outputs/simulation/fits/main_simulation/truth_mse/rep_0038_fit_mse.rds",0.00388638245089105,FALSE
"mse","rate_state",38,2038,1000414,4621,17.3417153159777,FALSE,TRUE,100,4472,"existing",NA,"rep_0038_fit_rate_state.rds","/Users/sachitraghavan/Documents/seismology-project/outputs/simulation/fits/main_simulation/truth_mse/rep_0038_fit_rate_state.rds",0.00986711656906445,FALSE
"mse","mse",39,2039,1000416,2548,1.51264428297679,TRUE,FALSE,13,0,"existing",NA,"rep_0039_fit_mse.rds","/Users/sachitraghavan/Documents/seismology-project/outputs/simulation/fits/main_simulation/truth_mse/rep_0039_fit_mse.rds",3.41868450467154e-32,TRUE
"mse","rate_state",39,2039,1000417,2548,6.33697144985199,TRUE,FALSE,76,1,"existing",NA,"rep_0039_fit_rate_state.rds","/Users/sachitraghavan/Documents/seismology-project/outputs/simulation/fits/main_simulation/truth_mse/rep_0039_fit_rate_state.rds",2.27544301241128e-05,FALSE
"mse","mse",40,2040,1000419,3313,4.8206130862236,TRUE,FALSE,45,0,"existing",NA,"rep_0040_fit_mse.rds","/Users/sachitraghavan/Documents/seismology-project/outputs/simulation/fits/main_simulation/truth_mse/rep_0040_fit_mse.rds",0.00473337666791729,FALSE
"mse","rate_state",40,2040,1000420,3313,13.2652533650398,FALSE,TRUE,100,14120,"existing",NA,"rep_0040_fit_rate_state.rds","/Users/sachitraghavan/Documents/seismology-project/outputs/simulation/fits/main_simulation/truth_mse/rep_0040_fit_rate_state.rds",0.00702562979303403,FALSE
"mse","mse",41,2041,1000422,2571,0.640288368860881,TRUE,FALSE,7,0,"existing",NA,"rep_0041_fit_mse.rds","/Users/sachitraghavan/Documents/seismology-project/outputs/simulation/fits/main_simulation/truth_mse/rep_0041_fit_mse.rds",3.58626768648345e-38,TRUE
"mse","rate_state",41,2041,1000423,2571,8.15628689924876,FALSE,TRUE,100,0,"existing",NA,"rep_0041_fit_rate_state.rds","/Users/sachitraghavan/Documents/seismology-project/outputs/simulation/fits/main_simulation/truth_mse/rep_0041_fit_rate_state.rds",0.00540724910319968,FALSE
"mse","mse",42,2042,1000425,3355,3.90630041758219,TRUE,FALSE,33,0,"existing",NA,"rep_0042_fit_mse.rds","/Users/sachitraghavan/Documents/seismology-project/outputs/simulation/fits/main_simulation/truth_mse/rep_0042_fit_mse.rds",0.00455750192672112,FALSE
"mse","rate_state",42,2042,1000426,3355,14.2178007324537,FALSE,TRUE,100,6512,"existing",NA,"rep_0042_fit_rate_state.rds","/Users/sachitraghavan/Documents/seismology-project/outputs/simulation/fits/main_simulation/truth_mse/rep_0042_fit_rate_state.rds",0.00715164233129866,FALSE
"mse","mse",43,2043,1000428,2260,0.567160097757975,TRUE,FALSE,7,0,"existing",NA,"rep_0043_fit_mse.rds","/Users/sachitraghavan/Documents/seismology-project/outputs/simulation/fits/main_simulation/truth_mse/rep_0043_fit_mse.rds",7.29066586213517e-29,TRUE
"mse","rate_state",43,2043,1000429,2260,6.67852458159129,FALSE,TRUE,100,0,"existing",NA,"rep_0043_fit_rate_state.rds","/Users/sachitraghavan/Documents/seismology-project/outputs/simulation/fits/main_simulation/truth_mse/rep_0043_fit_rate_state.rds",0.00536643007979983,FALSE
"mse","mse",44,2044,1000431,2638,0.673538700739543,TRUE,FALSE,7,0,"existing",NA,"rep_0044_fit_mse.rds","/Users/sachitraghavan/Documents/seismology-project/outputs/simulation/fits/main_simulation/truth_mse/rep_0044_fit_mse.rds",1.08285380863851e-38,TRUE
"mse","rate_state",44,2044,1000432,2638,9.43209101756414,FALSE,TRUE,100,5190,"existing",NA,"rep_0044_fit_rate_state.rds","/Users/sachitraghavan/Documents/seismology-project/outputs/simulation/fits/main_simulation/truth_mse/rep_0044_fit_rate_state.rds",0.00774924288509475,FALSE
"mse","mse",45,2045,1000434,3490,4.02715606689453,TRUE,FALSE,34,0,"existing",NA,"rep_0045_fit_mse.rds","/Users/sachitraghavan/Documents/seismology-project/outputs/simulation/fits/main_simulation/truth_mse/rep_0045_fit_mse.rds",0.0044610761640815,FALSE
"mse","rate_state",45,2045,1000435,3490,0.850896334648132,TRUE,FALSE,6,1,"existing",NA,"rep_0045_fit_rate_state.rds","/Users/sachitraghavan/Documents/seismology-project/outputs/simulation/fits/main_simulation/truth_mse/rep_0045_fit_rate_state.rds",1.85888649205678e-17,TRUE
"mse","mse",46,2046,1000437,4203,6.61295521656672,TRUE,FALSE,41,0,"existing",NA,"rep_0046_fit_mse.rds","/Users/sachitraghavan/Documents/seismology-project/outputs/simulation/fits/main_simulation/truth_mse/rep_0046_fit_mse.rds",0.00399021704659265,FALSE
"mse","rate_state",46,2046,1000438,4203,15.1081216176351,FALSE,TRUE,100,4039,"existing",NA,"rep_0046_fit_rate_state.rds","/Users/sachitraghavan/Documents/seismology-project/outputs/simulation/fits/main_simulation/truth_mse/rep_0046_fit_rate_state.rds",0.0102022000260536,FALSE
"mse","mse",47,2047,1000440,1576,0.401632583141327,TRUE,FALSE,7,0,"existing",NA,"rep_0047_fit_mse.rds","/Users/sachitraghavan/Documents/seismology-project/outputs/simulation/fits/main_simulation/truth_mse/rep_0047_fit_mse.rds",1.25795861473857e-28,TRUE
"mse","rate_state",47,2047,1000441,1576,1.15900366703669,TRUE,FALSE,23,1,"existing",NA,"rep_0047_fit_rate_state.rds","/Users/sachitraghavan/Documents/seismology-project/outputs/simulation/fits/main_simulation/truth_mse/rep_0047_fit_rate_state.rds",1.88491944732348e-31,TRUE
"mse","mse",48,2048,1000443,2081,0.526717980702718,TRUE,FALSE,7,0,"existing",NA,"rep_0048_fit_mse.rds","/Users/sachitraghavan/Documents/seismology-project/outputs/simulation/fits/main_simulation/truth_mse/rep_0048_fit_mse.rds",8.71940875509362e-31,TRUE
"mse","rate_state",48,2048,1000444,2081,0.573430466651917,TRUE,FALSE,8,1,"existing",NA,"rep_0048_fit_rate_state.rds","/Users/sachitraghavan/Documents/seismology-project/outputs/simulation/fits/main_simulation/truth_mse/rep_0048_fit_rate_state.rds",2.75716066673877e-15,TRUE
"mse","mse",49,2049,1000446,1586,1.17647029956182,TRUE,FALSE,24,50,"existing",NA,"rep_0049_fit_mse.rds","/Users/sachitraghavan/Documents/seismology-project/outputs/simulation/fits/main_simulation/truth_mse/rep_0049_fit_mse.rds",0.00669988901309371,FALSE
"mse","rate_state",49,2049,1000447,1586,5.60571856498718,FALSE,TRUE,100,1,"existing",NA,"rep_0049_fit_rate_state.rds","/Users/sachitraghavan/Documents/seismology-project/outputs/simulation/fits/main_simulation/truth_mse/rep_0049_fit_rate_state.rds",2.61017346802569e-40,TRUE
"mse","mse",50,2050,1000449,1770,0.700251384576162,TRUE,FALSE,10,0,"existing",NA,"rep_0050_fit_mse.rds","/Users/sachitraghavan/Documents/seismology-project/outputs/simulation/fits/main_simulation/truth_mse/rep_0050_fit_mse.rds",4.29386771789774e-34,TRUE
"mse","rate_state",50,2050,1000450,1770,6.03281834920247,FALSE,TRUE,100,1,"existing",NA,"rep_0050_fit_rate_state.rds","/Users/sachitraghavan/Documents/seismology-project/outputs/simulation/fits/main_simulation/truth_mse/rep_0050_fit_rate_state.rds",3.13074981272639e-08,TRUE
"mse","mse",51,2051,1000452,1761,1.62008866469065,TRUE,FALSE,30,6,"existing",NA,"rep_0051_fit_mse.rds","/Users/sachitraghavan/Documents/seismology-project/outputs/simulation/fits/main_simulation/truth_mse/rep_0051_fit_mse.rds",0.0063040900629575,FALSE
"mse","rate_state",51,2051,1000453,1761,6.40624136924744,FALSE,TRUE,100,1,"existing",NA,"rep_0051_fit_rate_state.rds","/Users/sachitraghavan/Documents/seismology-project/outputs/simulation/fits/main_simulation/truth_mse/rep_0051_fit_rate_state.rds",6.77525467092885e-59,TRUE
"mse","mse",52,2052,1000455,3320,4.70682321389516,TRUE,FALSE,39,0,"existing",NA,"rep_0052_fit_mse.rds","/Users/sachitraghavan/Documents/seismology-project/outputs/simulation/fits/main_simulation/truth_mse/rep_0052_fit_mse.rds",0.00456229691996211,FALSE
"mse","rate_state",52,2052,1000456,3320,2.81633111635844,TRUE,FALSE,23,1,"existing",NA,"rep_0052_fit_rate_state.rds","/Users/sachitraghavan/Documents/seismology-project/outputs/simulation/fits/main_simulation/truth_mse/rep_0052_fit_rate_state.rds",3.07913048192108e-18,TRUE
"mse","mse",53,2053,1000458,1557,0.401243185997009,TRUE,FALSE,7,0,"existing",NA,"rep_0053_fit_mse.rds","/Users/sachitraghavan/Documents/seismology-project/outputs/simulation/fits/main_simulation/truth_mse/rep_0053_fit_mse.rds",6.03605679978587e-28,TRUE
"mse","rate_state",53,2053,1000459,1557,4.89039206504822,FALSE,TRUE,100,2817,"existing",NA,"rep_0053_fit_rate_state.rds","/Users/sachitraghavan/Documents/seismology-project/outputs/simulation/fits/main_simulation/truth_mse/rep_0053_fit_rate_state.rds",0.00972950920759548,FALSE
"mse","mse",54,2054,1000461,3885,5.0873008330663,TRUE,FALSE,37,0,"existing",NA,"rep_0054_fit_mse.rds","/Users/sachitraghavan/Documents/seismology-project/outputs/simulation/fits/main_simulation/truth_mse/rep_0054_fit_mse.rds",0.00407534833296043,FALSE
"mse","rate_state",54,2054,1000462,3885,16.3321683526039,FALSE,TRUE,100,1,"existing",NA,"rep_0054_fit_rate_state.rds","/Users/sachitraghavan/Documents/seismology-project/outputs/simulation/fits/main_simulation/truth_mse/rep_0054_fit_rate_state.rds",5.29588498081318e-61,TRUE
"mse","mse",55,2055,1000464,1934,0.459283101558685,TRUE,FALSE,7,0,"existing",NA,"rep_0055_fit_mse.rds","/Users/sachitraghavan/Documents/seismology-project/outputs/simulation/fits/main_simulation/truth_mse/rep_0055_fit_mse.rds",1.41282771051564e-29,TRUE
"mse","rate_state",55,2055,1000465,1934,0.321738131841024,TRUE,FALSE,5,1,"existing",NA,"rep_0055_fit_rate_state.rds","/Users/sachitraghavan/Documents/seismology-project/outputs/simulation/fits/main_simulation/truth_mse/rep_0055_fit_rate_state.rds",2.00042642405526e-28,TRUE
"mse","mse",56,2056,1000467,2471,0.606208896636963,TRUE,FALSE,7,0,"existing",NA,"rep_0056_fit_mse.rds","/Users/sachitraghavan/Documents/seismology-project/outputs/simulation/fits/main_simulation/truth_mse/rep_0056_fit_mse.rds",1.45177568570859e-40,TRUE
"mse","rate_state",56,2056,1000468,2471,0.539907117684682,TRUE,FALSE,7,1,"existing",NA,"rep_0056_fit_rate_state.rds","/Users/sachitraghavan/Documents/seismology-project/outputs/simulation/fits/main_simulation/truth_mse/rep_0056_fit_rate_state.rds",2.54254150792449e-24,TRUE
"mse","mse",57,2057,1000470,1757,0.462287418047587,TRUE,FALSE,7,0,"existing",NA,"rep_0057_fit_mse.rds","/Users/sachitraghavan/Documents/seismology-project/outputs/simulation/fits/main_simulation/truth_mse/rep_0057_fit_mse.rds",3.5488080093946e-33,TRUE
"mse","rate_state",57,2057,1000471,1757,2.72657715082169,TRUE,FALSE,39,1,"existing",NA,"rep_0057_fit_rate_state.rds","/Users/sachitraghavan/Documents/seismology-project/outputs/simulation/fits/main_simulation/truth_mse/rep_0057_fit_rate_state.rds",9.50294357673274e-23,TRUE
"mse","mse",58,2058,1000473,2159,0.977019782861074,TRUE,FALSE,10,0,"existing",NA,"rep_0058_fit_mse.rds","/Users/sachitraghavan/Documents/seismology-project/outputs/simulation/fits/main_simulation/truth_mse/rep_0058_fit_mse.rds",3.53955807805192e-32,TRUE
"mse","rate_state",58,2058,1000474,2159,4.24537974993388,TRUE,FALSE,56,1,"existing",NA,"rep_0058_fit_rate_state.rds","/Users/sachitraghavan/Documents/seismology-project/outputs/simulation/fits/main_simulation/truth_mse/rep_0058_fit_rate_state.rds",1.95517782626578e-20,TRUE
"mse","mse",59,2059,1000476,1492,1.15765903393428,TRUE,FALSE,26,1,"existing",NA,"rep_0059_fit_mse.rds","/Users/sachitraghavan/Documents/seismology-project/outputs/simulation/fits/main_simulation/truth_mse/rep_0059_fit_mse.rds",0.00666071473216825,FALSE
"mse","rate_state",59,2059,1000477,1492,3.84638610283534,TRUE,FALSE,71,1,"existing",NA,"rep_0059_fit_rate_state.rds","/Users/sachitraghavan/Documents/seismology-project/outputs/simulation/fits/main_simulation/truth_mse/rep_0059_fit_rate_state.rds",2.08539564952715e-30,TRUE
"mse","mse",60,2060,1000479,1400,0.369027133782705,TRUE,FALSE,7,0,"existing",NA,"rep_0060_fit_mse.rds","/Users/sachitraghavan/Documents/seismology-project/outputs/simulation/fits/main_simulation/truth_mse/rep_0060_fit_mse.rds",6.60101271313897e-27,TRUE
"mse","rate_state",60,2060,1000480,1400,0.261402813593547,TRUE,FALSE,5,1,"existing",NA,"rep_0060_fit_rate_state.rds","/Users/sachitraghavan/Documents/seismology-project/outputs/simulation/fits/main_simulation/truth_mse/rep_0060_fit_rate_state.rds",6.71829036186728e-29,TRUE
"mse","mse",61,2061,1000482,3731,4.26907347043355,TRUE,FALSE,33,0,"existing",NA,"rep_0061_fit_mse.rds","/Users/sachitraghavan/Documents/seismology-project/outputs/simulation/fits/main_simulation/truth_mse/rep_0061_fit_mse.rds",0.00443003298451388,FALSE
"mse","rate_state",61,2061,1000483,3731,15.8333882848422,FALSE,TRUE,100,9295,"existing",NA,"rep_0061_fit_rate_state.rds","/Users/sachitraghavan/Documents/seismology-project/outputs/simulation/fits/main_simulation/truth_mse/rep_0061_fit_rate_state.rds",0.0116124602098918,FALSE
"mse","mse",62,2062,1000485,3623,4.39407000144323,TRUE,FALSE,39,0,"existing",NA,"rep_0062_fit_mse.rds","/Users/sachitraghavan/Documents/seismology-project/outputs/simulation/fits/main_simulation/truth_mse/rep_0062_fit_mse.rds",0.00431456714834145,FALSE
"mse","rate_state",62,2062,1000486,3623,11.3262405157089,TRUE,FALSE,89,1,"existing",NA,"rep_0062_fit_rate_state.rds","/Users/sachitraghavan/Documents/seismology-project/outputs/simulation/fits/main_simulation/truth_mse/rep_0062_fit_rate_state.rds",4.99516275112291e-14,TRUE
"mse","mse",63,2063,1000488,5351,8.23870308001836,TRUE,FALSE,39,0,"existing",NA,"rep_0063_fit_mse.rds","/Users/sachitraghavan/Documents/seismology-project/outputs/simulation/fits/main_simulation/truth_mse/rep_0063_fit_mse.rds",0.00375219526857364,FALSE
"mse","rate_state",63,2063,1000489,5351,22.5966132322947,FALSE,TRUE,100,10331,"existing",NA,"rep_0063_fit_rate_state.rds","/Users/sachitraghavan/Documents/seismology-project/outputs/simulation/fits/main_simulation/truth_mse/rep_0063_fit_rate_state.rds",0.00924865781095192,FALSE
"mse","mse",64,2064,1000491,2565,0.659446998437246,TRUE,FALSE,7,0,"existing",NA,"rep_0064_fit_mse.rds","/Users/sachitraghavan/Documents/seismology-project/outputs/simulation/fits/main_simulation/truth_mse/rep_0064_fit_mse.rds",4.20412716902028e-32,TRUE
"mse","rate_state",64,2064,1000492,2565,0.807509084542592,TRUE,FALSE,9,1,"existing",NA,"rep_0064_fit_rate_state.rds","/Users/sachitraghavan/Documents/seismology-project/outputs/simulation/fits/main_simulation/truth_mse/rep_0064_fit_rate_state.rds",2.06851901694821e-25,TRUE
"mse","mse",65,2065,1000494,1682,0.426875301202138,TRUE,FALSE,7,0,"existing",NA,"rep_0065_fit_mse.rds","/Users/sachitraghavan/Documents/seismology-project/outputs/simulation/fits/main_simulation/truth_mse/rep_0065_fit_mse.rds",6.13397826106918e-27,TRUE
"mse","rate_state",65,2065,1000495,1682,1.35747651656469,TRUE,FALSE,21,1,"existing",NA,"rep_0065_fit_rate_state.rds","/Users/sachitraghavan/Documents/seismology-project/outputs/simulation/fits/main_simulation/truth_mse/rep_0065_fit_rate_state.rds",1.93566055900339e-21,TRUE
"mse","mse",66,2066,1000497,1374,1.35403109788895,TRUE,FALSE,33,0,"existing",NA,"rep_0066_fit_mse.rds","/Users/sachitraghavan/Documents/seismology-project/outputs/simulation/fits/main_simulation/truth_mse/rep_0066_fit_mse.rds",0.00684667121145784,FALSE
"mse","rate_state",66,2066,1000498,1374,4.00282638470332,FALSE,TRUE,100,0,"existing",NA,"rep_0066_fit_rate_state.rds","/Users/sachitraghavan/Documents/seismology-project/outputs/simulation/fits/main_simulation/truth_mse/rep_0066_fit_rate_state.rds",0.0114980253103009,FALSE
"mse","mse",67,2067,1000500,2314,0.581534234682719,TRUE,FALSE,7,0,"existing",NA,"rep_0067_fit_mse.rds","/Users/sachitraghavan/Documents/seismology-project/outputs/simulation/fits/main_simulation/truth_mse/rep_0067_fit_mse.rds",8.59404796721883e-38,TRUE
"mse","rate_state",67,2067,1000501,2314,2.75032993555069,TRUE,FALSE,36,1,"existing",NA,"rep_0067_fit_rate_state.rds","/Users/sachitraghavan/Documents/seismology-project/outputs/simulation/fits/main_simulation/truth_mse/rep_0067_fit_rate_state.rds",4.03073118557772e-14,TRUE
"mse","mse",68,2068,1000503,1565,0.609920084476471,TRUE,FALSE,9,0,"existing",NA,"rep_0068_fit_mse.rds","/Users/sachitraghavan/Documents/seismology-project/outputs/simulation/fits/main_simulation/truth_mse/rep_0068_fit_mse.rds",3.46902737359261e-27,TRUE
"mse","rate_state",68,2068,1000504,1565,0.431047050158183,TRUE,FALSE,8,1,"existing",NA,"rep_0068_fit_rate_state.rds","/Users/sachitraghavan/Documents/seismology-project/outputs/simulation/fits/main_simulation/truth_mse/rep_0068_fit_rate_state.rds",7.23814898859297e-28,TRUE
"mse","mse",69,2069,1000506,1632,0.428396650155385,TRUE,FALSE,7,0,"existing",NA,"rep_0069_fit_mse.rds","/Users/sachitraghavan/Documents/seismology-project/outputs/simulation/fits/main_simulation/truth_mse/rep_0069_fit_mse.rds",4.41307899454345e-35,TRUE
"mse","rate_state",69,2069,1000507,1632,5.15070123275121,FALSE,TRUE,100,12,"existing",NA,"rep_0069_fit_rate_state.rds","/Users/sachitraghavan/Documents/seismology-project/outputs/simulation/fits/main_simulation/truth_mse/rep_0069_fit_rate_state.rds",0.00634918595708822,FALSE
"mse","mse",70,2070,1000509,1711,0.419760485490163,TRUE,FALSE,7,0,"existing",NA,"rep_0070_fit_mse.rds","/Users/sachitraghavan/Documents/seismology-project/outputs/simulation/fits/main_simulation/truth_mse/rep_0070_fit_mse.rds",2.21661230529771e-30,TRUE
"mse","rate_state",70,2070,1000510,1711,6.2475942492485,FALSE,TRUE,100,1,"existing",NA,"rep_0070_fit_rate_state.rds","/Users/sachitraghavan/Documents/seismology-project/outputs/simulation/fits/main_simulation/truth_mse/rep_0070_fit_rate_state.rds",0.00618681762632475,FALSE
"mse","mse",71,2071,1000512,2589,0.641936067740122,TRUE,FALSE,7,0,"existing",NA,"rep_0071_fit_mse.rds","/Users/sachitraghavan/Documents/seismology-project/outputs/simulation/fits/main_simulation/truth_mse/rep_0071_fit_mse.rds",8.21846635074229e-38,TRUE
"mse","rate_state",71,2071,1000513,2589,1.13963665167491,TRUE,FALSE,11,1,"existing",NA,"rep_0071_fit_rate_state.rds","/Users/sachitraghavan/Documents/seismology-project/outputs/simulation/fits/main_simulation/truth_mse/rep_0071_fit_rate_state.rds",4.08785430722944e-18,TRUE
"mse","mse",72,2072,1000515,2197,0.54093906879425,TRUE,FALSE,7,0,"existing",NA,"rep_0072_fit_mse.rds","/Users/sachitraghavan/Documents/seismology-project/outputs/simulation/fits/main_simulation/truth_mse/rep_0072_fit_mse.rds",1.48776148810253e-39,TRUE
"mse","rate_state",72,2072,1000516,2197,7.03553833564122,FALSE,TRUE,100,1,"existing",NA,"rep_0072_fit_rate_state.rds","/Users/sachitraghavan/Documents/seismology-project/outputs/simulation/fits/main_simulation/truth_mse/rep_0072_fit_rate_state.rds",0.00580800374685481,FALSE
"mse","mse",73,2073,1000518,6006,12.9922639489174,TRUE,FALSE,49,0,"existing",NA,"rep_0073_fit_mse.rds","/Users/sachitraghavan/Documents/seismology-project/outputs/simulation/fits/main_simulation/truth_mse/rep_0073_fit_mse.rds",0.00345684775674547,FALSE
"mse","rate_state",73,2073,1000519,6006,29.2127146482468,FALSE,TRUE,100,6579,"existing",NA,"rep_0073_fit_rate_state.rds","/Users/sachitraghavan/Documents/seismology-project/outputs/simulation/fits/main_simulation/truth_mse/rep_0073_fit_rate_state.rds",0.00988847141866166,FALSE
"mse","mse",74,2074,1000521,1530,1.94091478188833,TRUE,FALSE,34,0,"existing",NA,"rep_0074_fit_mse.rds","/Users/sachitraghavan/Documents/seismology-project/outputs/simulation/fits/main_simulation/truth_mse/rep_0074_fit_mse.rds",0.00653964746785071,FALSE
"mse","rate_state",74,2074,1000522,1530,0.517026734352112,TRUE,FALSE,9,1,"existing",NA,"rep_0074_fit_rate_state.rds","/Users/sachitraghavan/Documents/seismology-project/outputs/simulation/fits/main_simulation/truth_mse/rep_0074_fit_rate_state.rds",7.13199163073953e-29,TRUE
"mse","mse",75,2075,1000524,3527,5.13825345039368,TRUE,FALSE,40,0,"existing",NA,"rep_0075_fit_mse.rds","/Users/sachitraghavan/Documents/seismology-project/outputs/simulation/fits/main_simulation/truth_mse/rep_0075_fit_mse.rds",0.00465826851987444,FALSE
"mse","rate_state",75,2075,1000525,3527,15.1211217164993,FALSE,TRUE,100,0,"existing",NA,"rep_0075_fit_rate_state.rds","/Users/sachitraghavan/Documents/seismology-project/outputs/simulation/fits/main_simulation/truth_mse/rep_0075_fit_rate_state.rds",4.23293685613833e-12,TRUE
"mse","mse",76,2076,1000527,2445,0.624857183297475,TRUE,FALSE,6,0,"existing",NA,"rep_0076_fit_mse.rds","/Users/sachitraghavan/Documents/seismology-project/outputs/simulation/fits/main_simulation/truth_mse/rep_0076_fit_mse.rds",1.76979409112941e-37,TRUE
"mse","rate_state",76,2076,1000528,2445,0.649456099669139,TRUE,FALSE,7,1,"existing",NA,"rep_0076_fit_rate_state.rds","/Users/sachitraghavan/Documents/seismology-project/outputs/simulation/fits/main_simulation/truth_mse/rep_0076_fit_rate_state.rds",1.63685184696535e-18,TRUE
"mse","mse",77,2077,1000530,2249,0.65787738164266,TRUE,FALSE,7,0,"existing",NA,"rep_0077_fit_mse.rds","/Users/sachitraghavan/Documents/seismology-project/outputs/simulation/fits/main_simulation/truth_mse/rep_0077_fit_mse.rds",1.17917762233189e-39,TRUE
"mse","rate_state",77,2077,1000531,2249,0.436822700500488,TRUE,FALSE,5,1,"existing",NA,"rep_0077_fit_rate_state.rds","/Users/sachitraghavan/Documents/seismology-project/outputs/simulation/fits/main_simulation/truth_mse/rep_0077_fit_rate_state.rds",7.81623473072299e-23,TRUE
"mse","mse",78,2078,1000533,3255,4.43523376782735,TRUE,FALSE,40,0,"existing",NA,"rep_0078_fit_mse.rds","/Users/sachitraghavan/Documents/seismology-project/outputs/simulation/fits/main_simulation/truth_mse/rep_0078_fit_mse.rds",0.00443068613835019,FALSE
"mse","rate_state",78,2078,1000534,3255,2.49515523513158,TRUE,FALSE,21,1,"existing",NA,"rep_0078_fit_rate_state.rds","/Users/sachitraghavan/Documents/seismology-project/outputs/simulation/fits/main_simulation/truth_mse/rep_0078_fit_rate_state.rds",3.82902001767414e-18,TRUE
"mse","mse",79,2079,1000536,6002,13.0133530020714,TRUE,FALSE,44,0,"existing",NA,"rep_0079_fit_mse.rds","/Users/sachitraghavan/Documents/seismology-project/outputs/simulation/fits/main_simulation/truth_mse/rep_0079_fit_mse.rds",0.00356531821848659,FALSE
"mse","rate_state",79,2079,1000537,6002,30.2842004021009,FALSE,TRUE,100,17002,"existing",NA,"rep_0079_fit_rate_state.rds","/Users/sachitraghavan/Documents/seismology-project/outputs/simulation/fits/main_simulation/truth_mse/rep_0079_fit_rate_state.rds",0.0102589266277228,FALSE
"mse","mse",80,2080,1000539,1743,1.56730561653773,TRUE,FALSE,29,0,"existing",NA,"rep_0080_fit_mse.rds","/Users/sachitraghavan/Documents/seismology-project/outputs/simulation/fits/main_simulation/truth_mse/rep_0080_fit_mse.rds",0.00630879495685845,FALSE
"mse","rate_state",80,2080,1000540,1743,6.54115458329519,FALSE,TRUE,100,1,"existing",NA,"rep_0080_fit_rate_state.rds","/Users/sachitraghavan/Documents/seismology-project/outputs/simulation/fits/main_simulation/truth_mse/rep_0080_fit_rate_state.rds",9.24153520655212e-48,TRUE
"mse","mse",81,2081,1000542,2629,0.769123967488607,TRUE,FALSE,7,0,"existing",NA,"rep_0081_fit_mse.rds","/Users/sachitraghavan/Documents/seismology-project/outputs/simulation/fits/main_simulation/truth_mse/rep_0081_fit_mse.rds",2.41658324668241e-37,TRUE
"mse","rate_state",81,2081,1000543,2629,2.11361074844996,TRUE,FALSE,25,1,"existing",NA,"rep_0081_fit_rate_state.rds","/Users/sachitraghavan/Documents/seismology-project/outputs/simulation/fits/main_simulation/truth_mse/rep_0081_fit_rate_state.rds",1.75797026056482e-19,TRUE
"mse","mse",82,2082,1000545,2297,2.49088086684545,TRUE,FALSE,38,0,"existing",NA,"rep_0082_fit_mse.rds","/Users/sachitraghavan/Documents/seismology-project/outputs/simulation/fits/main_simulation/truth_mse/rep_0082_fit_mse.rds",0.0053114913292188,FALSE
"mse","rate_state",82,2082,1000546,2297,0.692347681522369,TRUE,FALSE,9,1,"existing",NA,"rep_0082_fit_rate_state.rds","/Users/sachitraghavan/Documents/seismology-project/outputs/simulation/fits/main_simulation/truth_mse/rep_0082_fit_rate_state.rds",4.20025099045586e-27,TRUE
"mse","mse",83,2083,1000548,4638,7.51506866614024,TRUE,FALSE,39,0,"existing",NA,"rep_0083_fit_mse.rds","/Users/sachitraghavan/Documents/seismology-project/outputs/simulation/fits/main_simulation/truth_mse/rep_0083_fit_mse.rds",0.00399497341150741,FALSE
"mse","rate_state",83,2083,1000549,4638,20.4370424310366,FALSE,TRUE,100,0,"existing",NA,"rep_0083_fit_rate_state.rds","/Users/sachitraghavan/Documents/seismology-project/outputs/simulation/fits/main_simulation/truth_mse/rep_0083_fit_rate_state.rds",0.00456550887807526,FALSE
"mse","mse",84,2084,1000551,7611,22.5974458654722,TRUE,FALSE,56,0,"existing",NA,"rep_0084_fit_mse.rds","/Users/sachitraghavan/Documents/seismology-project/outputs/simulation/fits/main_simulation/truth_mse/rep_0084_fit_mse.rds",0.00300561437395301,FALSE
"mse","rate_state",84,2084,1000552,7611,37.6537406643232,FALSE,TRUE,100,0,"existing",NA,"rep_0084_fit_rate_state.rds","/Users/sachitraghavan/Documents/seismology-project/outputs/simulation/fits/main_simulation/truth_mse/rep_0084_fit_rate_state.rds",0.00456598604786075,FALSE
"mse","mse",85,2085,1000554,1746,0.458129080136617,TRUE,FALSE,7,0,"existing",NA,"rep_0085_fit_mse.rds","/Users/sachitraghavan/Documents/seismology-project/outputs/simulation/fits/main_simulation/truth_mse/rep_0085_fit_mse.rds",2.35057340655188e-31,TRUE
"mse","rate_state",85,2085,1000555,1746,0.503728965918223,TRUE,FALSE,8,1,"existing",NA,"rep_0085_fit_rate_state.rds","/Users/sachitraghavan/Documents/seismology-project/outputs/simulation/fits/main_simulation/truth_mse/rep_0085_fit_rate_state.rds",5.69668810249355e-24,TRUE
"mse","mse",86,2086,1000557,1794,0.663194632530212,TRUE,FALSE,8,0,"existing",NA,"rep_0086_fit_mse.rds","/Users/sachitraghavan/Documents/seismology-project/outputs/simulation/fits/main_simulation/truth_mse/rep_0086_fit_mse.rds",4.24747162919061e-26,TRUE
"mse","rate_state",86,2086,1000558,1794,5.68703974882762,FALSE,TRUE,100,0,"existing",NA,"rep_0086_fit_rate_state.rds","/Users/sachitraghavan/Documents/seismology-project/outputs/simulation/fits/main_simulation/truth_mse/rep_0086_fit_rate_state.rds",0.00604237480979861,FALSE
"mse","mse",87,2087,1000560,3163,4.51886786619822,TRUE,FALSE,36,0,"existing",NA,"rep_0087_fit_mse.rds","/Users/sachitraghavan/Documents/seismology-project/outputs/simulation/fits/main_simulation/truth_mse/rep_0087_fit_mse.rds",0.00478182778891827,FALSE
"mse","rate_state",87,2087,1000561,3163,10.8555672486623,FALSE,TRUE,100,0,"existing",NA,"rep_0087_fit_rate_state.rds","/Users/sachitraghavan/Documents/seismology-project/outputs/simulation/fits/main_simulation/truth_mse/rep_0087_fit_rate_state.rds",0.0048900170893166,FALSE
"mse","mse",88,2088,1000563,1415,1.55013516743978,TRUE,FALSE,34,0,"existing",NA,"rep_0088_fit_mse.rds","/Users/sachitraghavan/Documents/seismology-project/outputs/simulation/fits/main_simulation/truth_mse/rep_0088_fit_mse.rds",0.00687573811534617,FALSE
"mse","rate_state",88,2088,1000564,1415,5.70360243320465,TRUE,FALSE,98,1,"existing",NA,"rep_0088_fit_rate_state.rds","/Users/sachitraghavan/Documents/seismology-project/outputs/simulation/fits/main_simulation/truth_mse/rep_0088_fit_rate_state.rds",6.75104162112999e-29,TRUE
"mse","mse",89,2089,1000566,3208,3.84617590109507,TRUE,FALSE,33,0,"existing",NA,"rep_0089_fit_mse.rds","/Users/sachitraghavan/Documents/seismology-project/outputs/simulation/fits/main_simulation/truth_mse/rep_0089_fit_mse.rds",0.00465413200848024,FALSE
"mse","rate_state",89,2089,1000567,3208,11.8782356659571,FALSE,TRUE,100,0,"existing",NA,"rep_0089_fit_rate_state.rds","/Users/sachitraghavan/Documents/seismology-project/outputs/simulation/fits/main_simulation/truth_mse/rep_0089_fit_rate_state.rds",0.0134174041899629,FALSE
"mse","mse",90,2090,1000569,1806,0.521496748924255,TRUE,FALSE,7,0,"existing",NA,"rep_0090_fit_mse.rds","/Users/sachitraghavan/Documents/seismology-project/outputs/simulation/fits/main_simulation/truth_mse/rep_0090_fit_mse.rds",1.19752518227377e-34,TRUE
"mse","rate_state",90,2090,1000570,1806,7.09624621868134,FALSE,TRUE,100,4859,"existing",NA,"rep_0090_fit_rate_state.rds","/Users/sachitraghavan/Documents/seismology-project/outputs/simulation/fits/main_simulation/truth_mse/rep_0090_fit_rate_state.rds",0.00884562207195046,FALSE
"mse","mse",91,2091,1000572,1751,0.460061450799306,TRUE,FALSE,7,0,"existing",NA,"rep_0091_fit_mse.rds","/Users/sachitraghavan/Documents/seismology-project/outputs/simulation/fits/main_simulation/truth_mse/rep_0091_fit_mse.rds",2.90360088987925e-30,TRUE
"mse","rate_state",91,2091,1000573,1751,5.98001091480255,FALSE,TRUE,100,0,"existing",NA,"rep_0091_fit_rate_state.rds","/Users/sachitraghavan/Documents/seismology-project/outputs/simulation/fits/main_simulation/truth_mse/rep_0091_fit_rate_state.rds",0.00692090556183217,FALSE
"mse","mse",92,2092,1000575,1728,1.57811305125554,TRUE,FALSE,30,0,"existing",NA,"rep_0092_fit_mse.rds","/Users/sachitraghavan/Documents/seismology-project/outputs/simulation/fits/main_simulation/truth_mse/rep_0092_fit_mse.rds",0.0061302282606504,FALSE
"mse","rate_state",92,2092,1000576,1728,5.78415076732635,FALSE,TRUE,100,8292,"existing",NA,"rep_0092_fit_rate_state.rds","/Users/sachitraghavan/Documents/seismology-project/outputs/simulation/fits/main_simulation/truth_mse/rep_0092_fit_rate_state.rds",0.00948194193969984,FALSE
"mse","mse",93,2093,1000578,4495,7.46868028243383,TRUE,FALSE,45,0,"existing",NA,"rep_0093_fit_mse.rds","/Users/sachitraghavan/Documents/seismology-project/outputs/simulation/fits/main_simulation/truth_mse/rep_0093_fit_mse.rds",0.00399147591943935,FALSE
"mse","rate_state",93,2093,1000579,4495,19.7260381499926,FALSE,TRUE,100,0,"existing",NA,"rep_0093_fit_rate_state.rds","/Users/sachitraghavan/Documents/seismology-project/outputs/simulation/fits/main_simulation/truth_mse/rep_0093_fit_rate_state.rds",0.0046124130259442,FALSE
"mse","mse",94,2094,1000581,4456,7.60864786704381,TRUE,FALSE,43,0,"existing",NA,"rep_0094_fit_mse.rds","/Users/sachitraghavan/Documents/seismology-project/outputs/simulation/fits/main_simulation/truth_mse/rep_0094_fit_mse.rds",0.00409498052103448,FALSE
"mse","rate_state",94,2094,1000582,4456,17.6350983818372,FALSE,TRUE,100,0,"existing",NA,"rep_0094_fit_rate_state.rds","/Users/sachitraghavan/Documents/seismology-project/outputs/simulation/fits/main_simulation/truth_mse/rep_0094_fit_rate_state.rds",1.18094887972069e-100,TRUE
"mse","mse",95,2095,1000584,1577,1.56018939812978,TRUE,FALSE,30,0,"existing",NA,"rep_0095_fit_mse.rds","/Users/sachitraghavan/Documents/seismology-project/outputs/simulation/fits/main_simulation/truth_mse/rep_0095_fit_mse.rds",0.006666992630261,FALSE
"mse","rate_state",95,2095,1000585,1577,3.27169798612595,TRUE,FALSE,50,1,"existing",NA,"rep_0095_fit_rate_state.rds","/Users/sachitraghavan/Documents/seismology-project/outputs/simulation/fits/main_simulation/truth_mse/rep_0095_fit_rate_state.rds",1.56808515812452e-29,TRUE
"mse","mse",96,2096,1000587,6053,12.0875840822856,TRUE,FALSE,47,0,"existing",NA,"rep_0096_fit_mse.rds","/Users/sachitraghavan/Documents/seismology-project/outputs/simulation/fits/main_simulation/truth_mse/rep_0096_fit_mse.rds",0.00360600108818557,FALSE
"mse","rate_state",96,2096,1000588,6053,9.66919958591461,TRUE,FALSE,36,1,"existing",NA,"rep_0096_fit_rate_state.rds","/Users/sachitraghavan/Documents/seismology-project/outputs/simulation/fits/main_simulation/truth_mse/rep_0096_fit_rate_state.rds",3.07636444783874e-10,TRUE
"mse","mse",97,2097,1000590,2280,0.634760868549347,TRUE,FALSE,7,0,"existing",NA,"rep_0097_fit_mse.rds","/Users/sachitraghavan/Documents/seismology-project/outputs/simulation/fits/main_simulation/truth_mse/rep_0097_fit_mse.rds",6.05600946851637e-30,TRUE
"mse","rate_state",97,2097,1000591,2280,9.15470405022303,FALSE,TRUE,100,10912,"existing",NA,"rep_0097_fit_rate_state.rds","/Users/sachitraghavan/Documents/seismology-project/outputs/simulation/fits/main_simulation/truth_mse/rep_0097_fit_rate_state.rds",0.00866567654937159,FALSE
"mse","mse",98,2098,1000593,1787,0.473764900366465,TRUE,FALSE,7,0,"existing",NA,"rep_0098_fit_mse.rds","/Users/sachitraghavan/Documents/seismology-project/outputs/simulation/fits/main_simulation/truth_mse/rep_0098_fit_mse.rds",5.4189911871853e-33,TRUE
"mse","rate_state",98,2098,1000594,1787,4.83918125232061,TRUE,FALSE,69,1,"existing",NA,"rep_0098_fit_rate_state.rds","/Users/sachitraghavan/Documents/seismology-project/outputs/simulation/fits/main_simulation/truth_mse/rep_0098_fit_rate_state.rds",3.54610871293859e-21,TRUE
"mse","mse",99,2099,1000596,1763,0.453184048334758,TRUE,FALSE,7,0,"existing",NA,"rep_0099_fit_mse.rds","/Users/sachitraghavan/Documents/seismology-project/outputs/simulation/fits/main_simulation/truth_mse/rep_0099_fit_mse.rds",1.21655959332176e-20,TRUE
"mse","rate_state",99,2099,1000597,1763,0.490684350331624,TRUE,FALSE,8,1,"existing",NA,"rep_0099_fit_rate_state.rds","/Users/sachitraghavan/Documents/seismology-project/outputs/simulation/fits/main_simulation/truth_mse/rep_0099_fit_rate_state.rds",1.03914047468135e-21,TRUE
"mse","mse",100,2100,1000599,2273,0.536568999290466,TRUE,FALSE,6,0,"existing",NA,"rep_0100_fit_mse.rds","/Users/sachitraghavan/Documents/seismology-project/outputs/simulation/fits/main_simulation/truth_mse/rep_0100_fit_mse.rds",3.97649173401526e-41,TRUE
"mse","rate_state",100,2100,1000600,2273,0.622863813241323,TRUE,FALSE,8,1,"existing",NA,"rep_0100_fit_rate_state.rds","/Users/sachitraghavan/Documents/seismology-project/outputs/simulation/fits/main_simulation/truth_mse/rep_0100_fit_rate_state.rds",2.33123166683196e-23,TRUE
"rate_state","mse",1,3001,1000602,1361,0.328915198644002,TRUE,FALSE,6,0,"existing",NA,"rep_0001_fit_mse.rds","/Users/sachitraghavan/Documents/seismology-project/outputs/simulation/fits/main_simulation/truth_rate_state/rep_0001_fit_mse.rds",1.39376269750279e-34,TRUE
"rate_state","rate_state",1,3001,1000603,1361,1.27129600048065,TRUE,FALSE,30,0,"existing",NA,"rep_0001_fit_rate_state.rds","/Users/sachitraghavan/Documents/seismology-project/outputs/simulation/fits/main_simulation/truth_rate_state/rep_0001_fit_rate_state.rds",0.00707922670657435,FALSE
"rate_state","mse",2,3002,1000605,1798,5.81566484769185,FALSE,TRUE,100,0,"existing",NA,"rep_0002_fit_mse.rds","/Users/sachitraghavan/Documents/seismology-project/outputs/simulation/fits/main_simulation/truth_rate_state/rep_0002_fit_mse.rds",0.0061482667915524,FALSE
"rate_state","rate_state",2,3002,1000606,1798,1.50442246596018,TRUE,FALSE,27,0,"existing",NA,"rep_0002_fit_rate_state.rds","/Users/sachitraghavan/Documents/seismology-project/outputs/simulation/fits/main_simulation/truth_rate_state/rep_0002_fit_rate_state.rds",0.00617491161309786,FALSE
"rate_state","mse",3,3003,1000608,1166,0.33500949939092,TRUE,FALSE,7,0,"existing",NA,"rep_0003_fit_mse.rds","/Users/sachitraghavan/Documents/seismology-project/outputs/simulation/fits/main_simulation/truth_rate_state/rep_0003_fit_mse.rds",1.25645636954804e-38,TRUE
"rate_state","rate_state",3,3003,1000609,1166,0.878464953104655,TRUE,FALSE,22,0,"existing",NA,"rep_0003_fit_rate_state.rds","/Users/sachitraghavan/Documents/seismology-project/outputs/simulation/fits/main_simulation/truth_rate_state/rep_0003_fit_rate_state.rds",0.0072923362360009,FALSE
"rate_state","mse",4,3004,1000611,2554,0.987603120009104,TRUE,FALSE,8,0,"existing",NA,"rep_0004_fit_mse.rds","/Users/sachitraghavan/Documents/seismology-project/outputs/simulation/fits/main_simulation/truth_rate_state/rep_0004_fit_mse.rds",1.8295371015337e-30,TRUE
"rate_state","rate_state",4,3004,1000612,2554,0.477771333853404,TRUE,FALSE,5,1,"existing",NA,"rep_0004_fit_rate_state.rds","/Users/sachitraghavan/Documents/seismology-project/outputs/simulation/fits/main_simulation/truth_rate_state/rep_0004_fit_rate_state.rds",1.20934179970214e-23,TRUE
"rate_state","mse",5,3005,1000614,1721,5.41034811735153,FALSE,TRUE,100,0,"existing",NA,"rep_0005_fit_mse.rds","/Users/sachitraghavan/Documents/seismology-project/outputs/simulation/fits/main_simulation/truth_rate_state/rep_0005_fit_mse.rds",0.00646071049181642,FALSE
"rate_state","rate_state",5,3005,1000615,1721,0.564120999972026,TRUE,FALSE,9,1,"existing",NA,"rep_0005_fit_rate_state.rds","/Users/sachitraghavan/Documents/seismology-project/outputs/simulation/fits/main_simulation/truth_rate_state/rep_0005_fit_rate_state.rds",3.78804537051108e-31,TRUE
"rate_state","mse",6,3006,1000617,1871,0.42447270154953,TRUE,FALSE,6,0,"existing",NA,"rep_0006_fit_mse.rds","/Users/sachitraghavan/Documents/seismology-project/outputs/simulation/fits/main_simulation/truth_rate_state/rep_0006_fit_mse.rds",1.17016352092263e-12,TRUE
"rate_state","rate_state",6,3006,1000618,1871,2.25192443132401,TRUE,FALSE,42,0,"existing",NA,"rep_0006_fit_rate_state.rds","/Users/sachitraghavan/Documents/seismology-project/outputs/simulation/fits/main_simulation/truth_rate_state/rep_0006_fit_rate_state.rds",0.00601322210052702,FALSE
"rate_state","mse",7,3007,1000620,1878,4.03771158059438,TRUE,FALSE,63,0,"existing",NA,"rep_0007_fit_mse.rds","/Users/sachitraghavan/Documents/seismology-project/outputs/simulation/fits/main_simulation/truth_rate_state/rep_0007_fit_mse.rds",0.00595129116291224,FALSE
"rate_state","rate_state",7,3007,1000621,1878,0.550584733486176,TRUE,FALSE,8,1,"existing",NA,"rep_0007_fit_rate_state.rds","/Users/sachitraghavan/Documents/seismology-project/outputs/simulation/fits/main_simulation/truth_rate_state/rep_0007_fit_rate_state.rds",2.907876833906e-26,TRUE
"rate_state","mse",8,3008,1000623,4279,8.0588048696518,TRUE,FALSE,50,0,"existing",NA,"rep_0008_fit_mse.rds","/Users/sachitraghavan/Documents/seismology-project/outputs/simulation/fits/main_simulation/truth_rate_state/rep_0008_fit_mse.rds",0.00418641608944824,FALSE
"rate_state","rate_state",8,3008,1000624,4279,6.50535366932551,TRUE,FALSE,42,0,"existing",NA,"rep_0008_fit_rate_state.rds","/Users/sachitraghavan/Documents/seismology-project/outputs/simulation/fits/main_simulation/truth_rate_state/rep_0008_fit_rate_state.rds",0.00420340924026097,FALSE
"rate_state","mse",9,3009,1000626,2183,5.70426933368047,TRUE,FALSE,78,0,"existing",NA,"rep_0009_fit_mse.rds","/Users/sachitraghavan/Documents/seismology-project/outputs/simulation/fits/main_simulation/truth_rate_state/rep_0009_fit_mse.rds",0.00535673965828302,FALSE
"rate_state","rate_state",9,3009,1000627,2183,1.84222113291423,TRUE,FALSE,28,0,"existing",NA,"rep_0009_fit_rate_state.rds","/Users/sachitraghavan/Documents/seismology-project/outputs/simulation/fits/main_simulation/truth_rate_state/rep_0009_fit_rate_state.rds",0.00534355682672692,FALSE
"rate_state","mse",10,3010,1000629,1468,4.94518318573634,FALSE,TRUE,100,0,"existing",NA,"rep_0010_fit_mse.rds","/Users/sachitraghavan/Documents/seismology-project/outputs/simulation/fits/main_simulation/truth_rate_state/rep_0010_fit_mse.rds",0.0067427501846408,FALSE
"rate_state","rate_state",10,3010,1000630,1468,0.437862249215444,TRUE,FALSE,8,1,"existing",NA,"rep_0010_fit_rate_state.rds","/Users/sachitraghavan/Documents/seismology-project/outputs/simulation/fits/main_simulation/truth_rate_state/rep_0010_fit_rate_state.rds",3.59029239640918e-28,TRUE
"rate_state","mse",11,3011,1000632,2116,1.95414411624273,TRUE,FALSE,18,0,"existing",NA,"rep_0011_fit_mse.rds","/Users/sachitraghavan/Documents/seismology-project/outputs/simulation/fits/main_simulation/truth_rate_state/rep_0011_fit_mse.rds",1.49983623053036e-14,TRUE
"rate_state","rate_state",11,3011,1000633,2116,0.376174481709798,TRUE,FALSE,5,1,"existing",NA,"rep_0011_fit_rate_state.rds","/Users/sachitraghavan/Documents/seismology-project/outputs/simulation/fits/main_simulation/truth_rate_state/rep_0011_fit_rate_state.rds",7.57290749405721e-26,TRUE
"rate_state","mse",12,3012,1000635,2063,0.48958615064621,TRUE,FALSE,6,0,"existing",NA,"rep_0012_fit_mse.rds","/Users/sachitraghavan/Documents/seismology-project/outputs/simulation/fits/main_simulation/truth_rate_state/rep_0012_fit_mse.rds",1.88839632962245e-13,TRUE
"rate_state","rate_state",12,3012,1000636,2063,1.68213131427765,TRUE,FALSE,27,0,"existing",NA,"rep_0012_fit_rate_state.rds","/Users/sachitraghavan/Documents/seismology-project/outputs/simulation/fits/main_simulation/truth_rate_state/rep_0012_fit_rate_state.rds",0.00579765454339742,FALSE
"rate_state","mse",13,3013,1000638,1291,0.361790184179942,TRUE,FALSE,7,0,"existing",NA,"rep_0013_fit_mse.rds","/Users/sachitraghavan/Documents/seismology-project/outputs/simulation/fits/main_simulation/truth_rate_state/rep_0013_fit_mse.rds",5.55746378397238e-41,TRUE
"rate_state","rate_state",13,3013,1000639,1291,1.15009061892827,TRUE,FALSE,28,0,"existing",NA,"rep_0013_fit_rate_state.rds","/Users/sachitraghavan/Documents/seismology-project/outputs/simulation/fits/main_simulation/truth_rate_state/rep_0013_fit_rate_state.rds",0.00703012897853897,FALSE
"rate_state","mse",14,3014,1000641,1676,5.51626226504644,FALSE,TRUE,100,0,"existing",NA,"rep_0014_fit_mse.rds","/Users/sachitraghavan/Documents/seismology-project/outputs/simulation/fits/main_simulation/truth_rate_state/rep_0014_fit_mse.rds",0.0063666378923143,FALSE
"rate_state","rate_state",14,3014,1000642,1676,1.96840723355611,TRUE,FALSE,40,0,"existing",NA,"rep_0014_fit_rate_state.rds","/Users/sachitraghavan/Documents/seismology-project/outputs/simulation/fits/main_simulation/truth_rate_state/rep_0014_fit_rate_state.rds",0.00639165001160627,FALSE
"rate_state","mse",15,3015,1000644,1618,1.84124891757965,TRUE,FALSE,33,0,"existing",NA,"rep_0015_fit_mse.rds","/Users/sachitraghavan/Documents/seismology-project/outputs/simulation/fits/main_simulation/truth_rate_state/rep_0015_fit_mse.rds",0.00654879689425286,FALSE
"rate_state","rate_state",15,3015,1000645,1618,1.24960088332494,TRUE,FALSE,25,2,"existing",NA,"rep_0015_fit_rate_state.rds","/Users/sachitraghavan/Documents/seismology-project/outputs/simulation/fits/main_simulation/truth_rate_state/rep_0015_fit_rate_state.rds",0.00656218674284962,FALSE
"rate_state","mse",16,3016,1000647,2397,0.848295966784159,TRUE,FALSE,8,0,"existing",NA,"rep_0016_fit_mse.rds","/Users/sachitraghavan/Documents/seismology-project/outputs/simulation/fits/main_simulation/truth_rate_state/rep_0016_fit_mse.rds",2.64971651352098e-15,TRUE
"rate_state","rate_state",16,3016,1000648,2397,0.438932534058889,TRUE,FALSE,5,1,"existing",NA,"rep_0016_fit_rate_state.rds","/Users/sachitraghavan/Documents/seismology-project/outputs/simulation/fits/main_simulation/truth_rate_state/rep_0016_fit_rate_state.rds",1.13999316385085e-22,TRUE
"rate_state","mse",17,3017,1000650,1305,0.358395866552989,TRUE,FALSE,7,0,"existing",NA,"rep_0017_fit_mse.rds","/Users/sachitraghavan/Documents/seismology-project/outputs/simulation/fits/main_simulation/truth_rate_state/rep_0017_fit_mse.rds",2.16176344907667e-40,TRUE
"rate_state","rate_state",17,3017,1000651,1305,0.347154764334361,TRUE,FALSE,7,1,"existing",NA,"rep_0017_fit_rate_state.rds","/Users/sachitraghavan/Documents/seismology-project/outputs/simulation/fits/main_simulation/truth_rate_state/rep_0017_fit_rate_state.rds",9.49811768693845e-31,TRUE
"rate_state","mse",18,3018,1000653,5152,12.3174082835515,TRUE,FALSE,54,0,"existing",NA,"rep_0018_fit_mse.rds","/Users/sachitraghavan/Documents/seismology-project/outputs/simulation/fits/main_simulation/truth_rate_state/rep_0018_fit_mse.rds",0.00364191753598096,FALSE
"rate_state","rate_state",18,3018,1000654,5152,9.50681634744008,TRUE,FALSE,46,0,"existing",NA,"rep_0018_fit_rate_state.rds","/Users/sachitraghavan/Documents/seismology-project/outputs/simulation/fits/main_simulation/truth_rate_state/rep_0018_fit_rate_state.rds",0.0036464608402901,FALSE
"rate_state","mse",19,3019,1000656,2159,0.549543484052022,TRUE,FALSE,6,0,"existing",NA,"rep_0019_fit_mse.rds","/Users/sachitraghavan/Documents/seismology-project/outputs/simulation/fits/main_simulation/truth_rate_state/rep_0019_fit_mse.rds",4.84822570790279e-21,TRUE
"rate_state","rate_state",19,3019,1000657,2159,0.451962431271871,TRUE,FALSE,5,1,"existing",NA,"rep_0019_fit_rate_state.rds","/Users/sachitraghavan/Documents/seismology-project/outputs/simulation/fits/main_simulation/truth_rate_state/rep_0019_fit_rate_state.rds",1.11604357761325e-27,TRUE
"rate_state","mse",20,3020,1000659,3616,5.62841148376465,TRUE,FALSE,43,0,"existing",NA,"rep_0020_fit_mse.rds","/Users/sachitraghavan/Documents/seismology-project/outputs/simulation/fits/main_simulation/truth_rate_state/rep_0020_fit_mse.rds",0.00429506999058999,FALSE
"rate_state","rate_state",20,3020,1000660,3616,4.68458482027054,TRUE,FALSE,37,0,"existing",NA,"rep_0020_fit_rate_state.rds","/Users/sachitraghavan/Documents/seismology-project/outputs/simulation/fits/main_simulation/truth_rate_state/rep_0020_fit_rate_state.rds",0.00429423754223296,FALSE
"rate_state","mse",21,3021,1000662,6127,34.3711335341136,FALSE,TRUE,100,0,"existing",NA,"rep_0021_fit_mse.rds","/Users/sachitraghavan/Documents/seismology-project/outputs/simulation/fits/main_simulation/truth_rate_state/rep_0021_fit_mse.rds",0.00339308119081202,FALSE
"rate_state","rate_state",21,3021,1000663,6127,15.4106911977132,TRUE,FALSE,47,0,"existing",NA,"rep_0021_fit_rate_state.rds","/Users/sachitraghavan/Documents/seismology-project/outputs/simulation/fits/main_simulation/truth_rate_state/rep_0021_fit_rate_state.rds",0.00339402929358613,FALSE
"rate_state","mse",22,3022,1000665,2361,11.8528156995773,FALSE,TRUE,100,0,"existing",NA,"rep_0022_fit_mse.rds","/Users/sachitraghavan/Documents/seismology-project/outputs/simulation/fits/main_simulation/truth_rate_state/rep_0022_fit_mse.rds",0.00534153473846586,FALSE
"rate_state","rate_state",22,3022,1000666,2361,2.88173636992772,TRUE,FALSE,27,0,"existing",NA,"rep_0022_fit_rate_state.rds","/Users/sachitraghavan/Documents/seismology-project/outputs/simulation/fits/main_simulation/truth_rate_state/rep_0022_fit_rate_state.rds",0.0053427656759541,FALSE
"rate_state","mse",23,3023,1000668,2827,0.591732835769653,TRUE,FALSE,5,0,"existing",NA,"rep_0023_fit_mse.rds","/Users/sachitraghavan/Documents/seismology-project/outputs/simulation/fits/main_simulation/truth_rate_state/rep_0023_fit_mse.rds",2.75216189012181e-16,TRUE
"rate_state","rate_state",23,3023,1000669,2827,0.828168499469757,TRUE,FALSE,8,1,"existing",NA,"rep_0023_fit_rate_state.rds","/Users/sachitraghavan/Documents/seismology-project/outputs/simulation/fits/main_simulation/truth_rate_state/rep_0023_fit_rate_state.rds",4.34712108665241e-23,TRUE
"rate_state","mse",24,3024,1000671,1158,0.973724468549093,TRUE,FALSE,23,0,"existing",NA,"rep_0024_fit_mse.rds","/Users/sachitraghavan/Documents/seismology-project/outputs/simulation/fits/main_simulation/truth_rate_state/rep_0024_fit_mse.rds",0.00718041227201977,FALSE
"rate_state","rate_state",24,3024,1000672,1158,0.358044032255808,TRUE,FALSE,8,1,"existing",NA,"rep_0024_fit_rate_state.rds","/Users/sachitraghavan/Documents/seismology-project/outputs/simulation/fits/main_simulation/truth_rate_state/rep_0024_fit_rate_state.rds",1.34425644368826e-36,TRUE
"rate_state","mse",25,3025,1000674,1723,5.92849495013555,FALSE,TRUE,100,0,"existing",NA,"rep_0025_fit_mse.rds","/Users/sachitraghavan/Documents/seismology-project/outputs/simulation/fits/main_simulation/truth_rate_state/rep_0025_fit_mse.rds",0.00617416749228294,FALSE
"rate_state","rate_state",25,3025,1000675,1723,1.44657289981842,TRUE,FALSE,27,0,"existing",NA,"rep_0025_fit_rate_state.rds","/Users/sachitraghavan/Documents/seismology-project/outputs/simulation/fits/main_simulation/truth_rate_state/rep_0025_fit_rate_state.rds",0.00617978781179549,FALSE
"rate_state","mse",26,3026,1000677,4221,16.5202280163765,FALSE,TRUE,100,0,"existing",NA,"rep_0026_fit_mse.rds","/Users/sachitraghavan/Documents/seismology-project/outputs/simulation/fits/main_simulation/truth_rate_state/rep_0026_fit_mse.rds",0.00414432374539319,FALSE
"rate_state","rate_state",26,3026,1000678,4221,7.45626921653748,TRUE,FALSE,42,0,"existing",NA,"rep_0026_fit_rate_state.rds","/Users/sachitraghavan/Documents/seismology-project/outputs/simulation/fits/main_simulation/truth_rate_state/rep_0026_fit_rate_state.rds",0.00414394105061178,FALSE
"rate_state","mse",27,3027,1000680,3674,9.92170600096385,TRUE,FALSE,51,0,"existing",NA,"rep_0027_fit_mse.rds","/Users/sachitraghavan/Documents/seismology-project/outputs/simulation/fits/main_simulation/truth_rate_state/rep_0027_fit_mse.rds",0.00446336325678976,FALSE
"rate_state","rate_state",27,3027,1000681,3674,7.50185833374659,TRUE,FALSE,41,0,"existing",NA,"rep_0027_fit_rate_state.rds","/Users/sachitraghavan/Documents/seismology-project/outputs/simulation/fits/main_simulation/truth_rate_state/rep_0027_fit_rate_state.rds",0.00447096693449829,FALSE
"rate_state","mse",28,3028,1000683,1521,2.49810813268026,TRUE,FALSE,33,0,"existing",NA,"rep_0028_fit_mse.rds","/Users/sachitraghavan/Documents/seismology-project/outputs/simulation/fits/main_simulation/truth_rate_state/rep_0028_fit_mse.rds",0.00638817848951039,FALSE
"rate_state","rate_state",28,3028,1000684,1521,2.23552758296331,TRUE,FALSE,34,0,"existing",NA,"rep_0028_fit_rate_state.rds","/Users/sachitraghavan/Documents/seismology-project/outputs/simulation/fits/main_simulation/truth_rate_state/rep_0028_fit_rate_state.rds",0.00638602346801725,FALSE
"rate_state","mse",29,3029,1000686,1637,0.392707701524099,TRUE,FALSE,6,0,"existing",NA,"rep_0029_fit_mse.rds","/Users/sachitraghavan/Documents/seismology-project/outputs/simulation/fits/main_simulation/truth_rate_state/rep_0029_fit_mse.rds",7.00082035706024e-14,TRUE
"rate_state","rate_state",29,3029,1000687,1637,1.42197002967199,TRUE,FALSE,28,0,"existing",NA,"rep_0029_fit_rate_state.rds","/Users/sachitraghavan/Documents/seismology-project/outputs/simulation/fits/main_simulation/truth_rate_state/rep_0029_fit_rate_state.rds",0.00657636341226825,FALSE
"rate_state","mse",30,3030,1000689,1804,0.503070851167043,TRUE,FALSE,7,0,"existing",NA,"rep_0030_fit_mse.rds","/Users/sachitraghavan/Documents/seismology-project/outputs/simulation/fits/main_simulation/truth_rate_state/rep_0030_fit_mse.rds",3.21660760549591e-36,TRUE
"rate_state","rate_state",30,3030,1000690,1804,0.547127032279968,TRUE,FALSE,8,1,"existing",NA,"rep_0030_fit_rate_state.rds","/Users/sachitraghavan/Documents/seismology-project/outputs/simulation/fits/main_simulation/truth_rate_state/rep_0030_fit_rate_state.rds",1.1405266060598e-29,TRUE
"rate_state","mse",31,3031,1000692,1382,0.240010833740234,TRUE,FALSE,4,0,"existing",NA,"rep_0031_fit_mse.rds","/Users/sachitraghavan/Documents/seismology-project/outputs/simulation/fits/main_simulation/truth_rate_state/rep_0031_fit_mse.rds",1.36452602560797e-44,TRUE
"rate_state","rate_state",31,3031,1000693,1382,0.278147033850352,TRUE,FALSE,5,1,"existing",NA,"rep_0031_fit_rate_state.rds","/Users/sachitraghavan/Documents/seismology-project/outputs/simulation/fits/main_simulation/truth_rate_state/rep_0031_fit_rate_state.rds",6.08482051958134e-34,TRUE
"rate_state","mse",32,3032,1000695,1682,0.277392633756002,TRUE,FALSE,4,0,"existing",NA,"rep_0032_fit_mse.rds","/Users/sachitraghavan/Documents/seismology-project/outputs/simulation/fits/main_simulation/truth_rate_state/rep_0032_fit_mse.rds",1.16148513386578e-14,TRUE
"rate_state","rate_state",32,3032,1000696,1682,0.448812818527222,TRUE,FALSE,7,1,"existing",NA,"rep_0032_fit_rate_state.rds","/Users/sachitraghavan/Documents/seismology-project/outputs/simulation/fits/main_simulation/truth_rate_state/rep_0032_fit_rate_state.rds",1.83716357690361e-30,TRUE
"rate_state","mse",33,3033,1000698,2205,8.27080926895142,FALSE,TRUE,100,0,"existing",NA,"rep_0033_fit_mse.rds","/Users/sachitraghavan/Documents/seismology-project/outputs/simulation/fits/main_simulation/truth_rate_state/rep_0033_fit_mse.rds",0.00563273826312924,FALSE
"rate_state","rate_state",33,3033,1000699,2205,0.704331151644389,TRUE,FALSE,7,1,"existing",NA,"rep_0033_fit_rate_state.rds","/Users/sachitraghavan/Documents/seismology-project/outputs/simulation/fits/main_simulation/truth_rate_state/rep_0033_fit_rate_state.rds",1.10871990721981e-24,TRUE
"rate_state","mse",34,3034,1000701,1959,1.89085305134455,TRUE,FALSE,23,0,"existing",NA,"rep_0034_fit_mse.rds","/Users/sachitraghavan/Documents/seismology-project/outputs/simulation/fits/main_simulation/truth_rate_state/rep_0034_fit_mse.rds",0.00620226221188417,FALSE
"rate_state","rate_state",34,3034,1000702,1959,1.9900045633316,TRUE,FALSE,27,0,"existing",NA,"rep_0034_fit_rate_state.rds","/Users/sachitraghavan/Documents/seismology-project/outputs/simulation/fits/main_simulation/truth_rate_state/rep_0034_fit_rate_state.rds",0.00617805184717027,FALSE
"rate_state","mse",35,3035,1000704,1336,5.42602754831314,FALSE,TRUE,100,0,"existing",NA,"rep_0035_fit_mse.rds","/Users/sachitraghavan/Documents/seismology-project/outputs/simulation/fits/main_simulation/truth_rate_state/rep_0035_fit_mse.rds",0.00671681411704543,FALSE
"rate_state","rate_state",35,3035,1000705,1336,6.5182696501414,FALSE,TRUE,100,1,"existing",NA,"rep_0035_fit_rate_state.rds","/Users/sachitraghavan/Documents/seismology-project/outputs/simulation/fits/main_simulation/truth_rate_state/rep_0035_fit_rate_state.rds",1.8786130552703e-29,TRUE
"rate_state","mse",36,3036,1000707,3156,15.1637190024058,FALSE,TRUE,100,0,"existing",NA,"rep_0036_fit_mse.rds","/Users/sachitraghavan/Documents/seismology-project/outputs/simulation/fits/main_simulation/truth_rate_state/rep_0036_fit_mse.rds",0.0049985800556875,FALSE
"rate_state","rate_state",36,3036,1000708,3156,3.29120508432388,TRUE,FALSE,19,1,"existing",NA,"rep_0036_fit_rate_state.rds","/Users/sachitraghavan/Documents/seismology-project/outputs/simulation/fits/main_simulation/truth_rate_state/rep_0036_fit_rate_state.rds",5.76257446409838e-21,TRUE
"rate_state","mse",37,3037,1000710,6412,26.7941285014153,TRUE,FALSE,60,0,"existing",NA,"rep_0037_fit_mse.rds","/Users/sachitraghavan/Documents/seismology-project/outputs/simulation/fits/main_simulation/truth_rate_state/rep_0037_fit_mse.rds",0.00328818532647008,FALSE
"rate_state","rate_state",37,3037,1000711,6412,17.7775609652201,TRUE,FALSE,49,0,"existing",NA,"rep_0037_fit_rate_state.rds","/Users/sachitraghavan/Documents/seismology-project/outputs/simulation/fits/main_simulation/truth_rate_state/rep_0037_fit_rate_state.rds",0.00329291915319568,FALSE
"rate_state","mse",38,3038,1000713,2860,5.94073569774628,TRUE,FALSE,43,0,"existing",NA,"rep_0038_fit_mse.rds","/Users/sachitraghavan/Documents/seismology-project/outputs/simulation/fits/main_simulation/truth_rate_state/rep_0038_fit_mse.rds",0.00487169147634616,FALSE
"rate_state","rate_state",38,3038,1000714,2860,4.56180131435394,TRUE,FALSE,34,0,"existing",NA,"rep_0038_fit_rate_state.rds","/Users/sachitraghavan/Documents/seismology-project/outputs/simulation/fits/main_simulation/truth_rate_state/rep_0038_fit_rate_state.rds",0.00487382710388337,FALSE
"rate_state","mse",39,3039,1000716,2385,11.7382132132848,FALSE,TRUE,100,0,"existing",NA,"rep_0039_fit_mse.rds","/Users/sachitraghavan/Documents/seismology-project/outputs/simulation/fits/main_simulation/truth_rate_state/rep_0039_fit_mse.rds",0.00550116228802985,FALSE
"rate_state","rate_state",39,3039,1000717,2385,0.703612732887268,TRUE,FALSE,5,1,"existing",NA,"rep_0039_fit_rate_state.rds","/Users/sachitraghavan/Documents/seismology-project/outputs/simulation/fits/main_simulation/truth_rate_state/rep_0039_fit_rate_state.rds",1.5670943316752e-23,TRUE
"rate_state","mse",40,3040,1000719,2033,0.81072613398234,TRUE,FALSE,7,0,"existing",NA,"rep_0040_fit_mse.rds","/Users/sachitraghavan/Documents/seismology-project/outputs/simulation/fits/main_simulation/truth_rate_state/rep_0040_fit_mse.rds",1.12191498725425e-17,TRUE
"rate_state","rate_state",40,3040,1000720,2033,2.80936185121536,TRUE,FALSE,29,0,"existing",NA,"rep_0040_fit_rate_state.rds","/Users/sachitraghavan/Documents/seismology-project/outputs/simulation/fits/main_simulation/truth_rate_state/rep_0040_fit_rate_state.rds",0.00575590253087899,FALSE
"rate_state","mse",41,3041,1000722,3382,17.7645522475243,FALSE,TRUE,100,0,"existing",NA,"rep_0041_fit_mse.rds","/Users/sachitraghavan/Documents/seismology-project/outputs/simulation/fits/main_simulation/truth_rate_state/rep_0041_fit_mse.rds",0.00480058337571311,FALSE
"rate_state","rate_state",41,3041,1000723,3382,5.51371205250422,TRUE,FALSE,32,0,"existing",NA,"rep_0041_fit_rate_state.rds","/Users/sachitraghavan/Documents/seismology-project/outputs/simulation/fits/main_simulation/truth_rate_state/rep_0041_fit_rate_state.rds",0.00482229000960181,FALSE
"rate_state","mse",42,3042,1000725,1805,0.508858633041382,TRUE,FALSE,5,0,"existing",NA,"rep_0042_fit_mse.rds","/Users/sachitraghavan/Documents/seismology-project/outputs/simulation/fits/main_simulation/truth_rate_state/rep_0042_fit_mse.rds",4.92310961818454e-17,TRUE
"rate_state","rate_state",42,3042,1000726,1805,0.540516364574432,TRUE,FALSE,5,1,"existing",NA,"rep_0042_fit_rate_state.rds","/Users/sachitraghavan/Documents/seismology-project/outputs/simulation/fits/main_simulation/truth_rate_state/rep_0042_fit_rate_state.rds",4.42795775775812e-30,TRUE
"rate_state","mse",43,3043,1000728,1260,4.98471383651098,TRUE,FALSE,74,0,"existing",NA,"rep_0043_fit_mse.rds","/Users/sachitraghavan/Documents/seismology-project/outputs/simulation/fits/main_simulation/truth_rate_state/rep_0043_fit_mse.rds",0.00687924466536126,FALSE
"rate_state","rate_state",43,3043,1000729,1260,1.44436116615931,TRUE,FALSE,23,0,"existing",NA,"rep_0043_fit_rate_state.rds","/Users/sachitraghavan/Documents/seismology-project/outputs/simulation/fits/main_simulation/truth_rate_state/rep_0043_fit_rate_state.rds",0.006900835075409,FALSE
"rate_state","mse",44,3044,1000731,2295,11.2339732329051,FALSE,TRUE,100,0,"existing",NA,"rep_0044_fit_mse.rds","/Users/sachitraghavan/Documents/seismology-project/outputs/simulation/fits/main_simulation/truth_rate_state/rep_0044_fit_mse.rds",0.00567399416392953,FALSE
"rate_state","rate_state",44,3044,1000732,2295,2.84887474775314,TRUE,FALSE,27,0,"existing",NA,"rep_0044_fit_rate_state.rds","/Users/sachitraghavan/Documents/seismology-project/outputs/simulation/fits/main_simulation/truth_rate_state/rep_0044_fit_rate_state.rds",0.00565820274813635,FALSE
"rate_state","mse",45,3045,1000734,3425,17.2805632511775,FALSE,TRUE,100,0,"existing",NA,"rep_0045_fit_mse.rds","/Users/sachitraghavan/Documents/seismology-project/outputs/simulation/fits/main_simulation/truth_rate_state/rep_0045_fit_mse.rds",0.00471909934390065,FALSE
"rate_state","rate_state",45,3045,1000735,3425,4.75363501707713,TRUE,FALSE,32,0,"existing",NA,"rep_0045_fit_rate_state.rds","/Users/sachitraghavan/Documents/seismology-project/outputs/simulation/fits/main_simulation/truth_rate_state/rep_0045_fit_rate_state.rds",0.00471864929685304,FALSE
"rate_state","mse",46,3046,1000737,1483,6.47764958540599,FALSE,TRUE,100,0,"existing",NA,"rep_0046_fit_mse.rds","/Users/sachitraghavan/Documents/seismology-project/outputs/simulation/fits/main_simulation/truth_rate_state/rep_0046_fit_mse.rds",0.00663941402598245,FALSE
"rate_state","rate_state",46,3046,1000738,1483,0.523628997802734,TRUE,FALSE,8,1,"existing",NA,"rep_0046_fit_rate_state.rds","/Users/sachitraghavan/Documents/seismology-project/outputs/simulation/fits/main_simulation/truth_rate_state/rep_0046_fit_rate_state.rds",5.46565205214656e-32,TRUE
"rate_state","mse",47,3047,1000740,1689,2.78203361829122,TRUE,FALSE,33,0,"existing",NA,"rep_0047_fit_mse.rds","/Users/sachitraghavan/Documents/seismology-project/outputs/simulation/fits/main_simulation/truth_rate_state/rep_0047_fit_mse.rds",0.00631382566438159,FALSE
"rate_state","rate_state",47,3047,1000741,1689,0.688314398129781,TRUE,FALSE,8,1,"existing",NA,"rep_0047_fit_rate_state.rds","/Users/sachitraghavan/Documents/seismology-project/outputs/simulation/fits/main_simulation/truth_rate_state/rep_0047_fit_rate_state.rds",3.46719988447528e-31,TRUE
"rate_state","mse",48,3048,1000743,2586,0.802915318806966,TRUE,FALSE,5,0,"existing",NA,"rep_0048_fit_mse.rds","/Users/sachitraghavan/Documents/seismology-project/outputs/simulation/fits/main_simulation/truth_rate_state/rep_0048_fit_mse.rds",2.18949400924303e-14,TRUE
"rate_state","rate_state",48,3048,1000744,2586,1.11625481446584,TRUE,FALSE,8,1,"existing",NA,"rep_0048_fit_rate_state.rds","/Users/sachitraghavan/Documents/seismology-project/outputs/simulation/fits/main_simulation/truth_rate_state/rep_0048_fit_rate_state.rds",5.56252870557914e-30,TRUE
"rate_state","mse",49,3049,1000746,1237,0.531111447016398,TRUE,FALSE,7,0,"existing",NA,"rep_0049_fit_mse.rds","/Users/sachitraghavan/Documents/seismology-project/outputs/simulation/fits/main_simulation/truth_rate_state/rep_0049_fit_mse.rds",2.63025248935909e-39,TRUE
"rate_state","rate_state",49,3049,1000747,1237,1.29744316736857,TRUE,FALSE,21,0,"existing",NA,"rep_0049_fit_rate_state.rds","/Users/sachitraghavan/Documents/seismology-project/outputs/simulation/fits/main_simulation/truth_rate_state/rep_0049_fit_rate_state.rds",0.00707321606510618,FALSE
"rate_state","mse",50,3050,1000749,2777,0.817042863368988,TRUE,FALSE,5,0,"existing",NA,"rep_0050_fit_mse.rds","/Users/sachitraghavan/Documents/seismology-project/outputs/simulation/fits/main_simulation/truth_rate_state/rep_0050_fit_mse.rds",8.69770358601848e-41,TRUE
"rate_state","rate_state",50,3050,1000750,2777,1.05246315002441,TRUE,FALSE,7,1,"existing",NA,"rep_0050_fit_rate_state.rds","/Users/sachitraghavan/Documents/seismology-project/outputs/simulation/fits/main_simulation/truth_rate_state/rep_0050_fit_rate_state.rds",5.59099695104172e-27,TRUE
"rate_state","mse",51,3051,1000752,1454,0.453747749328613,TRUE,FALSE,5,0,"existing",NA,"rep_0051_fit_mse.rds","/Users/sachitraghavan/Documents/seismology-project/outputs/simulation/fits/main_simulation/truth_rate_state/rep_0051_fit_mse.rds",1.48322127677256e-44,TRUE
"rate_state","rate_state",51,3051,1000753,1454,0.592140181859334,TRUE,FALSE,8,1,"existing",NA,"rep_0051_fit_rate_state.rds","/Users/sachitraghavan/Documents/seismology-project/outputs/simulation/fits/main_simulation/truth_rate_state/rep_0051_fit_rate_state.rds",4.73188025766947e-34,TRUE
"rate_state","mse",52,3052,1000755,1488,2.07293848196665,TRUE,FALSE,30,0,"existing",NA,"rep_0052_fit_mse.rds","/Users/sachitraghavan/Documents/seismology-project/outputs/simulation/fits/main_simulation/truth_rate_state/rep_0052_fit_mse.rds",0.00664111872418955,FALSE
"rate_state","rate_state",52,3052,1000756,1488,2.21103845040003,TRUE,FALSE,35,0,"existing",NA,"rep_0052_fit_rate_state.rds","/Users/sachitraghavan/Documents/seismology-project/outputs/simulation/fits/main_simulation/truth_rate_state/rep_0052_fit_rate_state.rds",0.00662934384489564,FALSE
"rate_state","mse",53,3053,1000758,1277,1.75804898341497,TRUE,FALSE,27,0,"existing",NA,"rep_0053_fit_mse.rds","/Users/sachitraghavan/Documents/seismology-project/outputs/simulation/fits/main_simulation/truth_rate_state/rep_0053_fit_mse.rds",0.00682279521638372,FALSE
"rate_state","rate_state",53,3053,1000759,1277,2.12166458368301,TRUE,FALSE,39,0,"existing",NA,"rep_0053_fit_rate_state.rds","/Users/sachitraghavan/Documents/seismology-project/outputs/simulation/fits/main_simulation/truth_rate_state/rep_0053_fit_rate_state.rds",0.00684205769855541,FALSE
"rate_state","mse",54,3054,1000761,1675,7.79815115133921,FALSE,TRUE,100,0,"existing",NA,"rep_0054_fit_mse.rds","/Users/sachitraghavan/Documents/seismology-project/outputs/simulation/fits/main_simulation/truth_rate_state/rep_0054_fit_mse.rds",0.00632648098184102,FALSE
"rate_state","rate_state",54,3054,1000762,1675,0.692365336418152,TRUE,FALSE,9,1,"existing",NA,"rep_0054_fit_rate_state.rds","/Users/sachitraghavan/Documents/seismology-project/outputs/simulation/fits/main_simulation/truth_rate_state/rep_0054_fit_rate_state.rds",3.2286766970841e-27,TRUE
"rate_state","mse",55,3055,1000764,4197,18.5886566996574,FALSE,TRUE,100,0,"existing",NA,"rep_0055_fit_mse.rds","/Users/sachitraghavan/Documents/seismology-project/outputs/simulation/fits/main_simulation/truth_rate_state/rep_0055_fit_mse.rds",0.00410033263703527,FALSE
"rate_state","rate_state",55,3055,1000765,4197,6.34299331903458,TRUE,FALSE,41,0,"existing",NA,"rep_0055_fit_rate_state.rds","/Users/sachitraghavan/Documents/seismology-project/outputs/simulation/fits/main_simulation/truth_rate_state/rep_0055_fit_rate_state.rds",0.00409332188193984,FALSE
"rate_state","mse",56,3056,1000767,2309,0.845258100827535,TRUE,FALSE,7,0,"existing",NA,"rep_0056_fit_mse.rds","/Users/sachitraghavan/Documents/seismology-project/outputs/simulation/fits/main_simulation/truth_rate_state/rep_0056_fit_mse.rds",2.4483787566466e-15,TRUE
"rate_state","rate_state",56,3056,1000768,2309,0.574162399768829,TRUE,FALSE,5,1,"existing",NA,"rep_0056_fit_rate_state.rds","/Users/sachitraghavan/Documents/seismology-project/outputs/simulation/fits/main_simulation/truth_rate_state/rep_0056_fit_rate_state.rds",2.08079760571259e-26,TRUE
"rate_state","mse",57,3057,1000770,1937,1.9497832496961,TRUE,FALSE,24,0,"existing",NA,"rep_0057_fit_mse.rds","/Users/sachitraghavan/Documents/seismology-project/outputs/simulation/fits/main_simulation/truth_rate_state/rep_0057_fit_mse.rds",0.00588852610994078,FALSE
"rate_state","rate_state",57,3057,1000771,1937,0.694113882382711,TRUE,FALSE,8,1,"existing",NA,"rep_0057_fit_rate_state.rds","/Users/sachitraghavan/Documents/seismology-project/outputs/simulation/fits/main_simulation/truth_rate_state/rep_0057_fit_rate_state.rds",1.14084930651062e-26,TRUE
"rate_state","mse",58,3058,1000773,6045,29.9304875334104,FALSE,TRUE,100,0,"existing",NA,"rep_0058_fit_mse.rds","/Users/sachitraghavan/Documents/seismology-project/outputs/simulation/fits/main_simulation/truth_rate_state/rep_0058_fit_mse.rds",0.0033396677405741,FALSE
"rate_state","rate_state",58,3058,1000774,6045,11.6954761664073,TRUE,FALSE,42,0,"existing",NA,"rep_0058_fit_rate_state.rds","/Users/sachitraghavan/Documents/seismology-project/outputs/simulation/fits/main_simulation/truth_rate_state/rep_0058_fit_rate_state.rds",0.00334217382666135,FALSE
"rate_state","mse",59,3059,1000776,1572,5.51391215324402,TRUE,FALSE,95,0,"existing",NA,"rep_0059_fit_mse.rds","/Users/sachitraghavan/Documents/seismology-project/outputs/simulation/fits/main_simulation/truth_rate_state/rep_0059_fit_mse.rds",0.00651577183560811,FALSE
"rate_state","rate_state",59,3059,1000777,1572,0.512347169717153,TRUE,FALSE,8,1,"existing",NA,"rep_0059_fit_rate_state.rds","/Users/sachitraghavan/Documents/seismology-project/outputs/simulation/fits/main_simulation/truth_rate_state/rep_0059_fit_rate_state.rds",7.73094667210727e-29,TRUE
"rate_state","mse",60,3060,1000779,4228,18.9338282346725,FALSE,TRUE,100,0,"existing",NA,"rep_0060_fit_mse.rds","/Users/sachitraghavan/Documents/seismology-project/outputs/simulation/fits/main_simulation/truth_rate_state/rep_0060_fit_mse.rds",0.00403101604673381,FALSE
"rate_state","rate_state",60,3060,1000780,4228,6.18392406702042,TRUE,FALSE,37,0,"existing",NA,"rep_0060_fit_rate_state.rds","/Users/sachitraghavan/Documents/seismology-project/outputs/simulation/fits/main_simulation/truth_rate_state/rep_0060_fit_rate_state.rds",0.00403162178147627,FALSE
"rate_state","mse",61,3061,1000782,2213,7.89056144952774,FALSE,TRUE,100,0,"existing",NA,"rep_0061_fit_mse.rds","/Users/sachitraghavan/Documents/seismology-project/outputs/simulation/fits/main_simulation/truth_rate_state/rep_0061_fit_mse.rds",0.00523359353832349,FALSE
"rate_state","rate_state",61,3061,1000783,2213,0.597612516085307,TRUE,FALSE,7,1,"existing",NA,"rep_0061_fit_rate_state.rds","/Users/sachitraghavan/Documents/seismology-project/outputs/simulation/fits/main_simulation/truth_rate_state/rep_0061_fit_rate_state.rds",9.34256141895315e-31,TRUE
"rate_state","mse",62,3062,1000785,2638,10.1462620854378,FALSE,TRUE,100,0,"existing",NA,"rep_0062_fit_mse.rds","/Users/sachitraghavan/Documents/seismology-project/outputs/simulation/fits/main_simulation/truth_rate_state/rep_0062_fit_mse.rds",0.00534543948332215,FALSE
"rate_state","rate_state",62,3062,1000786,2638,0.887034400304158,TRUE,FALSE,8,1,"existing",NA,"rep_0062_fit_rate_state.rds","/Users/sachitraghavan/Documents/seismology-project/outputs/simulation/fits/main_simulation/truth_rate_state/rep_0062_fit_rate_state.rds",5.27908598760453e-25,TRUE
"rate_state","mse",63,3063,1000788,3160,6.6859557668368,TRUE,FALSE,49,0,"existing",NA,"rep_0063_fit_mse.rds","/Users/sachitraghavan/Documents/seismology-project/outputs/simulation/fits/main_simulation/truth_rate_state/rep_0063_fit_mse.rds",0.00504703089063372,FALSE
"rate_state","rate_state",63,3063,1000789,3160,11.0112354159355,FALSE,TRUE,100,0,"existing",NA,"rep_0063_fit_rate_state.rds","/Users/sachitraghavan/Documents/seismology-project/outputs/simulation/fits/main_simulation/truth_rate_state/rep_0063_fit_rate_state.rds",0.00495164282058318,FALSE
"rate_state","mse",64,3064,1000791,1601,5.87842190265656,FALSE,TRUE,100,0,"existing",NA,"rep_0064_fit_mse.rds","/Users/sachitraghavan/Documents/seismology-project/outputs/simulation/fits/main_simulation/truth_rate_state/rep_0064_fit_mse.rds",0.00639535691714735,FALSE
"rate_state","rate_state",64,3064,1000792,1601,2.43515196641286,TRUE,FALSE,46,0,"existing",NA,"rep_0064_fit_rate_state.rds","/Users/sachitraghavan/Documents/seismology-project/outputs/simulation/fits/main_simulation/truth_rate_state/rep_0064_fit_rate_state.rds",0.00641802231898975,FALSE
"rate_state","mse",65,3065,1000794,2642,2.85612133344014,TRUE,FALSE,29,0,"existing",NA,"rep_0065_fit_mse.rds","/Users/sachitraghavan/Documents/seismology-project/outputs/simulation/fits/main_simulation/truth_rate_state/rep_0065_fit_mse.rds",0.00524622470419903,FALSE
"rate_state","rate_state",65,3065,1000795,2642,2.88615933656693,TRUE,FALSE,33,0,"existing",NA,"rep_0065_fit_rate_state.rds","/Users/sachitraghavan/Documents/seismology-project/outputs/simulation/fits/main_simulation/truth_rate_state/rep_0065_fit_rate_state.rds",0.00523457173853478,FALSE
"rate_state","mse",66,3066,1000797,1858,6.76126013199488,FALSE,TRUE,100,0,"existing",NA,"rep_0066_fit_mse.rds","/Users/sachitraghavan/Documents/seismology-project/outputs/simulation/fits/main_simulation/truth_rate_state/rep_0066_fit_mse.rds",0.00590221014406552,FALSE
"rate_state","rate_state",66,3066,1000798,1858,1.73283071915309,TRUE,FALSE,29,0,"existing",NA,"rep_0066_fit_rate_state.rds","/Users/sachitraghavan/Documents/seismology-project/outputs/simulation/fits/main_simulation/truth_rate_state/rep_0066_fit_rate_state.rds",0.00589704584599383,FALSE
"rate_state","mse",67,3067,1000800,2744,0.821668116251628,TRUE,FALSE,7,0,"existing",NA,"rep_0067_fit_mse.rds","/Users/sachitraghavan/Documents/seismology-project/outputs/simulation/fits/main_simulation/truth_rate_state/rep_0067_fit_mse.rds",4.24197524120923e-19,TRUE
"rate_state","rate_state",67,3067,1000801,2744,0.857806615034739,TRUE,FALSE,8,1,"existing",NA,"rep_0067_fit_rate_state.rds","/Users/sachitraghavan/Documents/seismology-project/outputs/simulation/fits/main_simulation/truth_rate_state/rep_0067_fit_rate_state.rds",5.72265268886492e-23,TRUE
"rate_state","mse",68,3068,1000803,1247,4.66149088541667,FALSE,TRUE,100,0,"existing",NA,"rep_0068_fit_mse.rds","/Users/sachitraghavan/Documents/seismology-project/outputs/simulation/fits/main_simulation/truth_rate_state/rep_0068_fit_mse.rds",0.00705927890014917,FALSE
"rate_state","rate_state",68,3068,1000804,1247,0.40558051665624,TRUE,FALSE,8,1,"existing",NA,"rep_0068_fit_rate_state.rds","/Users/sachitraghavan/Documents/seismology-project/outputs/simulation/fits/main_simulation/truth_rate_state/rep_0068_fit_rate_state.rds",1.63685960990437e-31,TRUE
"rate_state","mse",69,3069,1000806,1275,1.08688681523005,TRUE,FALSE,22,0,"existing",NA,"rep_0069_fit_mse.rds","/Users/sachitraghavan/Documents/seismology-project/outputs/simulation/fits/main_simulation/truth_rate_state/rep_0069_fit_mse.rds",0.00683678863048955,FALSE
"rate_state","rate_state",69,3069,1000807,1275,0.978362115224202,TRUE,FALSE,22,0,"existing",NA,"rep_0069_fit_rate_state.rds","/Users/sachitraghavan/Documents/seismology-project/outputs/simulation/fits/main_simulation/truth_rate_state/rep_0069_fit_rate_state.rds",0.00682776310067167,FALSE
"rate_state","mse",70,3070,1000809,2005,7.0440997004509,FALSE,TRUE,100,0,"existing",NA,"rep_0070_fit_mse.rds","/Users/sachitraghavan/Documents/seismology-project/outputs/simulation/fits/main_simulation/truth_rate_state/rep_0070_fit_mse.rds",0.00589341271589575,FALSE
"rate_state","rate_state",70,3070,1000810,2005,1.80006250143051,TRUE,FALSE,25,0,"existing",NA,"rep_0070_fit_rate_state.rds","/Users/sachitraghavan/Documents/seismology-project/outputs/simulation/fits/main_simulation/truth_rate_state/rep_0070_fit_rate_state.rds",0.00590660356456804,FALSE
"rate_state","mse",71,3071,1000812,2178,7.88738920291265,FALSE,TRUE,100,0,"existing",NA,"rep_0071_fit_mse.rds","/Users/sachitraghavan/Documents/seismology-project/outputs/simulation/fits/main_simulation/truth_rate_state/rep_0071_fit_mse.rds",0.00561389720914153,FALSE
"rate_state","rate_state",71,3071,1000813,2178,2.00900874932607,TRUE,FALSE,29,0,"existing",NA,"rep_0071_fit_rate_state.rds","/Users/sachitraghavan/Documents/seismology-project/outputs/simulation/fits/main_simulation/truth_rate_state/rep_0071_fit_rate_state.rds",0.00561307091976908,FALSE
"rate_state","mse",72,3072,1000815,2036,3.02669393221537,TRUE,FALSE,40,0,"existing",NA,"rep_0072_fit_mse.rds","/Users/sachitraghavan/Documents/seismology-project/outputs/simulation/fits/main_simulation/truth_rate_state/rep_0072_fit_mse.rds",0.00600209777465775,FALSE
"rate_state","rate_state",72,3072,1000816,2036,2.36657393376033,TRUE,FALSE,31,0,"existing",NA,"rep_0072_fit_rate_state.rds","/Users/sachitraghavan/Documents/seismology-project/outputs/simulation/fits/main_simulation/truth_rate_state/rep_0072_fit_rate_state.rds",0.00593757445006424,FALSE
"rate_state","mse",73,3073,1000818,2257,9.18231765031815,FALSE,TRUE,100,0,"fitted",NA,"rep_0073_fit_mse.rds","/Users/sachitraghavan/Documents/seismology-project/outputs/simulation/fits/main_simulation/truth_rate_state/rep_0073_fit_mse.rds",0.00530031414952127,FALSE
"rate_state","rate_state",73,3073,1000819,2257,10.1089561343193,TRUE,FALSE,90,1,"fitted",NA,"rep_0073_fit_rate_state.rds","/Users/sachitraghavan/Documents/seismology-project/outputs/simulation/fits/main_simulation/truth_rate_state/rep_0073_fit_rate_state.rds",7.97821260311235e-30,TRUE
"rate_state","mse",74,3074,1000821,1510,7.25097783406575,FALSE,TRUE,100,0,"existing",NA,"rep_0074_fit_mse.rds","/Users/sachitraghavan/Documents/seismology-project/outputs/simulation/fits/main_simulation/truth_rate_state/rep_0074_fit_mse.rds",1.2545170471704e-43,TRUE
"rate_state","rate_state",74,3074,1000822,1510,1.31962796847026,TRUE,FALSE,26,0,"existing",NA,"rep_0074_fit_rate_state.rds","/Users/sachitraghavan/Documents/seismology-project/outputs/simulation/fits/main_simulation/truth_rate_state/rep_0074_fit_rate_state.rds",0.0065964091825067,FALSE
"rate_state","mse",75,3075,1000824,3098,13.5880288163821,FALSE,TRUE,100,0,"existing",NA,"rep_0075_fit_mse.rds","/Users/sachitraghavan/Documents/seismology-project/outputs/simulation/fits/main_simulation/truth_rate_state/rep_0075_fit_mse.rds",0.00457327049900119,FALSE
"rate_state","rate_state",75,3075,1000825,3098,4.76970065037409,TRUE,FALSE,37,0,"fitted",NA,"rep_0075_fit_rate_state.rds","/Users/sachitraghavan/Documents/seismology-project/outputs/simulation/fits/main_simulation/truth_rate_state/rep_0075_fit_rate_state.rds",0.00456351200786339,FALSE
"rate_state","mse",76,3076,1000827,3856,17.6828282674154,FALSE,TRUE,100,0,"fitted",NA,"rep_0076_fit_mse.rds","/Users/sachitraghavan/Documents/seismology-project/outputs/simulation/fits/main_simulation/truth_rate_state/rep_0076_fit_mse.rds",0.00441328996323384,FALSE
"rate_state","rate_state",76,3076,1000828,3856,5.65735400120417,TRUE,FALSE,35,0,"fitted",NA,"rep_0076_fit_rate_state.rds","/Users/sachitraghavan/Documents/seismology-project/outputs/simulation/fits/main_simulation/truth_rate_state/rep_0076_fit_rate_state.rds",0.00440846609322693,FALSE
"rate_state","mse",77,3077,1000830,1982,0.34467046658198,TRUE,FALSE,4,0,"existing",NA,"rep_0077_fit_mse.rds","/Users/sachitraghavan/Documents/seismology-project/outputs/simulation/fits/main_simulation/truth_rate_state/rep_0077_fit_mse.rds",1.98528289470335e-34,TRUE
"rate_state","rate_state",77,3077,1000831,1982,0.399185450871785,TRUE,FALSE,5,1,"existing",NA,"rep_0077_fit_rate_state.rds","/Users/sachitraghavan/Documents/seismology-project/outputs/simulation/fits/main_simulation/truth_rate_state/rep_0077_fit_rate_state.rds",4.0195598922904e-27,TRUE
"rate_state","mse",78,3078,1000833,6334,35.931968152523,FALSE,TRUE,100,0,"fitted",NA,"rep_0078_fit_mse.rds","/Users/sachitraghavan/Documents/seismology-project/outputs/simulation/fits/main_simulation/truth_rate_state/rep_0078_fit_mse.rds",0.00329872264487847,FALSE
"rate_state","rate_state",78,3078,1000834,6334,13.2045114159584,TRUE,FALSE,39,0,"fitted",NA,"rep_0078_fit_rate_state.rds","/Users/sachitraghavan/Documents/seismology-project/outputs/simulation/fits/main_simulation/truth_rate_state/rep_0078_fit_rate_state.rds",0.00329814944126804,FALSE
"rate_state","mse",79,3079,1000836,2156,0.819028329849243,TRUE,FALSE,7,0,"fitted",NA,"rep_0079_fit_mse.rds","/Users/sachitraghavan/Documents/seismology-project/outputs/simulation/fits/main_simulation/truth_rate_state/rep_0079_fit_mse.rds",1.44079275876694e-12,TRUE
"rate_state","rate_state",79,3079,1000837,2156,0.879179747899373,TRUE,FALSE,8,1,"fitted",NA,"rep_0079_fit_rate_state.rds","/Users/sachitraghavan/Documents/seismology-project/outputs/simulation/fits/main_simulation/truth_rate_state/rep_0079_fit_rate_state.rds",1.09075452006028e-25,TRUE
"rate_state","mse",80,3080,1000839,2707,4.82140365044276,TRUE,FALSE,40,0,"existing",NA,"rep_0080_fit_mse.rds","/Users/sachitraghavan/Documents/seismology-project/outputs/simulation/fits/main_simulation/truth_rate_state/rep_0080_fit_mse.rds",0.0047861257122155,FALSE
"rate_state","rate_state",80,3080,1000840,2707,3.73599583307902,TRUE,FALSE,33,0,"existing",NA,"rep_0080_fit_rate_state.rds","/Users/sachitraghavan/Documents/seismology-project/outputs/simulation/fits/main_simulation/truth_rate_state/rep_0080_fit_rate_state.rds",0.00478289626928346,FALSE
"rate_state","mse",81,3081,1000842,2031,3.48857887983322,TRUE,FALSE,39,0,"fitted",NA,"rep_0081_fit_mse.rds","/Users/sachitraghavan/Documents/seismology-project/outputs/simulation/fits/main_simulation/truth_rate_state/rep_0081_fit_mse.rds",0.00604361849576435,FALSE
"rate_state","rate_state",81,3081,1000843,2031,2.07460680007935,TRUE,FALSE,28,0,"fitted",NA,"rep_0081_fit_rate_state.rds","/Users/sachitraghavan/Documents/seismology-project/outputs/simulation/fits/main_simulation/truth_rate_state/rep_0081_fit_rate_state.rds",0.00603714601788518,FALSE
"rate_state","mse",82,3082,1000845,2153,3.24767739772797,TRUE,FALSE,36,0,"fitted",NA,"rep_0082_fit_mse.rds","/Users/sachitraghavan/Documents/seismology-project/outputs/simulation/fits/main_simulation/truth_rate_state/rep_0082_fit_mse.rds",0.00579008936257774,FALSE
"rate_state","rate_state",82,3082,1000846,2153,3.01808476448059,TRUE,FALSE,39,0,"fitted",NA,"rep_0082_fit_rate_state.rds","/Users/sachitraghavan/Documents/seismology-project/outputs/simulation/fits/main_simulation/truth_rate_state/rep_0082_fit_rate_state.rds",0.00577142156148857,FALSE
"rate_state","mse",83,3083,1000848,1527,0.831416285037994,TRUE,FALSE,12,0,"fitted",NA,"rep_0083_fit_mse.rds","/Users/sachitraghavan/Documents/seismology-project/outputs/simulation/fits/main_simulation/truth_rate_state/rep_0083_fit_mse.rds",1.3262244279453e-11,TRUE
"rate_state","rate_state",83,3083,1000849,1527,2.30829406579336,TRUE,FALSE,40,0,"fitted",NA,"rep_0083_fit_rate_state.rds","/Users/sachitraghavan/Documents/seismology-project/outputs/simulation/fits/main_simulation/truth_rate_state/rep_0083_fit_rate_state.rds",0.00662721122544576,FALSE
"rate_state","mse",84,3084,1000851,1317,0.455370136102041,TRUE,FALSE,7,0,"fitted",NA,"rep_0084_fit_mse.rds","/Users/sachitraghavan/Documents/seismology-project/outputs/simulation/fits/main_simulation/truth_rate_state/rep_0084_fit_mse.rds",3.40948206590176e-41,TRUE
"rate_state","rate_state",84,3084,1000852,1317,1.70007184743881,TRUE,FALSE,32,0,"fitted",NA,"rep_0084_fit_rate_state.rds","/Users/sachitraghavan/Documents/seismology-project/outputs/simulation/fits/main_simulation/truth_rate_state/rep_0084_fit_rate_state.rds",0.00700039164390118,FALSE
"rate_state","mse",85,3085,1000854,1419,0.523390098412832,TRUE,FALSE,8,0,"fitted",NA,"rep_0085_fit_mse.rds","/Users/sachitraghavan/Documents/seismology-project/outputs/simulation/fits/main_simulation/truth_rate_state/rep_0085_fit_mse.rds",4.48845582168991e-12,TRUE
"rate_state","rate_state",85,3085,1000855,1419,0.545445501804352,TRUE,FALSE,8,1,"fitted",NA,"rep_0085_fit_rate_state.rds","/Users/sachitraghavan/Documents/seismology-project/outputs/simulation/fits/main_simulation/truth_rate_state/rep_0085_fit_rate_state.rds",1.38656638792758e-32,TRUE
"rate_state","mse",86,3086,1000857,3688,7.36953726609548,TRUE,FALSE,43,0,"fitted",NA,"rep_0086_fit_mse.rds","/Users/sachitraghavan/Documents/seismology-project/outputs/simulation/fits/main_simulation/truth_rate_state/rep_0086_fit_mse.rds",0.00436580003047494,FALSE
"rate_state","rate_state",86,3086,1000858,3688,6.24203248421351,TRUE,FALSE,37,0,"fitted",NA,"rep_0086_fit_rate_state.rds","/Users/sachitraghavan/Documents/seismology-project/outputs/simulation/fits/main_simulation/truth_rate_state/rep_0086_fit_rate_state.rds",0.00436403778161848,FALSE
"rate_state","mse",87,3087,1000860,1580,6.41882306734721,TRUE,FALSE,100,0,"fitted",NA,"rep_0087_fit_mse.rds","/Users/sachitraghavan/Documents/seismology-project/outputs/simulation/fits/main_simulation/truth_rate_state/rep_0087_fit_mse.rds",0.00665380285682543,FALSE
"rate_state","rate_state",87,3087,1000861,1580,2.29242851734161,TRUE,FALSE,39,0,"fitted",NA,"rep_0087_fit_rate_state.rds","/Users/sachitraghavan/Documents/seismology-project/outputs/simulation/fits/main_simulation/truth_rate_state/rep_0087_fit_rate_state.rds",0.00667985005143282,FALSE
"rate_state","mse",88,3088,1000863,1606,7.66642355124156,FALSE,TRUE,100,0,"fitted",NA,"rep_0088_fit_mse.rds","/Users/sachitraghavan/Documents/seismology-project/outputs/simulation/fits/main_simulation/truth_rate_state/rep_0088_fit_mse.rds",0.00662814398904513,FALSE
"rate_state","rate_state",88,3088,1000864,1606,2.27583411534627,TRUE,FALSE,38,2,"fitted",NA,"rep_0088_fit_rate_state.rds","/Users/sachitraghavan/Documents/seismology-project/outputs/simulation/fits/main_simulation/truth_rate_state/rep_0088_fit_rate_state.rds",0.00663799270427448,FALSE
"rate_state","mse",89,3089,1000866,1477,1.7639191031456,TRUE,FALSE,27,0,"fitted",NA,"rep_0089_fit_mse.rds","/Users/sachitraghavan/Documents/seismology-project/outputs/simulation/fits/main_simulation/truth_rate_state/rep_0089_fit_mse.rds",0.00664798591169068,FALSE
"rate_state","rate_state",89,3089,1000867,1477,1.3547351360321,TRUE,FALSE,24,0,"fitted",NA,"rep_0089_fit_rate_state.rds","/Users/sachitraghavan/Documents/seismology-project/outputs/simulation/fits/main_simulation/truth_rate_state/rep_0089_fit_rate_state.rds",0.00664333346547707,FALSE
"rate_state","mse",90,3090,1000869,2625,0.537219333648682,TRUE,FALSE,4,0,"fitted",NA,"rep_0090_fit_mse.rds","/Users/sachitraghavan/Documents/seismology-project/outputs/simulation/fits/main_simulation/truth_rate_state/rep_0090_fit_mse.rds",2.03984676709287e-15,TRUE
"rate_state","rate_state",90,3090,1000870,2625,0.765303699175517,TRUE,FALSE,6,1,"fitted",NA,"rep_0090_fit_rate_state.rds","/Users/sachitraghavan/Documents/seismology-project/outputs/simulation/fits/main_simulation/truth_rate_state/rep_0090_fit_rate_state.rds",5.98933267143459e-17,TRUE
"rate_state","mse",91,3091,1000872,1433,2.66386096874873,TRUE,FALSE,42,0,"fitted",NA,"rep_0091_fit_mse.rds","/Users/sachitraghavan/Documents/seismology-project/outputs/simulation/fits/main_simulation/truth_rate_state/rep_0091_fit_mse.rds",0.00658104616828983,FALSE
"rate_state","rate_state",91,3091,1000873,1433,0.436883648236593,TRUE,FALSE,7,1,"fitted",NA,"rep_0091_fit_rate_state.rds","/Users/sachitraghavan/Documents/seismology-project/outputs/simulation/fits/main_simulation/truth_rate_state/rep_0091_fit_rate_state.rds",6.44032926596696e-32,TRUE
"rate_state","mse",92,3092,1000875,1576,6.81259383360545,FALSE,TRUE,100,0,"fitted",NA,"rep_0092_fit_mse.rds","/Users/sachitraghavan/Documents/seismology-project/outputs/simulation/fits/main_simulation/truth_rate_state/rep_0092_fit_mse.rds",0.00640918173977835,FALSE
"rate_state","rate_state",92,3092,1000876,1576,1.58595723311106,TRUE,FALSE,27,0,"fitted",NA,"rep_0092_fit_rate_state.rds","/Users/sachitraghavan/Documents/seismology-project/outputs/simulation/fits/main_simulation/truth_rate_state/rep_0092_fit_rate_state.rds",0.00642215362206713,FALSE
"rate_state","mse",93,3093,1000878,1809,7.86007636785507,FALSE,TRUE,100,0,"fitted",NA,"rep_0093_fit_mse.rds","/Users/sachitraghavan/Documents/seismology-project/outputs/simulation/fits/main_simulation/truth_rate_state/rep_0093_fit_mse.rds",0.00623942116435055,FALSE
"rate_state","rate_state",93,3093,1000879,1809,0.739033631483714,TRUE,FALSE,8,1,"fitted",NA,"rep_0093_fit_rate_state.rds","/Users/sachitraghavan/Documents/seismology-project/outputs/simulation/fits/main_simulation/truth_rate_state/rep_0093_fit_rate_state.rds",4.69259939666415e-31,TRUE
"rate_state","mse",94,3094,1000881,2998,4.9919127980868,TRUE,FALSE,42,0,"fitted",NA,"rep_0094_fit_mse.rds","/Users/sachitraghavan/Documents/seismology-project/outputs/simulation/fits/main_simulation/truth_rate_state/rep_0094_fit_mse.rds",0.00492381984800684,FALSE
"rate_state","rate_state",94,3094,1000882,2998,3.67980800072352,TRUE,FALSE,37,0,"fitted",NA,"rep_0094_fit_rate_state.rds","/Users/sachitraghavan/Documents/seismology-project/outputs/simulation/fits/main_simulation/truth_rate_state/rep_0094_fit_rate_state.rds",0.00492101103413782,FALSE
"rate_state","mse",95,3095,1000884,1788,7.31805811723073,FALSE,TRUE,100,0,"fitted",NA,"rep_0095_fit_mse.rds","/Users/sachitraghavan/Documents/seismology-project/outputs/simulation/fits/main_simulation/truth_rate_state/rep_0095_fit_mse.rds",0.00612128391216435,FALSE
"rate_state","rate_state",95,3095,1000885,1788,2.75612446864446,TRUE,FALSE,37,0,"fitted",NA,"rep_0095_fit_rate_state.rds","/Users/sachitraghavan/Documents/seismology-project/outputs/simulation/fits/main_simulation/truth_rate_state/rep_0095_fit_rate_state.rds",0.00615032537803013,FALSE
"rate_state","mse",96,3096,1000887,2625,5.58951391776403,TRUE,FALSE,51,0,"fitted",NA,"rep_0096_fit_mse.rds","/Users/sachitraghavan/Documents/seismology-project/outputs/simulation/fits/main_simulation/truth_rate_state/rep_0096_fit_mse.rds",0.00507304916426329,FALSE
"rate_state","rate_state",96,3096,1000888,2625,2.49158566792806,TRUE,FALSE,32,0,"fitted",NA,"rep_0096_fit_rate_state.rds","/Users/sachitraghavan/Documents/seismology-project/outputs/simulation/fits/main_simulation/truth_rate_state/rep_0096_fit_rate_state.rds",0.00511128243378634,FALSE
"rate_state","mse",97,3097,1000890,3934,12.4780399998029,FALSE,TRUE,100,0,"fitted",NA,"rep_0097_fit_mse.rds","/Users/sachitraghavan/Documents/seismology-project/outputs/simulation/fits/main_simulation/truth_rate_state/rep_0097_fit_mse.rds",0.00444684311320295,FALSE
"rate_state","rate_state",97,3097,1000891,3934,4.2197275797526,TRUE,FALSE,37,0,"fitted",NA,"rep_0097_fit_rate_state.rds","/Users/sachitraghavan/Documents/seismology-project/outputs/simulation/fits/main_simulation/truth_rate_state/rep_0097_fit_rate_state.rds",0.00445806237519278,FALSE
"rate_state","mse",98,3098,1000893,2995,10.7276209314664,FALSE,TRUE,100,0,"fitted",NA,"rep_0098_fit_mse.rds","/Users/sachitraghavan/Documents/seismology-project/outputs/simulation/fits/main_simulation/truth_rate_state/rep_0098_fit_mse.rds",0.00484734577110003,FALSE
"rate_state","rate_state",98,3098,1000894,2995,2.74782447020213,TRUE,FALSE,33,0,"fitted",NA,"rep_0098_fit_rate_state.rds","/Users/sachitraghavan/Documents/seismology-project/outputs/simulation/fits/main_simulation/truth_rate_state/rep_0098_fit_rate_state.rds",0.00485029653420404,FALSE
"rate_state","mse",99,3099,1000896,2458,6.94194535017014,FALSE,TRUE,100,0,"fitted",NA,"rep_0099_fit_mse.rds","/Users/sachitraghavan/Documents/seismology-project/outputs/simulation/fits/main_simulation/truth_rate_state/rep_0099_fit_mse.rds",0.00530122392757394,FALSE
"rate_state","rate_state",99,3099,1000897,2458,0.359648430347443,TRUE,FALSE,5,1,"fitted",NA,"rep_0099_fit_rate_state.rds","/Users/sachitraghavan/Documents/seismology-project/outputs/simulation/fits/main_simulation/truth_rate_state/rep_0099_fit_rate_state.rds",2.66079685621175e-18,TRUE
"rate_state","mse",100,3100,1000899,3863,10.1624496499697,FALSE,TRUE,100,0,"fitted",NA,"rep_0100_fit_mse.rds","/Users/sachitraghavan/Documents/seismology-project/outputs/simulation/fits/main_simulation/truth_rate_state/rep_0100_fit_mse.rds",0.00432933482776376,FALSE
"rate_state","rate_state",100,3100,1000900,3863,2.9770426829656,TRUE,FALSE,35,0,"fitted",NA,"rep_0100_fit_rate_state.rds","/Users/sachitraghavan/Documents/seismology-project/outputs/simulation/fits/main_simulation/truth_rate_state/rep_0100_fit_rate_state.rds",0.00433116791089435,FALSE
